"id";"pesid";"data_inversa";"dia_semana";"horario";"uf";"br";"km";"municipio";"causa_principal";"causa_acidente";"ordem_tipo_acidente";"tipo_acidente";"classificacao_acidente";"fase_dia";"sentido_via";"condicao_metereologica";"tipo_pista";"tracado_via";"uso_solo";"id_veiculo";"tipo_veiculo";"marca";"ano_fabricacao_veiculo";"tipo_envolvido";"estado_fisico";"idade";"sexo";"ilesos";"feridos_leves";"feridos_graves";"mortos";"latitude";"longitude";"regional";"delegacia";"uop"
101804;220666;2018-01-07;"domingo";"17:30:00";"SC";282;541,6;"CHAPECO";"Sim";"Ingestao de alcool";1;"Colisao frontal";"Com Vitimas Fatais";"Pleno dia";"Crescente";"Sol";"Simples";"Curva";"Nao";180715;"Automóvel";"I/FORD FUSION V6";2011;"Condutor";"Lesoes Leves";36;"Masculino";0;1;0;0;"-26.99726769";"-52.7031675";"SR-SC";"DEL8/8";"UOP01/SC"
101809;220873;2018-01-07;"domingo";"17:30:00";"AC";317;22;"PORTO ACRE";"Sim";"Ingestao de alcool";1;"Colisao transversal";"Com Vitimas Fatais";"Anoitecer";"Crescente";"Chuva";"Simples";"Reta";"Nao";180846;"Motocicleta";"HONDA/CG 125 FAN KS";2012;"Testemunha";"Nao Informado";NA;"Nao Informado";0;0;0;0;"-9.77922649";"-67.36612558";"SR-AC";"UOP01/AC";""
101809;220853;2018-01-07;"domingo";"17:30:00";"AC";317;22;"PORTO ACRE";"Sim";"Ingestao de alcool";1;"Colisao transversal";"Com Vitimas Fatais";"Anoitecer";"Crescente";"Chuva";"Simples";"Reta";"Nao";180846;"Motocicleta";"HONDA/CG 125 FAN KS";2012;"Condutor";"Óbito";62;"Masculino";0;0;0;1;"-9.77922649";"-67.36612558";"SR-AC";"UOP01/AC";""
101809;220867;2018-01-07;"domingo";"17:30:00";"AC";317;22;"PORTO ACRE";"Sim";"Ingestao de alcool";1;"Colisao transversal";"Com Vitimas Fatais";"Anoitecer";"Crescente";"Chuva";"Simples";"Reta";"Nao";180846;"Motocicleta";"HONDA/CG 125 FAN KS";2012;"Passageiro";"Nao Informado";NA;"Nao Informado";0;0;0;0;"-9.77922649";"-67.36612558";"SR-AC";"UOP01/AC";""
101809;220864;2018-01-07;"domingo";"17:30:00";"AC";317;22;"PORTO ACRE";"Sim";"Ingestao de alcool";1;"Colisao transversal";"Com Vitimas Fatais";"Anoitecer";"Crescente";"Chuva";"Simples";"Reta";"Nao";180847;"Automóvel";"I/FIAT UNO MILLE EP";1994;"Condutor";"Lesoes Leves";23;"Masculino";0;1;0;0;"-9.77922649";"-67.36612558";"SR-AC";"UOP01/AC";""
101811;220707;2018-01-07;"domingo";"18:40:00";"PE";232;144,2;"SAO CAITANO";"Sim";"Ingestao de alcool";1;"Atropelamento de Pedestre";"Com Vitimas Feridas";"Plena Noite";"Crescente";"Ceu Claro";"Dupla";"Reta";"Nao";180728;"Motocicleta";"HONDA/CG 150 FAN ESI";2010;"Condutor";"Lesoes Leves";37;"Masculino";0;1;0;0;"-8.32619962";"-36.11433506";"SR-PE";"DEL11/2";"UOP02/PE"
101811;220712;2018-01-07;"domingo";"18:40:00";"PE";232;144,2;"SAO CAITANO";"Sim";"Ingestao de alcool";1;"Atropelamento de Pedestre";"Com Vitimas Feridas";"Plena Noite";"Crescente";"Ceu Claro";"Dupla";"Reta";"Nao";180728;"Motocicleta";"HONDA/CG 150 FAN ESI";2010;"Passageiro";"Lesoes Leves";34;"Masculino";0;1;0;0;"-8.32619962";"-36.11433506";"SR-PE";"DEL11/2";"UOP02/PE"
101811;220714;2018-01-07;"domingo";"18:40:00";"PE";232;144,2;"SAO CAITANO";"Sim";"Ingestao de alcool";1;"Atropelamento de Pedestre";"Com Vitimas Feridas";"Plena Noite";"Crescente";"Ceu Claro";"Dupla";"Reta";"Nao";180728;"Motocicleta";"HONDA/CG 150 FAN ESI";2010;"Pedestre";"Lesoes Graves";NA;"Masculino";0;0;1;0;"-8.32619962";"-36.11433506";"SR-PE";"DEL11/2";"UOP02/PE"
101812;222967;2018-01-07;"domingo";"18:20:00";"SC";163;65,5;"SAO MIGUEL DO OESTE";"Sim";"Ingestao de alcool";1;"Colisao transversal";"Com Vitimas Feridas";"Pleno dia";"Decrescente";"Ceu Claro";"Dupla";"Reta";"Sim";180771;"Automóvel";"VW/GOL";1986;"Testemunha";"Nao Informado";NA;"Nao Informado";0;0;0;0;"-26.75669984";"-53.50058556";"SR-SC";"DEL8/8";"UOP03/SC"
101812;222916;2018-01-07;"domingo";"18:20:00";"SC";163;65,5;"SAO MIGUEL DO OESTE";"Sim";"Ingestao de alcool";1;"Colisao transversal";"Com Vitimas Feridas";"Pleno dia";"Decrescente";"Ceu Claro";"Dupla";"Reta";"Sim";180772;"Motocicleta";"HONDA/CG 150 TITAN ES";2009;"Passageiro";"Lesoes Leves";23;"Feminino";0;1;0;0;"-26.75669984";"-53.50058556";"SR-SC";"DEL8/8";"UOP03/SC"
101812;223639;2018-01-07;"domingo";"18:20:00";"SC";163;65,5;"SAO MIGUEL DO OESTE";"Sim";"Ingestao de alcool";1;"Colisao transversal";"Com Vitimas Feridas";"Pleno dia";"Decrescente";"Ceu Claro";"Dupla";"Reta";"Sim";180771;"Automóvel";"VW/GOL";1986;"Passageiro";"Ileso";43;"Feminino";1;0;0;0;"-26.75669984";"-53.50058556";"SR-SC";"DEL8/8";"UOP03/SC"
101812;222772;2018-01-07;"domingo";"18:20:00";"SC";163;65,5;"SAO MIGUEL DO OESTE";"Sim";"Ingestao de alcool";1;"Colisao transversal";"Com Vitimas Feridas";"Pleno dia";"Decrescente";"Ceu Claro";"Dupla";"Reta";"Sim";180771;"Automóvel";"VW/GOL";1986;"Condutor";"Ileso";40;"Masculino";1;0;0;0;"-26.75669984";"-53.50058556";"SR-SC";"DEL8/8";"UOP03/SC"
101812;222788;2018-01-07;"domingo";"18:20:00";"SC";163;65,5;"SAO MIGUEL DO OESTE";"Sim";"Ingestao de alcool";1;"Colisao transversal";"Com Vitimas Feridas";"Pleno dia";"Decrescente";"Ceu Claro";"Dupla";"Reta";"Sim";180772;"Motocicleta";"HONDA/CG 150 TITAN ES";2009;"Condutor";"Lesoes Leves";25;"Masculino";0;1;0;0;"-26.75669984";"-53.50058556";"SR-SC";"DEL8/8";"UOP03/SC"
101822;220766;2018-01-07;"domingo";"17:08:00";"RR";432;212;"CANTA";"Sim";"Ingestao de alcool";1;"Saida de leito carrocavel";"Com Vitimas Feridas";"Pleno dia";"Crescente";"Ceu Claro";"Simples";"Reta";"Nao";180796;"Automóvel";"VW/FOX 1.0 GII";2010;"Condutor";"Lesoes Graves";31;"Masculino";0;0;1;0;"2.78889433";"-60.60940236";"SR-RR";"UOP01/RR";""
101822;220769;2018-01-07;"domingo";"17:08:00";"RR";432;212;"CANTA";"Sim";"Ingestao de alcool";1;"Saida de leito carrocavel";"Com Vitimas Feridas";"Pleno dia";"Crescente";"Ceu Claro";"Simples";"Reta";"Nao";180796;"Automóvel";"VW/FOX 1.0 GII";2010;"Testemunha";"Nao Informado";NA;"Nao Informado";0;0;0;0;"2.78889433";"-60.60940236";"SR-RR";"UOP01/RR";""
101847;220909;2018-01-07;"domingo";"22:00:00";"BA";116;14,8;"VITORIA DA CONQUISTA";"Sim";"Ingestao de alcool";1;"Colisao traseira";"Com Vitimas Fatais";"Plena Noite";"Crescente";"Ceu Claro";"Simples";"Reta";"Nao";180871;"Bicicleta";"";NA;"Condutor";"Óbito";NA;"Masculino";0;0;0;1;"-14.896629";"-40.859931";"SR-BA";"DEL10/8";"UOP01/BA"
101847;220913;2018-01-07;"domingo";"22:00:00";"BA";116;14,8;"VITORIA DA CONQUISTA";"Sim";"Ingestao de alcool";1;"Colisao traseira";"Com Vitimas Fatais";"Plena Noite";"Crescente";"Ceu Claro";"Simples";"Reta";"Nao";180872;"Automóvel";"GM/ASTRA GL";1999;"Condutor";"Ileso";40;"Masculino";1;0;0;0;"-14.896629";"-40.859931";"SR-BA";"DEL10/8";"UOP01/BA"
101847;221380;2018-01-07;"domingo";"22:00:00";"BA";116;14,8;"VITORIA DA CONQUISTA";"Sim";"Ingestao de alcool";1;"Colisao traseira";"Com Vitimas Fatais";"Plena Noite";"Crescente";"Ceu Claro";"Simples";"Reta";"Nao";180871;"Bicicleta";"";NA;"Testemunha";"Nao Informado";NA;"Nao Informado";0;0;0;0;"-14.896629";"-40.859931";"SR-BA";"DEL10/8";"UOP01/BA"
101850;220930;2018-01-07;"domingo";"21:00:00";"MT";70;7,2;"BARRA DO GARCAS";"Sim";"Ingestao de alcool";1;"Colisao transversal";"Sem Vitimas";"Plena Noite";"Decrescente";"Nublado";"Simples";"Reta";"Sim";180889;"Caminhonete";"CHEVROLET/S10 ADV FD2";2016;"Condutor";"Ileso";44;"Masculino";1;0;0;0;"-15.878143";"-52.316788";"SR-MT";"DEL2/8";"UOP01/MT"
101850;220932;2018-01-07;"domingo";"21:00:00";"MT";70;7,2;"BARRA DO GARCAS";"Sim";"Ingestao de alcool";1;"Colisao transversal";"Sem Vitimas";"Plena Noite";"Decrescente";"Nublado";"Simples";"Reta";"Sim";180889;"Caminhonete";"CHEVROLET/S10 ADV FD2";2016;"Passageiro";"Ileso";23;"Feminino";1;0;0;0;"-15.878143";"-52.316788";"SR-MT";"DEL2/8";"UOP01/MT"
101850;220931;2018-01-07;"domingo";"21:00:00";"MT";70;7,2;"BARRA DO GARCAS";"Sim";"Ingestao de alcool";1;"Colisao transversal";"Sem Vitimas";"Plena Noite";"Decrescente";"Nublado";"Simples";"Reta";"Sim";180889;"Caminhonete";"CHEVROLET/S10 ADV FD2";2016;"Passageiro";"Ileso";21;"Feminino";1;0;0;0;"-15.878143";"-52.316788";"SR-MT";"DEL2/8";"UOP01/MT"
101850;220933;2018-01-07;"domingo";"21:00:00";"MT";70;7,2;"BARRA DO GARCAS";"Sim";"Ingestao de alcool";1;"Colisao transversal";"Sem Vitimas";"Plena Noite";"Decrescente";"Nublado";"Simples";"Reta";"Sim";180889;"Caminhonete";"CHEVROLET/S10 ADV FD2";2016;"Passageiro";"Ileso";24;"Feminino";1;0;0;0;"-15.878143";"-52.316788";"SR-MT";"DEL2/8";"UOP01/MT"
101850;220934;2018-01-07;"domingo";"21:00:00";"MT";70;7,2;"BARRA DO GARCAS";"Sim";"Ingestao de alcool";1;"Colisao transversal";"Sem Vitimas";"Plena Noite";"Decrescente";"Nublado";"Simples";"Reta";"Sim";180889;"Caminhonete";"CHEVROLET/S10 ADV FD2";2016;"Passageiro";"Ileso";21;"Feminino";1;0;0;0;"-15.878143";"-52.316788";"SR-MT";"DEL2/8";"UOP01/MT"
101850;220927;2018-01-07;"domingo";"21:00:00";"MT";70;7,2;"BARRA DO GARCAS";"Sim";"Ingestao de alcool";1;"Colisao transversal";"Sem Vitimas";"Plena Noite";"Decrescente";"Nublado";"Simples";"Reta";"Sim";180888;"Automóvel";"FIAT/UNO MILLE FIRE FLEX";2008;"Condutor";"Ileso";58;"Masculino";1;0;0;0;"-15.878143";"-52.316788";"SR-MT";"DEL2/8";"UOP01/MT"
101851;223738;2018-01-07;"domingo";"22:50:00";"PA";230;659;"ALTAMIRA";"Sim";"Ingestao de alcool";1;"Colisao frontal";"Com Vitimas Feridas";"Plena Noite";"Decrescente";"Ignorado";"Simples";"Curva";"Nao";180835;"Motocicleta";"JTA/SUZUKI INTRUDER 125";2011;"Condutor";"Lesoes Graves";42;"Masculino";0;0;1;0;"-3.25044422";"-52.34831929";"SR-PA";"DEL19/4";"UOP01/PA"
101851;223739;2018-01-07;"domingo";"22:50:00";"PA";230;659;"ALTAMIRA";"Sim";"Ingestao de alcool";1;"Colisao frontal";"Com Vitimas Feridas";"Plena Noite";"Decrescente";"Ignorado";"Simples";"Curva";"Nao";180836;"Caminhonete";"VW/SAVEIRO CE TL MB";2014;"Condutor";"Nao Informado";NA;"Nao Informado";0;0;0;0;"-3.25044422";"-52.34831929";"SR-PA";"DEL19/4";"UOP01/PA"
101853;222861;2018-01-07;"domingo";"23:25:00";"RJ";40;109;"DUQUE DE CAXIAS";"Sim";"Ingestao de alcool";1;"Colisao traseira";"Sem Vitimas";"Plena Noite";"Crescente";"Nublado";"Multipla";"Reta";"Sim";180824;"Automóvel";"";NA;"Condutor";"Ileso";NA;"Ignorado";1;0;0;0;"-22.6836";"-43.2852";"SR-RJ";"DEL5/1";"UOP01/RJ"
101853;222862;2018-01-07;"domingo";"23:25:00";"RJ";40;109;"DUQUE DE CAXIAS";"Sim";"Ingestao de alcool";1;"Colisao traseira";"Sem Vitimas";"Plena Noite";"Crescente";"Nublado";"Multipla";"Reta";"Sim";180825;"Automóvel";"VW/NOVO GOL 1.6 HIGHLINE";2013;"Condutor";"Ileso";47;"Masculino";1;0;0;0;"-22.6836";"-43.2852";"SR-RJ";"DEL5/1";"UOP01/RJ"
101863;222148;2018-01-08;"segunda-feira";"01:20:00";"GO";60;137;"GOIANIA";"Sim";"Ingestao de alcool";1;"Saida de leito carrocavel";"Sem Vitimas";"Plena Noite";"Crescente";"Chuva";"Dupla";"Curva";"Sim";181761;"Automóvel";"GM/CELTA 4P SUPER";2008;"Condutor";"Ileso";38;"Masculino";1;0;0;0;"-16.603";"-49.2023";"SR-GO";"DEL1/1";"UOP01/GO"
101864;222912;2018-01-08;"segunda-feira";"00:51:00";"RS";290;85;"CACHOEIRINHA";"Sim";"Ingestao de alcool";1;"Colisao traseira";"Com Vitimas Feridas";"Plena Noite";"Crescente";"Ceu Claro";"Dupla";"Reta";"Nao";180868;"Automóvel";"GM/VECTRA SEDAN ELITE";2006;"Condutor";"Lesoes Leves";30;"Masculino";0;1;0;0;"-29.96342113";"-51.09691406";"SR-RS";"DEL9/1";"UOP01/RS"
101864;222915;2018-01-08;"segunda-feira";"00:51:00";"RS";290;85;"CACHOEIRINHA";"Sim";"Ingestao de alcool";1;"Colisao traseira";"Com Vitimas Feridas";"Plena Noite";"Crescente";"Ceu Claro";"Dupla";"Reta";"Nao";180869;"Caminhao";"VW/10.160 DRC 4X2";2014;"Condutor";"Ileso";28;"Masculino";1;0;0;0;"-29.96342113";"-51.09691406";"SR-RS";"DEL9/1";"UOP01/RS"
101872;222705;2018-01-08;"segunda-feira";"03:20:00";"GO";40;13,6;"LUZIANIA";"Sim";"Ingestao de alcool";1;"Colisao traseira";"Sem Vitimas";"Plena Noite";"Crescente";"Chuva";"Dupla";"Reta";"Sim";180873;"Automóvel";"VW/GOL 16V";1999;"Condutor";"Ileso";39;"Masculino";1;0;0;0;"-16.1558";"-47.935598";"SR-DF";"GO";"UOP01/DF"
101872;222708;2018-01-08;"segunda-feira";"03:20:00";"GO";40;13,6;"LUZIANIA";"Sim";"Ingestao de alcool";1;"Colisao traseira";"Sem Vitimas";"Plena Noite";"Crescente";"Chuva";"Dupla";"Reta";"Sim";180874;"Automóvel";"VW/PARATI 16V";1998;"Condutor";"Ileso";61;"Masculino";1;0;0;0;"-16.1558";"-47.935598";"SR-DF";"GO";"UOP01/DF"
101894;222745;2018-01-08;"segunda-feira";"06:20:00";"PI";316;15;"TERESINA";"Sim";"Ingestao de alcool";1;"Colisao transversal";"Com Vitimas Feridas";"Pleno dia";"Crescente";"Ceu Claro";"Simples";"Reta";"Nao";180904;"Caminhonete";"FIAT/STRADA WORKING CE";2011;"Condutor";"Ileso";50;"Masculino";1;0;0;0;"-5.226193";"-42.750168";"SR-PI";"DEL17/1";"UOP02/PI"
101894;222752;2018-01-08;"segunda-feira";"06:20:00";"PI";316;15;"TERESINA";"Sim";"Ingestao de alcool";1;"Colisao transversal";"Com Vitimas Feridas";"Pleno dia";"Crescente";"Ceu Claro";"Simples";"Reta";"Nao";180905;"Motocicleta";"HONDA/POP100";2011;"Condutor";"Lesoes Graves";33;"Masculino";0;0;1;0;"-5.226193";"-42.750168";"SR-PI";"DEL17/1";"UOP02/PI"
102122;221506;2018-01-08;"segunda-feira";"22:30:00";"RS";386;29,8;"FREDERICO WESTPHALEN";"Sim";"Ingestao de alcool";1;"Queda de ocupante de veiculo";"Com Vitimas Feridas";"Plena Noite";"Crescente";"Ceu Claro";"Simples";"Reta";"Nao";181328;"Motocicleta";"HONDA/CG 125 TITAN KS";2002;"Condutor";"Lesoes Leves";53;"Masculino";0;1;0;0;"-27.32568183";"-53.37596036";"SR-RS";"DEL9/14";"UOP02/RS"
102218;223477;2018-01-09;"terca-feira";"13:00:00";"DF";20;45;"BRASILIA";"Nao";"Ingestao de alcool";1;"Colisao frontal";"Com Vitimas Fatais";"Pleno dia";"Crescente";"Ceu Claro";"Dupla";"Nao Informado";"Nao";182806;"Automóvel";"I/FIAT PALIO FIRE ECONOM";2012;"Condutor";"Lesoes Leves";43;"Masculino";0;1;0;0;"-15.577153";"-47.467113";"SR-DF";"DF";"UOP04/DF"
102218;223478;2018-01-09;"terca-feira";"13:00:00";"DF";20;45;"BRASILIA";"Nao";"Ingestao de alcool";1;"Colisao frontal";"Com Vitimas Fatais";"Pleno dia";"Crescente";"Ceu Claro";"Dupla";"Nao Informado";"Nao";182806;"Automóvel";"I/FIAT PALIO FIRE ECONOM";2012;"Passageiro";"Lesoes Graves";26;"Feminino";0;0;1;0;"-15.577153";"-47.467113";"SR-DF";"DF";"UOP04/DF"
102218;223456;2018-01-09;"terca-feira";"13:00:00";"DF";20;45;"BRASILIA";"Nao";"Ingestao de alcool";1;"Colisao frontal";"Com Vitimas Fatais";"Pleno dia";"Crescente";"Ceu Claro";"Dupla";"Nao Informado";"Nao";182792;"Motocicleta";"HONDA/CB 300R";2010;"Condutor";"Óbito";51;"Masculino";0;0;0;1;"-15.577153";"-47.467113";"SR-DF";"DF";"UOP04/DF"
102218;223470;2018-01-09;"terca-feira";"13:00:00";"DF";20;45;"BRASILIA";"Nao";"Ingestao de alcool";1;"Colisao frontal";"Com Vitimas Fatais";"Pleno dia";"Crescente";"Ceu Claro";"Dupla";"Nao Informado";"Nao";182806;"Automóvel";"I/FIAT PALIO FIRE ECONOM";2012;"Passageiro";"Lesoes Leves";19;"Masculino";0;1;0;0;"-15.577153";"-47.467113";"SR-DF";"DF";"UOP04/DF"
102351;222127;2018-01-09;"terca-feira";"23:20:00";"PR";369;365;"CAMPO MOURAO";"Sim";"Ingestao de alcool";1;"Colisao com objeto estatico";"Sem Vitimas";"Pleno dia";"Crescente";"Chuva";"Simples";"Reta";"Nao";181747;"Caminhonete";"FIAT/STRADA WORKING";2016;"Condutor";"Ileso";61;"Masculino";1;0;0;0;"-24.1187901";"-52.43424654";"SR-PR";"DEL7/4";"UOP05/PR"
102455;222663;2018-01-10;"quarta-feira";"17:00:00";"PE";408;64;"CARPINA";"Sim";"Ingestao de alcool";1;"Atropelamento de Pedestre";"Com Vitimas Feridas";"Anoitecer";"Decrescente";"Nublado";"Dupla";"Reta";"Sim";182058;"Automóvel";"VW/GOL 1.0";2009;"Condutor";"Ileso";39;"Masculino";1;0;0;0;"-7.848514";"-35.236262";"SR-PE";"DEL11/1";"UOP01/PE"
102455;222664;2018-01-10;"quarta-feira";"17:00:00";"PE";408;64;"CARPINA";"Sim";"Ingestao de alcool";1;"Atropelamento de Pedestre";"Com Vitimas Feridas";"Anoitecer";"Decrescente";"Nublado";"Dupla";"Reta";"Sim";182058;"Automóvel";"VW/GOL 1.0";2009;"Pedestre";"Lesoes Graves";68;"Masculino";0;0;1;0;"-7.848514";"-35.236262";"SR-PE";"DEL11/1";"UOP01/PE"
102522;222574;2018-01-10;"quarta-feira";"20:40:00";"MS";163;463;"CAMPO GRANDE";"Sim";"Ingestao de alcool";1;"Queda de ocupante de veiculo";"Com Vitimas Feridas";"Plena Noite";"Crescente";"Chuva";"Simples";"Reta";"Nao";182074;"Bicicleta";"MONARK/";NA;"Condutor";"Lesoes Leves";23;"Masculino";0;1;0;0;"-20.443228";"-54.646828";"SR-MS";"DEL3/1";"UOP01/MS"
102525;222597;2018-01-10;"quarta-feira";"20:50:00";"MS";163;420,1;"CAMPO GRANDE";"Sim";"Ingestao de alcool";1;"Colisao traseira";"Com Vitimas Feridas";"Plena Noite";"Crescente";"Garoa/Chuvisco";"Simples";"Reta";"Nao";182097;"Caminhonete";"I/TOYOTA HILUX CD4X4 SRV";2007;"Condutor";"Ileso";55;"Masculino";1;0;0;0;"-20.443228";"-54.646828";"SR-MS";"DEL3/1";"UOP01/MS"
102525;222600;2018-01-10;"quarta-feira";"20:50:00";"MS";163;420,1;"CAMPO GRANDE";"Sim";"Ingestao de alcool";1;"Colisao traseira";"Com Vitimas Feridas";"Plena Noite";"Crescente";"Garoa/Chuvisco";"Simples";"Reta";"Nao";182098;"Motocicleta";"HONDA/CG 150 TITAN ES";2005;"Condutor";"Lesoes Leves";32;"Masculino";0;1;0;0;"-20.443228";"-54.646828";"SR-MS";"DEL3/1";"UOP01/MS"
102546;224828;2018-01-10;"quarta-feira";"17:00:00";"PA";155;265;"ELDORADO DO CARAJAS";"Sim";"Ingestao de alcool";1;"Colisao lateral";"Sem Vitimas";"Anoitecer";"Crescente";"Chuva";"Simples";"Curva";"Nao";182109;"Caminhonete";"I/TOYOTA HILUX CD4X4 SRV";2011;"Passageiro";"Ileso";21;"Feminino";1;0;0;0;"-6.014546";"-49.263309";"SR-PA";"DEL19/3";"UOP01/PA"
102546;224833;2018-01-10;"quarta-feira";"17:00:00";"PA";155;265;"ELDORADO DO CARAJAS";"Sim";"Ingestao de alcool";1;"Colisao lateral";"Sem Vitimas";"Anoitecer";"Crescente";"Chuva";"Simples";"Curva";"Nao";182110;"Caminhao-trator";"M.BENZ/1938 S";2002;"Condutor";"Ileso";50;"Masculino";1;0;0;0;"-6.014546";"-49.263309";"SR-PA";"DEL19/3";"UOP01/PA"
102546;224824;2018-01-10;"quarta-feira";"17:00:00";"PA";155;265;"ELDORADO DO CARAJAS";"Sim";"Ingestao de alcool";1;"Colisao lateral";"Sem Vitimas";"Anoitecer";"Crescente";"Chuva";"Simples";"Curva";"Nao";182109;"Caminhonete";"I/TOYOTA HILUX CD4X4 SRV";2011;"Condutor";"Ileso";51;"Masculino";1;0;0;0;"-6.014546";"-49.263309";"SR-PA";"DEL19/3";"UOP01/PA"
102551;222636;2018-01-11;"quinta-feira";"01:30:00";"PR";376;177,5;"MARINGA";"Nao";"Ingestao de alcool";1;"Colisao transversal";"Com Vitimas Feridas";"Plena Noite";"Decrescente";"Garoa/Chuvisco";"Dupla";"Intersecao de vias";"Sim";182138;"Automóvel";"FIAT/PALIO SPORTING 1.6";2014;"Condutor";"Ileso";31;"Masculino";1;0;0;0;"-23.4273";"-51.9375";"SR-PR";"DEL7/7";"UOP04/PR"
102551;222637;2018-01-11;"quinta-feira";"01:30:00";"PR";376;177,5;"MARINGA";"Nao";"Ingestao de alcool";1;"Colisao transversal";"Com Vitimas Feridas";"Plena Noite";"Decrescente";"Garoa/Chuvisco";"Dupla";"Intersecao de vias";"Sim";182141;"Motoneta";"HONDA/BIZ 125 EX";2012;"Condutor";"Lesoes Leves";22;"Masculino";0;1;0;0;"-23.4273";"-51.9375";"SR-PR";"DEL7/7";"UOP04/PR"
102792;223279;2018-01-12;"sexta-feira";"03:40:00";"RS";116;297,6;"GUAIBA";"Sim";"Ingestao de alcool";1;"Capotamento";"Sem Vitimas";"Plena Noite";"Decrescente";"Ceu Claro";"Dupla";"Reta";"Nao";182636;"Automóvel";"I/CHEVROLET CLASSIC LS";2014;"Condutor";"Ileso";33;"Masculino";1;0;0;0;"-30.10290632";"-51.34348529";"SR-RS";"DEL9/2";"UOP01/RS"
102792;223280;2018-01-12;"sexta-feira";"03:40:00";"RS";116;297,6;"GUAIBA";"Sim";"Ingestao de alcool";1;"Capotamento";"Sem Vitimas";"Plena Noite";"Decrescente";"Ceu Claro";"Dupla";"Reta";"Nao";182636;"Automóvel";"I/CHEVROLET CLASSIC LS";2014;"Passageiro";"Ileso";35;"Masculino";1;0;0;0;"-30.10290632";"-51.34348529";"SR-RS";"DEL9/2";"UOP01/RS"
102800;223332;2018-01-12;"sexta-feira";"04:10:00";"RN";226;128;"CAMPO REDONDO";"Sim";"Ingestao de alcool";1;"Colisao transversal";"Com Vitimas Feridas";"Plena Noite";"Decrescente";"Ceu Claro";"Simples";"Reta";"Nao";182691;"Caminhao-trator";"SCANIA/T112 HW 4X2";1990;"Condutor";"Ileso";36;"Masculino";1;0;0;0;"-6.1904753";"-36.14097074";"SR-RN";"DEL15/3";"UOP02/RN"
102800;223331;2018-01-12;"sexta-feira";"04:10:00";"RN";226;128;"CAMPO REDONDO";"Sim";"Ingestao de alcool";1;"Colisao transversal";"Com Vitimas Feridas";"Plena Noite";"Decrescente";"Ceu Claro";"Simples";"Reta";"Nao";182687;"Automóvel";"FIAT/UNO MILLE WAY ECON";2009;"Condutor";"Lesoes Graves";24;"Masculino";0;0;1;0;"-6.1904753";"-36.14097074";"SR-RN";"DEL15/3";"UOP02/RN"
102802;224333;2018-01-12;"sexta-feira";"03:00:00";"MG";116;482,2;"DOM CAVATI";"Sim";"Ingestao de alcool";1;"Colisao traseira";"Com Vitimas Feridas";"Plena Noite";"Decrescente";"Ceu Claro";"Simples";"Reta";"Sim";182651;"Ônibus";"SCANIA/MPOLO PARADISO R";2014;"Condutor";"Ileso";52;"Masculino";1;0;0;0;"-19.40229529";"-42.11564898";"SR-MG";"DEL4/6";"UOP02/MG"
102802;224376;2018-01-12;"sexta-feira";"03:00:00";"MG";116;482,2;"DOM CAVATI";"Sim";"Ingestao de alcool";1;"Colisao traseira";"Com Vitimas Feridas";"Plena Noite";"Decrescente";"Ceu Claro";"Simples";"Reta";"Sim";182652;"Automóvel";"VW/NOVO VOYAGE TL MBV";2017;"Passageiro";"Lesoes Leves";49;"Masculino";0;1;0;0;"-19.40229529";"-42.11564898";"SR-MG";"DEL4/6";"UOP02/MG"
102802;224378;2018-01-12;"sexta-feira";"03:00:00";"MG";116;482,2;"DOM CAVATI";"Sim";"Ingestao de alcool";1;"Colisao traseira";"Com Vitimas Feridas";"Plena Noite";"Decrescente";"Ceu Claro";"Simples";"Reta";"Sim";182652;"Automóvel";"VW/NOVO VOYAGE TL MBV";2017;"Passageiro";"Lesoes Leves";37;"Masculino";0;1;0;0;"-19.40229529";"-42.11564898";"SR-MG";"DEL4/6";"UOP02/MG"
102802;224374;2018-01-12;"sexta-feira";"03:00:00";"MG";116;482,2;"DOM CAVATI";"Sim";"Ingestao de alcool";1;"Colisao traseira";"Com Vitimas Feridas";"Plena Noite";"Decrescente";"Ceu Claro";"Simples";"Reta";"Sim";182652;"Automóvel";"VW/NOVO VOYAGE TL MBV";2017;"Condutor";"Lesoes Leves";33;"Masculino";0;1;0;0;"-19.40229529";"-42.11564898";"SR-MG";"DEL4/6";"UOP02/MG"
102802;224375;2018-01-12;"sexta-feira";"03:00:00";"MG";116;482,2;"DOM CAVATI";"Sim";"Ingestao de alcool";1;"Colisao traseira";"Com Vitimas Feridas";"Plena Noite";"Decrescente";"Ceu Claro";"Simples";"Reta";"Sim";182652;"Automóvel";"VW/NOVO VOYAGE TL MBV";2017;"Passageiro";"Lesoes Leves";59;"Masculino";0;1;0;0;"-19.40229529";"-42.11564898";"SR-MG";"DEL4/6";"UOP02/MG"
102809;223297;2018-01-12;"sexta-feira";"06:00:00";"ES";101;294,8;"CARIACICA";"Nao";"Ingestao de alcool";1;"Colisao transversal";"Com Vitimas Feridas";"Amanhecer";"Crescente";"Ceu Claro";"Multipla";"Reta";"Sim";182659;"Automóvel";"IMP/FORD ESCORT GLX 16VH";1999;"Condutor";"Ileso";37;"Masculino";1;0;0;0;"-20.26437";"-40.420345";"SR-ES";"DEL12/1";"UOP01/ES"
102809;223306;2018-01-12;"sexta-feira";"06:00:00";"ES";101;294,8;"CARIACICA";"Nao";"Ingestao de alcool";1;"Colisao transversal";"Com Vitimas Feridas";"Amanhecer";"Crescente";"Ceu Claro";"Multipla";"Reta";"Sim";182661;"Bicicleta";"";NA;"Condutor";"Lesoes Leves";31;"Masculino";0;1;0;0;"-20.26437";"-40.420345";"SR-ES";"DEL12/1";"UOP01/ES"