"id";"pesid";"data_inversa";"dia_semana";"horario";"uf";"br";"km";"municipio";"causa_principal";"causa_acidente";"ordem_tipo_acidente";"tipo_acidente";"classificacao_acidente";"fase_dia";"sentido_via";"condicao_metereologica";"tipo_pista";"tracado_via";"uso_solo";"id_veiculo";"tipo_veiculo";"marca";"ano_fabricacao_veiculo";"tipo_envolvido";"estado_fisico";"idade";"sexo";"ilesos";"feridos_leves";"feridos_graves";"mortos";"latitude";"longitude";"regional";"delegacia";"uop"
102811;225097;2018-01-12;"sexta-feira";"03:55:00";"RO";319;64;"PORTO VELHO";"Sim";"Ingestao de alcool";1;"Colisao com objeto estatico";"Sem Vitimas";"Plena Noite";"Crescente";"Garoa/Chuvisco";"Dupla";"Reta";"Sim";182675;"Automóvel";"I/CHEVROLET CLASSIC LS";2016;"Condutor";"Ileso";23;"Masculino";1;0;0;0;"-8.76477277";"-63.88487309";"SR-RO";"DEL21/1";"UOP01/RO"
102811;225098;2018-01-12;"sexta-feira";"03:55:00";"RO";319;64;"PORTO VELHO";"Sim";"Ingestao de alcool";1;"Colisao com objeto estatico";"Sem Vitimas";"Plena Noite";"Crescente";"Garoa/Chuvisco";"Dupla";"Reta";"Sim";182675;"Automóvel";"I/CHEVROLET CLASSIC LS";2016;"Testemunha";"Nao Informado";NA;"Nao Informado";0;0;0;0;"-8.76477277";"-63.88487309";"SR-RO";"DEL21/1";"UOP01/RO"
102823;224827;2018-01-12;"sexta-feira";"06:16:00";"MT";364;201;"RONDONOPOLIS";"Sim";"Ingestao de alcool";1;"Queda de ocupante de veiculo";"Com Vitimas Feridas";"Pleno dia";"Decrescente";"Nublado";"Dupla";"Reta";"Sim";183888;"Motoneta";"HONDA/C100 BIZ ES";2003;"Condutor";"Lesoes Leves";22;"Masculino";0;1;0;0;"-16.48122396";"-54.65089012";"SR-MT";"DEL2/2";"UOP01/MT"
102823;224823;2018-01-12;"sexta-feira";"06:16:00";"MT";364;201;"RONDONOPOLIS";"Sim";"Ingestao de alcool";1;"Queda de ocupante de veiculo";"Com Vitimas Feridas";"Pleno dia";"Decrescente";"Nublado";"Dupla";"Reta";"Sim";183888;"Motoneta";"HONDA/C100 BIZ ES";2003;"Passageiro";"Lesoes Leves";56;"Feminino";0;1;0;0;"-16.48122396";"-54.65089012";"SR-MT";"DEL2/2";"UOP01/MT"
102893;223417;2018-01-06;"sabado";"20:25:00";"ES";262;3,8;"CARIACICA";"Sim";"Ingestao de alcool";1;"Colisao traseira";"Com Vitimas Feridas";"Plena Noite";"Crescente";"Ceu Claro";"Dupla";"Reta";"Sim";182771;"Automóvel";"I/RENAULT FLUENCE DYN20M";2013;"Passageiro";"Lesoes Leves";53;"Masculino";0;1;0;0;"-20.33587488";"-40.37641615";"SR-ES";"DEL12/1";"UOP01/ES"
102893;223418;2018-01-06;"sabado";"20:25:00";"ES";262;3,8;"CARIACICA";"Sim";"Ingestao de alcool";1;"Colisao traseira";"Com Vitimas Feridas";"Plena Noite";"Crescente";"Ceu Claro";"Dupla";"Reta";"Sim";182771;"Automóvel";"I/RENAULT FLUENCE DYN20M";2013;"Passageiro";"Lesoes Leves";40;"Masculino";0;1;0;0;"-20.33587488";"-40.37641615";"SR-ES";"DEL12/1";"UOP01/ES"
102893;223416;2018-01-06;"sabado";"20:25:00";"ES";262;3,8;"CARIACICA";"Sim";"Ingestao de alcool";1;"Colisao traseira";"Com Vitimas Feridas";"Plena Noite";"Crescente";"Ceu Claro";"Dupla";"Reta";"Sim";182770;"Automóvel";"HONDA/FIT LX";2005;"Condutor";"Ileso";65;"Masculino";1;0;0;0;"-20.33587488";"-40.37641615";"SR-ES";"DEL12/1";"UOP01/ES"
102893;223419;2018-01-06;"sabado";"20:25:00";"ES";262;3,8;"CARIACICA";"Sim";"Ingestao de alcool";1;"Colisao traseira";"Com Vitimas Feridas";"Plena Noite";"Crescente";"Ceu Claro";"Dupla";"Reta";"Sim";182771;"Automóvel";"I/RENAULT FLUENCE DYN20M";2013;"Condutor";"Lesoes Leves";35;"Masculino";0;1;0;0;"-20.33587488";"-40.37641615";"SR-ES";"DEL12/1";"UOP01/ES"
102934;223635;2018-01-12;"sexta-feira";"14:45:00";"PI";343;23,9;"PARNAIBA";"Sim";"Ingestao de alcool";1;"Colisao transversal";"Sem Vitimas";"Pleno dia";"Crescente";"Ceu Claro";"Dupla";"Nao Informado";"Nao";182928;"Automóvel";"VW/NOVO GOL TL MCV";2017;"Condutor";"Ileso";54;"Masculino";1;0;0;0;"-3.01572695";"-41.76858187";"SR-PI";"DEL17/5";"UOP01/PI"
102934;223634;2018-01-12;"sexta-feira";"14:45:00";"PI";343;23,9;"PARNAIBA";"Sim";"Ingestao de alcool";1;"Colisao transversal";"Sem Vitimas";"Pleno dia";"Crescente";"Ceu Claro";"Dupla";"Nao Informado";"Nao";182927;"Camioneta";"MMC/L200 4X4 GLS";2002;"Condutor";"Ileso";71;"Masculino";1;0;0;0;"-3.01572695";"-41.76858187";"SR-PI";"DEL17/5";"UOP01/PI"
102957;225856;2018-01-12;"sexta-feira";"15:15:00";"RN";226;114,1;"SANTA CRUZ";"Sim";"Ingestao de alcool";1;"Colisao frontal";"Com Vitimas Feridas";"Pleno dia";"Decrescente";"Ceu Claro";"Simples";"Reta";"Nao";182932;"Automóvel";"VW/GOL 1.0";2010;"Condutor";"Ileso";41;"Feminino";1;0;0;0;"-6.20486391";"-36.02656413";"SR-RN";"DEL15/3";"UOP02/RN"
102957;225866;2018-01-12;"sexta-feira";"15:15:00";"RN";226;114,1;"SANTA CRUZ";"Sim";"Ingestao de alcool";1;"Colisao frontal";"Com Vitimas Feridas";"Pleno dia";"Decrescente";"Ceu Claro";"Simples";"Reta";"Nao";182932;"Automóvel";"VW/GOL 1.0";2010;"Passageiro";"Ileso";34;"Masculino";1;0;0;0;"-6.20486391";"-36.02656413";"SR-RN";"DEL15/3";"UOP02/RN"
102957;225865;2018-01-12;"sexta-feira";"15:15:00";"RN";226;114,1;"SANTA CRUZ";"Sim";"Ingestao de alcool";1;"Colisao frontal";"Com Vitimas Feridas";"Pleno dia";"Decrescente";"Ceu Claro";"Simples";"Reta";"Nao";184625;"Ciclomotor";"KASINSKI/SOFT";2012;"Condutor";"Lesoes Graves";42;"Masculino";0;0;1;0;"-6.20486391";"-36.02656413";"SR-RN";"DEL15/3";"UOP02/RN"
102957;225868;2018-01-12;"sexta-feira";"15:15:00";"RN";226;114,1;"SANTA CRUZ";"Sim";"Ingestao de alcool";1;"Colisao frontal";"Com Vitimas Feridas";"Pleno dia";"Decrescente";"Ceu Claro";"Simples";"Reta";"Nao";182932;"Automóvel";"VW/GOL 1.0";2010;"Passageiro";"Ileso";9;"Feminino";1;0;0;0;"-6.20486391";"-36.02656413";"SR-RN";"DEL15/3";"UOP02/RN"
102957;225872;2018-01-12;"sexta-feira";"15:15:00";"RN";226;114,1;"SANTA CRUZ";"Sim";"Ingestao de alcool";1;"Colisao frontal";"Com Vitimas Feridas";"Pleno dia";"Decrescente";"Ceu Claro";"Simples";"Reta";"Nao";182932;"Automóvel";"VW/GOL 1.0";2010;"Passageiro";"Ileso";23;"Feminino";1;0;0;0;"-6.20486391";"-36.02656413";"SR-RN";"DEL15/3";"UOP02/RN"
102957;225869;2018-01-12;"sexta-feira";"15:15:00";"RN";226;114,1;"SANTA CRUZ";"Sim";"Ingestao de alcool";1;"Colisao frontal";"Com Vitimas Feridas";"Pleno dia";"Decrescente";"Ceu Claro";"Simples";"Reta";"Nao";182932;"Automóvel";"VW/GOL 1.0";2010;"Passageiro";"Ileso";8;"Feminino";1;0;0;0;"-6.20486391";"-36.02656413";"SR-RN";"DEL15/3";"UOP02/RN"
102993;225735;2018-01-12;"sexta-feira";"18:15:00";"PB";230;29;"JOAO PESSOA";"Sim";"Ingestao de alcool";1;"Engavetamento";"Com Vitimas Feridas";"Anoitecer";"Crescente";"Ceu Claro";"Dupla";"Curva";"Sim";184538;"Automóvel";"FIAT/SIENA FIRE FLEX";2008;"Condutor";"Ileso";52;"Masculino";1;0;0;0;"-7.16040149";"-34.90526766";"SR-PB";"DEL14/1";"UOP01/PB"
102993;225749;2018-01-12;"sexta-feira";"18:15:00";"PB";230;29;"JOAO PESSOA";"Sim";"Ingestao de alcool";1;"Engavetamento";"Com Vitimas Feridas";"Anoitecer";"Crescente";"Ceu Claro";"Dupla";"Curva";"Sim";184543;"Camioneta";"I/HYUNDAI TUCSON GLS 20L";2009;"Condutor";"Ileso";50;"Masculino";1;0;0;0;"-7.16040149";"-34.90526766";"SR-PB";"DEL14/1";"UOP01/PB"
102993;225748;2018-01-12;"sexta-feira";"18:15:00";"PB";230;29;"JOAO PESSOA";"Sim";"Ingestao de alcool";1;"Engavetamento";"Com Vitimas Feridas";"Anoitecer";"Crescente";"Ceu Claro";"Dupla";"Curva";"Sim";184541;"Automóvel";"VW/NOVO GOL 1.0 CITY";2013;"Condutor";"Ileso";33;"Masculino";1;0;0;0;"-7.16040149";"-34.90526766";"SR-PB";"DEL14/1";"UOP01/PB"
102993;225734;2018-01-12;"sexta-feira";"18:15:00";"PB";230;29;"JOAO PESSOA";"Sim";"Ingestao de alcool";1;"Engavetamento";"Com Vitimas Feridas";"Anoitecer";"Crescente";"Ceu Claro";"Dupla";"Curva";"Sim";184534;"Caminhonete";"I/MMC PAJERO IO";1999;"Condutor";"Ileso";58;"Masculino";1;0;0;0;"-7.16040149";"-34.90526766";"SR-PB";"DEL14/1";"UOP01/PB"
102993;225746;2018-01-12;"sexta-feira";"18:15:00";"PB";230;29;"JOAO PESSOA";"Sim";"Ingestao de alcool";1;"Engavetamento";"Com Vitimas Feridas";"Anoitecer";"Crescente";"Ceu Claro";"Dupla";"Curva";"Sim";184538;"Automóvel";"FIAT/SIENA FIRE FLEX";2008;"Passageiro";"Lesoes Leves";6;"Feminino";0;1;0;0;"-7.16040149";"-34.90526766";"SR-PB";"DEL14/1";"UOP01/PB"
103021;225308;2018-01-12;"sexta-feira";"19:20:00";"SP";116;159;"JACAREI";"Sim";"Ingestao de alcool";1;"Colisao com objeto estatico";"Com Vitimas Feridas";"Anoitecer";"Crescente";"Ceu Claro";"Simples";"Reta";"Sim";184271;"Automóvel";"GM/CHEVETTE L";1993;"Condutor";"Lesoes Leves";46;"Masculino";0;1;0;0;"-23.26353898";"-45.95660633";"SR-SP";"DEL6/2";"UOP01/SP"
103050;225629;2018-01-12;"sexta-feira";"22:25:00";"SC";282;219,8;"LAGES";"Sim";"Ingestao de alcool";1;"Colisao transversal";"Sem Vitimas";"Plena Noite";"Crescente";"Ceu Claro";"Simples";"Reta";"Sim";183019;"Caminhonete";"GM/MONTANA CONQUEST";2008;"Condutor";"Ileso";53;"Masculino";1;0;0;0;"-27.79417381";"-50.33175945";"SR-SC";"DEL8/5";"UOP01/SC"
103050;225630;2018-01-12;"sexta-feira";"22:25:00";"SC";282;219,8;"LAGES";"Sim";"Ingestao de alcool";1;"Colisao transversal";"Sem Vitimas";"Plena Noite";"Crescente";"Ceu Claro";"Simples";"Reta";"Sim";184506;"Automóvel";"VW/FOX 1.0 GII";2010;"Condutor";"Ileso";42;"Masculino";1;0;0;0;"-27.79417381";"-50.33175945";"SR-SC";"DEL8/5";"UOP01/SC"
103057;224257;2018-01-13;"sabado";"00:00:00";"MG";116;151;"PONTO DOS VOLANTES";"Sim";"Ingestao de alcool";1;"Queda de ocupante de veiculo";"Com Vitimas Feridas";"Plena Noite";"Crescente";"Ceu Claro";"Simples";"Reta";"Nao";183036;"Motocicleta";"HONDA/CG 150 TITAN ESD";2011;"Condutor";"Lesoes Leves";23;"Masculino";0;1;0;0;"-16.753242";"-41.504513";"SR-MG";"DEL4/11";"UOP02/MG"
103057;224260;2018-01-13;"sabado";"00:00:00";"MG";116;151;"PONTO DOS VOLANTES";"Sim";"Ingestao de alcool";1;"Queda de ocupante de veiculo";"Com Vitimas Feridas";"Plena Noite";"Crescente";"Ceu Claro";"Simples";"Reta";"Nao";183036;"Motocicleta";"HONDA/CG 150 TITAN ESD";2011;"Passageiro";"Lesoes Leves";21;"Feminino";0;1;0;0;"-16.753242";"-41.504513";"SR-MG";"DEL4/11";"UOP02/MG"
103061;224399;2018-01-12;"sexta-feira";"22:00:00";"SC";470;336;"CAMPOS NOVOS";"Sim";"Ingestao de alcool";1;"Colisao frontal";"Com Vitimas Feridas";"Plena Noite";"Decrescente";"Ceu Claro";"Simples";"Reta";"Nao";183038;"Automóvel";"VW/GOL S";1983;"Condutor";"Lesoes Leves";24;"Masculino";0;1;0;0;"-27.504814";"-51.344204";"SR-SC";"DEL8/7";"UOP01/SC"
103061;224394;2018-01-12;"sexta-feira";"22:00:00";"SC";470;336;"CAMPOS NOVOS";"Sim";"Ingestao de alcool";1;"Colisao frontal";"Com Vitimas Feridas";"Plena Noite";"Decrescente";"Ceu Claro";"Simples";"Reta";"Nao";183037;"Automóvel";"VW/FUSCA 1300";1973;"Condutor";"Lesoes Leves";49;"Masculino";0;1;0;0;"-27.504814";"-51.344204";"SR-SC";"DEL8/7";"UOP01/SC"
103061;224402;2018-01-12;"sexta-feira";"22:00:00";"SC";470;336;"CAMPOS NOVOS";"Sim";"Ingestao de alcool";1;"Colisao frontal";"Com Vitimas Feridas";"Plena Noite";"Decrescente";"Ceu Claro";"Simples";"Reta";"Nao";183038;"Automóvel";"VW/GOL S";1983;"Passageiro";"Lesoes Leves";23;"Feminino";0;1;0;0;"-27.504814";"-51.344204";"SR-SC";"DEL8/7";"UOP01/SC"
103061;224406;2018-01-12;"sexta-feira";"22:00:00";"SC";470;336;"CAMPOS NOVOS";"Sim";"Ingestao de alcool";1;"Colisao frontal";"Com Vitimas Feridas";"Plena Noite";"Decrescente";"Ceu Claro";"Simples";"Reta";"Nao";183038;"Automóvel";"VW/GOL S";1983;"Passageiro";"Lesoes Leves";4;"Masculino";0;1;0;0;"-27.504814";"-51.344204";"SR-SC";"DEL8/7";"UOP01/SC"
103070;224339;2018-01-13;"sabado";"05:00:00";"PR";369;190,2;"ARAPONGAS";"Nao";"Ingestao de alcool";1;"Colisao traseira";"Com Vitimas Feridas";"Plena Noite";"Crescente";"Nublado";"Dupla";"Reta";"Nao";183219;"Automóvel";"I/CHEVROLET CLASSIC LS";2016;"Passageiro";"Lesoes Graves";29;"Masculino";0;0;1;0;"-23.45467883";"-51.42351952";"SR-PR";"DEL7/7";"UOP03/PR"
103070;224337;2018-01-13;"sabado";"05:00:00";"PR";369;190,2;"ARAPONGAS";"Nao";"Ingestao de alcool";1;"Colisao traseira";"Com Vitimas Feridas";"Plena Noite";"Crescente";"Nublado";"Dupla";"Reta";"Nao";183218;"Automóvel";"HYUNDAI/HB20 1.0M COMFOR";2016;"Passageiro";"Lesoes Graves";25;"Feminino";0;0;1;0;"-23.45467883";"-51.42351952";"SR-PR";"DEL7/7";"UOP03/PR"
103070;224338;2018-01-13;"sabado";"05:00:00";"PR";369;190,2;"ARAPONGAS";"Nao";"Ingestao de alcool";1;"Colisao traseira";"Com Vitimas Feridas";"Plena Noite";"Crescente";"Nublado";"Dupla";"Reta";"Nao";183219;"Automóvel";"I/CHEVROLET CLASSIC LS";2016;"Condutor";"Lesoes Leves";29;"Masculino";0;1;0;0;"-23.45467883";"-51.42351952";"SR-PR";"DEL7/7";"UOP03/PR"
103070;224341;2018-01-13;"sabado";"05:00:00";"PR";369;190,2;"ARAPONGAS";"Nao";"Ingestao de alcool";1;"Colisao traseira";"Com Vitimas Feridas";"Plena Noite";"Crescente";"Nublado";"Dupla";"Reta";"Nao";183219;"Automóvel";"I/CHEVROLET CLASSIC LS";2016;"Passageiro";"Lesoes Graves";35;"Feminino";0;0;1;0;"-23.45467883";"-51.42351952";"SR-PR";"DEL7/7";"UOP03/PR"
103070;224336;2018-01-13;"sabado";"05:00:00";"PR";369;190,2;"ARAPONGAS";"Nao";"Ingestao de alcool";1;"Colisao traseira";"Com Vitimas Feridas";"Plena Noite";"Crescente";"Nublado";"Dupla";"Reta";"Nao";183218;"Automóvel";"HYUNDAI/HB20 1.0M COMFOR";2016;"Condutor";"Lesoes Leves";21;"Masculino";0;1;0;0;"-23.45467883";"-51.42351952";"SR-PR";"DEL7/7";"UOP03/PR"
103074;225826;2018-01-13;"sabado";"02:50:00";"MT";70;3,7;"BARRA DO GARCAS";"Sim";"Ingestao de alcool";1;"Colisao com objeto estatico";"Sem Vitimas";"Plena Noite";"Decrescente";"Ceu Claro";"Dupla";"Rotatória";"Sim";184610;"Automóvel";"FIAT/SIENA ATTRACTIV 1.4";2012;"Condutor";"Ileso";49;"Masculino";1;0;0;0;"-15.8798021";"-52.28261957";"SR-MT";"DEL2/8";"UOP01/MT"
103079;223792;2018-01-13;"sabado";"04:15:00";"SC";280;124,8;"RIO NEGRINHO";"Sim";"Ingestao de alcool";1;"Colisao traseira";"Sem Vitimas";"Plena Noite";"Decrescente";"Nublado";"Simples";"Reta";"Sim";183078;"Automóvel";"I/FIAT SIENA EL FLEX";2011;"Condutor";"Ileso";32;"Masculino";1;0;0;0;"-26.23946984";"-49.47937757";"SR-SC";"DEL8/6";"UOP03/SC"
103079;223793;2018-01-13;"sabado";"04:15:00";"SC";280;124,8;"RIO NEGRINHO";"Sim";"Ingestao de alcool";1;"Colisao traseira";"Sem Vitimas";"Plena Noite";"Decrescente";"Nublado";"Simples";"Reta";"Sim";183079;"Automóvel";"GM/CELTA 4P LIFE";2006;"Condutor";"Ileso";60;"Feminino";1;0;0;0;"-26.23946984";"-49.47937757";"SR-SC";"DEL8/6";"UOP03/SC"
103083;223795;2018-01-13;"sabado";"06:00:00";"SP";153;64;"SAO JOSE DO RIO PRETO";"Sim";"Ingestao de alcool";1;"Saida de leito carrocavel";"Sem Vitimas";"Plena Noite";"Decrescente";"Ceu Claro";"Dupla";"Curva";"Sim";183096;"Automóvel";"VW/GOL 16V";2000;"Condutor";"Nao Informado";NA;"Nao Informado";0;0;0;0;"-20.829193";"-49.360462";"SR-SP";"DEL6/9";"UOP01/SP"
103085;226050;2018-01-13;"sabado";"04:53:00";"MT";70;522;"VARZEA GRANDE";"Sim";"Ingestao de alcool";1;"Queda de ocupante de veiculo";"Com Vitimas Feridas";"Amanhecer";"Crescente";"Ceu Claro";"Simples";"Reta";"Nao";184778;"Motoneta";"HONDA/BIZ 125 ES";2011;"Condutor";"Lesoes Graves";33;"Masculino";0;0;1;0;"-15.6478";"-56.1332";"SR-MT";"DEL2/4";"UOP02/MT"
103091;224450;2018-01-13;"sabado";"04:19:00";"MA";222;670;"ACAILANDIA";"Sim";"Ingestao de alcool";1;"Colisao com objeto estatico";"Sem Vitimas";"Plena Noite";"Decrescente";"Ceu Claro";"Simples";"Reta";"Sim";183097;"Automóvel";"GM/CORSA WIND";2000;"Condutor";"Ileso";36;"Masculino";1;0;0;0;"-4.95394";"-47.5019";"SR-MA";"DEL18/4";"UOP03/MA"
103092;223942;2018-01-13;"sabado";"06:50:00";"GO";153;502,9;"GOIANIA";"Sim";"Ingestao de alcool";1;"Colisao lateral";"Com Vitimas Feridas";"Amanhecer";"Decrescente";"Nublado";"Dupla";"Reta";"Sim";183176;"Automóvel";"FIAT/PALIO FIRE FLEX";2006;"Condutor";"Ileso";34;"Masculino";1;0;0;0;"-16.71988383";"-49.23862164";"SR-GO";"DEL1/1";"UOP01/GO"
103092;223943;2018-01-13;"sabado";"06:50:00";"GO";153;502,9;"GOIANIA";"Sim";"Ingestao de alcool";1;"Colisao lateral";"Com Vitimas Feridas";"Amanhecer";"Decrescente";"Nublado";"Dupla";"Reta";"Sim";183176;"Automóvel";"FIAT/PALIO FIRE FLEX";2006;"Passageiro";"Lesoes Leves";25;"Masculino";0;1;0;0;"-16.71988383";"-49.23862164";"SR-GO";"DEL1/1";"UOP01/GO"
103092;223944;2018-01-13;"sabado";"06:50:00";"GO";153;502,9;"GOIANIA";"Sim";"Ingestao de alcool";1;"Colisao lateral";"Com Vitimas Feridas";"Amanhecer";"Decrescente";"Nublado";"Dupla";"Reta";"Sim";183176;"Automóvel";"FIAT/PALIO FIRE FLEX";2006;"Passageiro";"Ileso";27;"Masculino";1;0;0;0;"-16.71988383";"-49.23862164";"SR-GO";"DEL1/1";"UOP01/GO"
103092;223945;2018-01-13;"sabado";"06:50:00";"GO";153;502,9;"GOIANIA";"Sim";"Ingestao de alcool";1;"Colisao lateral";"Com Vitimas Feridas";"Amanhecer";"Decrescente";"Nublado";"Dupla";"Reta";"Sim";183177;"Caminhao";"M.BENZ/ATEGO 2425";2010;"Condutor";"Ileso";30;"Masculino";1;0;0;0;"-16.71988383";"-49.23862164";"SR-GO";"DEL1/1";"UOP01/GO"
103096;224707;2018-01-13;"sabado";"04:05:00";"RO";319;62;"PORTO VELHO";"Nao";"Ingestao de alcool";1;"Colisao transversal";"Com Vitimas Feridas";"Plena Noite";"Crescente";"Ceu Claro";"Dupla";"Intersecao de vias";"Sim";183816;"Caminhao-trator";"SCANIA/R 440 A6X4";2014;"Condutor";"Ileso";23;"Masculino";1;0;0;0;"-8.75023927";"-63.88767278";"SR-RO";"DEL21/1";"UOP01/RO"
103096;224714;2018-01-13;"sabado";"04:05:00";"RO";319;62;"PORTO VELHO";"Nao";"Ingestao de alcool";1;"Colisao transversal";"Com Vitimas Feridas";"Plena Noite";"Crescente";"Ceu Claro";"Dupla";"Intersecao de vias";"Sim";183817;"Motocicleta";"HONDA/CG 150 FAN ESI";2009;"Condutor";"Lesoes Graves";29;"Feminino";0;0;1;0;"-8.75023927";"-63.88767278";"SR-RO";"DEL21/1";"UOP01/RO"
103096;224897;2018-01-13;"sabado";"04:05:00";"RO";319;62;"PORTO VELHO";"Nao";"Ingestao de alcool";1;"Colisao transversal";"Com Vitimas Feridas";"Plena Noite";"Crescente";"Ceu Claro";"Dupla";"Intersecao de vias";"Sim";183817;"Motocicleta";"HONDA/CG 150 FAN ESI";2009;"Testemunha";"Nao Informado";NA;"Nao Informado";0;0;0;0;"-8.75023927";"-63.88767278";"SR-RO";"DEL21/1";"UOP01/RO"
103096;224896;2018-01-13;"sabado";"04:05:00";"RO";319;62;"PORTO VELHO";"Nao";"Ingestao de alcool";1;"Colisao transversal";"Com Vitimas Feridas";"Plena Noite";"Crescente";"Ceu Claro";"Dupla";"Intersecao de vias";"Sim";183817;"Motocicleta";"HONDA/CG 150 FAN ESI";2009;"Testemunha";"Nao Informado";NA;"Nao Informado";0;0;0;0;"-8.75023927";"-63.88767278";"SR-RO";"DEL21/1";"UOP01/RO"
103097;225949;2018-01-13;"sabado";"07:05:00";"PR";369;188,6;"ARAPONGAS";"Sim";"Ingestao de alcool";1;"Saida de leito carrocavel";"Com Vitimas Feridas";"Pleno dia";"Decrescente";"Garoa/Chuvisco";"Dupla";"Reta";"Sim";184688;"Automóvel";"VW/GOL 16V";1999;"Passageiro";"Lesoes Leves";24;"Masculino";0;1;0;0;"-23.43891935";"-51.42224818";"SR-PR";"DEL7/7";"UOP03/PR"
103097;225948;2018-01-13;"sabado";"07:05:00";"PR";369;188,6;"ARAPONGAS";"Sim";"Ingestao de alcool";1;"Saida de leito carrocavel";"Com Vitimas Feridas";"Pleno dia";"Decrescente";"Garoa/Chuvisco";"Dupla";"Reta";"Sim";184688;"Automóvel";"VW/GOL 16V";1999;"Condutor";"Lesoes Graves";28;"Masculino";0;0;1;0;"-23.43891935";"-51.42224818";"SR-PR";"DEL7/7";"UOP03/PR"
103165;223951;2018-01-13;"sabado";"12:25:00";"SC";101;1,5;"GARUVA";"Sim";"Ingestao de alcool";1;"Colisao traseira";"Sem Vitimas";"Pleno dia";"Crescente";"Sol";"Multipla";"Reta";"Nao";183227;"Caminhao";"M.BENZ/L 2013";1979;"Condutor";"Ileso";64;"Masculino";1;0;0;0;"-25.99158753";"-48.88197005";"SR-SC";"DEL8/3";"UOP01/SC"
103165;223953;2018-01-13;"sabado";"12:25:00";"SC";101;1,5;"GARUVA";"Sim";"Ingestao de alcool";1;"Colisao traseira";"Sem Vitimas";"Pleno dia";"Crescente";"Sol";"Multipla";"Reta";"Nao";183229;"Automóvel";"I/NISSAN SENTRA S";2007;"Condutor";"Ileso";45;"Masculino";1;0;0;0;"-25.99158753";"-48.88197005";"SR-SC";"DEL8/3";"UOP01/SC"
103180;223927;2018-01-06;"sabado";"22:00:00";"PR";487;152;"ARARUNA";"Sim";"Ingestao de alcool";1;"Tombamento";"Sem Vitimas";"Plena Noite";"Crescente";"Ceu Claro";"Simples";"Reta";"Nao";183199;"Caminhao-trator";"VOLVO/FH 440 6X2T";2010;"Condutor";"Ileso";51;"Masculino";1;0;0;0;"-23.93781347";"-52.67173737";"SR-PR";"DEL7/4";"UOP05/PR"
103218;224151;2018-01-13;"sabado";"15:45:00";"RJ";40;41,3;"AREAL";"Sim";"Ingestao de alcool";1;"Saida de leito carrocavel";"Sem Vitimas";"Pleno dia";"Crescente";"Ceu Claro";"Dupla";"Retorno Regulamentado";"Nao";183423;"Automóvel";"FIAT/PALIO ELX";1999;"Condutor";"Ileso";23;"Masculino";1;0;0;0;"-22.25095589";"-43.10608417";"SR-RJ";"DEL5/6";"UOP01/RJ"
103218;224159;2018-01-13;"sabado";"15:45:00";"RJ";40;41,3;"AREAL";"Sim";"Ingestao de alcool";1;"Saida de leito carrocavel";"Sem Vitimas";"Pleno dia";"Crescente";"Ceu Claro";"Dupla";"Retorno Regulamentado";"Nao";183423;"Automóvel";"FIAT/PALIO ELX";1999;"Passageiro";"Ileso";29;"Masculino";1;0;0;0;"-22.25095589";"-43.10608417";"SR-RJ";"DEL5/6";"UOP01/RJ"
103218;224156;2018-01-13;"sabado";"15:45:00";"RJ";40;41,3;"AREAL";"Sim";"Ingestao de alcool";1;"Saida de leito carrocavel";"Sem Vitimas";"Pleno dia";"Crescente";"Ceu Claro";"Dupla";"Retorno Regulamentado";"Nao";183423;"Automóvel";"FIAT/PALIO ELX";1999;"Passageiro";"Ileso";37;"Masculino";1;0;0;0;"-22.25095589";"-43.10608417";"SR-RJ";"DEL5/6";"UOP01/RJ"
103218;224160;2018-01-13;"sabado";"15:45:00";"RJ";40;41,3;"AREAL";"Sim";"Ingestao de alcool";1;"Saida de leito carrocavel";"Sem Vitimas";"Pleno dia";"Crescente";"Ceu Claro";"Dupla";"Retorno Regulamentado";"Nao";183423;"Automóvel";"FIAT/PALIO ELX";1999;"Passageiro";"Ileso";1929;"Masculino";1;0;0;0;"-22.25095589";"-43.10608417";"SR-RJ";"DEL5/6";"UOP01/RJ"
103218;224161;2018-01-13;"sabado";"15:45:00";"RJ";40;41,3;"AREAL";"Sim";"Ingestao de alcool";1;"Saida de leito carrocavel";"Sem Vitimas";"Pleno dia";"Crescente";"Ceu Claro";"Dupla";"Retorno Regulamentado";"Nao";183423;"Automóvel";"FIAT/PALIO ELX";1999;"Passageiro";"Ileso";23;"Masculino";1;0;0;0;"-22.25095589";"-43.10608417";"SR-RJ";"DEL5/6";"UOP01/RJ"
103235;228644;2018-01-13;"sabado";"19:00:00";"SC";101;193,7;"BIGUACU";"Sim";"Ingestao de alcool";1;"Queda de ocupante de veiculo";"Com Vitimas Feridas";"Pleno dia";"Crescente";"Nublado";"Multipla";"Reta";"Sim";183349;"Motocicleta";"HONDA/CG 125 TITAN";1997;"Testemunha";"Nao Informado";NA;"Nao Informado";0;0;0;0;"-27.49226083";"-48.65608076";"SR-SC";"DEL8/1";"UOP01/SC"