"id";"pesid";"data_inversa";"dia_semana";"horario";"uf";"br";"km";"municipio";"causa_principal";"causa_acidente";"ordem_tipo_acidente";"tipo_acidente";"classificacao_acidente";"fase_dia";"sentido_via";"condicao_metereologica";"tipo_pista";"tracado_via";"uso_solo";"id_veiculo";"tipo_veiculo";"marca";"ano_fabricacao_veiculo";"tipo_envolvido";"estado_fisico";"idade";"sexo";"ilesos";"feridos_leves";"feridos_graves";"mortos";"latitude";"longitude";"regional";"delegacia";"uop"
103235;228642;2018-01-13;"sabado";"19:00:00";"SC";101;193,7;"BIGUACU";"Sim";"Ingestao de alcool";1;"Queda de ocupante de veiculo";"Com Vitimas Feridas";"Pleno dia";"Crescente";"Nublado";"Multipla";"Reta";"Sim";183349;"Motocicleta";"HONDA/CG 125 TITAN";1997;"Condutor";"Lesoes Leves";36;"Masculino";0;1;0;0;"-27.49226083";"-48.65608076";"SR-SC";"DEL8/1";"UOP01/SC"
103237;224110;2018-01-13;"sabado";"19:00:00";"RS";116;169,5;"CAXIAS DO SUL";"Sim";"Ingestao de alcool";1;"Tombamento";"Com Vitimas Feridas";"Pleno dia";"Decrescente";"Chuva";"Simples";"Curva";"Sim";183376;"Motocicleta";"HONDA/CBR 500R";2014;"Condutor";"Lesoes Leves";56;"Masculino";0;1;0;0;"-29.29388465";"-51.16276413";"SR-RS";"DEL9/5";"UOP02/RS"
103255;226822;2018-01-13;"sabado";"19:10:00";"TO";153;147,1;"ARAGUAINA";"Sim";"Ingestao de alcool";1;"Colisao traseira";"Com Vitimas Feridas";"Plena Noite";"Decrescente";"Chuva";"Multipla";"Reta";"Sim";183516;"Motocicleta";"HONDA/CG 150 TITAN EX";2013;"Condutor";"Lesoes Leves";23;"Masculino";0;1;0;0;"-7.22265165";"-48.24839383";"SR-TO";"UOP04/TO";""
103255;226832;2018-01-13;"sabado";"19:10:00";"TO";153;147,1;"ARAGUAINA";"Sim";"Ingestao de alcool";1;"Colisao traseira";"Com Vitimas Feridas";"Plena Noite";"Decrescente";"Chuva";"Multipla";"Reta";"Sim";183517;"Caminhonete";"FIAT/TORO FREEDOM AT";2016;"Condutor";"Ileso";68;"Masculino";1;0;0;0;"-7.22265165";"-48.24839383";"SR-TO";"UOP04/TO";""
103264;224188;2018-01-13;"sabado";"19:30:00";"BA";242;788;"BARREIRAS";"Sim";"Ingestao de alcool";1;"Colisao transversal";"Com Vitimas Feridas";"Plena Noite";"Crescente";"Nublado";"Simples";"Intersecao de vias";"Nao";183419;"Caminhao-trator";"SCANIA/G 420 A4X2";2009;"Condutor";"Ileso";50;"Masculino";1;0;0;0;"-12.11490041";"-44.95556116";"SR-BA";"DEL10/10";"UOP01/BA"
103264;224189;2018-01-13;"sabado";"19:30:00";"BA";242;788;"BARREIRAS";"Sim";"Ingestao de alcool";1;"Colisao transversal";"Com Vitimas Feridas";"Plena Noite";"Crescente";"Nublado";"Simples";"Intersecao de vias";"Nao";183420;"Caminhonete";"I/TOYOTA HILUX CDSRXA4FD";2017;"Condutor";"Ileso";34;"Masculino";1;0;0;0;"-12.11490041";"-44.95556116";"SR-BA";"DEL10/10";"UOP01/BA"
103264;224192;2018-01-13;"sabado";"19:30:00";"BA";242;788;"BARREIRAS";"Sim";"Ingestao de alcool";1;"Colisao transversal";"Com Vitimas Feridas";"Plena Noite";"Crescente";"Nublado";"Simples";"Intersecao de vias";"Nao";183420;"Caminhonete";"I/TOYOTA HILUX CDSRXA4FD";2017;"Passageiro";"Ileso";NA;"Nao Informado";1;0;0;0;"-12.11490041";"-44.95556116";"SR-BA";"DEL10/10";"UOP01/BA"
103264;224194;2018-01-13;"sabado";"19:30:00";"BA";242;788;"BARREIRAS";"Sim";"Ingestao de alcool";1;"Colisao transversal";"Com Vitimas Feridas";"Plena Noite";"Crescente";"Nublado";"Simples";"Intersecao de vias";"Nao";183420;"Caminhonete";"I/TOYOTA HILUX CDSRXA4FD";2017;"Passageiro";"Lesoes Leves";23;"Masculino";0;1;0;0;"-12.11490041";"-44.95556116";"SR-BA";"DEL10/10";"UOP01/BA"
103267;226329;2018-01-13;"sabado";"20:30:00";"RJ";101;486;"ANGRA DOS REIS";"Sim";"Ingestao de alcool";1;"Colisao frontal";"Com Vitimas Feridas";"Plena Noite";"Decrescente";"Ceu Claro";"Simples";"Reta";"Nao";183406;"Automóvel";"CITROEN/AIRCROSS SHINE A";2017;"Condutor";"Ileso";39;"Masculino";1;0;0;0;"-22.9914212";"-44.2431536";"SR-RJ";"DEL5/3";"UOP02/RJ"
103267;226330;2018-01-13;"sabado";"20:30:00";"RJ";101;486;"ANGRA DOS REIS";"Sim";"Ingestao de alcool";1;"Colisao frontal";"Com Vitimas Feridas";"Plena Noite";"Decrescente";"Ceu Claro";"Simples";"Reta";"Nao";183406;"Automóvel";"CITROEN/AIRCROSS SHINE A";2017;"Passageiro";"Ileso";34;"Feminino";1;0;0;0;"-22.9914212";"-44.2431536";"SR-RJ";"DEL5/3";"UOP02/RJ"
103267;226331;2018-01-13;"sabado";"20:30:00";"RJ";101;486;"ANGRA DOS REIS";"Sim";"Ingestao de alcool";1;"Colisao frontal";"Com Vitimas Feridas";"Plena Noite";"Decrescente";"Ceu Claro";"Simples";"Reta";"Nao";183406;"Automóvel";"CITROEN/AIRCROSS SHINE A";2017;"Passageiro";"Ileso";32;"Feminino";1;0;0;0;"-22.9914212";"-44.2431536";"SR-RJ";"DEL5/3";"UOP02/RJ"
103267;226341;2018-01-13;"sabado";"20:30:00";"RJ";101;486;"ANGRA DOS REIS";"Sim";"Ingestao de alcool";1;"Colisao frontal";"Com Vitimas Feridas";"Plena Noite";"Decrescente";"Ceu Claro";"Simples";"Reta";"Nao";183407;"Automóvel";"VW/GOL 1000";1993;"Condutor";"Lesoes Leves";67;"Masculino";0;1;0;0;"-22.9914212";"-44.2431536";"SR-RJ";"DEL5/3";"UOP02/RJ"
103267;226333;2018-01-13;"sabado";"20:30:00";"RJ";101;486;"ANGRA DOS REIS";"Sim";"Ingestao de alcool";1;"Colisao frontal";"Com Vitimas Feridas";"Plena Noite";"Decrescente";"Ceu Claro";"Simples";"Reta";"Nao";183406;"Automóvel";"CITROEN/AIRCROSS SHINE A";2017;"Passageiro";"Ileso";1;"Feminino";1;0;0;0;"-22.9914212";"-44.2431536";"SR-RJ";"DEL5/3";"UOP02/RJ"
103268;224713;2018-01-13;"sabado";"20:00:00";"AL";423;43,8;"INHAPI";"Nao";"Ingestao de alcool";1;"Colisao lateral";"Com Vitimas Fatais";"Plena Noite";"Decrescente";"Ceu Claro";"Simples";"Desvio Temporario";"Nao";183840;"Caminhao-trator";"";NA;"Condutor";"Ileso";NA;"Nao Informado";1;0;0;0;"-9.24379987";"-37.66820206";"SR-AL";"DEL13/3";"UOP02/AL"
103268;224418;2018-01-13;"sabado";"20:00:00";"AL";423;43,8;"INHAPI";"Nao";"Ingestao de alcool";1;"Colisao lateral";"Com Vitimas Fatais";"Plena Noite";"Decrescente";"Ceu Claro";"Simples";"Desvio Temporario";"Nao";183457;"Caminhonete";"FIAT/STRADA ADVENTURE CD";2011;"Passageiro";"Lesoes Graves";26;"Masculino";0;0;1;0;"-9.24379987";"-37.66820206";"SR-AL";"DEL13/3";"UOP02/AL"
103268;224177;2018-01-13;"sabado";"20:00:00";"AL";423;43,8;"INHAPI";"Nao";"Ingestao de alcool";1;"Colisao lateral";"Com Vitimas Fatais";"Plena Noite";"Decrescente";"Ceu Claro";"Simples";"Desvio Temporario";"Nao";183457;"Caminhonete";"FIAT/STRADA ADVENTURE CD";2011;"Condutor";"Óbito";53;"Masculino";0;0;0;1;"-9.24379987";"-37.66820206";"SR-AL";"DEL13/3";"UOP02/AL"
103275;224255;2018-01-13;"sabado";"20:30:00";"GO";60;298,6;"ACREUNA";"Sim";"Ingestao de alcool";1;"Colisao frontal";"Com Vitimas Fatais";"Plena Noite";"Decrescente";"Ceu Claro";"Dupla";"Curva";"Nao";183557;"Motoneta";"HONDA/C100 BIZ ES";2005;"Condutor";"Óbito";46;"Masculino";0;0;0;1;"-17.369637";"-50.339733";"SR-GO";"DEL1/4";"UOP01/GO"
103275;224272;2018-01-13;"sabado";"20:30:00";"GO";60;298,6;"ACREUNA";"Sim";"Ingestao de alcool";1;"Colisao frontal";"Com Vitimas Fatais";"Plena Noite";"Decrescente";"Ceu Claro";"Dupla";"Curva";"Nao";183558;"Automóvel";"";NA;"Condutor";"Nao Informado";NA;"Nao Informado";0;0;0;0;"-17.369637";"-50.339733";"SR-GO";"DEL1/4";"UOP01/GO"
103285;225889;2018-01-13;"sabado";"20:00:00";"BA";324;360;"RIACHAO DO JACUIPE";"Sim";"Ingestao de alcool";1;"Atropelamento de Pedestre";"Com Vitimas Fatais";"Plena Noite";"Crescente";"Ceu Claro";"Simples";"Reta";"Nao";184646;"Caminhao";"";NA;"Condutor";"Ileso";NA;"Ignorado";1;0;0;0;"-11.84584704";"-39.35028076";"SR-BA";"DEL10/4";"UOP02/BA"
103285;224258;2018-01-13;"sabado";"20:00:00";"BA";324;360;"RIACHAO DO JACUIPE";"Sim";"Ingestao de alcool";1;"Atropelamento de Pedestre";"Com Vitimas Fatais";"Plena Noite";"Crescente";"Ceu Claro";"Simples";"Reta";"Nao";184646;"Caminhao";"";NA;"Pedestre";"Óbito";68;"Masculino";0;0;0;1;"-11.84584704";"-39.35028076";"SR-BA";"DEL10/4";"UOP02/BA"
103286;224164;2018-01-13;"sabado";"20:30:00";"BA";116;427,2;"FEIRA DE SANTANA";"Sim";"Ingestao de alcool";1;"Tombamento";"Com Vitimas Feridas";"Plena Noite";"Decrescente";"Ceu Claro";"Simples";"Reta";"Sim";183433;"Motocicleta";"SUNDOWN/MAX 125 SED";2008;"Condutor";"Lesoes Graves";43;"Masculino";0;0;1;0;"-12.26524096";"-38.98930907";"SR-BA";"DEL10/2";"UOP01/BA"
103288;224249;2018-01-13;"sabado";"21:20:00";"SC";280;74;"JARAGUA DO SUL";"Nao";"Ingestao de alcool";1;"Colisao frontal";"Sem Vitimas";"Plena Noite";"Decrescente";"Garoa/Chuvisco";"Simples";"Reta";"Sim";183541;"Automóvel";"RENAULT/MEGANESD DYN 16";2008;"Condutor";"Ileso";22;"Masculino";1;0;0;0;"-26.458771";"-49.161541";"SR-SC";"DEL8/3";"UOP03/SC"
103288;224250;2018-01-13;"sabado";"21:20:00";"SC";280;74;"JARAGUA DO SUL";"Nao";"Ingestao de alcool";1;"Colisao frontal";"Sem Vitimas";"Plena Noite";"Decrescente";"Garoa/Chuvisco";"Simples";"Reta";"Sim";183542;"Automóvel";"FORD/FIESTA";2006;"Condutor";"Ileso";37;"Masculino";1;0;0;0;"-26.458771";"-49.161541";"SR-SC";"DEL8/3";"UOP03/SC"
103308;229703;2018-01-13;"sabado";"22:30:00";"PA";163;960;"BELTERRA";"Sim";"Ingestao de alcool";1;"Colisao lateral";"Sem Vitimas";"Plena Noite";"Decrescente";"Ceu Claro";"Simples";"Reta";"Nao";187760;"Caminhonete";"FIAT/STRADA WORKING";2000;"Condutor";"Nao Informado";NA;"Nao Informado";0;0;0;0;"-2.6367726";"-54.937637";"SR-PA";"DEL19/5";"UOP01/PA"
103308;229705;2018-01-13;"sabado";"22:30:00";"PA";163;960;"BELTERRA";"Sim";"Ingestao de alcool";1;"Colisao lateral";"Sem Vitimas";"Plena Noite";"Decrescente";"Ceu Claro";"Simples";"Reta";"Nao";187763;"Caminhao-trator";"M.BENZ/AXOR 2640S6X4";2007;"Condutor";"Ileso";42;"Masculino";1;0;0;0;"-2.6367726";"-54.937637";"SR-PA";"DEL19/5";"UOP01/PA"
103320;224265;2018-01-14;"domingo";"00:30:00";"MG";381;707;"NEPOMUCENO";"Sim";"Ingestao de alcool";1;"Colisao com objeto estatico";"Sem Vitimas";"Plena Noite";"Crescente";"Nublado";"Dupla";"Curva";"Nao";183565;"Automóvel";"FORD/ESCORT L";1991;"Condutor";"Ileso";57;"Masculino";1;0;0;0;"-21.33235381";"-45.17075647";"SR-MG";"DEL4/4";"UOP02/MG"
103323;230938;2018-01-14;"domingo";"00:20:00";"GO";60;16;"ALEXANIA";"Sim";"Ingestao de alcool";1;"Colisao lateral";"Com Vitimas Feridas";"Plena Noite";"Crescente";"Ceu Claro";"Dupla";"Reta";"Nao";183504;"Automóvel";"RENAULT/MEGANEGT DYN 16";2011;"Condutor";"Lesoes Leves";38;"Masculino";0;1;0;0;"-16.0887";"-48.5018";"SR-DF";"GO";"UOP03/DF"
103323;230939;2018-01-14;"domingo";"00:20:00";"GO";60;16;"ALEXANIA";"Sim";"Ingestao de alcool";1;"Colisao lateral";"Com Vitimas Feridas";"Plena Noite";"Crescente";"Ceu Claro";"Dupla";"Reta";"Nao";183505;"Caminhao-trator";"M.BENZ/LS 1938";2001;"Condutor";"Ileso";54;"Masculino";1;0;0;0;"-16.0887";"-48.5018";"SR-DF";"GO";"UOP03/DF"
103334;224214;2018-01-14;"domingo";"01:30:00";"PR";277;594,4;"CASCAVEL";"Sim";"Ingestao de alcool";1;"Colisao lateral";"Sem Vitimas";"Plena Noite";"Decrescente";"Ceu Claro";"Simples";"Reta";"Sim";183496;"Automóvel";"GM/CORSA GLS";1996;"Condutor";"Ileso";35;"Masculino";1;0;0;0;"-24.956297";"-53.455727";"SR-PR";"DEL7/4";"UOP01/PR"
103334;224215;2018-01-14;"domingo";"01:30:00";"PR";277;594,4;"CASCAVEL";"Sim";"Ingestao de alcool";1;"Colisao lateral";"Sem Vitimas";"Plena Noite";"Decrescente";"Ceu Claro";"Simples";"Reta";"Sim";183497;"Camioneta";"VW/KOMBI";2008;"Condutor";"Ileso";37;"Masculino";1;0;0;0;"-24.956297";"-53.455727";"SR-PR";"DEL7/4";"UOP01/PR"
103339;224199;2018-01-14;"domingo";"01:10:00";"PB";230;17,8;"JOAO PESSOA";"Sim";"Ingestao de alcool";1;"Queda de ocupante de veiculo";"Com Vitimas Feridas";"Plena Noite";"Crescente";"Ceu Claro";"Dupla";"Curva";"Sim";183478;"Ciclomotor";"MOTO TRAXX/JL50Q-8";2013;"Condutor";"Lesoes Leves";41;"Masculino";0;1;0;0;"-7.14304033";"-34.85137287";"SR-PB";"DEL14/1";"UOP01/PB"
103340;224350;2018-01-14;"domingo";"02:01:00";"GO";20;230;"POSSE";"Sim";"Ingestao de alcool";1;"Colisao frontal";"Com Vitimas Feridas";"Plena Noite";"Decrescente";"Nublado";"Simples";"Reta";"Nao";183593;"Caminhao-trator";"SCANIA/T114 GA4X2NZ 320";1998;"Condutor";"Ileso";43;"Masculino";1;0;0;0;"-14.111095";"-46.307556";"SR-DF";"GO";"UOP05/DF"
103340;224328;2018-01-14;"domingo";"02:01:00";"GO";20;230;"POSSE";"Sim";"Ingestao de alcool";1;"Colisao frontal";"Com Vitimas Feridas";"Plena Noite";"Decrescente";"Nublado";"Simples";"Reta";"Nao";183592;"Automóvel";"FIAT/PALIO FIRE";2003;"Condutor";"Lesoes Graves";26;"Masculino";0;0;1;0;"-14.111095";"-46.307556";"SR-DF";"GO";"UOP05/DF"
103347;224202;2018-01-14;"domingo";"02:40:00";"ES";101;303,7;"VIANA";"Sim";"Ingestao de alcool";1;"Colisao com objeto estatico";"Com Vitimas Feridas";"Plena Noite";"Decrescente";"Ceu Claro";"Dupla";"Reta";"Sim";183491;"Motocicleta";"HONDA/CG 150 TITAN KS";2006;"Condutor";"Lesoes Graves";33;"Masculino";0;0;1;0;"-20.37892621";"-40.45038342";"SR-ES";"DEL12/1";"UOP01/ES"
103351;224231;2018-01-14;"domingo";"02:50:00";"PE";101;93,7;"CABO DE SANTO AGOSTINHO";"Sim";"Ingestao de alcool";1;"Capotamento";"Com Vitimas Feridas";"Plena Noite";"Crescente";"Ceu Claro";"Dupla";"Nao Informado";"Nao";183522;"Automóvel";"FIAT/UNO MILLE WAY ECON";2011;"Condutor";"Lesoes Leves";51;"Masculino";0;1;0;0;"-8.247438";"-35.00634";"SR-PE";"DEL11/1";"UOP03/PE"
103354;224251;2018-01-14;"domingo";"02:50:00";"RN";101;99,6;"NATAL";"Sim";"Ingestao de alcool";1;"Tombamento";"Com Vitimas Feridas";"Plena Noite";"Crescente";"Garoa/Chuvisco";"Dupla";"Reta";"Sim";183547;"Motocicleta";"HONDA/CG 125 FAN KS";2010;"Condutor";"Lesoes Leves";37;"Masculino";0;1;0;0;"-5.87752101";"-35.22388995";"SR-RN";"DEL15/1";"UOP01/RN"
103355;225483;2018-01-14;"domingo";"01:30:00";"BA";101;715,7;"EUNAPOLIS";"Nao";"Ingestao de alcool";1;"Colisao traseira";"Com Vitimas Feridas";"Plena Noite";"Crescente";"Ceu Claro";"Simples";"Reta";"Sim";183499;"Caminhonete";"MMC/L200 OUTDOOR";2010;"Condutor";"Ileso";27;"Masculino";1;0;0;0;"-16.35285651";"-39.57977036";"SR-BA";"DEL10/9";"UOP01/BA"
103355;225489;2018-01-14;"domingo";"01:30:00";"BA";101;715,7;"EUNAPOLIS";"Nao";"Ingestao de alcool";1;"Colisao traseira";"Com Vitimas Feridas";"Plena Noite";"Crescente";"Ceu Claro";"Simples";"Reta";"Sim";184416;"Motoneta";"";NA;"Condutor";"Lesoes Leves";20;"Masculino";0;1;0;0;"-16.35285651";"-39.57977036";"SR-BA";"DEL10/9";"UOP01/BA"
103355;225491;2018-01-14;"domingo";"01:30:00";"BA";101;715,7;"EUNAPOLIS";"Nao";"Ingestao de alcool";1;"Colisao traseira";"Com Vitimas Feridas";"Plena Noite";"Crescente";"Ceu Claro";"Simples";"Reta";"Sim";184416;"Motoneta";"";NA;"Passageiro";"Ileso";NA;"Masculino";1;0;0;0;"-16.35285651";"-39.57977036";"SR-BA";"DEL10/9";"UOP01/BA"
103363;224217;2018-01-14;"domingo";"04:00:00";"SP";381;42;"ATIBAIA";"Sim";"Ingestao de alcool";1;"Colisao com objeto estatico";"Sem Vitimas";"Plena Noite";"Crescente";"Ceu Claro";"Multipla";"Reta";"Sim";183507;"Caminhonete";"FIAT/STRADA WORKING";2015;"Condutor";"Ileso";36;"Masculino";1;0;0;0;"-23.14403268";"-46.5752585";"SR-SP";"DEL6/3";"UOP02/SP"
103364;225811;2018-01-14;"domingo";"03:40:00";"ES";262;5,7;"CARIACICA";"Nao";"Ingestao de alcool";1;"Colisao transversal";"Com Vitimas Feridas";"Plena Noite";"Crescente";"Ceu Claro";"Multipla";"Intersecao de vias";"Sim";184231;"Automóvel";"FIAT/PALIO ELX FLEX";2009;"Condutor";"Ileso";22;"Masculino";1;0;0;0;"-20.33881158";"-40.39274013";"SR-ES";"DEL12/1";"UOP01/ES"
103364;225812;2018-01-14;"domingo";"03:40:00";"ES";262;5,7;"CARIACICA";"Nao";"Ingestao de alcool";1;"Colisao transversal";"Com Vitimas Feridas";"Plena Noite";"Crescente";"Ceu Claro";"Multipla";"Intersecao de vias";"Sim";184231;"Automóvel";"FIAT/PALIO ELX FLEX";2009;"Passageiro";"Ileso";22;"Feminino";1;0;0;0;"-20.33881158";"-40.39274013";"SR-ES";"DEL12/1";"UOP01/ES"
103364;225814;2018-01-14;"domingo";"03:40:00";"ES";262;5,7;"CARIACICA";"Nao";"Ingestao de alcool";1;"Colisao transversal";"Com Vitimas Feridas";"Plena Noite";"Crescente";"Ceu Claro";"Multipla";"Intersecao de vias";"Sim";184231;"Automóvel";"FIAT/PALIO ELX FLEX";2009;"Passageiro";"Ileso";40;"Feminino";1;0;0;0;"-20.33881158";"-40.39274013";"SR-ES";"DEL12/1";"UOP01/ES"
103364;225820;2018-01-14;"domingo";"03:40:00";"ES";262;5,7;"CARIACICA";"Nao";"Ingestao de alcool";1;"Colisao transversal";"Com Vitimas Feridas";"Plena Noite";"Crescente";"Ceu Claro";"Multipla";"Intersecao de vias";"Sim";184232;"Motocicleta";"HONDA/CG 125 FAN ES";2010;"Condutor";"Lesoes Leves";19;"Masculino";0;1;0;0;"-20.33881158";"-40.39274013";"SR-ES";"DEL12/1";"UOP01/ES"
103364;225821;2018-01-14;"domingo";"03:40:00";"ES";262;5,7;"CARIACICA";"Nao";"Ingestao de alcool";1;"Colisao transversal";"Com Vitimas Feridas";"Plena Noite";"Crescente";"Ceu Claro";"Multipla";"Intersecao de vias";"Sim";184232;"Motocicleta";"HONDA/CG 125 FAN ES";2010;"Passageiro";"Lesoes Graves";20;"Feminino";0;0;1;0;"-20.33881158";"-40.39274013";"SR-ES";"DEL12/1";"UOP01/ES"
103364;225829;2018-01-14;"domingo";"03:40:00";"ES";262;5,7;"CARIACICA";"Nao";"Ingestao de alcool";1;"Colisao transversal";"Com Vitimas Feridas";"Plena Noite";"Crescente";"Ceu Claro";"Multipla";"Intersecao de vias";"Sim";184232;"Motocicleta";"HONDA/CG 125 FAN ES";2010;"Testemunha";"Nao Informado";NA;"Nao Informado";0;0;0;0;"-20.33881158";"-40.39274013";"SR-ES";"DEL12/1";"UOP01/ES"
103365;224239;2018-01-14;"domingo";"05:00:00";"MG";381;360,8;"JOAO MONLEVADE";"Sim";"Ingestao de alcool";1;"Colisao transversal";"Com Vitimas Feridas";"Plena Noite";"Decrescente";"Ceu Claro";"Multipla";"Curva";"Nao";183514;"Automóvel";"FIAT/PALIO ED";1997;"Condutor";"Lesoes Graves";22;"Masculino";0;0;1;0;"-19.8092";"-43.1737";"SR-MG";"DEL4/3";"UOP01/MG"
103365;224240;2018-01-14;"domingo";"05:00:00";"MG";381;360,8;"JOAO MONLEVADE";"Sim";"Ingestao de alcool";1;"Colisao transversal";"Com Vitimas Feridas";"Plena Noite";"Decrescente";"Ceu Claro";"Multipla";"Curva";"Nao";183521;"Ônibus";"";NA;"Condutor";"Nao Informado";NA;"Nao Informado";0;0;0;0;"-19.8092";"-43.1737";"SR-MG";"DEL4/3";"UOP01/MG"
103366;225392;2018-01-14;"domingo";"03:30:00";"CE";20;405;"CAUCAIA";"Sim";"Ingestao de alcool";1;"Colisao lateral";"Com Vitimas Feridas";"Plena Noite";"Decrescente";"Ceu Claro";"Simples";"Reta";"Sim";183525;"Automóvel";"VW/GOL GLI 1.8";1996;"Condutor";"Lesoes Graves";43;"Masculino";0;0;1;0;"-3.7704946";"-38.67110789";"SR-CE";"DEL16/1";"UOP01/CE"
103366;225397;2018-01-14;"domingo";"03:30:00";"CE";20;405;"CAUCAIA";"Sim";"Ingestao de alcool";1;"Colisao lateral";"Com Vitimas Feridas";"Plena Noite";"Decrescente";"Ceu Claro";"Simples";"Reta";"Sim";183526;"Caminhao";"VW/17.190 WORKER";2016;"Condutor";"Ileso";41;"Masculino";1;0;0;0;"-3.7704946";"-38.67110789";"SR-CE";"DEL16/1";"UOP01/CE"
103369;226221;2018-01-14;"domingo";"05:50:00";"SC";101;193;"BIGUACU";"Sim";"Ingestao de alcool";1;"Saida de leito carrocavel";"Com Vitimas Feridas";"Plena Noite";"Crescente";"Nublado";"Dupla";"Curva";"Sim";184894;"Motocicleta";"HONDA/CG 125 FAN KS";2010;"Passageiro";"Lesoes Leves";25;"Feminino";0;1;0;0;"-27.4982";"-48.6565";"SR-SC";"DEL8/1";"UOP01/SC"
103369;226215;2018-01-14;"domingo";"05:50:00";"SC";101;193;"BIGUACU";"Sim";"Ingestao de alcool";1;"Saida de leito carrocavel";"Com Vitimas Feridas";"Plena Noite";"Crescente";"Nublado";"Dupla";"Curva";"Sim";184894;"Motocicleta";"HONDA/CG 125 FAN KS";2010;"Condutor";"Lesoes Graves";29;"Masculino";0;0;1;0;"-27.4982";"-48.6565";"SR-SC";"DEL8/1";"UOP01/SC"
103378;226265;2018-01-14;"domingo";"05:30:00";"AL";104;26,9;"UNIAO DOS PALMARES";"Sim";"Ingestao de alcool";1;"Colisao frontal";"Com Vitimas Fatais";"Amanhecer";"Crescente";"Chuva";"Simples";"Curva";"Nao";183619;"Automóvel";"FIAT/PALIO ELX";1998;"Condutor";"Óbito";35;"Masculino";0;0;0;1;"-9.17153";"-36.0212";"SR-AL";"DEL13/1";"UOP02/AL"
103378;226268;2018-01-14;"domingo";"05:30:00";"AL";104;26,9;"UNIAO DOS PALMARES";"Sim";"Ingestao de alcool";1;"Colisao frontal";"Com Vitimas Fatais";"Amanhecer";"Crescente";"Chuva";"Simples";"Curva";"Nao";183619;"Automóvel";"FIAT/PALIO ELX";1998;"Passageiro";"Lesoes Graves";29;"Feminino";0;0;1;0;"-9.17153";"-36.0212";"SR-AL";"DEL13/1";"UOP02/AL"
103378;226263;2018-01-14;"domingo";"05:30:00";"AL";104;26,9;"UNIAO DOS PALMARES";"Sim";"Ingestao de alcool";1;"Colisao frontal";"Com Vitimas Fatais";"Amanhecer";"Crescente";"Chuva";"Simples";"Curva";"Nao";183618;"Automóvel";"FIAT/PUNTO ESSENCE 1.6";2011;"Condutor";"Lesoes Graves";36;"Masculino";0;0;1;0;"-9.17153";"-36.0212";"SR-AL";"DEL13/1";"UOP02/AL"
103379;226561;2018-01-14;"domingo";"06:20:00";"MA";10;255,3;"IMPERATRIZ";"Nao";"Ingestao de alcool";1;"Colisao traseira";"Com Vitimas Feridas";"Pleno dia";"Crescente";"Ceu Claro";"Simples";"Reta";"Sim";183568;"Caminhao-trator";"I/M.BENZ ACTROS 2546 LS";2010;"Condutor";"Ileso";58;"Masculino";1;0;0;0;"-5.50607315";"-47.471756";"SR-MA";"DEL18/4";"UOP01/MA"
103379;226564;2018-01-14;"domingo";"06:20:00";"MA";10;255,3;"IMPERATRIZ";"Nao";"Ingestao de alcool";1;"Colisao traseira";"Com Vitimas Feridas";"Pleno dia";"Crescente";"Ceu Claro";"Simples";"Reta";"Sim";183568;"Caminhao-trator";"I/M.BENZ ACTROS 2546 LS";2010;"Passageiro";"Ileso";54;"Masculino";1;0;0;0;"-5.50607315";"-47.471756";"SR-MA";"DEL18/4";"UOP01/MA"
103379;226577;2018-01-14;"domingo";"06:20:00";"MA";10;255,3;"IMPERATRIZ";"Nao";"Ingestao de alcool";1;"Colisao traseira";"Com Vitimas Feridas";"Pleno dia";"Crescente";"Ceu Claro";"Simples";"Reta";"Sim";185168;"Caminhonete";"I/FORD RANGER XL CD4 22H";2014;"Condutor";"Lesoes Leves";32;"Masculino";0;1;0;0;"-5.50607315";"-47.471756";"SR-MA";"DEL18/4";"UOP01/MA"
103379;226579;2018-01-14;"domingo";"06:20:00";"MA";10;255,3;"IMPERATRIZ";"Nao";"Ingestao de alcool";1;"Colisao traseira";"Com Vitimas Feridas";"Pleno dia";"Crescente";"Ceu Claro";"Simples";"Reta";"Sim";185168;"Caminhonete";"I/FORD RANGER XL CD4 22H";2014;"Passageiro";"Ileso";25;"Feminino";1;0;0;0;"-5.50607315";"-47.471756";"SR-MA";"DEL18/4";"UOP01/MA"
103388;235623;2018-01-14;"domingo";"05:30:00";"PA";316;44;"SANTA IZABEL DO PARA";"Sim";"Ingestao de alcool";1;"Tombamento";"Sem Vitimas";"Amanhecer";"Crescente";"Ignorado";"Dupla";"Reta";"Sim";192769;"Motocicleta";"";NA;"Condutor";"Ileso";NA;"Masculino";1;0;0;0;"-1.300154";"-48.16242";"SR-PA";"DEL19/1";"UOP02/PA"
103409;224491;2018-01-14;"domingo";"00:10:00";"PB";230;5,6;"CABEDELO";"Sim";"Ingestao de alcool";1;"Saida de leito carrocavel";"Sem Vitimas";"Plena Noite";"Decrescente";"Ceu Claro";"Dupla";"Reta";"Sim";183690;"Automóvel";"CHEV/PRISMA 1.4MT LT";2016;"Condutor";"Ileso";34;"Masculino";1;0;0;0;"-7.01973";"-34.835547";"SR-PB";"DEL14/1";"UOP01/PB"
103449;224439;2018-01-06;"sabado";"15:25:00";"SC";470;88,4;"RODEIO";"Sim";"Ingestao de alcool";1;"Saida de leito carrocavel";"Com Vitimas Feridas";"Pleno dia";"Crescente";"Nublado";"Simples";"Curva";"Sim";183661;"Caminhao";"M.BENZ/ATEGO 2425";2011;"Condutor";"Lesoes Graves";40;"Masculino";0;0;1;0;"-26.94797188";"-49.36538905";"SR-SC";"DEL8/4";"UOP01/SC"