"id";"pesid";"data_inversa";"dia_semana";"horario";"uf";"br";"km";"municipio";"causa_principal";"causa_acidente";"ordem_tipo_acidente";"tipo_acidente";"classificacao_acidente";"fase_dia";"sentido_via";"condicao_metereologica";"tipo_pista";"tracado_via";"uso_solo";"id_veiculo";"tipo_veiculo";"marca";"ano_fabricacao_veiculo";"tipo_envolvido";"estado_fisico";"idade";"sexo";"ilesos";"feridos_leves";"feridos_graves";"mortos";"latitude";"longitude";"regional";"delegacia";"uop"
104099;226384;2018-01-17;"quarta-feira";"08:45:00";"RN";101;107;"PARNAMIRIM";"Sim";"Ingestao de alcool";1;"Atropelamento de Pedestre";"Com Vitimas Feridas";"Pleno dia";"Decrescente";"Ceu Claro";"Dupla";"Reta";"Sim";185039;"Automóvel";"VW/NOVO GOL 1.0";2012;"Condutor";"Ileso";31;"Masculino";1;0;0;0;"-5.919193";"-35.264118";"SR-RN";"DEL15/1";"UOP01/RN"
104130;226589;2018-01-17;"quarta-feira";"11:00:00";"MS";163;469,6;"CAMPO GRANDE";"Sim";"Ingestao de alcool";1;"Queda de ocupante de veiculo";"Sem Vitimas";"Pleno dia";"Decrescente";"Ceu Claro";"Simples";"Curva";"Nao";185084;"Motocicleta";"HONDA/CG 125 FAN";2008;"Condutor";"Ileso";26;"Masculino";1;0;0;0;"-20.443228";"-54.646828";"SR-MS";"DEL3/1";"UOP01/MS"
104144;226549;2018-01-17;"quarta-feira";"11:50:00";"SC";116;254,3;"LAGES";"Sim";"Ingestao de alcool";1;"Colisao traseira";"Com Vitimas Feridas";"Pleno dia";"Decrescente";"Ceu Claro";"Simples";"Nao Informado";"Nao";185143;"Caminhonete";"FIAT/FIORINO FLEX";2009;"Condutor";"Lesoes Leves";22;"Masculino";0;1;0;0;"-27.85880749";"-50.38733482";"SR-SC";"DEL8/5";"UOP02/SC"
104144;226551;2018-01-17;"quarta-feira";"11:50:00";"SC";116;254,3;"LAGES";"Sim";"Ingestao de alcool";1;"Colisao traseira";"Com Vitimas Feridas";"Pleno dia";"Decrescente";"Ceu Claro";"Simples";"Nao Informado";"Nao";185145;"Caminhao-trator";"SCANIA/T113 H 4X2 360";1996;"Condutor";"Ileso";59;"Masculino";1;0;0;0;"-27.85880749";"-50.38733482";"SR-SC";"DEL8/5";"UOP02/SC"
104209;228366;2018-01-17;"quarta-feira";"19:10:00";"PB";230;6,1;"CABEDELO";"Sim";"Ingestao de alcool";1;"Colisao com objeto estatico";"Sem Vitimas";"Plena Noite";"Crescente";"Chuva";"Dupla";"Nao Informado";"Sim";185139;"Automóvel";"TOYOTA/COROLLA XEI20FLEX";2015;"Passageiro";"Ileso";20;"Masculino";1;0;0;0;"-7.02065959";"-34.83606746";"SR-PB";"DEL14/1";"UOP01/PB"
104209;226548;2018-01-17;"quarta-feira";"19:10:00";"PB";230;6,1;"CABEDELO";"Sim";"Ingestao de alcool";1;"Colisao com objeto estatico";"Sem Vitimas";"Plena Noite";"Crescente";"Chuva";"Dupla";"Nao Informado";"Sim";185139;"Automóvel";"TOYOTA/COROLLA XEI20FLEX";2015;"Condutor";"Ileso";31;"Masculino";1;0;0;0;"-7.02065959";"-34.83606746";"SR-PB";"DEL14/1";"UOP01/PB"
104216;226741;2018-01-17;"quarta-feira";"19:20:00";"CE";116;314,9;"JAGUARIBE";"Sim";"Ingestao de alcool";1;"Atropelamento de Pedestre";"Com Vitimas Fatais";"Plena Noite";"Crescente";"Ceu Claro";"Simples";"Reta";"Nao";185301;"Outros";"";NA;"Condutor";"Nao Informado";NA;"Nao Informado";0;0;0;0;"-5.8927263";"-38.6219897";"SR-CE";"DEL16/5";"UOP02/CE"
104216;226645;2018-01-17;"quarta-feira";"19:20:00";"CE";116;314,9;"JAGUARIBE";"Sim";"Ingestao de alcool";1;"Atropelamento de Pedestre";"Com Vitimas Fatais";"Plena Noite";"Crescente";"Ceu Claro";"Simples";"Reta";"Nao";185301;"Outros";"";NA;"Pedestre";"Óbito";37;"Masculino";0;0;0;1;"-5.8927263";"-38.6219897";"SR-CE";"DEL16/5";"UOP02/CE"
104218;226713;2018-01-17;"quarta-feira";"21:15:00";"MG";116;515,8;"GOVERNADOR VALADARES";"Sim";"Ingestao de alcool";1;"Colisao transversal";"Com Vitimas Feridas";"Plena Noite";"Decrescente";"Ceu Claro";"Simples";"Reta";"Sim";185184;"Automóvel";"HONDA/CIVIC LXS";2014;"Condutor";"Ileso";22;"Masculino";1;0;0;0;"-18.88946708";"-41.94615752";"SR-MG";"DEL4/6";"UOP02/MG"
104218;226715;2018-01-17;"quarta-feira";"21:15:00";"MG";116;515,8;"GOVERNADOR VALADARES";"Sim";"Ingestao de alcool";1;"Colisao transversal";"Com Vitimas Feridas";"Plena Noite";"Decrescente";"Ceu Claro";"Simples";"Reta";"Sim";185185;"Ciclomotor";"I/SHINERAY XY 50 Q";2013;"Passageiro";"Lesoes Graves";40;"Masculino";0;0;1;0;"-18.88946708";"-41.94615752";"SR-MG";"DEL4/6";"UOP02/MG"
104218;226714;2018-01-17;"quarta-feira";"21:15:00";"MG";116;515,8;"GOVERNADOR VALADARES";"Sim";"Ingestao de alcool";1;"Colisao transversal";"Com Vitimas Feridas";"Plena Noite";"Decrescente";"Ceu Claro";"Simples";"Reta";"Sim";185185;"Ciclomotor";"I/SHINERAY XY 50 Q";2013;"Condutor";"Lesoes Graves";39;"Feminino";0;0;1;0;"-18.88946708";"-41.94615752";"SR-MG";"DEL4/6";"UOP02/MG"
104241;228466;2018-01-18;"quinta-feira";"01:00:00";"PE";428;189;"PETROLINA";"Sim";"Ingestao de alcool";1;"Colisao transversal";"Com Vitimas Feridas";"Plena Noite";"Decrescente";"Ceu Claro";"Simples";"Curva";"Sim";185243;"Motocicleta";"HONDA/CG150 FAN ESDI";2014;"Condutor";"Lesoes Graves";49;"Masculino";0;0;1;0;"-9.37744272";"-40.50033596";"SR-PE";"DEL11/6";"UOP01/PE"
104241;228467;2018-01-18;"quinta-feira";"01:00:00";"PE";428;189;"PETROLINA";"Sim";"Ingestao de alcool";1;"Colisao transversal";"Com Vitimas Feridas";"Plena Noite";"Decrescente";"Ceu Claro";"Simples";"Curva";"Sim";185243;"Motocicleta";"HONDA/CG150 FAN ESDI";2014;"Passageiro";"Lesoes Leves";NA;"Feminino";0;1;0;0;"-9.37744272";"-40.50033596";"SR-PE";"DEL11/6";"UOP01/PE"
104241;228468;2018-01-18;"quinta-feira";"01:00:00";"PE";428;189;"PETROLINA";"Sim";"Ingestao de alcool";1;"Colisao transversal";"Com Vitimas Feridas";"Plena Noite";"Decrescente";"Ceu Claro";"Simples";"Curva";"Sim";185244;"Caminhonete";"I/FORD RANGER XLT 13P";2007;"Condutor";"Ileso";31;"Masculino";1;0;0;0;"-9.37744272";"-40.50033596";"SR-PE";"DEL11/6";"UOP01/PE"
104242;228637;2018-01-18;"quinta-feira";"00:50:00";"PA";316;8;"ANANINDEUA";"Sim";"Ingestao de alcool";1;"Colisao transversal";"Com Vitimas Feridas";"Plena Noite";"Crescente";"Nublado";"Simples";"Reta";"Sim";185235;"Motocicleta";"HONDA/NXR 160 BROS";2017;"Condutor";"Lesoes Leves";36;"Masculino";0;1;0;0;"-1.3659343";"-48.3726";"SR-PA";"DEL19/1";"UOP01/PA"
104242;228636;2018-01-18;"quinta-feira";"00:50:00";"PA";316;8;"ANANINDEUA";"Sim";"Ingestao de alcool";1;"Colisao transversal";"Com Vitimas Feridas";"Plena Noite";"Crescente";"Nublado";"Simples";"Reta";"Sim";185236;"Bicicleta";"";NA;"Condutor";"Lesoes Graves";34;"Masculino";0;0;1;0;"-1.3659343";"-48.3726";"SR-PA";"DEL19/1";"UOP01/PA"
104449;227299;2018-01-18;"quinta-feira";"19:45:00";"MG";365;595,7;"UBERLANDIA";"Sim";"Ingestao de alcool";1;"Colisao frontal";"Com Vitimas Fatais";"Plena Noite";"Crescente";"Ceu Claro";"Simples";"Reta";"Nao";185745;"Bicicleta";"";NA;"Condutor";"Óbito";NA;"Masculino";0;0;0;1;"-18.87193533";"-48.08342457";"SR-MG";"DEL4/15";"UOP02/MG"
104449;231057;2018-01-18;"quinta-feira";"19:45:00";"MG";365;595,7;"UBERLANDIA";"Sim";"Ingestao de alcool";1;"Colisao frontal";"Com Vitimas Fatais";"Plena Noite";"Crescente";"Ceu Claro";"Simples";"Reta";"Nao";185746;"Ônibus";"SCANIA/BUSSCAR JUM BUS R";2007;"Condutor";"Ileso";55;"Masculino";1;0;0;0;"-18.87193533";"-48.08342457";"SR-MG";"DEL4/15";"UOP02/MG"
104464;227213;2018-01-18;"quinta-feira";"20:50:00";"MT";364;203;"RONDONOPOLIS";"Sim";"Ingestao de alcool";1;"Queda de ocupante de veiculo";"Com Vitimas Feridas";"Plena Noite";"Decrescente";"Ceu Claro";"Dupla";"Reta";"Sim";185659;"Motocicleta";"JTA/SUZUKI INTRUDER 125";2002;"Condutor";"Lesoes Leves";53;"Masculino";0;1;0;0;"-16.475554";"-54.653446";"SR-MT";"DEL2/2";"UOP01/MT"
104469;229272;2018-01-18;"quinta-feira";"23:40:00";"CE";20;431;"EUSEBIO";"Sim";"Ingestao de alcool";1;"Saida de leito carrocavel";"Com Vitimas Feridas";"Plena Noite";"Crescente";"Nublado";"Dupla";"Nao Informado";"Sim";187404;"Motocicleta";"HONDA/CG 125 FAN KS";2010;"Condutor";"Lesoes Leves";51;"Masculino";0;1;0;0;"-3.86485406";"-38.47277194";"SR-CE";"DEL16/1";"UOP02/CE"
104489;228668;2018-01-19;"sexta-feira";"05:15:00";"SC";282;2,1;"FLORIANOPOLIS";"Sim";"Ingestao de alcool";1;"Colisao traseira";"Com Vitimas Feridas";"Amanhecer";"Crescente";"Nublado";"Dupla";"Curva";"Sim";185764;"Motocicleta";"YAMAHA/FACTOR YBR125 E";2008;"Condutor";"Lesoes Graves";51;"Masculino";0;0;1;0;"-27.60320124";"-48.59142027";"SR-SC";"DEL8/1";"UOP01/SC"
104489;228670;2018-01-19;"sexta-feira";"05:15:00";"SC";282;2,1;"FLORIANOPOLIS";"Sim";"Ingestao de alcool";1;"Colisao traseira";"Com Vitimas Feridas";"Amanhecer";"Crescente";"Nublado";"Dupla";"Curva";"Sim";185765;"Automóvel";"CITROEN/C3 PTECH M TEND";2017;"Condutor";"Ileso";29;"Masculino";1;0;0;0;"-27.60320124";"-48.59142027";"SR-SC";"DEL8/1";"UOP01/SC"
104496;230056;2018-01-19;"sexta-feira";"04:00:00";"MG";116;529,2;"CARATINGA";"Sim";"Ingestao de alcool";1;"Saida de leito carrocavel";"Com Vitimas Fatais";"Plena Noite";"Crescente";"Ceu Claro";"Dupla";"Curva";"Sim";185733;"Motocicleta";"HONDA/CG 150 TITAN ES";2009;"Passageiro";"Lesoes Leves";21;"Feminino";0;1;0;0;"-19.7902";"-42.139526";"SR-MG";"DEL4/6";"UOP02/MG"
104496;230200;2018-01-19;"sexta-feira";"04:00:00";"MG";116;529,2;"CARATINGA";"Sim";"Ingestao de alcool";1;"Saida de leito carrocavel";"Com Vitimas Fatais";"Plena Noite";"Crescente";"Ceu Claro";"Dupla";"Curva";"Sim";185733;"Motocicleta";"HONDA/CG 150 TITAN ES";2009;"Testemunha";"Nao Informado";NA;"Nao Informado";0;0;0;0;"-19.7902";"-42.139526";"SR-MG";"DEL4/6";"UOP02/MG"
104496;227294;2018-01-19;"sexta-feira";"04:00:00";"MG";116;529,2;"CARATINGA";"Sim";"Ingestao de alcool";1;"Saida de leito carrocavel";"Com Vitimas Fatais";"Plena Noite";"Crescente";"Ceu Claro";"Dupla";"Curva";"Sim";185733;"Motocicleta";"HONDA/CG 150 TITAN ES";2009;"Condutor";"Óbito";20;"Masculino";0;0;0;1;"-19.7902";"-42.139526";"SR-MG";"DEL4/6";"UOP02/MG"
104657;227743;2018-01-19;"sexta-feira";"17:50:00";"SC";101;117;"ITAJAI";"Sim";"Ingestao de alcool";1;"Colisao com objeto estatico";"Com Vitimas Feridas";"Pleno dia";"Crescente";"Garoa/Chuvisco";"Dupla";"Reta";"Nao";186069;"Automóvel";"FORD/FIESTA FLEX";2007;"Condutor";"Ileso";28;"Masculino";1;0;0;0;"-26.88707688";"-48.72262001";"SR-SC";"DEL8/4";"UOP04/SC"
104657;227746;2018-01-19;"sexta-feira";"17:50:00";"SC";101;117;"ITAJAI";"Sim";"Ingestao de alcool";1;"Colisao com objeto estatico";"Com Vitimas Feridas";"Pleno dia";"Crescente";"Garoa/Chuvisco";"Dupla";"Reta";"Nao";186070;"Automóvel";"PEUGEOT/208 ACTIVE PACK";2015;"Condutor";"Ileso";43;"Masculino";1;0;0;0;"-26.88707688";"-48.72262001";"SR-SC";"DEL8/4";"UOP04/SC"
104657;227745;2018-01-19;"sexta-feira";"17:50:00";"SC";101;117;"ITAJAI";"Sim";"Ingestao de alcool";1;"Colisao com objeto estatico";"Com Vitimas Feridas";"Pleno dia";"Crescente";"Garoa/Chuvisco";"Dupla";"Reta";"Nao";186069;"Automóvel";"FORD/FIESTA FLEX";2007;"Passageiro";"Lesoes Leves";45;"Masculino";0;1;0;0;"-26.88707688";"-48.72262001";"SR-SC";"DEL8/4";"UOP04/SC"
104661;227684;2018-01-19;"sexta-feira";"17:00:00";"MG";381;516,3;"IGARAPE";"Sim";"Ingestao de alcool";1;"Colisao lateral";"Sem Vitimas";"Pleno dia";"Crescente";"Sol";"Dupla";"Nao Informado";"Nao";186095;"Caminhonete";"FIAT/STRADA WORKING";2000;"Condutor";"Ileso";42;"Masculino";1;0;0;0;"-20.10097444";"-44.31942701";"SR-MG";"DEL4/1";"UOP03/MG"
104661;227786;2018-01-19;"sexta-feira";"17:00:00";"MG";381;516,3;"IGARAPE";"Sim";"Ingestao de alcool";1;"Colisao lateral";"Sem Vitimas";"Pleno dia";"Crescente";"Sol";"Dupla";"Nao Informado";"Nao";186201;"Caminhao-trator";"";NA;"Condutor";"Nao Informado";NA;"Nao Informado";0;0;0;0;"-20.10097444";"-44.31942701";"SR-MG";"DEL4/1";"UOP03/MG"
104681;227582;2018-01-19;"sexta-feira";"18:00:00";"GO";20;3,3;"FORMOSA";"Sim";"Ingestao de alcool";1;"Saida de leito carrocavel";"Sem Vitimas";"Pleno dia";"Crescente";"Ceu Claro";"Simples";"Reta";"Nao";185991;"Caminhao-trator";"M.BENZ/AXOR 2536 S";2012;"Condutor";"Ileso";38;"Masculino";1;0;0;0;"-15.56598343";"-47.31863022";"SR-DF";"GO";"UOP04/DF"
104681;229542;2018-01-19;"sexta-feira";"18:00:00";"GO";20;3,3;"FORMOSA";"Sim";"Ingestao de alcool";1;"Saida de leito carrocavel";"Sem Vitimas";"Pleno dia";"Crescente";"Ceu Claro";"Simples";"Reta";"Nao";185990;"Automóvel";"VW/POLO SEDAN 1.6";2005;"Condutor";"Nao Informado";NA;"Nao Informado";0;0;0;0;"-15.56598343";"-47.31863022";"SR-DF";"GO";"UOP04/DF"
104713;229626;2018-01-19;"sexta-feira";"19:35:00";"BA";116;425,1;"FEIRA DE SANTANA";"Sim";"Ingestao de alcool";1;"Atropelamento de Pedestre";"Com Vitimas Feridas";"Plena Noite";"Decrescente";"Ceu Claro";"Simples";"Reta";"Sim";187668;"Motocicleta";"HONDA/POP 110I";2017;"Condutor";"Lesoes Leves";27;"Masculino";0;1;0;0;"-12.24800478";"-38.9876461";"SR-BA";"DEL10/2";"UOP01/BA"
104713;229567;2018-01-19;"sexta-feira";"19:35:00";"BA";116;425,1;"FEIRA DE SANTANA";"Sim";"Ingestao de alcool";1;"Atropelamento de Pedestre";"Com Vitimas Feridas";"Plena Noite";"Decrescente";"Ceu Claro";"Simples";"Reta";"Sim";187668;"Motocicleta";"HONDA/POP 110I";2017;"Pedestre";"Lesoes Graves";48;"Feminino";0;0;1;0;"-12.24800478";"-38.9876461";"SR-BA";"DEL10/2";"UOP01/BA"
104721;227715;2018-01-19;"sexta-feira";"20:30:00";"SC";101;182;"BIGUACU";"Sim";"Ingestao de alcool";1;"Colisao transversal";"Sem Vitimas";"Plena Noite";"Decrescente";"Ceu Claro";"Dupla";"Curva";"Sim";186114;"Automóvel";"I/FIAT PALIO ATTRACT 1.0";2013;"Condutor";"Ileso";40;"Masculino";1;0;0;0;"-27.40109344";"-48.62999403";"SR-SC";"DEL8/1";"UOP01/SC"
104721;227716;2018-01-19;"sexta-feira";"20:30:00";"SC";101;182;"BIGUACU";"Sim";"Ingestao de alcool";1;"Colisao transversal";"Sem Vitimas";"Plena Noite";"Decrescente";"Ceu Claro";"Dupla";"Curva";"Sim";186115;"Automóvel";"FIAT/UNO MILLE WAY ECON";2008;"Condutor";"Ileso";51;"Masculino";1;0;0;0;"-27.40109344";"-48.62999403";"SR-SC";"DEL8/1";"UOP01/SC"
104763;229527;2018-01-20;"sabado";"01:15:00";"DF";40;0;"BRASILIA";"Sim";"Ingestao de alcool";1;"Capotamento";"Com Vitimas Feridas";"Plena Noite";"Decrescente";"Ignorado";"Dupla";"Reta";"Nao";186257;"Automóvel";"I/NISSAN SENTRA 20 FLEX";2011;"Condutor";"Lesoes Leves";53;"Masculino";0;1;0;0;"-15.9768051";"-47.989838";"SR-DF";"DF";"UOP01/DF"
104773;227799;2018-01-20;"sabado";"00:30:00";"GO";153;436,4;"ANAPOLIS";"Sim";"Ingestao de alcool";1;"Saida de leito carrocavel";"Com Vitimas Feridas";"Plena Noite";"Crescente";"Ceu Claro";"Dupla";"Curva";"Nao";186217;"Automóvel";"VW/GOL 1.6";1999;"Condutor";"Lesoes Leves";27;"Masculino";0;1;0;0;"-16.28513849";"-48.9482454";"SR-GO";"DEL1/2";"UOP01/GO"
104775;229719;2018-01-20;"sabado";"02:10:00";"GO";158;268,4;"JATAI";"Sim";"Ingestao de alcool";1;"Colisao lateral";"Com Vitimas Feridas";"Plena Noite";"Crescente";"Ceu Claro";"Dupla";"Reta";"Sim";186272;"Utilitario";"I/MMC ASX 2.0 4WD";2010;"Condutor";"Ileso";21;"Masculino";1;0;0;0;"-17.86695349";"-51.72938347";"SR-GO";"DEL1/5";"UOP01/GO"
104775;229720;2018-01-20;"sabado";"02:10:00";"GO";158;268,4;"JATAI";"Sim";"Ingestao de alcool";1;"Colisao lateral";"Com Vitimas Feridas";"Plena Noite";"Crescente";"Ceu Claro";"Dupla";"Reta";"Sim";186273;"Automóvel";"VW/GOL 16V PLUS";2001;"Condutor";"Ileso";55;"Masculino";1;0;0;0;"-17.86695349";"-51.72938347";"SR-GO";"DEL1/5";"UOP01/GO"
104775;229715;2018-01-20;"sabado";"02:10:00";"GO";158;268,4;"JATAI";"Sim";"Ingestao de alcool";1;"Colisao lateral";"Com Vitimas Feridas";"Plena Noite";"Crescente";"Ceu Claro";"Dupla";"Reta";"Sim";186271;"Camioneta";"I/GM CAPTIVA SPORT FWD";2008;"Condutor";"Ileso";26;"Masculino";1;0;0;0;"-17.86695349";"-51.72938347";"SR-GO";"DEL1/5";"UOP01/GO"
104775;229948;2018-01-20;"sabado";"02:10:00";"GO";158;268,4;"JATAI";"Sim";"Ingestao de alcool";1;"Colisao lateral";"Com Vitimas Feridas";"Plena Noite";"Crescente";"Ceu Claro";"Dupla";"Reta";"Sim";186273;"Automóvel";"VW/GOL 16V PLUS";2001;"Passageiro";"Lesoes Leves";15;"Feminino";0;1;0;0;"-17.86695349";"-51.72938347";"SR-GO";"DEL1/5";"UOP01/GO"
104776;242067;2018-01-20;"sabado";"00:20:00";"BA";116;817;"VITORIA DA CONQUISTA";"Sim";"Ingestao de alcool";1;"Colisao frontal";"Com Vitimas Feridas";"Plena Noite";"Decrescente";"Ceu Claro";"Simples";"Reta";"Nao";197929;"Ônibus";"MBENZ/MPOLO PARADISO R";2008;"Condutor";"Ileso";45;"Masculino";1;0;0;0;"-14.851";"-40.8485";"SR-BA";"DEL10/8";"UOP01/BA"
104776;242429;2018-01-20;"sabado";"00:20:00";"BA";116;817;"VITORIA DA CONQUISTA";"Sim";"Ingestao de alcool";1;"Colisao frontal";"Com Vitimas Feridas";"Plena Noite";"Decrescente";"Ceu Claro";"Simples";"Reta";"Nao";197928;"Caminhonete";"I/NISSAN FRONTIER SEL";2007;"Condutor";"Lesoes Leves";49;"Masculino";0;1;0;0;"-14.851";"-40.8485";"SR-BA";"DEL10/8";"UOP01/BA"
104777;227836;2018-01-20;"sabado";"02:30:00";"DF";60;1;"BRASILIA";"Sim";"Ingestao de alcool";1;"Colisao com objeto estatico";"Com Vitimas Feridas";"Plena Noite";"Crescente";"Ceu Claro";"Dupla";"Reta";"Sim";186241;"Automóvel";"HONDA/CIVIC LXR";2014;"Condutor";"Lesoes Leves";27;"Masculino";0;1;0;0;"-15.885093";"-48.068954";"SR-DF";"DF";"UOP03/DF"
104777;227837;2018-01-20;"sabado";"02:30:00";"DF";60;1;"BRASILIA";"Sim";"Ingestao de alcool";1;"Colisao com objeto estatico";"Com Vitimas Feridas";"Plena Noite";"Crescente";"Ceu Claro";"Dupla";"Reta";"Sim";186241;"Automóvel";"HONDA/CIVIC LXR";2014;"Passageiro";"Lesoes Leves";27;"Feminino";0;1;0;0;"-15.885093";"-48.068954";"SR-DF";"DF";"UOP03/DF"
104781;229546;2018-01-20;"sabado";"01:35:00";"AL";101;192;"JUNQUEIRO";"Sim";"Ingestao de alcool";1;"Colisao lateral";"Com Vitimas Feridas";"Plena Noite";"Decrescente";"Ceu Claro";"Simples";"Nao Informado";"Nao";187654;"Ônibus";"M.BENZ/COMIL CAMPIONE R";2007;"Condutor";"Ileso";60;"Masculino";1;0;0;0;"-9.925714";"-36.476135";"SR-AL";"DEL13/2";"UOP02/AL"
104781;229549;2018-01-20;"sabado";"01:35:00";"AL";101;192;"JUNQUEIRO";"Sim";"Ingestao de alcool";1;"Colisao lateral";"Com Vitimas Feridas";"Plena Noite";"Decrescente";"Ceu Claro";"Simples";"Nao Informado";"Nao";187659;"Automóvel";"VW/GOL 1000";1994;"Condutor";"Lesoes Graves";33;"Masculino";0;0;1;0;"-9.925714";"-36.476135";"SR-AL";"DEL13/2";"UOP02/AL"
104820;227951;2018-01-20;"sabado";"06:20:00";"PI";316;309;"PICOS";"Sim";"Ingestao de alcool";1;"Colisao lateral";"Sem Vitimas";"Pleno dia";"Decrescente";"Ceu Claro";"Simples";"Rotatória";"Sim";186340;"Automóvel";"FORD/KA SE 1.0 HA B";2016;"Condutor";"Ileso";57;"Masculino";1;0;0;0;"-7.0755106";"-41.46711767";"SR-PI";"DEL17/4";"UOP01/PI"
104820;227953;2018-01-20;"sabado";"06:20:00";"PI";316;309;"PICOS";"Sim";"Ingestao de alcool";1;"Colisao lateral";"Sem Vitimas";"Pleno dia";"Decrescente";"Ceu Claro";"Simples";"Rotatória";"Sim";186341;"Caminhao";"VW/17.280 CRM 4X2 4P";2014;"Condutor";"Ileso";45;"Masculino";1;0;0;0;"-7.0755106";"-41.46711767";"SR-PI";"DEL17/4";"UOP01/PI"
104821;227899;2018-01-20;"sabado";"07:00:00";"SC";282;503,1;"XANXERE";"Sim";"Ingestao de alcool";1;"Saida de leito carrocavel";"Com Vitimas Fatais";"Amanhecer";"Crescente";"Ceu Claro";"Simples";"Curva";"Sim";186303;"Automóvel";"VW/GOL GL";1988;"Passageiro";"Óbito";26;"Masculino";0;0;0;1;"-26.88601918";"-52.39787579";"SR-SC";"DEL8/8";"UOP01/SC"
104821;229623;2018-01-20;"sabado";"07:00:00";"SC";282;503,1;"XANXERE";"Sim";"Ingestao de alcool";1;"Saida de leito carrocavel";"Com Vitimas Fatais";"Amanhecer";"Crescente";"Ceu Claro";"Simples";"Curva";"Sim";186303;"Automóvel";"VW/GOL GL";1988;"Condutor";"Lesoes Leves";21;"Masculino";0;1;0;0;"-26.88601918";"-52.39787579";"SR-SC";"DEL8/8";"UOP01/SC"
104836;228251;2018-01-20;"sabado";"09:12:00";"PE";101;79;"JABOATAO DOS GUARARAPES";"Sim";"Ingestao de alcool";1;"Queda de ocupante de veiculo";"Com Vitimas Feridas";"Pleno dia";"Decrescente";"Ceu Claro";"Dupla";"Reta";"Nao";186583;"Motocicleta";"HONDA/CG 150 TITAN EX";2011;"Condutor";"Lesoes Leves";25;"Masculino";0;1;0;0;"-8.1533";"-34.9421";"SR-PE";"DEL11/1";"UOP01/PE"
104902;229989;2018-01-20;"sabado";"15:32:00";"ES";262;4,2;"CARIACICA";"Sim";"Ingestao de alcool";1;"Colisao traseira";"Com Vitimas Feridas";"Pleno dia";"Decrescente";"Ceu Claro";"Simples";"Reta";"Sim";186553;"Motocicleta";"HONDA/XRE 190";2017;"Condutor";"Lesoes Leves";36;"Masculino";0;1;0;0;"-20.33802271";"-40.38072017";"SR-ES";"DEL12/1";"UOP01/ES"
104902;229990;2018-01-20;"sabado";"15:32:00";"ES";262;4,2;"CARIACICA";"Sim";"Ingestao de alcool";1;"Colisao traseira";"Com Vitimas Feridas";"Pleno dia";"Decrescente";"Ceu Claro";"Simples";"Reta";"Sim";186554;"Automóvel";"VW/GOL 1.0";2003;"Condutor";"Ileso";41;"Masculino";1;0;0;0;"-20.33802271";"-40.38072017";"SR-ES";"DEL12/1";"UOP01/ES"
104902;229987;2018-01-20;"sabado";"15:32:00";"ES";262;4,2;"CARIACICA";"Sim";"Ingestao de alcool";1;"Colisao traseira";"Com Vitimas Feridas";"Pleno dia";"Decrescente";"Ceu Claro";"Simples";"Reta";"Sim";186552;"Automóvel";"GM/KADETT SL";1993;"Condutor";"Ileso";51;"Masculino";1;0;0;0;"-20.33802271";"-40.38072017";"SR-ES";"DEL12/1";"UOP01/ES"
104925;228214;2018-01-20;"sabado";"18:00:00";"RS";392;351,6;"SANTA MARIA";"Sim";"Ingestao de alcool";1;"Atropelamento de Pedestre";"Com Vitimas Feridas";"Pleno dia";"Crescente";"Nublado";"Simples";"Reta";"Sim";186541;"Motocicleta";"HONDA/CG 125 FAN KS";2011;"Pedestre";"Lesoes Leves";23;"Masculino";0;1;0;0;"-29.72845837";"-53.80311728";"SR-RS";"DEL9/9";"UOP01/RS"
104925;228215;2018-01-20;"sabado";"18:00:00";"RS";392;351,6;"SANTA MARIA";"Sim";"Ingestao de alcool";1;"Atropelamento de Pedestre";"Com Vitimas Feridas";"Pleno dia";"Crescente";"Nublado";"Simples";"Reta";"Sim";186541;"Motocicleta";"HONDA/CG 125 FAN KS";2011;"Pedestre";"Ileso";44;"Feminino";1;0;0;0;"-29.72845837";"-53.80311728";"SR-RS";"DEL9/9";"UOP01/RS"
104925;228216;2018-01-20;"sabado";"18:00:00";"RS";392;351,6;"SANTA MARIA";"Sim";"Ingestao de alcool";1;"Atropelamento de Pedestre";"Com Vitimas Feridas";"Pleno dia";"Crescente";"Nublado";"Simples";"Reta";"Sim";186541;"Motocicleta";"HONDA/CG 125 FAN KS";2011;"Pedestre";"Ileso";50;"Masculino";1;0;0;0;"-29.72845837";"-53.80311728";"SR-RS";"DEL9/9";"UOP01/RS"
104925;228218;2018-01-20;"sabado";"18:00:00";"RS";392;351,6;"SANTA MARIA";"Sim";"Ingestao de alcool";1;"Atropelamento de Pedestre";"Com Vitimas Feridas";"Pleno dia";"Crescente";"Nublado";"Simples";"Reta";"Sim";186541;"Motocicleta";"HONDA/CG 125 FAN KS";2011;"Pedestre";"Ileso";NA;"Masculino";1;0;0;0;"-29.72845837";"-53.80311728";"SR-RS";"DEL9/9";"UOP01/RS"