"id";"pesid";"data_inversa";"dia_semana";"horario";"uf";"br";"km";"municipio";"causa_principal";"causa_acidente";"ordem_tipo_acidente";"tipo_acidente";"classificacao_acidente";"fase_dia";"sentido_via";"condicao_metereologica";"tipo_pista";"tracado_via";"uso_solo";"id_veiculo";"tipo_veiculo";"marca";"ano_fabricacao_veiculo";"tipo_envolvido";"estado_fisico";"idade";"sexo";"ilesos";"feridos_leves";"feridos_graves";"mortos";"latitude";"longitude";"regional";"delegacia";"uop"
105505;231419;2018-01-22;"segunda-feira";"18:00:00";"SE";235;59,6;"ITABAIANA";"Sim";"Ingestao de alcool";1;"Colisao traseira";"Com Vitimas Feridas";"Anoitecer";"Decrescente";"Ceu Claro";"Simples";"Desvio Temporario";"Nao";187518;"Motocicleta";"HONDA/CG 150 TITAN ESD";2013;"Passageiro";"Lesoes Leves";72;"Masculino";0;1;0;0;"-10.62724931";"-37.46267859";"SR-SE";"DEL20/1";"UOP02/SE"
105527;229492;2018-01-22;"segunda-feira";"20:15:00";"TO";153;4,7;"XAMBIOA";"Sim";"Ingestao de alcool";1;"Colisao lateral";"Com Vitimas Fatais";"Plena Noite";"Decrescente";"Ceu Claro";"Simples";"Curva";"Nao";187613;"Motocicleta";"HONDA/NXR150 BROS ES";2009;"Condutor";"Óbito";36;"Masculino";0;0;0;1;"-6.42618938";"-48.53021622";"SR-TO";"UOP04/TO";""
105527;230918;2018-01-22;"segunda-feira";"20:15:00";"TO";153;4,7;"XAMBIOA";"Sim";"Ingestao de alcool";1;"Colisao lateral";"Com Vitimas Fatais";"Plena Noite";"Decrescente";"Ceu Claro";"Simples";"Curva";"Nao";187614;"Caminhao-trator";"VOLVO/NL12 360 4X2T EDC";1996;"Condutor";"Ileso";52;"Masculino";1;0;0;0;"-6.42618938";"-48.53021622";"SR-TO";"UOP04/TO";""
105528;229473;2018-01-22;"segunda-feira";"21:00:00";"ES";101;266,8;"SERRA";"Sim";"Ingestao de alcool";1;"Colisao traseira";"Sem Vitimas";"Plena Noite";"Crescente";"Ceu Claro";"Simples";"Reta";"Sim";187590;"Automóvel";"I/CITROEN C4 20EXCA5P F";2012;"Condutor";"Ileso";27;"Masculino";1;0;0;0;"-20.19811069";"-40.26906073";"SR-ES";"DEL12/2";"UOP01/ES"
105528;229474;2018-01-22;"segunda-feira";"21:00:00";"ES";101;266,8;"SERRA";"Sim";"Ingestao de alcool";1;"Colisao traseira";"Sem Vitimas";"Plena Noite";"Crescente";"Ceu Claro";"Simples";"Reta";"Sim";187592;"Camioneta";"FORD/ECOSPORT FSL1.6FLEX";2010;"Condutor";"Ileso";38;"Masculino";1;0;0;0;"-20.19811069";"-40.26906073";"SR-ES";"DEL12/2";"UOP01/ES"
105536;233649;2018-01-22;"segunda-feira";"19:30:00";"PR";376;304,6;"MAUA DA SERRA";"Sim";"Ingestao de alcool";1;"Saida de leito carrocavel";"Com Vitimas Feridas";"Anoitecer";"Decrescente";"Nublado";"Simples";"Curva";"Nao";191060;"Automóvel";"FORD/FIESTA FLEX";2010;"Condutor";"Lesoes Leves";40;"Masculino";0;1;0;0;"-23.93251027";"-51.12829685";"SR-PR";"DEL7/7";"UOP02/PR"
105555;231255;2018-01-23;"terca-feira";"01:30:00";"RS";448;0,5;"SAPUCAIA DO SUL";"Sim";"Ingestao de alcool";1;"Colisao traseira";"Sem Vitimas";"Plena Noite";"Decrescente";"Ceu Claro";"Simples";"Reta";"Sim";187629;"Camioneta";"VW/KOMBI";2011;"Condutor";"Ileso";42;"Masculino";1;0;0;0;"-29.82715914";"-51.17200447";"SR-RS";"DEL9/1";"UOP02/RS"
105555;231259;2018-01-23;"terca-feira";"01:30:00";"RS";448;0,5;"SAPUCAIA DO SUL";"Sim";"Ingestao de alcool";1;"Colisao traseira";"Sem Vitimas";"Plena Noite";"Decrescente";"Ceu Claro";"Simples";"Reta";"Sim";187630;"Automóvel";"VW/GOL I PLUS";1996;"Condutor";"Ileso";32;"Masculino";1;0;0;0;"-29.82715914";"-51.17200447";"SR-RS";"DEL9/1";"UOP02/RS"
105576;230856;2018-01-23;"terca-feira";"01:30:00";"PI";135;514;"GILBUES";"Sim";"Ingestao de alcool";1;"Colisao frontal";"Sem Vitimas";"Plena Noite";"Crescente";"Ceu Claro";"Simples";"Reta";"Nao";187635;"Automóvel";"VW/GOL 1.0";2010;"Condutor";"Ileso";36;"Masculino";1;0;0;0;"-9.826421";"-45.334484";"SR-PI";"DEL17/3";"UOP02/PI"
105576;230855;2018-01-23;"terca-feira";"01:30:00";"PI";135;514;"GILBUES";"Sim";"Ingestao de alcool";1;"Colisao frontal";"Sem Vitimas";"Plena Noite";"Crescente";"Ceu Claro";"Simples";"Reta";"Nao";187634;"Caminhonete";"NISSAN/FRONTIER XE 25 X2";2011;"Condutor";"Ileso";38;"Masculino";1;0;0;0;"-9.826421";"-45.334484";"SR-PI";"DEL17/3";"UOP02/PI"
105589;229595;2018-01-23;"terca-feira";"08:55:00";"MG";50;158,5;"UBERABA";"Sim";"Ingestao de alcool";1;"Queda de ocupante de veiculo";"Sem Vitimas";"Pleno dia";"Crescente";"Sol";"Dupla";"Retorno Regulamentado";"Nao";187689;"Motocicleta";"DAFRA/SPEED 150";2011;"Condutor";"Ileso";41;"Masculino";1;0;0;0;"-19.63738586";"-48.01105035";"SR-MG";"DEL4/15";"UOP01/MG"
105594;229992;2018-01-23;"terca-feira";"02:00:00";"MT";364;150,2;"PEDRA PRETA";"Sim";"Ingestao de alcool";1;"Tombamento";"Sem Vitimas";"Plena Noite";"Decrescente";"Ceu Claro";"Simples";"Reta";"Nao";187984;"Caminhao-trator";"M.BENZ/ACTROS 2546LS";2014;"Condutor";"Ileso";43;"Masculino";1;0;0;0;"-16.7905807";"-54.20741971";"SR-MT";"DEL2/2";"UOP01/MT"
105610;229739;2018-01-19;"sexta-feira";"19:00:00";"MG";116;409;"GOVERNADOR VALADARES";"Sim";"Ingestao de alcool";1;"Colisao transversal";"Com Vitimas Feridas";"Anoitecer";"Decrescente";"Ignorado";"Simples";"Retorno Regulamentado";"Sim";187702;"Automóvel";"IMP/FIAT TIPO 1.6 IE";1995;"Condutor";"Ileso";58;"Masculino";1;0;0;0;"-18.83865853";"-41.9874689";"SR-MG";"DEL4/6";"UOP01/MG"
105610;229744;2018-01-19;"sexta-feira";"19:00:00";"MG";116;409;"GOVERNADOR VALADARES";"Sim";"Ingestao de alcool";1;"Colisao transversal";"Com Vitimas Feridas";"Anoitecer";"Decrescente";"Ignorado";"Simples";"Retorno Regulamentado";"Sim";187786;"Bicicleta";"";NA;"Condutor";"Lesoes Leves";60;"Masculino";0;1;0;0;"-18.83865853";"-41.9874689";"SR-MG";"DEL4/6";"UOP01/MG"
105632;232000;2018-01-23;"terca-feira";"11:30:00";"MS";163;248;"DOURADOS";"Sim";"Ingestao de alcool";1;"Saida de leito carrocavel";"Sem Vitimas";"Pleno dia";"Crescente";"Nublado";"Simples";"Rotatória";"Nao";188008;"Automóvel";"HONDA/CIVIC LXS";2007;"Condutor";"Ileso";41;"Masculino";1;0;0;0;"-22.32000629";"-54.81919438";"SR-MS";"DEL3/4";"UOP01/MS"
105644;230014;2018-01-23;"terca-feira";"14:25:00";"PR";158;395,8;"LARANJEIRAS DO SUL";"Sim";"Ingestao de alcool";1;"Saida de leito carrocavel";"Com Vitimas Feridas";"Pleno dia";"Decrescente";"Ceu Claro";"Simples";"Curva";"Nao";188015;"Automóvel";"FORD/FIESTA STREET";2002;"Condutor";"Lesoes Leves";41;"Masculino";0;1;0;0;"-25.35703767";"-52.38238335";"SR-PR";"DEL7/4";"UOP03/PR"
105837;230719;2018-01-24;"quarta-feira";"06:40:00";"MT";364;437;"VARZEA GRANDE";"Sim";"Ingestao de alcool";1;"Saida de leito carrocavel";"Sem Vitimas";"Pleno dia";"Crescente";"Ceu Claro";"Multipla";"Reta";"Nao";188413;"Automóvel";"VW/GOL TL MB";2015;"Condutor";"Ileso";32;"Masculino";1;0;0;0;"-15.63130263";"-56.20588303";"SR-MT";"DEL2/4";"UOP02/MT"
105913;232161;2018-01-24;"quarta-feira";"19:25:00";"SC";101;208,2;"SAO JOSE";"Sim";"Ingestao de alcool";1;"Colisao traseira";"Sem Vitimas";"Plena Noite";"Decrescente";"Chuva";"Dupla";"Reta";"Sim";189759;"Automóvel";"VW/NOVO VOYAGE TL MCV";2016;"Condutor";"Ileso";40;"Masculino";1;0;0;0;"-27.60876173";"-48.63744175";"SR-SC";"DEL8/1";"UOP01/SC"
105913;232159;2018-01-24;"quarta-feira";"19:25:00";"SC";101;208,2;"SAO JOSE";"Sim";"Ingestao de alcool";1;"Colisao traseira";"Sem Vitimas";"Plena Noite";"Decrescente";"Chuva";"Dupla";"Reta";"Sim";189753;"Automóvel";"FORD/FIESTA FLEX";2013;"Condutor";"Ileso";60;"Masculino";1;0;0;0;"-27.60876173";"-48.63744175";"SR-SC";"DEL8/1";"UOP01/SC"
105913;232160;2018-01-24;"quarta-feira";"19:25:00";"SC";101;208,2;"SAO JOSE";"Sim";"Ingestao de alcool";1;"Colisao traseira";"Sem Vitimas";"Plena Noite";"Decrescente";"Chuva";"Dupla";"Reta";"Sim";189755;"Automóvel";"PEUGEOT/207PASSION XR";2010;"Condutor";"Ileso";24;"Masculino";1;0;0;0;"-27.60876173";"-48.63744175";"SR-SC";"DEL8/1";"UOP01/SC"
105943;230441;2018-01-24;"quarta-feira";"23:00:00";"SC";470;57,6;"BLUMENAU";"Sim";"Ingestao de alcool";1;"Colisao frontal";"Com Vitimas Feridas";"Plena Noite";"Crescente";"Nublado";"Simples";"Reta";"Sim";188276;"Caminhao-trator";"SCANIA/LK 140";1977;"Condutor";"Ileso";70;"Masculino";1;0;0;0;"-26.87644007";"-49.12573099";"SR-SC";"DEL8/4";"UOP01/SC"
105943;230442;2018-01-24;"quarta-feira";"23:00:00";"SC";470;57,6;"BLUMENAU";"Sim";"Ingestao de alcool";1;"Colisao frontal";"Com Vitimas Feridas";"Plena Noite";"Crescente";"Nublado";"Simples";"Reta";"Sim";188277;"Automóvel";"CITROEN/C3 PICASSO GLX A";2013;"Condutor";"Lesoes Graves";51;"Masculino";0;0;1;0;"-26.87644007";"-49.12573099";"SR-SC";"DEL8/4";"UOP01/SC"
105952;231062;2018-01-25;"quinta-feira";"00:25:00";"RJ";101;479;"ANGRA DOS REIS";"Sim";"Ingestao de alcool";1;"Capotamento";"Com Vitimas Feridas";"Plena Noite";"Crescente";"Ceu Claro";"Simples";"Curva";"Nao";188799;"Automóvel";"RENAULT/SANDERO STEPWAY";2010;"Condutor";"Lesoes Leves";33;"Masculino";0;1;0;0;"-23.01366483";"-44.28594232";"SR-RJ";"DEL5/3";"UOP02/RJ"
105952;231064;2018-01-25;"quinta-feira";"00:25:00";"RJ";101;479;"ANGRA DOS REIS";"Sim";"Ingestao de alcool";1;"Capotamento";"Com Vitimas Feridas";"Plena Noite";"Crescente";"Ceu Claro";"Simples";"Curva";"Nao";188799;"Automóvel";"RENAULT/SANDERO STEPWAY";2010;"Passageiro";"Lesoes Graves";25;"Masculino";0;0;1;0;"-23.01366483";"-44.28594232";"SR-RJ";"DEL5/3";"UOP02/RJ"
105956;231611;2018-01-25;"quinta-feira";"01:20:00";"SC";470;42;"GASPAR";"Sim";"Ingestao de alcool";1;"Saida de leito carrocavel";"Sem Vitimas";"Plena Noite";"Decrescente";"Nublado";"Simples";"Reta";"Nao";189275;"Automóvel";"I/BMW 320I PG51";2010;"Condutor";"Ileso";29;"Masculino";1;0;0;0;"-26.89918466";"-48.98510545";"SR-SC";"DEL8/4";"UOP01/SC"
105977;230482;2018-01-25;"quinta-feira";"02:40:00";"SC";282;536,4;"CHAPECO";"Sim";"Ingestao de alcool";1;"Saida de leito carrocavel";"Sem Vitimas";"Plena Noite";"Crescente";"Nublado";"Simples";"Reta";"Nao";188321;"Caminhonete";"I/FORD RANGER XLT CD4 32";2014;"Condutor";"Ileso";39;"Masculino";1;0;0;0;"-27.00053228";"-52.65714347";"SR-SC";"DEL8/8";"UOP01/SC"
106003;230527;2018-01-21;"domingo";"16:00:00";"SC";101;138;"BALNEARIO CAMBORIU";"Sim";"Ingestao de alcool";1;"Colisao traseira";"Sem Vitimas";"Pleno dia";"Crescente";"Nublado";"Dupla";"Reta";"Nao";188353;"Automóvel";"CITROEN/C3 90M";2015;"Condutor";"Ileso";47;"Masculino";1;0;0;0;"-27.02347166";"-48.60770792";"SR-SC";"DEL8/4";"UOP03/SC"
106003;230528;2018-01-21;"domingo";"16:00:00";"SC";101;138;"BALNEARIO CAMBORIU";"Sim";"Ingestao de alcool";1;"Colisao traseira";"Sem Vitimas";"Pleno dia";"Crescente";"Nublado";"Dupla";"Reta";"Nao";188354;"Automóvel";"VW/APOLLO GLS";1990;"Condutor";"Ileso";49;"Masculino";1;0;0;0;"-27.02347166";"-48.60770792";"SR-SC";"DEL8/4";"UOP03/SC"
106011;231821;2018-01-25;"quinta-feira";"08:30:00";"SC";101;298;"LAGUNA";"Sim";"Ingestao de alcool";1;"Colisao traseira";"Com Vitimas Feridas";"Pleno dia";"Decrescente";"Sol";"Multipla";"Reta";"Sim";189441;"Ônibus";"VW/COMIL VERSATILE I";2009;"Condutor";"Ileso";28;"Masculino";1;0;0;0;"-28.37750618";"-48.764534";"SR-SC";"DEL8/2";"UOP03/SC"
106011;231819;2018-01-25;"quinta-feira";"08:30:00";"SC";101;298;"LAGUNA";"Sim";"Ingestao de alcool";1;"Colisao traseira";"Com Vitimas Feridas";"Pleno dia";"Decrescente";"Sol";"Multipla";"Reta";"Sim";189437;"Bicicleta";"";NA;"Condutor";"Lesoes Leves";61;"Masculino";0;1;0;0;"-28.37750618";"-48.764534";"SR-SC";"DEL8/2";"UOP03/SC"
106088;232310;2018-01-25;"quinta-feira";"15:50:00";"SC";101;217,4;"PALHOCA";"Sim";"Ingestao de alcool";1;"Colisao lateral";"Sem Vitimas";"Pleno dia";"Crescente";"Nublado";"Dupla";"Reta";"Sim";189815;"Automóvel";"GM/CLASSIC LIFE";2009;"Condutor";"Ileso";69;"Masculino";1;0;0;0;"-27.67280758";"-48.67174691";"SR-SC";"DEL8/1";"UOP02/SC"
106088;232311;2018-01-25;"quinta-feira";"15:50:00";"SC";101;217,4;"PALHOCA";"Sim";"Ingestao de alcool";1;"Colisao lateral";"Sem Vitimas";"Pleno dia";"Crescente";"Nublado";"Dupla";"Reta";"Sim";189816;"Caminhao-trator";"SCANIA/G 380 A4X2";2011;"Condutor";"Ileso";38;"Masculino";1;0;0;0;"-27.67280758";"-48.67174691";"SR-SC";"DEL8/1";"UOP02/SC"
106146;230956;2018-01-25;"quinta-feira";"19:00:00";"PE";428;173,7;"PETROLINA";"Sim";"Ingestao de alcool";1;"Colisao transversal";"Com Vitimas Fatais";"Plena Noite";"Decrescente";"Nublado";"Simples";"Reta";"Nao";188683;"Motocicleta";"DAFRA/SPEED 150";2008;"Condutor";"Óbito";21;"Masculino";0;0;0;1;"-9.26071848";"-40.42947561";"SR-PE";"DEL11/6";"UOP01/PE"
106146;231029;2018-01-25;"quinta-feira";"19:00:00";"PE";428;173,7;"PETROLINA";"Sim";"Ingestao de alcool";1;"Colisao transversal";"Com Vitimas Fatais";"Plena Noite";"Decrescente";"Nublado";"Simples";"Reta";"Nao";188684;"Caminhao";"FORD/CARGO 2422 E";2008;"Condutor";"Ileso";44;"Masculino";1;0;0;0;"-9.26071848";"-40.42947561";"SR-PE";"DEL11/6";"UOP01/PE"
106150;232763;2018-01-25;"quinta-feira";"21:15:00";"BA";101;879;"TEIXEIRA DE FREITAS";"Sim";"Ingestao de alcool";1;"Colisao frontal";"Com Vitimas Feridas";"Plena Noite";"Decrescente";"Ceu Claro";"Simples";"Reta";"Sim";190282;"Motoneta";"HONDA/BIZ 125 ES";2011;"Passageiro";"Lesoes Leves";18;"Feminino";0;1;0;0;"-17.535471";"-39.74228";"SR-BA";"DEL10/9";"UOP03/BA"
106150;232942;2018-01-25;"quinta-feira";"21:15:00";"BA";101;879;"TEIXEIRA DE FREITAS";"Sim";"Ingestao de alcool";1;"Colisao frontal";"Com Vitimas Feridas";"Plena Noite";"Decrescente";"Ceu Claro";"Simples";"Reta";"Sim";190263;"Automóvel";"VW/FUSCA 1300 L";1978;"Condutor";"Nao Informado";NA;"Nao Informado";0;0;0;0;"-17.535471";"-39.74228";"SR-BA";"DEL10/9";"UOP03/BA"
106150;232946;2018-01-25;"quinta-feira";"21:15:00";"BA";101;879;"TEIXEIRA DE FREITAS";"Sim";"Ingestao de alcool";1;"Colisao frontal";"Com Vitimas Feridas";"Plena Noite";"Decrescente";"Ceu Claro";"Simples";"Reta";"Sim";190282;"Motoneta";"HONDA/BIZ 125 ES";2011;"Condutor";"Lesoes Leves";18;"Masculino";0;1;0;0;"-17.535471";"-39.74228";"SR-BA";"DEL10/9";"UOP03/BA"
106150;232771;2018-01-25;"quinta-feira";"21:15:00";"BA";101;879;"TEIXEIRA DE FREITAS";"Sim";"Ingestao de alcool";1;"Colisao frontal";"Com Vitimas Feridas";"Plena Noite";"Decrescente";"Ceu Claro";"Simples";"Reta";"Sim";190263;"Automóvel";"VW/FUSCA 1300 L";1978;"Passageiro";"Lesoes Leves";27;"Feminino";0;1;0;0;"-17.535471";"-39.74228";"SR-BA";"DEL10/9";"UOP03/BA"
106153;231316;2018-01-25;"quinta-feira";"20:40:00";"PE";316;61,6;"TRINDADE";"Sim";"Ingestao de alcool";1;"Colisao transversal";"Com Vitimas Feridas";"Plena Noite";"Crescente";"Ceu Claro";"Simples";"Desvio Temporario";"Nao";189052;"Micro-ônibus";"I/M.BENZ 312D SPRINTER M";2000;"Condutor";"Lesoes Leves";35;"Masculino";0;1;0;0;"-7.77784974";"-40.24691685";"SR-PE";"DEL11/5";"UOP02/PE"
106153;231317;2018-01-25;"quinta-feira";"20:40:00";"PE";316;61,6;"TRINDADE";"Sim";"Ingestao de alcool";1;"Colisao transversal";"Com Vitimas Feridas";"Plena Noite";"Crescente";"Ceu Claro";"Simples";"Desvio Temporario";"Nao";189066;"Camioneta";"FORD/F1000 SSS";1987;"Condutor";"Nao Informado";NA;"Nao Informado";0;0;0;0;"-7.77784974";"-40.24691685";"SR-PE";"DEL11/5";"UOP02/PE"
106174;237190;2018-01-26;"sexta-feira";"01:00:00";"PR";116;155,3;"MANDIRITUBA";"Sim";"Ingestao de alcool";1;"Capotamento";"Sem Vitimas";"Plena Noite";"Crescente";"Garoa/Chuvisco";"Simples";"Curva";"Sim";188685;"Automóvel";"GM/CORSA CLASSIC";2003;"Condutor";"Nao Informado";NA;"Nao Informado";0;0;0;0;"-25.779367";"-49.326534";"SR-PR";"DEL7/1";"UOP03/PR"
106180;230966;2018-01-26;"sexta-feira";"01:35:00";"MG";116;276;"TEOFILO OTONI";"Sim";"Ingestao de alcool";1;"Tombamento";"Com Vitimas Feridas";"Plena Noite";"Decrescente";"Ceu Claro";"Simples";"Intersecao de vias";"Sim";188690;"Motocicleta";"HONDA/XRE 300";2012;"Condutor";"Lesoes Leves";40;"Masculino";0;1;0;0;"-17.8521";"-41.5141";"SR-MG";"DEL4/11";"UOP01/MG"
106191;232947;2018-01-26;"sexta-feira";"06:00:00";"ES";101;337,8;"GUARAPARI";"Nao";"Ingestao de alcool";1;"Colisao transversal";"Com Vitimas Feridas";"Amanhecer";"Decrescente";"Ceu Claro";"Simples";"Reta";"Nao";188756;"Caminhao-trator";"VW/19.320 CLC TT";2010;"Testemunha";"Nao Informado";NA;"Nao Informado";0;0;0;0;"-20.63979248";"-40.54629117";"SR-ES";"DEL12/3";"UOP01/ES"
106191;232949;2018-01-26;"sexta-feira";"06:00:00";"ES";101;337,8;"GUARAPARI";"Nao";"Ingestao de alcool";1;"Colisao transversal";"Com Vitimas Feridas";"Amanhecer";"Decrescente";"Ceu Claro";"Simples";"Reta";"Nao";188756;"Caminhao-trator";"VW/19.320 CLC TT";2010;"Testemunha";"Nao Informado";NA;"Nao Informado";0;0;0;0;"-20.63979248";"-40.54629117";"SR-ES";"DEL12/3";"UOP01/ES"
106191;232990;2018-01-26;"sexta-feira";"06:00:00";"ES";101;337,8;"GUARAPARI";"Nao";"Ingestao de alcool";1;"Colisao transversal";"Com Vitimas Feridas";"Amanhecer";"Decrescente";"Ceu Claro";"Simples";"Reta";"Nao";188757;"Bicicleta";"";NA;"Condutor";"Lesoes Graves";87;"Masculino";0;0;1;0;"-20.63979248";"-40.54629117";"SR-ES";"DEL12/3";"UOP01/ES"
106191;232950;2018-01-26;"sexta-feira";"06:00:00";"ES";101;337,8;"GUARAPARI";"Nao";"Ingestao de alcool";1;"Colisao transversal";"Com Vitimas Feridas";"Amanhecer";"Decrescente";"Ceu Claro";"Simples";"Reta";"Nao";188756;"Caminhao-trator";"VW/19.320 CLC TT";2010;"Condutor";"Ileso";41;"Masculino";1;0;0;0;"-20.63979248";"-40.54629117";"SR-ES";"DEL12/3";"UOP01/ES"
106218;231139;2018-01-26;"sexta-feira";"07:50:00";"GO";60;73;"ABADIANIA";"Sim";"Ingestao de alcool";1;"Queda de ocupante de veiculo";"Com Vitimas Feridas";"Pleno dia";"Crescente";"Nublado";"Dupla";"Curva";"Nao";188858;"Motocicleta";"HONDA/CG 150 TITAN EX";2014;"Condutor";"Lesoes Leves";34;"Masculino";0;1;0;0;"-16.27074414";"-48.77031745";"SR-GO";"DEL1/2";"UOP01/GO"
106222;231165;2018-01-26;"sexta-feira";"08:15:00";"RS";158;333,2;"SANTA MARIA";"Sim";"Ingestao de alcool";1;"Colisao traseira";"Com Vitimas Feridas";"Pleno dia";"Decrescente";"Sol";"Simples";"Rotatória";"Sim";188869;"Automóvel";"I/RENAULT CLIO CAM 10H3P";2010;"Condutor";"Ileso";44;"Feminino";1;0;0;0;"-29.7071673";"-53.85199785";"SR-RS";"DEL9/9";"UOP01/RS"
106222;231162;2018-01-26;"sexta-feira";"08:15:00";"RS";158;333,2;"SANTA MARIA";"Sim";"Ingestao de alcool";1;"Colisao traseira";"Com Vitimas Feridas";"Pleno dia";"Decrescente";"Sol";"Simples";"Rotatória";"Sim";188868;"Motocicleta";"HONDA/CBX 150 AERO";1992;"Condutor";"Lesoes Leves";23;"Masculino";0;1;0;0;"-29.7071673";"-53.85199785";"SR-RS";"DEL9/9";"UOP01/RS"
106245;231865;2018-01-26;"sexta-feira";"08:40:00";"PI";316;356;"CAMPO GRANDE DO PIAUI";"Sim";"Ingestao de alcool";1;"Colisao traseira";"Sem Vitimas";"Pleno dia";"Crescente";"Ceu Claro";"Simples";"Reta";"Nao";188871;"Automóvel";"FORD/DEL REY GLX";1988;"Condutor";"Nao Informado";NA;"Nao Informado";0;0;0;0;"-7.13107";"-41.0362";"SR-PI";"DEL17/4";"UOP03/PI"
106245;231859;2018-01-26;"sexta-feira";"08:40:00";"PI";316;356;"CAMPO GRANDE DO PIAUI";"Sim";"Ingestao de alcool";1;"Colisao traseira";"Sem Vitimas";"Pleno dia";"Crescente";"Ceu Claro";"Simples";"Reta";"Nao";188870;"Automóvel";"VW/GOL 1.0";2004;"Condutor";"Ileso";69;"Masculino";1;0;0;0;"-7.13107";"-41.0362";"SR-PI";"DEL17/4";"UOP03/PI"
106311;231310;2018-01-26;"sexta-feira";"13:20:00";"MA";316;263;"SANTA INES";"Nao";"Ingestao de alcool";1;"Colisao transversal";"Sem Vitimas";"Pleno dia";"Decrescente";"Ceu Claro";"Multipla";"Reta";"Sim";189043;"Caminhonete";"FIAT/UNO FLEX";2012;"Condutor";"Ileso";65;"Masculino";1;0;0;0;"-3.675226";"-45.371643";"SR-MA";"DEL18/2";"UOP02/MA"
106311;231313;2018-01-26;"sexta-feira";"13:20:00";"MA";316;263;"SANTA INES";"Nao";"Ingestao de alcool";1;"Colisao transversal";"Sem Vitimas";"Pleno dia";"Decrescente";"Ceu Claro";"Multipla";"Reta";"Sim";189044;"Automóvel";"I/VW JETTA 2.0";2011;"Condutor";"Ileso";27;"Feminino";1;0;0;0;"-3.675226";"-45.371643";"SR-MA";"DEL18/2";"UOP02/MA"
106413;233642;2018-01-26;"sexta-feira";"20:45:00";"SC";101;417;"ARARANGUA";"Sim";"Ingestao de alcool";1;"Colisao traseira";"Com Vitimas Feridas";"Plena Noite";"Crescente";"Nublado";"Dupla";"Reta";"Nao";190420;"Automóvel";"FIAT/PALIO EX";2000;"Condutor";"Lesoes Leves";61;"Masculino";0;1;0;0;"-28.97489136";"-49.53110397";"SR-SC";"DEL8/2";"UOP02/SC"
106413;233639;2018-01-26;"sexta-feira";"20:45:00";"SC";101;417;"ARARANGUA";"Sim";"Ingestao de alcool";1;"Colisao traseira";"Com Vitimas Feridas";"Plena Noite";"Crescente";"Nublado";"Dupla";"Reta";"Nao";190419;"Automóvel";"I/CITROEN C4 20GLXA5P F";2012;"Condutor";"Ileso";57;"Masculino";1;0;0;0;"-28.97489136";"-49.53110397";"SR-SC";"DEL8/2";"UOP02/SC"
106421;231414;2018-01-26;"sexta-feira";"21:51:00";"RO";364;240,1;"CACOAL";"Sim";"Ingestao de alcool";1;"Queda de ocupante de veiculo";"Com Vitimas Feridas";"Plena Noite";"Crescente";"Nublado";"Simples";"Reta";"Sim";189125;"Motoneta";"HONDA/C100 BIZ";2004;"Condutor";"Lesoes Leves";25;"Masculino";0;1;0;0;"-11.43629804";"-61.47172545";"SR-RO";"DEL21/2";"UOP02/RO"
106452;233281;2018-01-27;"sabado";"04:20:00";"PR";116;93,4;"SAO JOSE DOS PINHAIS";"Sim";"Ingestao de alcool";1;"Saida de leito carrocavel";"Sem Vitimas";"Plena Noite";"Crescente";"Nublado";"Dupla";"Reta";"Nao";190745;"Automóvel";"GM/CORSA CLASSIC";2004;"Condutor";"Ileso";21;"Masculino";1;0;0;0;"-25.51510128";"-49.13055159";"SR-PR";"DEL7/1";"UOP06/PR"
106459;235625;2018-01-27;"sabado";"03:40:00";"AL";104;32,6;"UNIAO DOS PALMARES";"Sim";"Ingestao de alcool";1;"Tombamento";"Com Vitimas Feridas";"Plena Noite";"Crescente";"Ceu Claro";"Simples";"Curva";"Nao";189235;"Ciclomotor";"I/WUYANG WY48Q-2";NA;"Condutor";"Lesoes Graves";24;"Masculino";0;0;1;0;"-9.14059544";"-36.01716424";"SR-AL";"DEL13/1";"UOP02/AL"
106490;231778;2018-01-27;"sabado";"07:40:00";"RS";386;430,7;"NOVA SANTA RITA";"Sim";"Ingestao de alcool";1;"Colisao com objeto estatico";"Sem Vitimas";"Pleno dia";"Crescente";"Ceu Claro";"Dupla";"Reta";"Nao";189408;"Caminhao";"FORD/CARGO 2428 E";2009;"Condutor";"Ileso";43;"Masculino";1;0;0;0;"-29.82976273";"-51.31995085";"SR-RS";"DEL9/4";"UOP02/RS"
106491;232042;2018-01-27;"sabado";"08:00:00";"MG";40;510;"RIBEIRAO DAS NEVES";"Sim";"Ingestao de alcool";1;"Colisao traseira";"Com Vitimas Feridas";"Pleno dia";"Crescente";"Ceu Claro";"Dupla";"Reta";"Nao";189399;"Ônibus";"VW/MPOLO TORINO U";2009;"Condutor";"Ileso";43;"Masculino";1;0;0;0;"-19.77416481";"-44.12386179";"SR-MG";"DEL4/1";"UOP03/MG"
106491;232043;2018-01-27;"sabado";"08:00:00";"MG";40;510;"RIBEIRAO DAS NEVES";"Sim";"Ingestao de alcool";1;"Colisao traseira";"Com Vitimas Feridas";"Pleno dia";"Crescente";"Ceu Claro";"Dupla";"Reta";"Nao";189400;"Automóvel";"FIAT/BRAVA SX";2001;"Condutor";"Lesoes Leves";23;"Masculino";0;1;0;0;"-19.77416481";"-44.12386179";"SR-MG";"DEL4/1";"UOP03/MG"