"id";"pesid";"data_inversa";"dia_semana";"horario";"uf";"br";"km";"municipio";"causa_principal";"causa_acidente";"ordem_tipo_acidente";"tipo_acidente";"classificacao_acidente";"fase_dia";"sentido_via";"condicao_metereologica";"tipo_pista";"tracado_via";"uso_solo";"id_veiculo";"tipo_veiculo";"marca";"ano_fabricacao_veiculo";"tipo_envolvido";"estado_fisico";"idade";"sexo";"ilesos";"feridos_leves";"feridos_graves";"mortos";"latitude";"longitude";"regional";"delegacia";"uop"
106497;231751;2018-01-27;"sabado";"10:30:00";"SP";153;58,9;"SAO JOSE DO RIO PRETO";"Sim";"Ingestao de alcool";1;"Colisao transversal";"Com Vitimas Feridas";"Pleno dia";"Decrescente";"Ceu Claro";"Simples";"Intersecao de vias";"Sim";189388;"Automóvel";"VW/SANTANA";2004;"Condutor";"Ileso";43;"Masculino";1;0;0;0;"-20.78547181";"-49.35378746";"SR-SP";"DEL6/9";"UOP01/SP"
106497;231752;2018-01-27;"sabado";"10:30:00";"SP";153;58,9;"SAO JOSE DO RIO PRETO";"Sim";"Ingestao de alcool";1;"Colisao transversal";"Com Vitimas Feridas";"Pleno dia";"Decrescente";"Ceu Claro";"Simples";"Intersecao de vias";"Sim";189389;"Automóvel";"VW/GOL 1000I";1995;"Condutor";"Ileso";43;"Masculino";1;0;0;0;"-20.78547181";"-49.35378746";"SR-SP";"DEL6/9";"UOP01/SP"
106497;231757;2018-01-27;"sabado";"10:30:00";"SP";153;58,9;"SAO JOSE DO RIO PRETO";"Sim";"Ingestao de alcool";1;"Colisao transversal";"Com Vitimas Feridas";"Pleno dia";"Decrescente";"Ceu Claro";"Simples";"Intersecao de vias";"Sim";189389;"Automóvel";"VW/GOL 1000I";1995;"Passageiro";"Ileso";80;"Masculino";1;0;0;0;"-20.78547181";"-49.35378746";"SR-SP";"DEL6/9";"UOP01/SP"
106497;231755;2018-01-27;"sabado";"10:30:00";"SP";153;58,9;"SAO JOSE DO RIO PRETO";"Sim";"Ingestao de alcool";1;"Colisao transversal";"Com Vitimas Feridas";"Pleno dia";"Decrescente";"Ceu Claro";"Simples";"Intersecao de vias";"Sim";189389;"Automóvel";"VW/GOL 1000I";1995;"Passageiro";"Lesoes Leves";41;"Masculino";0;1;0;0;"-20.78547181";"-49.35378746";"SR-SP";"DEL6/9";"UOP01/SP"
106537;231801;2018-01-27;"sabado";"13:15:00";"MG";381;478;"CONTAGEM";"Sim";"Ingestao de alcool";1;"Colisao com objeto estatico";"Com Vitimas Feridas";"Pleno dia";"Decrescente";"Sol";"Dupla";"Reta";"Sim";189433;"Automóvel";"FIAT/UNO VIVACE 1.0";2012;"Condutor";"Lesoes Leves";36;"Masculino";0;1;0;0;"-19.96193384";"-44.03856754";"SR-MG";"DEL4/1";"UOP03/MG"
106537;231803;2018-01-27;"sabado";"13:15:00";"MG";381;478;"CONTAGEM";"Sim";"Ingestao de alcool";1;"Colisao com objeto estatico";"Com Vitimas Feridas";"Pleno dia";"Decrescente";"Sol";"Dupla";"Reta";"Sim";189433;"Automóvel";"FIAT/UNO VIVACE 1.0";2012;"Passageiro";"Ileso";56;"Masculino";1;0;0;0;"-19.96193384";"-44.03856754";"SR-MG";"DEL4/1";"UOP03/MG"
106556;231999;2018-01-27;"sabado";"13:20:00";"MA";135;7,7;"SAO LUIS";"Sim";"Ingestao de alcool";1;"Colisao transversal";"Sem Vitimas";"Pleno dia";"Crescente";"Garoa/Chuvisco";"Dupla";"Desvio Temporario";"Sim";189421;"Automóvel";"I/GM CLASSIC SPIRIT";2007;"Condutor";"Ileso";56;"Masculino";1;0;0;0;"-2.64122448";"-44.2721616";"SR-MA";"DEL18/1";"UOP01/MA"
106556;231785;2018-01-27;"sabado";"13:20:00";"MA";135;7,7;"SAO LUIS";"Sim";"Ingestao de alcool";1;"Colisao transversal";"Sem Vitimas";"Pleno dia";"Crescente";"Garoa/Chuvisco";"Dupla";"Desvio Temporario";"Sim";189423;"Caminhao";"M.BENZ/L 1518";1988;"Condutor";"Ileso";40;"Masculino";1;0;0;0;"-2.64122448";"-44.2721616";"SR-MA";"DEL18/1";"UOP01/MA"
106572;232019;2018-01-27;"sabado";"11:00:00";"MA";10;301;"CIDELANDIA";"Nao";"Ingestao de alcool";1;"Saida de leito carrocavel";"Com Vitimas Feridas";"Pleno dia";"Crescente";"Garoa/Chuvisco";"Simples";"Reta";"Sim";189602;"Automóvel";"GM/ASTRA HB 4P ADVANTAGE";2007;"Condutor";"Lesoes Leves";44;"Masculino";0;1;0;0;"-5.105053";"-47.552158";"SR-MA";"DEL18/4";"UOP03/MA"
106590;232036;2018-01-27;"sabado";"18:00:00";"GO";60;99;"ANAPOLIS";"Sim";"Ingestao de alcool";1;"Tombamento";"Sem Vitimas";"Pleno dia";"Crescente";"Ceu Claro";"Dupla";"Viaduto";"Sim";189639;"Caminhao";"FORD/CARGO 1415";1995;"Condutor";"Ileso";46;"Masculino";1;0;0;0;"-16.39486582";"-48.962937";"SR-GO";"DEL1/2";"UOP01/GO"
106590;232037;2018-01-27;"sabado";"18:00:00";"GO";60;99;"ANAPOLIS";"Sim";"Ingestao de alcool";1;"Tombamento";"Sem Vitimas";"Pleno dia";"Crescente";"Ceu Claro";"Dupla";"Viaduto";"Sim";189639;"Caminhao";"FORD/CARGO 1415";1995;"Passageiro";"Ileso";21;"Feminino";1;0;0;0;"-16.39486582";"-48.962937";"SR-GO";"DEL1/2";"UOP01/GO"
106627;232004;2018-01-27;"sabado";"20:00:00";"SC";470;25,7;"ILHOTA";"Nao";"Ingestao de alcool";1;"Colisao traseira";"Com Vitimas Feridas";"Plena Noite";"Crescente";"Nublado";"Simples";"Reta";"Nao";189601;"Automóvel";"FIAT/UNO VIVACE 1.0";2014;"Condutor";"Lesoes Leves";26;"Feminino";0;1;0;0;"-26.88230299";"-48.86123899";"SR-SC";"DEL8/4";"UOP04/SC"
106627;232005;2018-01-27;"sabado";"20:00:00";"SC";470;25,7;"ILHOTA";"Nao";"Ingestao de alcool";1;"Colisao traseira";"Com Vitimas Feridas";"Plena Noite";"Crescente";"Nublado";"Simples";"Reta";"Nao";189600;"Motocicleta";"BMW/R1200 GS";2017;"Testemunha";"Nao Informado";NA;"Nao Informado";0;0;0;0;"-26.88230299";"-48.86123899";"SR-SC";"DEL8/4";"UOP04/SC"
106627;232003;2018-01-27;"sabado";"20:00:00";"SC";470;25,7;"ILHOTA";"Nao";"Ingestao de alcool";1;"Colisao traseira";"Com Vitimas Feridas";"Plena Noite";"Crescente";"Nublado";"Simples";"Reta";"Nao";189600;"Motocicleta";"BMW/R1200 GS";2017;"Condutor";"Lesoes Graves";45;"Masculino";0;0;1;0;"-26.88230299";"-48.86123899";"SR-SC";"DEL8/4";"UOP04/SC"
106633;233952;2018-01-27;"sabado";"17:00:00";"MG";40;520;"CONTAGEM";"Sim";"Ingestao de alcool";1;"Colisao lateral";"Sem Vitimas";"Pleno dia";"Crescente";"Ceu Claro";"Dupla";"Reta";"Nao";191327;"Automóvel";"TOYOTA/COROLLA GLI18 CVT";2017;"Condutor";"Ileso";39;"Masculino";1;0;0;0;"-19.8604";"-44.0712";"SR-MG";"DEL4/1";"UOP03/MG"
106633;233947;2018-01-27;"sabado";"17:00:00";"MG";40;520;"CONTAGEM";"Sim";"Ingestao de alcool";1;"Colisao lateral";"Sem Vitimas";"Pleno dia";"Crescente";"Ceu Claro";"Dupla";"Reta";"Nao";191320;"Automóvel";"CHEVROLET/CLASSIC LS";2010;"Condutor";"Ileso";45;"Masculino";1;0;0;0;"-19.8604";"-44.0712";"SR-MG";"DEL4/1";"UOP03/MG"
106637;231954;2018-01-27;"sabado";"20:30:00";"GO";153;516;"APARECIDA DE GOIANIA";"Sim";"Ingestao de alcool";2;"Capotamento";"Com Vitimas Feridas";"Plena Noite";"Crescente";"Nublado";"Dupla";"Reta";"Sim";189550;"Automóvel";"FORD/KA GL";2007;"Condutor";"Lesoes Leves";31;"Masculino";0;1;0;0;"-16.8504";"-49.2473";"SR-GO";"DEL1/1";"UOP03/GO"
106637;231955;2018-01-27;"sabado";"20:30:00";"GO";153;516;"APARECIDA DE GOIANIA";"Sim";"Ingestao de alcool";2;"Capotamento";"Com Vitimas Feridas";"Plena Noite";"Crescente";"Nublado";"Dupla";"Reta";"Sim";189550;"Automóvel";"FORD/KA GL";2007;"Passageiro";"Lesoes Leves";53;"Masculino";0;1;0;0;"-16.8504";"-49.2473";"SR-GO";"DEL1/1";"UOP03/GO"
106638;233487;2018-01-27;"sabado";"19:00:00";"MT";163;844;"SINOP";"Sim";"Ingestao de alcool";1;"Saida de leito carrocavel";"Sem Vitimas";"Anoitecer";"Decrescente";"Nublado";"Simples";"Reta";"Sim";189836;"Automóvel";"FIAT/PALIO FIRE FLEX";2005;"Condutor";"Ileso";52;"Feminino";1;0;0;0;"-11.79667999";"-55.47843844";"SR-MT";"DEL2/6";"UOP02/MT"
106649;233814;2018-01-27;"sabado";"21:10:00";"SP";116;219,9;"GUARULHOS";"Sim";"Ingestao de alcool";1;"Colisao lateral";"Com Vitimas Feridas";"Plena Noite";"Decrescente";"Nublado";"Multipla";"Reta";"Sim";189579;"Caminhonete";"FIAT/STRADA FIRE FLEX";2011;"Condutor";"Ileso";33;"Masculino";1;0;0;0;"-23.46434964";"-46.49682906";"SR-SP";"DEL6/1";"UOP01/SP"
106649;233818;2018-01-27;"sabado";"21:10:00";"SP";116;219,9;"GUARULHOS";"Sim";"Ingestao de alcool";1;"Colisao lateral";"Com Vitimas Feridas";"Plena Noite";"Decrescente";"Nublado";"Multipla";"Reta";"Sim";189580;"Automóvel";"FORD/FIESTA SEDAN1.6FLEX";2011;"Condutor";"Lesoes Leves";55;"Masculino";0;1;0;0;"-23.46434964";"-46.49682906";"SR-SP";"DEL6/1";"UOP01/SP"
106665;236476;2018-01-27;"sabado";"23:00:00";"DF";20;16;"BRASILIA";"Nao";"Ingestao de alcool";1;"Colisao frontal";"Com Vitimas Feridas";"Plena Noite";"Crescente";"Chuva";"Dupla";"Desvio Temporario";"Nao";193545;"Automóvel";"I/VW GOL CLI";1996;"Passageiro";"Ileso";37;"Masculino";1;0;0;0;"-15.625675";"-47.725159";"SR-DF";"DF";"UOP04/DF"
106665;236439;2018-01-27;"sabado";"23:00:00";"DF";20;16;"BRASILIA";"Nao";"Ingestao de alcool";1;"Colisao frontal";"Com Vitimas Feridas";"Plena Noite";"Crescente";"Chuva";"Dupla";"Desvio Temporario";"Nao";193545;"Automóvel";"I/VW GOL CLI";1996;"Condutor";"Ileso";36;"Masculino";1;0;0;0;"-15.625675";"-47.725159";"SR-DF";"DF";"UOP04/DF"
106665;236475;2018-01-27;"sabado";"23:00:00";"DF";20;16;"BRASILIA";"Nao";"Ingestao de alcool";1;"Colisao frontal";"Com Vitimas Feridas";"Plena Noite";"Crescente";"Chuva";"Dupla";"Desvio Temporario";"Nao";193545;"Automóvel";"I/VW GOL CLI";1996;"Passageiro";"Ileso";25;"Masculino";1;0;0;0;"-15.625675";"-47.725159";"SR-DF";"DF";"UOP04/DF"
106665;236497;2018-01-27;"sabado";"23:00:00";"DF";20;16;"BRASILIA";"Nao";"Ingestao de alcool";1;"Colisao frontal";"Com Vitimas Feridas";"Plena Noite";"Crescente";"Chuva";"Dupla";"Desvio Temporario";"Nao";193545;"Automóvel";"I/VW GOL CLI";1996;"Passageiro";"Lesoes Leves";21;"Feminino";0;1;0;0;"-15.625675";"-47.725159";"SR-DF";"DF";"UOP04/DF"
106666;232059;2018-01-27;"sabado";"22:50:00";"SC";470;45;"GASPAR";"Sim";"Ingestao de alcool";1;"Saida de leito carrocavel";"Sem Vitimas";"Plena Noite";"Crescente";"Nublado";"Simples";"Curva";"Nao";189667;"Automóvel";"HONDA/CIVIC LXS";2007;"Condutor";"Ileso";38;"Masculino";1;0;0;0;"-26.87382744";"-49.01386142";"SR-SC";"DEL8/4";"UOP01/SC"
106674;236112;2018-01-27;"sabado";"23:30:00";"PR";369;19,5;"CAMBARA";"Sim";"Ingestao de alcool";1;"Colisao transversal";"Com Vitimas Feridas";"Plena Noite";"Decrescente";"Ceu Claro";"Simples";"Intersecao de vias";"Sim";193222;"Motocicleta";"HONDA/XR 250 TORNADO";2005;"Condutor";"Lesoes Leves";18;"Masculino";0;1;0;0;"-23.03697756";"-50.07068211";"SR-PR";"DEL7/7";"UOP07/PR"
106674;236169;2018-01-27;"sabado";"23:30:00";"PR";369;19,5;"CAMBARA";"Sim";"Ingestao de alcool";1;"Colisao transversal";"Com Vitimas Feridas";"Plena Noite";"Decrescente";"Ceu Claro";"Simples";"Intersecao de vias";"Sim";193224;"Automóvel";"VW/GOL 1.0";2005;"Condutor";"Ileso";32;"Masculino";1;0;0;0;"-23.03697756";"-50.07068211";"SR-PR";"DEL7/7";"UOP07/PR"
106686;232052;2018-01-28;"domingo";"01:30:00";"SP";381;6,7;"VARGEM";"Sim";"Ingestao de alcool";1;"Colisao lateral";"Com Vitimas Feridas";"Plena Noite";"Decrescente";"Ceu Claro";"Dupla";"Reta";"Nao";189654;"Ônibus";"SCANIA/MPOLO PARADISO R";2010;"Condutor";"Ileso";41;"Masculino";1;0;0;0;"-22.90308933";"-46.42135084";"SR-SP";"DEL6/3";"UOP01/SP"
106686;232054;2018-01-28;"domingo";"01:30:00";"SP";381;6,7;"VARGEM";"Sim";"Ingestao de alcool";1;"Colisao lateral";"Com Vitimas Feridas";"Plena Noite";"Decrescente";"Ceu Claro";"Dupla";"Reta";"Nao";189655;"Automóvel";"GM/CELTA 2P SPIRIT";2006;"Condutor";"Lesoes Leves";27;"Masculino";0;1;0;0;"-22.90308933";"-46.42135084";"SR-SP";"DEL6/3";"UOP01/SP"
106687;232040;2018-01-28;"domingo";"01:30:00";"PR";376;179;"MARINGA";"Sim";"Ingestao de alcool";1;"Colisao traseira";"Com Vitimas Feridas";"Plena Noite";"Crescente";"Nublado";"Dupla";"Viaduto";"Sim";189650;"Motocicleta";"HONDA/CBX 250 TWISTER";2006;"Condutor";"Lesoes Leves";40;"Masculino";0;1;0;0;"-23.42080271";"-51.9087849";"SR-PR";"DEL7/7";"UOP04/PR"
106687;232041;2018-01-28;"domingo";"01:30:00";"PR";376;179;"MARINGA";"Sim";"Ingestao de alcool";1;"Colisao traseira";"Com Vitimas Feridas";"Plena Noite";"Crescente";"Nublado";"Dupla";"Viaduto";"Sim";189651;"Automóvel";"CITROEN/PICASSO II16GLXF";2008;"Condutor";"Ileso";45;"Masculino";1;0;0;0;"-23.42080271";"-51.9087849";"SR-PR";"DEL7/7";"UOP04/PR"
106694;232187;2018-01-28;"domingo";"02:45:00";"GO";60;208,7;"GUAPO";"Sim";"Ingestao de alcool";1;"Saida de leito carrocavel";"Com Vitimas Feridas";"Plena Noite";"Decrescente";"Nublado";"Dupla";"Nao Informado";"Nao";189786;"Automóvel";"VW/GOL 1.6 RALLYE";2004;"Condutor";"Lesoes Leves";37;"Masculino";0;1;0;0;"-16.92996795";"-49.66678906";"SR-GO";"DEL1/1";"UOP02/GO"
106702;232050;2018-01-28;"domingo";"02:00:00";"TO";153;148;"ARAGUAINA";"Sim";"Ingestao de alcool";1;"Queda de ocupante de veiculo";"Com Vitimas Feridas";"Plena Noite";"Crescente";"Ceu Claro";"Dupla";"Reta";"Sim";189662;"Motocicleta";"HONDA/BIZ 125 ES";2013;"Condutor";"Lesoes Leves";26;"Feminino";0;1;0;0;"-7.230276";"-48.252102";"SR-TO";"UOP04/TO";""
106702;232053;2018-01-28;"domingo";"02:00:00";"TO";153;148;"ARAGUAINA";"Sim";"Ingestao de alcool";1;"Queda de ocupante de veiculo";"Com Vitimas Feridas";"Plena Noite";"Crescente";"Ceu Claro";"Dupla";"Reta";"Sim";189662;"Motocicleta";"HONDA/BIZ 125 ES";2013;"Passageiro";"Lesoes Leves";26;"Feminino";0;1;0;0;"-7.230276";"-48.252102";"SR-TO";"UOP04/TO";""
106711;234630;2018-01-28;"domingo";"05:00:00";"SC";470;68,3;"INDAIAL";"Sim";"Ingestao de alcool";1;"Tombamento";"Sem Vitimas";"Plena Noite";"Crescente";"Ceu Claro";"Simples";"Reta";"Nao";191955;"Automóvel";"VW/GOL 1.0";2006;"Condutor";"Ileso";NA;"Masculino";1;0;0;0;"-26.87922489";"-49.24142003";"SR-SC";"DEL8/4";"UOP01/SC"
106712;234009;2018-01-28;"domingo";"04:30:00";"GO";60;62;"ABADIANIA";"Sim";"Ingestao de alcool";1;"Capotamento";"Com Vitimas Feridas";"Plena Noite";"Decrescente";"Chuva";"Dupla";"Reta";"Nao";191384;"Automóvel";"GM/CORSA SUPER";1997;"Condutor";"Lesoes Leves";50;"Masculino";0;1;0;0;"-16.1881";"-48.7205";"SR-GO";"DEL1/2";"UOP01/GO"
106716;232057;2018-01-28;"domingo";"02:50:00";"PE";423;94,2;"GARANHUNS";"Sim";"Ingestao de alcool";1;"Colisao frontal";"Com Vitimas Feridas";"Plena Noite";"Crescente";"Ceu Claro";"Simples";"Curva";"Sim";189658;"Caminhao-trator";"VOLVO/FH 460 6X2T";2013;"Condutor";"Ileso";32;"Masculino";1;0;0;0;"-8.87932637";"-36.47982091";"SR-PE";"DEL11/3";"UOP01/PE"
106716;232058;2018-01-28;"domingo";"02:50:00";"PE";423;94,2;"GARANHUNS";"Sim";"Ingestao de alcool";1;"Colisao frontal";"Com Vitimas Feridas";"Plena Noite";"Crescente";"Ceu Claro";"Simples";"Curva";"Sim";189659;"Caminhonete";"FIAT/STRADA TREK CC 1.6";2012;"Condutor";"Lesoes Leves";22;"Masculino";0;1;0;0;"-8.87932637";"-36.47982091";"SR-PE";"DEL11/3";"UOP01/PE"
106724;232097;2018-01-28;"domingo";"06:00:00";"PR";277;298,2;"PRUDENTOPOLIS";"Sim";"Ingestao de alcool";1;"Saida de leito carrocavel";"Com Vitimas Feridas";"Amanhecer";"Decrescente";"Ceu Claro";"Simples";"Curva";"Nao";189693;"Automóvel";"VW/GOL MI";1998;"Condutor";"Lesoes Graves";28;"Feminino";0;0;1;0;"-25.29302283";"-51.13126159";"SR-PR";"DEL7/3";"UOP02/PR"
106728;233407;2018-01-28;"domingo";"06:00:00";"SC";282;650,5;"SAO MIGUEL DO OESTE";"Sim";"Ingestao de alcool";1;"Saida de leito carrocavel";"Sem Vitimas";"Amanhecer";"Crescente";"Ceu Claro";"Simples";"Intersecao de vias";"Nao";190823;"Caminhonete";"VW/SAVEIRO 1.8";2001;"Condutor";"Ileso";26;"Masculino";1;0;0;0;"-26.70490303";"-53.52544963";"SR-SC";"DEL8/8";"UOP03/SC"
106734;232229;2018-01-28;"domingo";"06:50:00";"RN";101;115;"SAO JOSE DE MIPIBU";"Sim";"Ingestao de alcool";1;"Saida de leito carrocavel";"Com Vitimas Feridas";"Pleno dia";"Crescente";"Ceu Claro";"Dupla";"Reta";"Nao";189830;"Automóvel";"FIAT/PALIO ELX";2000;"Condutor";"Ileso";34;"Masculino";1;0;0;0;"-5.98905805";"-35.26459515";"SR-RN";"DEL15/1";"UOP01/RN"
106734;232231;2018-01-28;"domingo";"06:50:00";"RN";101;115;"SAO JOSE DE MIPIBU";"Sim";"Ingestao de alcool";1;"Saida de leito carrocavel";"Com Vitimas Feridas";"Pleno dia";"Crescente";"Ceu Claro";"Dupla";"Reta";"Nao";189830;"Automóvel";"FIAT/PALIO ELX";2000;"Passageiro";"Ileso";30;"Masculino";1;0;0;0;"-5.98905805";"-35.26459515";"SR-RN";"DEL15/1";"UOP01/RN"
106734;232232;2018-01-28;"domingo";"06:50:00";"RN";101;115;"SAO JOSE DE MIPIBU";"Sim";"Ingestao de alcool";1;"Saida de leito carrocavel";"Com Vitimas Feridas";"Pleno dia";"Crescente";"Ceu Claro";"Dupla";"Reta";"Nao";189830;"Automóvel";"FIAT/PALIO ELX";2000;"Passageiro";"Ileso";32;"Masculino";1;0;0;0;"-5.98905805";"-35.26459515";"SR-RN";"DEL15/1";"UOP01/RN"
106734;232234;2018-01-28;"domingo";"06:50:00";"RN";101;115;"SAO JOSE DE MIPIBU";"Sim";"Ingestao de alcool";1;"Saida de leito carrocavel";"Com Vitimas Feridas";"Pleno dia";"Crescente";"Ceu Claro";"Dupla";"Reta";"Nao";189830;"Automóvel";"FIAT/PALIO ELX";2000;"Passageiro";"Lesoes Leves";24;"Feminino";0;1;0;0;"-5.98905805";"-35.26459515";"SR-RN";"DEL15/1";"UOP01/RN"
106734;232235;2018-01-28;"domingo";"06:50:00";"RN";101;115;"SAO JOSE DE MIPIBU";"Sim";"Ingestao de alcool";1;"Saida de leito carrocavel";"Com Vitimas Feridas";"Pleno dia";"Crescente";"Ceu Claro";"Dupla";"Reta";"Nao";189830;"Automóvel";"FIAT/PALIO ELX";2000;"Passageiro";"Nao Informado";NA;"Nao Informado";0;0;0;0;"-5.98905805";"-35.26459515";"SR-RN";"DEL15/1";"UOP01/RN"
106735;232708;2018-01-28;"domingo";"06:35:00";"RS";116;593,6;"ARROIO GRANDE";"Sim";"Ingestao de alcool";1;"Saida de leito carrocavel";"Sem Vitimas";"Amanhecer";"Decrescente";"Ceu Claro";"Simples";"Reta";"Nao";189703;"Automóvel";"FIAT/PALIO EL";1996;"Condutor";"Ileso";38;"Masculino";1;0;0;0;"-32.12332667";"-52.943362";"SR-RS";"DEL9/7";"UOP03/RS"
106742;232245;2018-01-28;"domingo";"05:00:00";"PA";316;32,5;"SANTA IZABEL DO PARA";"Sim";"Ingestao de alcool";1;"Capotamento";"Com Vitimas Feridas";"Plena Noite";"Decrescente";"Ceu Claro";"Dupla";"Curva";"Nao";189832;"Utilitario";"MMC/PAJERO TR4 FLEX";2008;"Condutor";"Lesoes Leves";56;"Masculino";0;1;0;0;"-1.2987753";"-48.18137884";"SR-PA";"DEL19/1";"UOP01/PA"
106768;232332;2018-01-28;"domingo";"06:20:00";"SC";116;134,8;"SANTA CECILIA";"Sim";"Ingestao de alcool";1;"Saida de leito carrocavel";"Sem Vitimas";"Amanhecer";"Decrescente";"Ceu Claro";"Simples";"Reta";"Nao";189860;"Automóvel";"GM/CELTA 4P SUPER";2004;"Condutor";"Ileso";21;"Masculino";1;0;0;0;"-26.92618326";"-50.43807417";"SR-SC";"DEL8/6";"UOP02/SC"
106768;232338;2018-01-28;"domingo";"06:20:00";"SC";116;134,8;"SANTA CECILIA";"Sim";"Ingestao de alcool";1;"Saida de leito carrocavel";"Sem Vitimas";"Amanhecer";"Decrescente";"Ceu Claro";"Simples";"Reta";"Nao";189860;"Automóvel";"GM/CELTA 4P SUPER";2004;"Passageiro";"Ileso";23;"Masculino";1;0;0;0;"-26.92618326";"-50.43807417";"SR-SC";"DEL8/6";"UOP02/SC"
106768;232355;2018-01-28;"domingo";"06:20:00";"SC";116;134,8;"SANTA CECILIA";"Sim";"Ingestao de alcool";1;"Saida de leito carrocavel";"Sem Vitimas";"Amanhecer";"Decrescente";"Ceu Claro";"Simples";"Reta";"Nao";189860;"Automóvel";"GM/CELTA 4P SUPER";2004;"Passageiro";"Ileso";24;"Feminino";1;0;0;0;"-26.92618326";"-50.43807417";"SR-SC";"DEL8/6";"UOP02/SC"
106842;232530;2018-01-28;"domingo";"16:15:00";"MG";116;278,6;"TEOFILO OTONI";"Sim";"Ingestao de alcool";1;"Colisao traseira";"Sem Vitimas";"Pleno dia";"Decrescente";"Sol";"Simples";"Reta";"Sim";190101;"Automóvel";"FIAT/UNO MILLE SX";1996;"Condutor";"Ileso";49;"Masculino";1;0;0;0;"-17.8673812";"-41.5162663";"SR-MG";"DEL4/11";"UOP01/MG"
106842;232531;2018-01-28;"domingo";"16:15:00";"MG";116;278,6;"TEOFILO OTONI";"Sim";"Ingestao de alcool";1;"Colisao traseira";"Sem Vitimas";"Pleno dia";"Decrescente";"Sol";"Simples";"Reta";"Sim";190102;"Caminhonete";"CHEVROLET/S10 LT FD2";2012;"Condutor";"Ileso";33;"Masculino";1;0;0;0;"-17.8673812";"-41.5162663";"SR-MG";"DEL4/11";"UOP01/MG"
106852;232554;2018-01-28;"domingo";"16:50:00";"ES";262;6,7;"CARIACICA";"Nao";"Ingestao de alcool";1;"Colisao transversal";"Com Vitimas Feridas";"Pleno dia";"Crescente";"Ceu Claro";"Multipla";"Reta";"Sim";190053;"Automóvel";"VW/FOX 1.6 GII";2014;"Condutor";"Lesoes Leves";28;"Masculino";0;1;0;0;"-20.3419391";"-40.40017699";"SR-ES";"DEL12/1";"UOP01/ES"
106852;232556;2018-01-28;"domingo";"16:50:00";"ES";262;6,7;"CARIACICA";"Nao";"Ingestao de alcool";1;"Colisao transversal";"Com Vitimas Feridas";"Pleno dia";"Crescente";"Ceu Claro";"Multipla";"Reta";"Sim";190053;"Automóvel";"VW/FOX 1.6 GII";2014;"Passageiro";"Lesoes Leves";24;"Feminino";0;1;0;0;"-20.3419391";"-40.40017699";"SR-ES";"DEL12/1";"UOP01/ES"
106852;232552;2018-01-28;"domingo";"16:50:00";"ES";262;6,7;"CARIACICA";"Nao";"Ingestao de alcool";1;"Colisao transversal";"Com Vitimas Feridas";"Pleno dia";"Crescente";"Ceu Claro";"Multipla";"Reta";"Sim";190052;"Automóvel";"FIAT/PALIO EX";2001;"Condutor";"Ileso";51;"Masculino";1;0;0;0;"-20.3419391";"-40.40017699";"SR-ES";"DEL12/1";"UOP01/ES"
106854;232420;2018-01-28;"domingo";"17:30:00";"MG";116;762,9;"LEOPOLDINA";"Sim";"Ingestao de alcool";1;"Queda de ocupante de veiculo";"Com Vitimas Feridas";"Pleno dia";"Decrescente";"Sol";"Simples";"Reta";"Sim";189947;"Motocicleta";"HONDA/CG 125 FAN";2006;"Condutor";"Lesoes Graves";47;"Masculino";0;0;1;0;"-21.52804554";"-42.62942076";"SR-MG";"DEL4/7";"UOP01/MG"
106889;236670;2018-01-28;"domingo";"18:20:00";"PA";316;12;"MARITUBA";"Sim";"Ingestao de alcool";2;"Tombamento";"Com Vitimas Feridas";"Anoitecer";"Crescente";"Nublado";"Dupla";"Reta";"Sim";190100;"Automóvel";"FIAT/PALIO WK ADVEN FLEX";2012;"Condutor";"Ileso";41;"Masculino";1;0;0;0;"-1.36551743";"-48.3400476";"SR-PA";"DEL19/1";"UOP01/PA"
106889;236643;2018-01-28;"domingo";"18:20:00";"PA";316;12;"MARITUBA";"Sim";"Ingestao de alcool";2;"Tombamento";"Com Vitimas Feridas";"Anoitecer";"Crescente";"Nublado";"Dupla";"Reta";"Sim";190099;"Motocicleta";"HONDA/CG150 TITAN MIX EX";2009;"Condutor";"Lesoes Leves";39;"Masculino";0;1;0;0;"-1.36551743";"-48.3400476";"SR-PA";"DEL19/1";"UOP01/PA"
106905;234714;2018-01-28;"domingo";"20:30:00";"MG";40;555;"NOVA LIMA";"Sim";"Ingestao de alcool";1;"Colisao com objeto estatico";"Com Vitimas Feridas";"Plena Noite";"Crescente";"Ceu Claro";"Dupla";"Reta";"Nao";192009;"Caminhonete";"FIAT/STRADA WORKING";2001;"Passageiro";"Lesoes Leves";28;"Masculino";0;1;0;0;"-20.08754346";"-43.97625354";"SR-MG";"DEL4/1";"UOP02/MG"
106905;234705;2018-01-28;"domingo";"20:30:00";"MG";40;555;"NOVA LIMA";"Sim";"Ingestao de alcool";1;"Colisao com objeto estatico";"Com Vitimas Feridas";"Plena Noite";"Crescente";"Ceu Claro";"Dupla";"Reta";"Nao";192009;"Caminhonete";"FIAT/STRADA WORKING";2001;"Condutor";"Ileso";27;"Masculino";1;0;0;0;"-20.08754346";"-43.97625354";"SR-MG";"DEL4/1";"UOP02/MG"
106906;232432;2018-01-28;"domingo";"18:25:00";"PR";153;335;"IRATI";"Sim";"Ingestao de alcool";1;"Colisao com objeto estatico";"Sem Vitimas";"Pleno dia";"Decrescente";"Nublado";"Simples";"Intersecao de vias";"Sim";189994;"Caminhonete";"VW/SAVEIRO 1.6";2002;"Condutor";"Ileso";55;"Masculino";1;0;0;0;"-25.49143015";"-50.64597756";"SR-PR";"DEL7/3";"UOP04/PR"