"id";"pesid";"data_inversa";"dia_semana";"horario";"uf";"br";"km";"municipio";"causa_principal";"causa_acidente";"ordem_tipo_acidente";"tipo_acidente";"classificacao_acidente";"fase_dia";"sentido_via";"condicao_metereologica";"tipo_pista";"tracado_via";"uso_solo";"id_veiculo";"tipo_veiculo";"marca";"ano_fabricacao_veiculo";"tipo_envolvido";"estado_fisico";"idade";"sexo";"ilesos";"feridos_leves";"feridos_graves";"mortos";"latitude";"longitude";"regional";"delegacia";"uop"
106910;234776;2018-01-28;"domingo";"21:18:00";"PR";373;265,8;"PRUDENTOPOLIS";"Sim";"Ingestao de alcool";1;"Colisao transversal";"Com Vitimas Feridas";"Plena Noite";"Crescente";"Nublado";"Simples";"Intersecao de vias";"Sim";192066;"Automóvel";"VW/PARATI CL";1994;"Condutor";"Lesoes Leves";35;"Feminino";0;1;0;0;"-25.20245605";"-50.98308563";"SR-PR";"DEL7/3";"UOP01/PR"
106910;234779;2018-01-28;"domingo";"21:18:00";"PR";373;265,8;"PRUDENTOPOLIS";"Sim";"Ingestao de alcool";1;"Colisao transversal";"Com Vitimas Feridas";"Plena Noite";"Crescente";"Nublado";"Simples";"Intersecao de vias";"Sim";192067;"Motocicleta";"HONDA/CG 125 TODAY";1989;"Condutor";"Lesoes Leves";18;"Masculino";0;1;0;0;"-25.20245605";"-50.98308563";"SR-PR";"DEL7/3";"UOP01/PR"
106915;234587;2018-01-28;"domingo";"19:10:00";"BA";420;261;"MUTUIPE";"Sim";"Ingestao de alcool";1;"Saida de leito carrocavel";"Com Vitimas Feridas";"Plena Noite";"Decrescente";"Ceu Claro";"Simples";"Curva";"Nao";190032;"Automóvel";"VW/GOL SPECIAL";1999;"Condutor";"Lesoes Leves";51;"Masculino";0;1;0;0;"-13.22833187";"-39.53378677";"SR-BA";"DEL10/1";"UOP02/BA"
106915;234649;2018-01-28;"domingo";"19:10:00";"BA";420;261;"MUTUIPE";"Sim";"Ingestao de alcool";1;"Saida de leito carrocavel";"Com Vitimas Feridas";"Plena Noite";"Decrescente";"Ceu Claro";"Simples";"Curva";"Nao";190032;"Automóvel";"VW/GOL SPECIAL";1999;"Passageiro";"Lesoes Leves";56;"Masculino";0;1;0;0;"-13.22833187";"-39.53378677";"SR-BA";"DEL10/1";"UOP02/BA"
106915;234653;2018-01-28;"domingo";"19:10:00";"BA";420;261;"MUTUIPE";"Sim";"Ingestao de alcool";1;"Saida de leito carrocavel";"Com Vitimas Feridas";"Plena Noite";"Decrescente";"Ceu Claro";"Simples";"Curva";"Nao";190032;"Automóvel";"VW/GOL SPECIAL";1999;"Passageiro";"Lesoes Leves";37;"Masculino";0;1;0;0;"-13.22833187";"-39.53378677";"SR-BA";"DEL10/1";"UOP02/BA"
106915;234683;2018-01-28;"domingo";"19:10:00";"BA";420;261;"MUTUIPE";"Sim";"Ingestao de alcool";1;"Saida de leito carrocavel";"Com Vitimas Feridas";"Plena Noite";"Decrescente";"Ceu Claro";"Simples";"Curva";"Nao";190032;"Automóvel";"VW/GOL SPECIAL";1999;"Passageiro";"Lesoes Leves";39;"Masculino";0;1;0;0;"-13.22833187";"-39.53378677";"SR-BA";"DEL10/1";"UOP02/BA"
106927;234427;2018-01-28;"domingo";"22:40:00";"GO";40;4,1;"VALPARAISO DE GOIAS";"Sim";"Ingestao de alcool";1;"Colisao transversal";"Com Vitimas Feridas";"Plena Noite";"Crescente";"Ceu Claro";"Dupla";"Curva";"Sim";190059;"Motocicleta";"";NA;"Condutor";"Nao Informado";NA;"Nao Informado";0;0;0;0;"-16.08611736";"-47.98654253";"SR-DF";"GO";"UOP01/DF"
106927;234433;2018-01-28;"domingo";"22:40:00";"GO";40;4,1;"VALPARAISO DE GOIAS";"Sim";"Ingestao de alcool";1;"Colisao transversal";"Com Vitimas Feridas";"Plena Noite";"Crescente";"Ceu Claro";"Dupla";"Curva";"Sim";190060;"Bicicleta";"";NA;"Condutor";"Lesoes Leves";51;"Masculino";0;1;0;0;"-16.08611736";"-47.98654253";"SR-DF";"GO";"UOP01/DF"
106939;233413;2018-01-28;"domingo";"22:40:00";"BA";116;403;"FEIRA DE SANTANA";"Sim";"Ingestao de alcool";1;"Colisao frontal";"Com Vitimas Feridas";"Plena Noite";"Decrescente";"Nublado";"Simples";"Reta";"Nao";190813;"Caminhonete";"GM/MONTANA CONQUEST";2010;"Condutor";"Ileso";39;"Masculino";1;0;0;0;"-12.05590864";"-38.97011234";"SR-BA";"DEL10/2";"UOP02/BA"
106939;233399;2018-01-28;"domingo";"22:40:00";"BA";116;403;"FEIRA DE SANTANA";"Sim";"Ingestao de alcool";1;"Colisao frontal";"Com Vitimas Feridas";"Plena Noite";"Decrescente";"Nublado";"Simples";"Reta";"Nao";190811;"Automóvel";"FIAT/ELBA 1.6 IE";1995;"Condutor";"Ileso";45;"Masculino";1;0;0;0;"-12.05590864";"-38.97011234";"SR-BA";"DEL10/2";"UOP02/BA"
106939;233444;2018-01-28;"domingo";"22:40:00";"BA";116;403;"FEIRA DE SANTANA";"Sim";"Ingestao de alcool";1;"Colisao frontal";"Com Vitimas Feridas";"Plena Noite";"Decrescente";"Nublado";"Simples";"Reta";"Nao";190811;"Automóvel";"FIAT/ELBA 1.6 IE";1995;"Passageiro";"Lesoes Leves";10;"Feminino";0;1;0;0;"-12.05590864";"-38.97011234";"SR-BA";"DEL10/2";"UOP02/BA"
106939;233451;2018-01-28;"domingo";"22:40:00";"BA";116;403;"FEIRA DE SANTANA";"Sim";"Ingestao de alcool";1;"Colisao frontal";"Com Vitimas Feridas";"Plena Noite";"Decrescente";"Nublado";"Simples";"Reta";"Nao";190811;"Automóvel";"FIAT/ELBA 1.6 IE";1995;"Passageiro";"Lesoes Leves";13;"Feminino";0;1;0;0;"-12.05590864";"-38.97011234";"SR-BA";"DEL10/2";"UOP02/BA"
106988;232837;2018-01-29;"segunda-feira";"05:40:00";"RN";406;102;"JOAO CAMARA";"Nao";"Ingestao de alcool";1;"Colisao lateral";"Com Vitimas Feridas";"Amanhecer";"Crescente";"Ceu Claro";"Simples";"Reta";"Nao";190351;"Caminhonete";"FIAT/STRADA WORKING";2003;"Condutor";"Ileso";62;"Masculino";1;0;0;0;"-5.54755609";"-35.78338802";"SR-RN";"DEL15/2";"UOP01/RN"
106988;232838;2018-01-29;"segunda-feira";"05:40:00";"RN";406;102;"JOAO CAMARA";"Nao";"Ingestao de alcool";1;"Colisao lateral";"Com Vitimas Feridas";"Amanhecer";"Crescente";"Ceu Claro";"Simples";"Reta";"Nao";190352;"Motocicleta";"HONDA/CG 150 TITAN EX";2011;"Condutor";"Lesoes Leves";21;"Masculino";0;1;0;0;"-5.54755609";"-35.78338802";"SR-RN";"DEL15/2";"UOP01/RN"
107001;239055;2018-01-28;"domingo";"19:30:00";"BA";101;326,2;"PRESIDENTE TANCREDO NEVES";"Sim";"Ingestao de alcool";1;"Colisao frontal";"Com Vitimas Feridas";"Plena Noite";"Crescente";"Ceu Claro";"Simples";"Nao Informado";"Nao";193577;"Caminhonete";"FIAT/STRADA WORKING";2000;"Condutor";"Ileso";50;"Masculino";1;0;0;0;"-13.44038";"-39.42334";"SR-BA";"DEL10/5";"UOP03/BA"
107001;239080;2018-01-28;"domingo";"19:30:00";"BA";101;326,2;"PRESIDENTE TANCREDO NEVES";"Sim";"Ingestao de alcool";1;"Colisao frontal";"Com Vitimas Feridas";"Plena Noite";"Crescente";"Ceu Claro";"Simples";"Nao Informado";"Nao";193578;"Automóvel";"CHEVROLET/ONIX 1.4AT LTZ";2017;"Passageiro";"Lesoes Leves";42;"Feminino";0;1;0;0;"-13.44038";"-39.42334";"SR-BA";"DEL10/5";"UOP03/BA"
107001;236615;2018-01-28;"domingo";"19:30:00";"BA";101;326,2;"PRESIDENTE TANCREDO NEVES";"Sim";"Ingestao de alcool";1;"Colisao frontal";"Com Vitimas Feridas";"Plena Noite";"Crescente";"Ceu Claro";"Simples";"Nao Informado";"Nao";193538;"Automóvel";"FIAT/SIENA FIRE";2004;"Condutor";"Ileso";NA;"Masculino";1;0;0;0;"-13.44038";"-39.42334";"SR-BA";"DEL10/5";"UOP03/BA"
107001;239078;2018-01-28;"domingo";"19:30:00";"BA";101;326,2;"PRESIDENTE TANCREDO NEVES";"Sim";"Ingestao de alcool";1;"Colisao frontal";"Com Vitimas Feridas";"Plena Noite";"Crescente";"Ceu Claro";"Simples";"Nao Informado";"Nao";193578;"Automóvel";"CHEVROLET/ONIX 1.4AT LTZ";2017;"Condutor";"Ileso";42;"Masculino";1;0;0;0;"-13.44038";"-39.42334";"SR-BA";"DEL10/5";"UOP03/BA"
107175;235656;2018-01-29;"segunda-feira";"19:05:00";"PR";277;194,5;"PALMEIRA";"Sim";"Ingestao de alcool";1;"Colisao traseira";"Sem Vitimas";"Pleno dia";"Crescente";"Garoa/Chuvisco";"Simples";"Reta";"Nao";192772;"Caminhonete";"CHEVROLET/MONTANA LS2";2016;"Condutor";"Ileso";49;"Masculino";1;0;0;0;"-25.46217492";"-50.22258818";"SR-PR";"DEL7/3";"UOP04/PR"
107175;235659;2018-01-29;"segunda-feira";"19:05:00";"PR";277;194,5;"PALMEIRA";"Sim";"Ingestao de alcool";1;"Colisao traseira";"Sem Vitimas";"Pleno dia";"Crescente";"Garoa/Chuvisco";"Simples";"Reta";"Nao";192772;"Caminhonete";"CHEVROLET/MONTANA LS2";2016;"Testemunha";"Nao Informado";NA;"Nao Informado";0;0;0;0;"-25.46217492";"-50.22258818";"SR-PR";"DEL7/3";"UOP04/PR"
107181;235292;2018-01-29;"segunda-feira";"19:00:00";"GO";40;6;"VALPARAISO DE GOIAS";"Sim";"Ingestao de alcool";1;"Colisao traseira";"Sem Vitimas";"Pleno dia";"Decrescente";"Ceu Claro";"Dupla";"Reta";"Sim";192508;"Automóvel";"HONDA/CIVIC LXR";2014;"Condutor";"Ileso";42;"Masculino";1;0;0;0;"-16.10158219";"-47.97670484";"SR-DF";"GO";"UOP01/DF"
107181;235293;2018-01-29;"segunda-feira";"19:00:00";"GO";40;6;"VALPARAISO DE GOIAS";"Sim";"Ingestao de alcool";1;"Colisao traseira";"Sem Vitimas";"Pleno dia";"Decrescente";"Ceu Claro";"Dupla";"Reta";"Sim";192511;"Motocicleta";"HONDA/CG 150 TITAN KS";2004;"Condutor";"Ileso";30;"Masculino";1;0;0;0;"-16.10158219";"-47.97670484";"SR-DF";"GO";"UOP01/DF"
107212;234998;2018-01-29;"segunda-feira";"22:10:00";"MG";262;88;"ABRE CAMPO";"Sim";"Ingestao de alcool";1;"Colisao frontal";"Com Vitimas Feridas";"Plena Noite";"Decrescente";"Chuva";"Simples";"Curva";"Nao";192221;"Automóvel";"VW/POLO 1.6";2017;"Condutor";"Lesoes Leves";38;"Masculino";0;1;0;0;"-20.33416465";"-42.44415522";"SR-MG";"DEL4/3";"UOP03/MG"
107212;234999;2018-01-29;"segunda-feira";"22:10:00";"MG";262;88;"ABRE CAMPO";"Sim";"Ingestao de alcool";1;"Colisao frontal";"Com Vitimas Feridas";"Plena Noite";"Decrescente";"Chuva";"Simples";"Curva";"Nao";192223;"Automóvel";"VW/NOVO GOL TL MBV";2017;"Condutor";"Lesoes Leves";63;"Masculino";0;1;0;0;"-20.33416465";"-42.44415522";"SR-MG";"DEL4/3";"UOP03/MG"
107212;234995;2018-01-29;"segunda-feira";"22:10:00";"MG";262;88;"ABRE CAMPO";"Sim";"Ingestao de alcool";1;"Colisao frontal";"Com Vitimas Feridas";"Plena Noite";"Decrescente";"Chuva";"Simples";"Curva";"Nao";192214;"Automóvel";"FORD/DEL REY BELINA";1988;"Condutor";"Lesoes Graves";68;"Masculino";0;0;1;0;"-20.33416465";"-42.44415522";"SR-MG";"DEL4/3";"UOP03/MG"
107319;233627;2018-01-30;"terca-feira";"11:20:00";"MS";163;248,5;"DOURADOS";"Sim";"Ingestao de alcool";1;"Tombamento";"Com Vitimas Feridas";"Pleno dia";"Decrescente";"Chuva";"Simples";"Reta";"Nao";191035;"Motocicleta";"HONDA/XRE 300";2012;"Condutor";"Lesoes Leves";48;"Masculino";0;1;0;0;"-22.31927732";"-54.81961515";"SR-MS";"DEL3/4";"UOP01/MS"
107340;237863;2018-01-30;"terca-feira";"14:30:00";"SP";116;307;"SAO LOURENCO DA SERRA";"Sim";"Ingestao de alcool";1;"Queda de ocupante de veiculo";"Com Vitimas Feridas";"Pleno dia";"Crescente";"Chuva";"Dupla";"Reta";"Nao";192989;"Motocicleta";"I/LONCIN LX250 8J";2008;"Condutor";"Ileso";37;"Masculino";1;0;0;0;"-23.8557";"-46.9406";"SR-SP";"DEL6/4";"UOP01/SP"
107340;237864;2018-01-30;"terca-feira";"14:30:00";"SP";116;307;"SAO LOURENCO DA SERRA";"Sim";"Ingestao de alcool";1;"Queda de ocupante de veiculo";"Com Vitimas Feridas";"Pleno dia";"Crescente";"Chuva";"Dupla";"Reta";"Nao";192989;"Motocicleta";"I/LONCIN LX250 8J";2008;"Passageiro";"Lesoes Leves";22;"Feminino";0;1;0;0;"-23.8557";"-46.9406";"SR-SP";"DEL6/4";"UOP01/SP"
107342;234961;2018-01-30;"terca-feira";"14:25:00";"SP";116;165;"JACAREI";"Nao";"Ingestao de alcool";1;"Colisao traseira";"Sem Vitimas";"Pleno dia";"Crescente";"Chuva";"Multipla";"Reta";"Nao";191874;"Caminhao";"VW/9.160 DRC 4X2";2012;"Condutor";"Ileso";32;"Masculino";1;0;0;0;"-23.296378";"-46.00781229";"SR-SP";"DEL6/2";"UOP01/SP"
107342;234958;2018-01-30;"terca-feira";"14:25:00";"SP";116;165;"JACAREI";"Nao";"Ingestao de alcool";1;"Colisao traseira";"Sem Vitimas";"Pleno dia";"Crescente";"Chuva";"Multipla";"Reta";"Nao";191869;"Caminhao";"VW/13.180 E";2006;"Condutor";"Ileso";48;"Masculino";1;0;0;0;"-23.296378";"-46.00781229";"SR-SP";"DEL6/2";"UOP01/SP"
107393;238006;2018-01-30;"terca-feira";"15:45:00";"SC";282;160;"BOM RETIRO";"Sim";"Ingestao de alcool";1;"Colisao traseira";"Sem Vitimas";"Pleno dia";"Crescente";"Ceu Claro";"Simples";"Reta";"Nao";191009;"Automóvel";"VOLKSWAGEN/";1901;"Condutor";"Ileso";19;"Feminino";1;0;0;0;"-27.734652";"-49.753586";"SR-SC";"DEL8/5";"UOP01/SC"
107393;238000;2018-01-30;"terca-feira";"15:45:00";"SC";282;160;"BOM RETIRO";"Sim";"Ingestao de alcool";1;"Colisao traseira";"Sem Vitimas";"Pleno dia";"Crescente";"Ceu Claro";"Simples";"Reta";"Nao";191008;"Automóvel";"FORD/CORCEL II";1982;"Condutor";"Ileso";65;"Masculino";1;0;0;0;"-27.734652";"-49.753586";"SR-SC";"DEL8/5";"UOP01/SC"
107435;233727;2018-01-30;"terca-feira";"19:20:00";"PI";222;66;"PIRIPIRI";"Sim";"Ingestao de alcool";1;"Queda de ocupante de veiculo";"Com Vitimas Feridas";"Plena Noite";"Crescente";"Ceu Claro";"Simples";"Reta";"Nao";191138;"Motocicleta";"HONDA/CG 125 TITAN KS";2003;"Condutor";"Ileso";65;"Masculino";1;0;0;0;"-4.232586";"-41.701038";"SR-PI";"DEL17/2";"UOP01/PI"
107435;233728;2018-01-30;"terca-feira";"19:20:00";"PI";222;66;"PIRIPIRI";"Sim";"Ingestao de alcool";1;"Queda de ocupante de veiculo";"Com Vitimas Feridas";"Plena Noite";"Crescente";"Ceu Claro";"Simples";"Reta";"Nao";191138;"Motocicleta";"HONDA/CG 125 TITAN KS";2003;"Passageiro";"Lesoes Leves";47;"Masculino";0;1;0;0;"-4.232586";"-41.701038";"SR-PI";"DEL17/2";"UOP01/PI"
107449;235573;2018-01-30;"terca-feira";"22:20:00";"BA";407;1,7;"JUAZEIRO";"Sim";"Ingestao de alcool";1;"Colisao frontal";"Com Vitimas Feridas";"Plena Noite";"Crescente";"Nublado";"Simples";"Reta";"Sim";191170;"Automóvel";"VW/NOVO GOL CL MCV";2016;"Condutor";"Lesoes Leves";25;"Masculino";0;1;0;0;"-9.4245904";"-40.50603552";"SR-PE";"DEL11/6";"UOP01/PE"
107449;235582;2018-01-30;"terca-feira";"22:20:00";"BA";407;1,7;"JUAZEIRO";"Sim";"Ingestao de alcool";1;"Colisao frontal";"Com Vitimas Feridas";"Plena Noite";"Crescente";"Nublado";"Simples";"Reta";"Sim";191171;"Automóvel";"FIAT/UNO ELECTRONIC";1995;"Condutor";"Lesoes Leves";33;"Masculino";0;1;0;0;"-9.4245904";"-40.50603552";"SR-PE";"DEL11/6";"UOP01/PE"
107474;235637;2018-01-31;"quarta-feira";"00:55:00";"PR";277;682;"SAO MIGUEL DO IGUACU";"Sim";"Ingestao de alcool";1;"Colisao transversal";"Com Vitimas Feridas";"Plena Noite";"Crescente";"Ceu Claro";"Dupla";"Nao Informado";"Nao";191129;"Motocicleta";"I/CHACOMER KENTON C110";2016;"Condutor";"Lesoes Leves";46;"Masculino";0;1;0;0;"-25.329865";"-54.182739";"SR-PR";"DEL7/5";"UOP01/PR"
107474;235641;2018-01-31;"quarta-feira";"00:55:00";"PR";277;682;"SAO MIGUEL DO IGUACU";"Sim";"Ingestao de alcool";1;"Colisao transversal";"Com Vitimas Feridas";"Plena Noite";"Crescente";"Ceu Claro";"Dupla";"Nao Informado";"Nao";192786;"Automóvel";"TOYOTA/COROLLA XLI16VVT";2007;"Passageiro";"Ileso";44;"Masculino";1;0;0;0;"-25.329865";"-54.182739";"SR-PR";"DEL7/5";"UOP01/PR"
107474;235642;2018-01-31;"quarta-feira";"00:55:00";"PR";277;682;"SAO MIGUEL DO IGUACU";"Sim";"Ingestao de alcool";1;"Colisao transversal";"Com Vitimas Feridas";"Plena Noite";"Crescente";"Ceu Claro";"Dupla";"Nao Informado";"Nao";192786;"Automóvel";"TOYOTA/COROLLA XLI16VVT";2007;"Passageiro";"Ileso";17;"Masculino";1;0;0;0;"-25.329865";"-54.182739";"SR-PR";"DEL7/5";"UOP01/PR"
107474;235640;2018-01-31;"quarta-feira";"00:55:00";"PR";277;682;"SAO MIGUEL DO IGUACU";"Sim";"Ingestao de alcool";1;"Colisao transversal";"Com Vitimas Feridas";"Plena Noite";"Crescente";"Ceu Claro";"Dupla";"Nao Informado";"Nao";192786;"Automóvel";"TOYOTA/COROLLA XLI16VVT";2007;"Condutor";"Ileso";47;"Masculino";1;0;0;0;"-25.329865";"-54.182739";"SR-PR";"DEL7/5";"UOP01/PR"
107474;235638;2018-01-31;"quarta-feira";"00:55:00";"PR";277;682;"SAO MIGUEL DO IGUACU";"Sim";"Ingestao de alcool";1;"Colisao transversal";"Com Vitimas Feridas";"Plena Noite";"Crescente";"Ceu Claro";"Dupla";"Nao Informado";"Nao";191129;"Motocicleta";"I/CHACOMER KENTON C110";2016;"Passageiro";"Lesoes Leves";45;"Masculino";0;1;0;0;"-25.329865";"-54.182739";"SR-PR";"DEL7/5";"UOP01/PR"
107724;236205;2018-02-01;"quinta-feira";"00:10:00";"MG";365;363;"VARJAO DE MINAS";"Sim";"Ingestao de alcool";1;"Saida de leito carrocavel";"Sem Vitimas";"Plena Noite";"Decrescente";"Ceu Claro";"Simples";"Curva";"Nao";191644;"Caminhonete";"CHEVROLET/S10 LTZ DD4A";2017;"Condutor";"Nao Informado";NA;"Nao Informado";0;0;0;0;"-18.5133";"-46.138";"SR-MG";"DEL4/10";"UOP01/MG"
107795;234909;2018-02-01;"quinta-feira";"09:00:00";"TO";153;198,1;"NOVA OLINDA";"Sim";"Ingestao de alcool";1;"Colisao traseira";"Com Vitimas Feridas";"Pleno dia";"Decrescente";"Ceu Claro";"Simples";"Reta";"Sim";192144;"Caminhao-trator";"VOLVO/FH12 380 4X2T";2002;"Condutor";"Ileso";52;"Masculino";1;0;0;0;"-7.63115475";"-48.42717621";"SR-TO";"UOP04/TO";""
107795;234908;2018-02-01;"quinta-feira";"09:00:00";"TO";153;198,1;"NOVA OLINDA";"Sim";"Ingestao de alcool";1;"Colisao traseira";"Com Vitimas Feridas";"Pleno dia";"Decrescente";"Ceu Claro";"Simples";"Reta";"Sim";192143;"Motocicleta";"YAMAHA/YBR 125K";2004;"Condutor";"Lesoes Graves";44;"Masculino";0;0;1;0;"-7.63115475";"-48.42717621";"SR-TO";"UOP04/TO";""
107851;234929;2018-02-01;"quinta-feira";"16:15:00";"RS";285;124,2;"VACARIA";"Sim";"Ingestao de alcool";1;"Colisao traseira";"Com Vitimas Fatais";"Pleno dia";"Crescente";"Ceu Claro";"Simples";"Reta";"Sim";192179;"Automóvel";"FIAT/PALIO HLX FLEX";2005;"Condutor";"Lesoes Leves";35;"Masculino";0;1;0;0;"-28.48983456";"-50.9574759";"SR-RS";"DEL9/5";"UOP03/RS"
107851;234930;2018-02-01;"quinta-feira";"16:15:00";"RS";285;124,2;"VACARIA";"Sim";"Ingestao de alcool";1;"Colisao traseira";"Com Vitimas Fatais";"Pleno dia";"Crescente";"Ceu Claro";"Simples";"Reta";"Sim";192183;"Bicicleta";"";NA;"Condutor";"Óbito";38;"Masculino";0;0;0;1;"-28.48983456";"-50.9574759";"SR-RS";"DEL9/5";"UOP03/RS"
107916;236444;2018-02-01;"quinta-feira";"17:00:00";"SP";116;216,2;"GUARULHOS";"Sim";"Ingestao de alcool";1;"Colisao com objeto estatico";"Sem Vitimas";"Pleno dia";"Crescente";"Nublado";"Multipla";"Viaduto";"Nao";192054;"Automóvel";"I/PEUGEOT 406 SV S 30";2001;"Condutor";"Ileso";68;"Masculino";1;0;0;0;"-23.463257";"-46.53373";"SR-SP";"DEL6/1";"UOP01/SP"
107949;235463;2018-02-01;"quinta-feira";"22:15:00";"PR";369;143,6;"LONDRINA";"Nao";"Ingestao de alcool";1;"Colisao transversal";"Sem Vitimas";"Plena Noite";"Decrescente";"Ceu Claro";"Dupla";"Nao Informado";"Sim";192622;"Caminhonete";"I/TOYOTA HILUX CD4X4 SRV";2012;"Condutor";"Ileso";51;"Masculino";1;0;0;0;"-23.2933712";"-51.0996389";"SR-PR";"DEL7/7";"UOP01/PR"
107949;235464;2018-02-01;"quinta-feira";"22:15:00";"PR";369;143,6;"LONDRINA";"Nao";"Ingestao de alcool";1;"Colisao transversal";"Sem Vitimas";"Plena Noite";"Decrescente";"Ceu Claro";"Dupla";"Nao Informado";"Sim";192623;"Caminhao";"FORD/CARGO 815 N";2011;"Condutor";"Ileso";57;"Masculino";1;0;0;0;"-23.2933712";"-51.0996389";"SR-PR";"DEL7/7";"UOP01/PR"
107951;234782;2018-02-01;"quinta-feira";"16:50:00";"PR";163;10;"BARRACAO";"Sim";"Ingestao de alcool";1;"Colisao traseira";"Sem Vitimas";"Pleno dia";"Decrescente";"Nublado";"Simples";"Reta";"Sim";192069;"Micro-ônibus";"I/KIA BESTA 12P GS";1998;"Condutor";"Ileso";38;"Masculino";1;0;0;0;"-26.25054089";"-53.6354202";"SR-PR";"DEL7/2";"UOP04/PR"
107951;234780;2018-02-01;"quinta-feira";"16:50:00";"PR";163;10;"BARRACAO";"Sim";"Ingestao de alcool";1;"Colisao traseira";"Sem Vitimas";"Pleno dia";"Decrescente";"Nublado";"Simples";"Reta";"Sim";192068;"Caminhao";"M.BENZ/L 1618";1991;"Condutor";"Ileso";59;"Masculino";1;0;0;0;"-26.25054089";"-53.6354202";"SR-PR";"DEL7/2";"UOP04/PR"
107970;237641;2018-02-01;"quinta-feira";"23:50:00";"MT";364;94,5;"ALTO GARCAS";"Sim";"Ingestao de alcool";1;"Colisao lateral";"Com Vitimas Feridas";"Plena Noite";"Crescente";"Ceu Claro";"Simples";"Reta";"Nao";193808;"Caminhao-trator";"VW/18.310 TITAN";2005;"Condutor";"Lesoes Leves";51;"Masculino";0;1;0;0;"-16.85889697";"-53.75172639";"SR-MT";"DEL2/2";"UOP04/MT"
107970;237619;2018-02-01;"quinta-feira";"23:50:00";"MT";364;94,5;"ALTO GARCAS";"Sim";"Ingestao de alcool";1;"Colisao lateral";"Com Vitimas Feridas";"Plena Noite";"Crescente";"Ceu Claro";"Simples";"Reta";"Nao";193804;"Automóvel";"FIAT/PALIO EDX";1997;"Condutor";"Ileso";32;"Masculino";1;0;0;0;"-16.85889697";"-53.75172639";"SR-MT";"DEL2/2";"UOP04/MT"
107970;237634;2018-02-01;"quinta-feira";"23:50:00";"MT";364;94,5;"ALTO GARCAS";"Sim";"Ingestao de alcool";1;"Colisao lateral";"Com Vitimas Feridas";"Plena Noite";"Crescente";"Ceu Claro";"Simples";"Reta";"Nao";193804;"Automóvel";"FIAT/PALIO EDX";1997;"Passageiro";"Ileso";34;"Masculino";1;0;0;0;"-16.85889697";"-53.75172639";"SR-MT";"DEL2/2";"UOP04/MT"
107994;235187;2018-02-02;"sexta-feira";"06:00:00";"RN";101;158;"CANGUARETAMA";"Sim";"Ingestao de alcool";1;"Colisao traseira";"Com Vitimas Feridas";"Pleno dia";"Decrescente";"Sol";"Dupla";"Desvio Temporario";"Sim";192364;"Motocicleta";"HONDA/CG 125 TITAN ES";2001;"Passageiro";"Lesoes Leves";26;"Feminino";0;1;0;0;"-6.35366521";"-35.16254783";"SR-RN";"DEL15/1";"UOP01/RN"
107994;235180;2018-02-02;"sexta-feira";"06:00:00";"RN";101;158;"CANGUARETAMA";"Sim";"Ingestao de alcool";1;"Colisao traseira";"Com Vitimas Feridas";"Pleno dia";"Decrescente";"Sol";"Dupla";"Desvio Temporario";"Sim";192364;"Motocicleta";"HONDA/CG 125 TITAN ES";2001;"Condutor";"Lesoes Leves";32;"Masculino";0;1;0;0;"-6.35366521";"-35.16254783";"SR-RN";"DEL15/1";"UOP01/RN"
107994;235183;2018-02-02;"sexta-feira";"06:00:00";"RN";101;158;"CANGUARETAMA";"Sim";"Ingestao de alcool";1;"Colisao traseira";"Com Vitimas Feridas";"Pleno dia";"Decrescente";"Sol";"Dupla";"Desvio Temporario";"Sim";192363;"Automóvel";"TOYOTA/COROLLA XEI20FLEX";2011;"Passageiro";"Ileso";23;"Masculino";1;0;0;0;"-6.35366521";"-35.16254783";"SR-RN";"DEL15/1";"UOP01/RN"
107994;235175;2018-02-02;"sexta-feira";"06:00:00";"RN";101;158;"CANGUARETAMA";"Sim";"Ingestao de alcool";1;"Colisao traseira";"Com Vitimas Feridas";"Pleno dia";"Decrescente";"Sol";"Dupla";"Desvio Temporario";"Sim";192363;"Automóvel";"TOYOTA/COROLLA XEI20FLEX";2011;"Condutor";"Ileso";NA;"Masculino";1;0;0;0;"-6.35366521";"-35.16254783";"SR-RN";"DEL15/1";"UOP01/RN"
108000;236699;2018-02-02;"sexta-feira";"06:50:00";"PE";104;64,5;"CARUARU";"Sim";"Ingestao de alcool";1;"Engavetamento";"Com Vitimas Feridas";"Pleno dia";"Decrescente";"Nublado";"Dupla";"Nao Informado";"Sim";193774;"Automóvel";"VW/FOX 1.0 GII";2011;"Condutor";"Ileso";29;"Masculino";1;0;0;0;"-8.27630242";"-35.98174006";"SR-PE";"DEL11/2";"UOP01/PE"
108000;236700;2018-02-02;"sexta-feira";"06:50:00";"PE";104;64,5;"CARUARU";"Sim";"Ingestao de alcool";1;"Engavetamento";"Com Vitimas Feridas";"Pleno dia";"Decrescente";"Nublado";"Dupla";"Nao Informado";"Sim";193777;"Automóvel";"FORD/KA FLEX";2012;"Condutor";"Ileso";47;"Masculino";1;0;0;0;"-8.27630242";"-35.98174006";"SR-PE";"DEL11/2";"UOP01/PE"