"id";"pesid";"data_inversa";"dia_semana";"horario";"uf";"br";"km";"municipio";"causa_principal";"causa_acidente";"ordem_tipo_acidente";"tipo_acidente";"classificacao_acidente";"fase_dia";"sentido_via";"condicao_metereologica";"tipo_pista";"tracado_via";"uso_solo";"id_veiculo";"tipo_veiculo";"marca";"ano_fabricacao_veiculo";"tipo_envolvido";"estado_fisico";"idade";"sexo";"ilesos";"feridos_leves";"feridos_graves";"mortos";"latitude";"longitude";"regional";"delegacia";"uop"
109703;239298;2018-02-08;"quinta-feira";"22:24:00";"MG";50;12;"UBERLANDIA";"Sim";"Ingestao de alcool";1;"Queda de ocupante de veiculo";"Com Vitimas Feridas";"Plena Noite";"Crescente";"Vento";"Dupla";"Intersecao de vias";"Nao";195845;"Motocicleta";"HONDA/CG150 FAN ESDI";2013;"Condutor";"Lesoes Leves";52;"Masculino";0;1;0;0;"-18.895";"-48.193";"SR-MG";"DEL4/15";"UOP02/MG"
109713;245518;2018-02-08;"quinta-feira";"18:25:00";"MG";116;586,9;"MANHUACU";"Sim";"Ingestao de alcool";1;"Colisao transversal";"Com Vitimas Feridas";"Pleno dia";"Decrescente";"Ceu Claro";"Simples";"Reta";"Nao";195529;"Automóvel";"GM/CORSA WIND";1998;"Condutor";"Nao Informado";NA;"Nao Informado";0;0;0;0;"-20.2665";"-42.0361";"SR-MG";"DEL4/6";"UOP04/MG"
109713;245521;2018-02-08;"quinta-feira";"18:25:00";"MG";116;586,9;"MANHUACU";"Sim";"Ingestao de alcool";1;"Colisao transversal";"Com Vitimas Feridas";"Pleno dia";"Decrescente";"Ceu Claro";"Simples";"Reta";"Nao";200631;"Motocicleta";"HARLEY DAVIDSON/VRSCF";2013;"Testemunha";"Nao Informado";NA;"Nao Informado";0;0;0;0;"-20.2665";"-42.0361";"SR-MG";"DEL4/6";"UOP04/MG"
109713;245520;2018-02-08;"quinta-feira";"18:25:00";"MG";116;586,9;"MANHUACU";"Sim";"Ingestao de alcool";1;"Colisao transversal";"Com Vitimas Feridas";"Pleno dia";"Decrescente";"Ceu Claro";"Simples";"Reta";"Nao";200631;"Motocicleta";"HARLEY DAVIDSON/VRSCF";2013;"Condutor";"Lesoes Graves";33;"Masculino";0;0;1;0;"-20.2665";"-42.0361";"SR-MG";"DEL4/6";"UOP04/MG"
109745;239879;2018-02-09;"sexta-feira";"05:00:00";"RJ";116;171,6;"SAO JOAO DE MERITI";"Sim";"Ingestao de alcool";1;"Colisao traseira";"Com Vitimas Feridas";"Amanhecer";"Crescente";"Ignorado";"Dupla";"Reta";"Sim";195618;"Automóvel";"CHEVROLET/ONIX 1.0MT LT";2016;"Condutor";"Ileso";32;"Masculino";1;0;0;0;"-22.80352932";"-43.34741033";"SR-RJ";"DEL5/1";"UOP02/RJ"
109745;239885;2018-02-09;"sexta-feira";"05:00:00";"RJ";116;171,6;"SAO JOAO DE MERITI";"Sim";"Ingestao de alcool";1;"Colisao traseira";"Com Vitimas Feridas";"Amanhecer";"Crescente";"Ignorado";"Dupla";"Reta";"Sim";196398;"Automóvel";"FORD/KA SE 1.0 SD";2015;"Condutor";"Ileso";70;"Masculino";1;0;0;0;"-22.80352932";"-43.34741033";"SR-RJ";"DEL5/1";"UOP02/RJ"
109745;239895;2018-02-09;"sexta-feira";"05:00:00";"RJ";116;171,6;"SAO JOAO DE MERITI";"Sim";"Ingestao de alcool";1;"Colisao traseira";"Com Vitimas Feridas";"Amanhecer";"Crescente";"Ignorado";"Dupla";"Reta";"Sim";195618;"Automóvel";"CHEVROLET/ONIX 1.0MT LT";2016;"Passageiro";"Lesoes Leves";33;"Masculino";0;1;0;0;"-22.80352932";"-43.34741033";"SR-RJ";"DEL5/1";"UOP02/RJ"
109802;243832;2018-02-09;"sexta-feira";"09:00:00";"SC";282;3,5;"FLORIANOPOLIS";"Sim";"Ingestao de alcool";1;"Colisao lateral";"Com Vitimas Feridas";"Pleno dia";"Decrescente";"Sol";"Dupla";"Reta";"Sim";195638;"Automóvel";"FORD/FIESTA 1.6 FLEX";2012;"Condutor";"Ileso";24;"Feminino";1;0;0;0;"-27.59610543";"-48.60113219";"SR-SC";"DEL8/1";"UOP01/SC"
109802;243833;2018-02-09;"sexta-feira";"09:00:00";"SC";282;3,5;"FLORIANOPOLIS";"Sim";"Ingestao de alcool";1;"Colisao lateral";"Com Vitimas Feridas";"Pleno dia";"Decrescente";"Sol";"Dupla";"Reta";"Sim";195639;"Automóvel";"RENAULT/SANDERO EXPR 10";2017;"Condutor";"Ileso";51;"Masculino";1;0;0;0;"-27.59610543";"-48.60113219";"SR-SC";"DEL8/1";"UOP01/SC"
109802;243835;2018-02-09;"sexta-feira";"09:00:00";"SC";282;3,5;"FLORIANOPOLIS";"Sim";"Ingestao de alcool";1;"Colisao lateral";"Com Vitimas Feridas";"Pleno dia";"Decrescente";"Sol";"Dupla";"Reta";"Sim";195640;"Automóvel";"FORD/FIESTA 1.6 FLEX";2014;"Condutor";"Ileso";50;"Masculino";1;0;0;0;"-27.59610543";"-48.60113219";"SR-SC";"DEL8/1";"UOP01/SC"
109802;243829;2018-02-09;"sexta-feira";"09:00:00";"SC";282;3,5;"FLORIANOPOLIS";"Sim";"Ingestao de alcool";1;"Colisao lateral";"Com Vitimas Feridas";"Pleno dia";"Decrescente";"Sol";"Dupla";"Reta";"Sim";195637;"Motocicleta";"HONDA/CB600F HORNET";2006;"Condutor";"Lesoes Leves";36;"Masculino";0;1;0;0;"-27.59610543";"-48.60113219";"SR-SC";"DEL8/1";"UOP01/SC"
109807;239223;2018-02-09;"sexta-feira";"10:00:00";"GO";60;4;"SANTO ANTONIO DO DESCOBERTO";"Sim";"Ingestao de alcool";1;"Colisao com objeto estatico";"Sem Vitimas";"Pleno dia";"Crescente";"Ceu Claro";"Dupla";"Curva";"Nao";195664;"Automóvel";"VW/NOVO FOX TL ME";2016;"Condutor";"Ileso";26;"Feminino";1;0;0;0;"-16.08961428";"-48.27454269";"SR-DF";"GO";"UOP03/DF"
109935;239307;2018-02-09;"sexta-feira";"15:55:00";"GO";452;0;"RIO VERDE";"Sim";"Ingestao de alcool";1;"Saida de leito carrocavel";"Sem Vitimas";"Pleno dia";"Decrescente";"Ceu Claro";"Dupla";"Rotatória";"Sim";195840;"Automóvel";"VW/GOLF 2.0";2002;"Condutor";"Ileso";44;"Masculino";1;0;0;0;"-17.78747063";"-50.9027901";"SR-GO";"DEL1/4";"UOP01/GO"
109935;239310;2018-02-09;"sexta-feira";"15:55:00";"GO";452;0;"RIO VERDE";"Sim";"Ingestao de alcool";1;"Saida de leito carrocavel";"Sem Vitimas";"Pleno dia";"Decrescente";"Ceu Claro";"Dupla";"Rotatória";"Sim";195840;"Automóvel";"VW/GOLF 2.0";2002;"Passageiro";"Ileso";36;"Masculino";1;0;0;0;"-17.78747063";"-50.9027901";"SR-GO";"DEL1/4";"UOP01/GO"
109971;239539;2018-02-09;"sexta-feira";"17:40:00";"PB";230;74;"SOBRADO";"Nao";"Ingestao de alcool";1;"Atropelamento de Pedestre";"Com Vitimas Feridas";"Anoitecer";"Decrescente";"Ceu Claro";"Dupla";"Reta";"Nao";196078;"Automóvel";"HONDA/CIVIC LXR";2014;"Condutor";"Ileso";32;"Feminino";1;0;0;0;"-7.189876";"-35.274761";"SR-PB";"DEL14/1";"UOP03/PB"
109971;239542;2018-02-09;"sexta-feira";"17:40:00";"PB";230;74;"SOBRADO";"Nao";"Ingestao de alcool";1;"Atropelamento de Pedestre";"Com Vitimas Feridas";"Anoitecer";"Decrescente";"Ceu Claro";"Dupla";"Reta";"Nao";196078;"Automóvel";"HONDA/CIVIC LXR";2014;"Pedestre";"Lesoes Graves";45;"Masculino";0;0;1;0;"-7.189876";"-35.274761";"SR-PB";"DEL14/1";"UOP03/PB"
109978;239680;2018-02-09;"sexta-feira";"19:00:00";"RJ";356;167;"SAO JOAO DA BARRA";"Sim";"Ingestao de alcool";1;"Colisao frontal";"Com Vitimas Fatais";"Plena Noite";"Crescente";"Ceu Claro";"Simples";"Reta";"Nao";196235;"Automóvel";"FORD/FIESTA";2004;"Condutor";"Óbito";51;"Masculino";0;0;0;1;"-21.718555";"-41.101276";"SR-RJ";"DEL5/8";"UOP02/RJ"
109978;243898;2018-02-09;"sexta-feira";"19:00:00";"RJ";356;167;"SAO JOAO DA BARRA";"Sim";"Ingestao de alcool";1;"Colisao frontal";"Com Vitimas Fatais";"Plena Noite";"Crescente";"Ceu Claro";"Simples";"Reta";"Nao";196236;"Motocicleta";"HONDA/CG 125 FAN KS";2010;"Condutor";"Lesoes Graves";23;"Masculino";0;0;1;0;"-21.718555";"-41.101276";"SR-RJ";"DEL5/8";"UOP02/RJ"
109978;243900;2018-02-09;"sexta-feira";"19:00:00";"RJ";356;167;"SAO JOAO DA BARRA";"Sim";"Ingestao de alcool";1;"Colisao frontal";"Com Vitimas Fatais";"Plena Noite";"Crescente";"Ceu Claro";"Simples";"Reta";"Nao";196237;"Motocicleta";"HONDA/CG 150 TITAN EX";2013;"Condutor";"Lesoes Graves";32;"Masculino";0;0;1;0;"-21.718555";"-41.101276";"SR-RJ";"DEL5/8";"UOP02/RJ"
110017;242072;2018-02-09;"sexta-feira";"08:00:00";"PR";116;0,1;"QUATRO BARRAS";"Sim";"Ingestao de alcool";1;"Colisao com objeto estatico";"Sem Vitimas";"Anoitecer";"Crescente";"Ceu Claro";"Simples";"Retorno Regulamentado";"Nao";196160;"Automóvel";"CHEVROLET/CELTA 1.0L LS";2011;"Condutor";"Ileso";29;"Masculino";1;0;0;0;"-25.34673609";"-49.0463635";"SR-PR";"DEL7/1";"UOP02/PR"
110030;239474;2018-02-09;"sexta-feira";"20:20:00";"MA";222;667;"ACAILANDIA";"Sim";"Ingestao de alcool";1;"Colisao lateral";"Sem Vitimas";"Plena Noite";"Decrescente";"Chuva";"Simples";"Reta";"Nao";195972;"Ônibus";"M.BENZ/CIFERAL CITMAX U";2006;"Condutor";"Ileso";27;"Masculino";1;0;0;0;"-4.95394";"-47.5019";"SR-MA";"DEL18/4";"UOP03/MA"
110030;239543;2018-02-09;"sexta-feira";"20:20:00";"MA";222;667;"ACAILANDIA";"Sim";"Ingestao de alcool";1;"Colisao lateral";"Sem Vitimas";"Plena Noite";"Decrescente";"Chuva";"Simples";"Reta";"Nao";195973;"Caminhao-trator";"VOLVO/NH12380 4X2T";2003;"Condutor";"Ileso";45;"Masculino";1;0;0;0;"-4.95394";"-47.5019";"SR-MA";"DEL18/4";"UOP03/MA"
110030;240741;2018-02-09;"sexta-feira";"20:20:00";"MA";222;667;"ACAILANDIA";"Sim";"Ingestao de alcool";1;"Colisao lateral";"Sem Vitimas";"Plena Noite";"Decrescente";"Chuva";"Simples";"Reta";"Nao";197086;"Automóvel";"";NA;"Condutor";"Nao Informado";NA;"Nao Informado";0;0;0;0;"-4.95394";"-47.5019";"SR-MA";"DEL18/4";"UOP03/MA"
110030;242004;2018-02-09;"sexta-feira";"20:20:00";"MA";222;667;"ACAILANDIA";"Sim";"Ingestao de alcool";1;"Colisao lateral";"Sem Vitimas";"Plena Noite";"Decrescente";"Chuva";"Simples";"Reta";"Nao";195971;"Automóvel";"VW/GOL 1.6 POWER";2007;"Passageiro";"Ileso";61;"Masculino";1;0;0;0;"-4.95394";"-47.5019";"SR-MA";"DEL18/4";"UOP03/MA"
110030;239443;2018-02-09;"sexta-feira";"20:20:00";"MA";222;667;"ACAILANDIA";"Sim";"Ingestao de alcool";1;"Colisao lateral";"Sem Vitimas";"Plena Noite";"Decrescente";"Chuva";"Simples";"Reta";"Nao";195971;"Automóvel";"VW/GOL 1.6 POWER";2007;"Condutor";"Ileso";39;"Masculino";1;0;0;0;"-4.95394";"-47.5019";"SR-MA";"DEL18/4";"UOP03/MA"
110041;239941;2018-02-09;"sexta-feira";"21:00:00";"PR";163;58,8;"PEROLA DOESTE";"Sim";"Ingestao de alcool";1;"Saida de leito carrocavel";"Com Vitimas Feridas";"Anoitecer";"Decrescente";"Nublado";"Simples";"Nao Informado";"Nao";196123;"Automóvel";"FIAT/UNO MILLE FIRE";2002;"Condutor";"Lesoes Leves";57;"Masculino";0;1;0;0;"-25.88456811";"-53.74940536";"SR-PR";"DEL7/2";"UOP04/PR"
110044;239477;2018-02-09;"sexta-feira";"17:20:00";"RN";304;47;"MOSSORO";"Sim";"Ingestao de alcool";1;"Queda de ocupante de veiculo";"Com Vitimas Feridas";"Anoitecer";"Crescente";"Nublado";"Dupla";"Reta";"Sim";196040;"Motocicleta";"DAFRA/SPEED 150";2008;"Condutor";"Lesoes Leves";50;"Masculino";0;1;0;0;"-5.225972";"-37.330868";"SR-RN";"DEL15/4";"UOP01/RN"
110074;240922;2018-02-10;"sabado";"00:50:00";"MA";10;262;"IMPERATRIZ";"Sim";"Ingestao de alcool";1;"Colisao transversal";"Sem Vitimas";"Plena Noite";"Decrescente";"Ceu Claro";"Simples";"Reta";"Sim";197253;"Automóvel";"FIAT/PALIO ATTRACTIV 1.4";2012;"Condutor";"Nao Informado";NA;"Nao Informado";0;0;0;0;"-5.445326";"-47.472542";"SR-MA";"DEL18/4";"UOP01/MA"
110074;240918;2018-02-10;"sabado";"00:50:00";"MA";10;262;"IMPERATRIZ";"Sim";"Ingestao de alcool";1;"Colisao transversal";"Sem Vitimas";"Plena Noite";"Decrescente";"Ceu Claro";"Simples";"Reta";"Sim";197251;"Caminhao";"M.BENZ/L 2013";1981;"Condutor";"Ileso";78;"Masculino";1;0;0;0;"-5.445326";"-47.472542";"SR-MA";"DEL18/4";"UOP01/MA"
110083;239610;2018-02-10;"sabado";"04:00:00";"RS";116;240;"NOVO HAMBURGO";"Sim";"Ingestao de alcool";1;"Colisao traseira";"Sem Vitimas";"Plena Noite";"Crescente";"Nublado";"Dupla";"Nao Informado";"Sim";196182;"Automóvel";"FORD/FIESTA FLEX";2013;"Condutor";"Ileso";37;"Masculino";1;0;0;0;"-29.70244259";"-51.14652872";"SR-RS";"DEL9/1";"UOP02/RS"
110083;239609;2018-02-10;"sabado";"04:00:00";"RS";116;240;"NOVO HAMBURGO";"Sim";"Ingestao de alcool";1;"Colisao traseira";"Sem Vitimas";"Plena Noite";"Crescente";"Nublado";"Dupla";"Nao Informado";"Sim";196181;"Automóvel";"VW/SANTANA CL 1800 I";1993;"Condutor";"Ileso";52;"Masculino";1;0;0;0;"-29.70244259";"-51.14652872";"SR-RS";"DEL9/1";"UOP02/RS"
110089;241647;2018-02-10;"sabado";"05:09:00";"SP";116;218,8;"SAO PAULO";"Sim";"Ingestao de alcool";1;"Colisao transversal";"Com Vitimas Feridas";"Amanhecer";"Crescente";"Ceu Claro";"Multipla";"Curva";"Sim";197753;"Automóvel";"GM/CORSA SUPER";2000;"Condutor";"Ileso";46;"Masculino";1;0;0;0;"-23.49095773";"-46.55181885";"SR-SP";"DEL6/1";"UOP01/SP"
110089;241654;2018-02-10;"sabado";"05:09:00";"SP";116;218,8;"SAO PAULO";"Sim";"Ingestao de alcool";1;"Colisao transversal";"Com Vitimas Feridas";"Amanhecer";"Crescente";"Ceu Claro";"Multipla";"Curva";"Sim";197753;"Automóvel";"GM/CORSA SUPER";2000;"Passageiro";"Lesoes Leves";42;"Feminino";0;1;0;0;"-23.49095773";"-46.55181885";"SR-SP";"DEL6/1";"UOP01/SP"
110089;241641;2018-02-10;"sabado";"05:09:00";"SP";116;218,8;"SAO PAULO";"Sim";"Ingestao de alcool";1;"Colisao transversal";"Com Vitimas Feridas";"Amanhecer";"Crescente";"Ceu Claro";"Multipla";"Curva";"Sim";197750;"Automóvel";"I/JAC J3";2011;"Condutor";"Ileso";22;"Masculino";1;0;0;0;"-23.49095773";"-46.55181885";"SR-SP";"DEL6/1";"UOP01/SP"
110096;241687;2018-02-10;"sabado";"05:50:00";"SC";280;56;"GUARAMIRIM";"Sim";"Ingestao de alcool";1;"Atropelamento de Pedestre";"Com Vitimas Feridas";"Plena Noite";"Decrescente";"Nublado";"Simples";"Reta";"Sim";197775;"Automóvel";"";NA;"Condutor";"Nao Informado";NA;"Nao Informado";0;0;0;0;"-26.479477";"-49.002987";"SR-SC";"DEL8/3";"UOP03/SC"
110096;241702;2018-02-10;"sabado";"05:50:00";"SC";280;56;"GUARAMIRIM";"Sim";"Ingestao de alcool";1;"Atropelamento de Pedestre";"Com Vitimas Feridas";"Plena Noite";"Decrescente";"Nublado";"Simples";"Reta";"Sim";197775;"Automóvel";"";NA;"Pedestre";"Lesoes Leves";23;"Masculino";0;1;0;0;"-26.479477";"-49.002987";"SR-SC";"DEL8/3";"UOP03/SC"
110096;241694;2018-02-10;"sabado";"05:50:00";"SC";280;56;"GUARAMIRIM";"Sim";"Ingestao de alcool";1;"Atropelamento de Pedestre";"Com Vitimas Feridas";"Plena Noite";"Decrescente";"Nublado";"Simples";"Reta";"Sim";197775;"Automóvel";"";NA;"Pedestre";"Lesoes Leves";19;"Masculino";0;1;0;0;"-26.479477";"-49.002987";"SR-SC";"DEL8/3";"UOP03/SC"
110100;239650;2018-02-10;"sabado";"05:30:00";"RN";304;34,8;"MOSSORO";"Sim";"Ingestao de alcool";1;"Capotamento";"Com Vitimas Feridas";"Amanhecer";"Crescente";"Nublado";"Dupla";"Reta";"Sim";196207;"Automóvel";"VW/GOL FUN";2001;"Condutor";"Lesoes Leves";27;"Masculino";0;1;0;0;"-5.15971653";"-37.35029963";"SR-RN";"DEL15/4";"UOP02/RN"
110105;239639;2018-02-10;"sabado";"05:00:00";"RS";287;370;"SANTIAGO";"Sim";"Ingestao de alcool";1;"Saida de leito carrocavel";"Com Vitimas Feridas";"Plena Noite";"Decrescente";"Ceu Claro";"Simples";"Curva";"Nao";196200;"Caminhonete";"FORD/PAMPA L";1988;"Passageiro";"Lesoes Leves";49;"Masculino";0;1;0;0;"-29.381113";"-54.747971";"SR-RS";"DEL9/12";"UOP02/RS"
110105;239638;2018-02-10;"sabado";"05:00:00";"RS";287;370;"SANTIAGO";"Sim";"Ingestao de alcool";1;"Saida de leito carrocavel";"Com Vitimas Feridas";"Plena Noite";"Decrescente";"Ceu Claro";"Simples";"Curva";"Nao";196200;"Caminhonete";"FORD/PAMPA L";1988;"Condutor";"Lesoes Leves";50;"Masculino";0;1;0;0;"-29.381113";"-54.747971";"SR-RS";"DEL9/12";"UOP02/RS"
110106;239712;2018-02-10;"sabado";"06:35:00";"SC";101;209;"SAO JOSE";"Sim";"Ingestao de alcool";1;"Colisao traseira";"Com Vitimas Feridas";"Pleno dia";"Crescente";"Ceu Claro";"Multipla";"Reta";"Sim";196264;"Automóvel";"VW/GOL LS";1986;"Condutor";"Lesoes Leves";46;"Masculino";0;1;0;0;"-27.6176";"-48.6463";"SR-SC";"DEL8/1";"UOP01/SC"
110109;241586;2018-02-10;"sabado";"04:30:00";"MG";262;33,1;"MANHUACU";"Sim";"Ingestao de alcool";1;"Colisao lateral";"Com Vitimas Feridas";"Plena Noite";"Crescente";"Ceu Claro";"Simples";"Reta";"Nao";197721;"Automóvel";"FORD/ESCORT 1.6I GL";1995;"Passageiro";"Lesoes Leves";21;"Feminino";0;1;0;0;"-20.25570791";"-42.00530433";"SR-MG";"DEL4/6";"UOP04/MG"
110109;241592;2018-02-10;"sabado";"04:30:00";"MG";262;33,1;"MANHUACU";"Sim";"Ingestao de alcool";1;"Colisao lateral";"Com Vitimas Feridas";"Plena Noite";"Crescente";"Ceu Claro";"Simples";"Reta";"Nao";197721;"Automóvel";"FORD/ESCORT 1.6I GL";1995;"Passageiro";"Lesoes Leves";16;"Feminino";0;1;0;0;"-20.25570791";"-42.00530433";"SR-MG";"DEL4/6";"UOP04/MG"
110109;241609;2018-02-10;"sabado";"04:30:00";"MG";262;33,1;"MANHUACU";"Sim";"Ingestao de alcool";1;"Colisao lateral";"Com Vitimas Feridas";"Plena Noite";"Crescente";"Ceu Claro";"Simples";"Reta";"Nao";197722;"Caminhonete";"MMC/L200 OUTDOOR";2007;"Condutor";"Ileso";48;"Masculino";1;0;0;0;"-20.25570791";"-42.00530433";"SR-MG";"DEL4/6";"UOP04/MG"
110109;241610;2018-02-10;"sabado";"04:30:00";"MG";262;33,1;"MANHUACU";"Sim";"Ingestao de alcool";1;"Colisao lateral";"Com Vitimas Feridas";"Plena Noite";"Crescente";"Ceu Claro";"Simples";"Reta";"Nao";197727;"Ônibus";"SCANIA/MPOLO PARADISO R";2007;"Condutor";"Ileso";41;"Masculino";1;0;0;0;"-20.25570791";"-42.00530433";"SR-MG";"DEL4/6";"UOP04/MG"
110109;241579;2018-02-10;"sabado";"04:30:00";"MG";262;33,1;"MANHUACU";"Sim";"Ingestao de alcool";1;"Colisao lateral";"Com Vitimas Feridas";"Plena Noite";"Crescente";"Ceu Claro";"Simples";"Reta";"Nao";197721;"Automóvel";"FORD/ESCORT 1.6I GL";1995;"Passageiro";"Lesoes Leves";18;"Feminino";0;1;0;0;"-20.25570791";"-42.00530433";"SR-MG";"DEL4/6";"UOP04/MG"
110109;241575;2018-02-10;"sabado";"04:30:00";"MG";262;33,1;"MANHUACU";"Sim";"Ingestao de alcool";1;"Colisao lateral";"Com Vitimas Feridas";"Plena Noite";"Crescente";"Ceu Claro";"Simples";"Reta";"Nao";197721;"Automóvel";"FORD/ESCORT 1.6I GL";1995;"Condutor";"Lesoes Graves";25;"Masculino";0;0;1;0;"-20.25570791";"-42.00530433";"SR-MG";"DEL4/6";"UOP04/MG"
110109;241588;2018-02-10;"sabado";"04:30:00";"MG";262;33,1;"MANHUACU";"Sim";"Ingestao de alcool";1;"Colisao lateral";"Com Vitimas Feridas";"Plena Noite";"Crescente";"Ceu Claro";"Simples";"Reta";"Nao";197721;"Automóvel";"FORD/ESCORT 1.6I GL";1995;"Passageiro";"Lesoes Leves";20;"Feminino";0;1;0;0;"-20.25570791";"-42.00530433";"SR-MG";"DEL4/6";"UOP04/MG"
110109;241590;2018-02-10;"sabado";"04:30:00";"MG";262;33,1;"MANHUACU";"Sim";"Ingestao de alcool";1;"Colisao lateral";"Com Vitimas Feridas";"Plena Noite";"Crescente";"Ceu Claro";"Simples";"Reta";"Nao";197721;"Automóvel";"FORD/ESCORT 1.6I GL";1995;"Passageiro";"Lesoes Graves";20;"Feminino";0;0;1;0;"-20.25570791";"-42.00530433";"SR-MG";"DEL4/6";"UOP04/MG"
110121;241708;2018-02-10;"sabado";"05:00:00";"RJ";101;482,5;"ANGRA DOS REIS";"Sim";"Ingestao de alcool";1;"Colisao frontal";"Com Vitimas Feridas";"Plena Noite";"Decrescente";"Ceu Claro";"Simples";"Curva";"Sim";196226;"Camioneta";"RENAULT/DUSTER 20 D 4X2";2013;"Passageiro";"Lesoes Leves";36;"Masculino";0;1;0;0;"-23.00715";"-44.318436";"SR-RJ";"DEL5/3";"UOP02/RJ"
110121;241706;2018-02-10;"sabado";"05:00:00";"RJ";101;482,5;"ANGRA DOS REIS";"Sim";"Ingestao de alcool";1;"Colisao frontal";"Com Vitimas Feridas";"Plena Noite";"Decrescente";"Ceu Claro";"Simples";"Curva";"Sim";196226;"Camioneta";"RENAULT/DUSTER 20 D 4X2";2013;"Condutor";"Lesoes Leves";36;"Masculino";0;1;0;0;"-23.00715";"-44.318436";"SR-RJ";"DEL5/3";"UOP02/RJ"
110121;241689;2018-02-10;"sabado";"05:00:00";"RJ";101;482,5;"ANGRA DOS REIS";"Sim";"Ingestao de alcool";1;"Colisao frontal";"Com Vitimas Feridas";"Plena Noite";"Decrescente";"Ceu Claro";"Simples";"Curva";"Sim";196225;"Automóvel";"I/FIAT SIENA EL FLEX";2010;"Condutor";"Lesoes Leves";25;"Masculino";0;1;0;0;"-23.00715";"-44.318436";"SR-RJ";"DEL5/3";"UOP02/RJ"
110121;241711;2018-02-10;"sabado";"05:00:00";"RJ";101;482,5;"ANGRA DOS REIS";"Sim";"Ingestao de alcool";1;"Colisao frontal";"Com Vitimas Feridas";"Plena Noite";"Decrescente";"Ceu Claro";"Simples";"Curva";"Sim";196226;"Camioneta";"RENAULT/DUSTER 20 D 4X2";2013;"Passageiro";"Lesoes Leves";34;"Masculino";0;1;0;0;"-23.00715";"-44.318436";"SR-RJ";"DEL5/3";"UOP02/RJ"
110121;241698;2018-02-10;"sabado";"05:00:00";"RJ";101;482,5;"ANGRA DOS REIS";"Sim";"Ingestao de alcool";1;"Colisao frontal";"Com Vitimas Feridas";"Plena Noite";"Decrescente";"Ceu Claro";"Simples";"Curva";"Sim";196225;"Automóvel";"I/FIAT SIENA EL FLEX";2010;"Passageiro";"Lesoes Leves";29;"Masculino";0;1;0;0;"-23.00715";"-44.318436";"SR-RJ";"DEL5/3";"UOP02/RJ"
110138;240446;2018-02-10;"sabado";"06:10:00";"SC";282;335,7;"CAMPOS NOVOS";"Sim";"Ingestao de alcool";1;"Colisao frontal";"Com Vitimas Feridas";"Pleno dia";"Decrescente";"Ceu Claro";"Simples";"Reta";"Nao";196267;"Caminhao";"M.BENZ/ATEGO 2429";2013;"Condutor";"Ileso";38;"Masculino";1;0;0;0;"-27.3941074";"-51.18968815";"SR-SC";"DEL8/7";"UOP01/SC"
110138;240444;2018-02-10;"sabado";"06:10:00";"SC";282;335,7;"CAMPOS NOVOS";"Sim";"Ingestao de alcool";1;"Colisao frontal";"Com Vitimas Feridas";"Pleno dia";"Decrescente";"Ceu Claro";"Simples";"Reta";"Nao";196266;"Caminhonete";"FIAT/STRADA TREK CE FLEX";2009;"Condutor";"Lesoes Leves";56;"Masculino";0;1;0;0;"-27.3941074";"-51.18968815";"SR-SC";"DEL8/7";"UOP01/SC"
110154;239754;2018-02-10;"sabado";"08:30:00";"SC";116;296,6;"CAPAO ALTO";"Sim";"Ingestao de alcool";1;"Colisao frontal";"Com Vitimas Feridas";"Pleno dia";"Crescente";"Ceu Claro";"Simples";"Reta";"Nao";196288;"Automóvel";"FORD/FIESTA SEDAN1.6FLEX";2007;"Condutor";"Lesoes Leves";28;"Masculino";0;1;0;0;"-28.1492005";"-50.66302299";"SR-SC";"DEL8/5";"UOP02/SC"
110154;239755;2018-02-10;"sabado";"08:30:00";"SC";116;296,6;"CAPAO ALTO";"Sim";"Ingestao de alcool";1;"Colisao frontal";"Com Vitimas Feridas";"Pleno dia";"Crescente";"Ceu Claro";"Simples";"Reta";"Nao";196288;"Automóvel";"FORD/FIESTA SEDAN1.6FLEX";2007;"Passageiro";"Ileso";6;"Feminino";1;0;0;0;"-28.1492005";"-50.66302299";"SR-SC";"DEL8/5";"UOP02/SC"
110154;239757;2018-02-10;"sabado";"08:30:00";"SC";116;296,6;"CAPAO ALTO";"Sim";"Ingestao de alcool";1;"Colisao frontal";"Com Vitimas Feridas";"Pleno dia";"Crescente";"Ceu Claro";"Simples";"Reta";"Nao";196288;"Automóvel";"FORD/FIESTA SEDAN1.6FLEX";2007;"Passageiro";"Ileso";28;"Feminino";1;0;0;0;"-28.1492005";"-50.66302299";"SR-SC";"DEL8/5";"UOP02/SC"
110154;239753;2018-02-10;"sabado";"08:30:00";"SC";116;296,6;"CAPAO ALTO";"Sim";"Ingestao de alcool";1;"Colisao frontal";"Com Vitimas Feridas";"Pleno dia";"Crescente";"Ceu Claro";"Simples";"Reta";"Nao";196285;"Automóvel";"FIAT/PALIO FIRE";2003;"Condutor";"Lesoes Graves";35;"Masculino";0;0;1;0;"-28.1492005";"-50.66302299";"SR-SC";"DEL8/5";"UOP02/SC"
110176;244802;2018-02-10;"sabado";"10:15:00";"PA";316;8,4;"ANANINDEUA";"Sim";"Ingestao de alcool";1;"Colisao traseira";"Sem Vitimas";"Pleno dia";"Crescente";"Sol";"Dupla";"Reta";"Sim";196483;"Automóvel";"TOYOTA/COROLLA GLI FLEX";2013;"Condutor";"Ileso";60;"Masculino";1;0;0;0;"-1.3659343";"-48.3726";"SR-PA";"DEL19/1";"UOP01/PA"