"id";"pesid";"data_inversa";"dia_semana";"horario";"uf";"br";"km";"municipio";"causa_principal";"causa_acidente";"ordem_tipo_acidente";"tipo_acidente";"classificacao_acidente";"fase_dia";"sentido_via";"condicao_metereologica";"tipo_pista";"tracado_via";"uso_solo";"id_veiculo";"tipo_veiculo";"marca";"ano_fabricacao_veiculo";"tipo_envolvido";"estado_fisico";"idade";"sexo";"ilesos";"feridos_leves";"feridos_graves";"mortos";"latitude";"longitude";"regional";"delegacia";"uop"
110176;252757;2018-02-10;"sabado";"10:15:00";"PA";316;8,4;"ANANINDEUA";"Sim";"Ingestao de alcool";1;"Colisao traseira";"Sem Vitimas";"Pleno dia";"Crescente";"Sol";"Dupla";"Reta";"Sim";200094;"Caminhao";"FORD/CARGO 1517 E";2007;"Condutor";"Ileso";39;"Masculino";1;0;0;0;"-1.3659343";"-48.3726";"SR-PA";"DEL19/1";"UOP01/PA"
110290;241189;2018-02-10;"sabado";"17:00:00";"PR";376;495,5;"PONTA GROSSA";"Sim";"Ingestao de alcool";1;"Colisao traseira";"Sem Vitimas";"Pleno dia";"Decrescente";"Nublado";"Dupla";"Reta";"Nao";197459;"Automóvel";"HYUNDAI/HB20 1.6M COMF";2014;"Condutor";"Ileso";33;"Feminino";1;0;0;0;"-25.095474";"-50.162373";"SR-PR";"DEL7/3";"UOP03/PR"
110290;241188;2018-02-10;"sabado";"17:00:00";"PR";376;495,5;"PONTA GROSSA";"Sim";"Ingestao de alcool";1;"Colisao traseira";"Sem Vitimas";"Pleno dia";"Decrescente";"Nublado";"Dupla";"Reta";"Nao";197458;"Automóvel";"GM/CELTA 2P LIFE";2007;"Condutor";"Ileso";54;"Masculino";1;0;0;0;"-25.095474";"-50.162373";"SR-PR";"DEL7/3";"UOP03/PR"
110303;240386;2018-02-10;"sabado";"16:35:00";"GO";60;377,5;"RIO VERDE";"Sim";"Ingestao de alcool";1;"Saida de leito carrocavel";"Sem Vitimas";"Pleno dia";"Crescente";"Ceu Claro";"Dupla";"Reta";"Nao";196592;"Caminhonete";"GM/S10 TORNADO D 4X4";2007;"Passageiro";"Ileso";62;"Masculino";1;0;0;0;"-17.74408841";"-50.87459564";"SR-GO";"DEL1/4";"UOP01/GO"
110303;240131;2018-02-10;"sabado";"16:35:00";"GO";60;377,5;"RIO VERDE";"Sim";"Ingestao de alcool";1;"Saida de leito carrocavel";"Sem Vitimas";"Pleno dia";"Crescente";"Ceu Claro";"Dupla";"Reta";"Nao";196592;"Caminhonete";"GM/S10 TORNADO D 4X4";2007;"Condutor";"Ileso";56;"Masculino";1;0;0;0;"-17.74408841";"-50.87459564";"SR-GO";"DEL1/4";"UOP01/GO"
110303;240387;2018-02-10;"sabado";"16:35:00";"GO";60;377,5;"RIO VERDE";"Sim";"Ingestao de alcool";1;"Saida de leito carrocavel";"Sem Vitimas";"Pleno dia";"Crescente";"Ceu Claro";"Dupla";"Reta";"Nao";196592;"Caminhonete";"GM/S10 TORNADO D 4X4";2007;"Passageiro";"Ileso";59;"Masculino";1;0;0;0;"-17.74408841";"-50.87459564";"SR-GO";"DEL1/4";"UOP01/GO"
110312;242308;2018-02-10;"sabado";"18:10:00";"ES";101;450;"MIMOSO DO SUL";"Sim";"Ingestao de alcool";1;"Queda de ocupante de veiculo";"Com Vitimas Feridas";"Pleno dia";"Decrescente";"Ceu Claro";"Simples";"Reta";"Nao";196820;"Motocicleta";"YAMAHA/YBR150 FACTOR E";2017;"Condutor";"Lesoes Leves";30;"Masculino";0;1;0;0;"-21.06465";"-41.366745";"SR-ES";"DEL12/3";"UOP02/ES"
110319;240202;2018-02-10;"sabado";"18:00:00";"SC";280;5;"SAO FRANCISCO DO SUL";"Sim";"Ingestao de alcool";1;"Atropelamento de Pedestre";"Com Vitimas Feridas";"Pleno dia";"Crescente";"Nublado";"Simples";"Reta";"Sim";196645;"Motocicleta";"HONDA/CG 150 TITAN KS";2007;"Condutor";"Lesoes Leves";22;"Masculino";0;1;0;0;"-26.260122";"-48.625729";"SR-SC";"DEL8/3";"UOP03/SC"
110319;240210;2018-02-10;"sabado";"18:00:00";"SC";280;5;"SAO FRANCISCO DO SUL";"Sim";"Ingestao de alcool";1;"Atropelamento de Pedestre";"Com Vitimas Feridas";"Pleno dia";"Crescente";"Nublado";"Simples";"Reta";"Sim";196645;"Motocicleta";"HONDA/CG 150 TITAN KS";2007;"Pedestre";"Lesoes Graves";66;"Feminino";0;0;1;0;"-26.260122";"-48.625729";"SR-SC";"DEL8/3";"UOP03/SC"
110323;241056;2018-02-10;"sabado";"18:30:00";"PR";277;663;"MEDIANEIRA";"Sim";"Ingestao de alcool";1;"Saida de leito carrocavel";"Com Vitimas Feridas";"Pleno dia";"Decrescente";"Ceu Claro";"Dupla";"Reta";"Nao";196564;"Automóvel";"FORD/CORCEL II HOBBY";1982;"Condutor";"Lesoes Graves";20;"Masculino";0;0;1;0;"-25.251606";"-54.018887";"SR-PR";"DEL7/5";"UOP02/PR"
110336;240436;2018-02-10;"sabado";"18:20:00";"RN";101;82,1;"NATAL";"Sim";"Ingestao de alcool";1;"Colisao transversal";"Com Vitimas Feridas";"Plena Noite";"Decrescente";"Nublado";"Dupla";"Reta";"Sim";196643;"Motocicleta";"HONDA/CG 125 FAN KS";2012;"Passageiro";"Lesoes Leves";NA;"Feminino";0;1;0;0;"-5.77450118";"-35.26542664";"SR-RN";"DEL15/2";"UOP01/RN"
110336;240438;2018-02-10;"sabado";"18:20:00";"RN";101;82,1;"NATAL";"Sim";"Ingestao de alcool";1;"Colisao transversal";"Com Vitimas Feridas";"Plena Noite";"Decrescente";"Nublado";"Dupla";"Reta";"Sim";196854;"Bicicleta";"";NA;"Condutor";"Lesoes Leves";56;"Masculino";0;1;0;0;"-5.77450118";"-35.26542664";"SR-RN";"DEL15/2";"UOP01/RN"
110336;240437;2018-02-10;"sabado";"18:20:00";"RN";101;82,1;"NATAL";"Sim";"Ingestao de alcool";1;"Colisao transversal";"Com Vitimas Feridas";"Plena Noite";"Decrescente";"Nublado";"Dupla";"Reta";"Sim";196643;"Motocicleta";"HONDA/CG 125 FAN KS";2012;"Condutor";"Lesoes Graves";26;"Masculino";0;0;1;0;"-5.77450118";"-35.26542664";"SR-RN";"DEL15/2";"UOP01/RN"
110354;240301;2018-02-10;"sabado";"20:15:00";"GO";153;424,7;"ANAPOLIS";"Sim";"Ingestao de alcool";1;"Saida de leito carrocavel";"Com Vitimas Fatais";"Plena Noite";"Crescente";"Ceu Claro";"Dupla";"Reta";"Nao";196728;"Automóvel";"I/TOYOTA CALDINA 2.0 TUR";2001;"Condutor";"Óbito";57;"Masculino";0;0;0;1;"-16.21074954";"-49.01848676";"SR-GO";"DEL1/2";"UOP01/GO"
110360;249231;2018-02-10;"sabado";"20:05:00";"ES";101;370,6;"ICONHA";"Nao";"Ingestao de alcool";1;"Colisao transversal";"Sem Vitimas";"Plena Noite";"Crescente";"Ceu Claro";"Simples";"Reta";"Nao";196821;"Caminhao";"VW/9.160 DRC 4X2";2013;"Condutor";"Ileso";50;"Masculino";1;0;0;0;"-20.7708822";"-40.76341326";"SR-ES";"DEL12/3";"UOP01/ES"
110360;249232;2018-02-10;"sabado";"20:05:00";"ES";101;370,6;"ICONHA";"Nao";"Ingestao de alcool";1;"Colisao transversal";"Sem Vitimas";"Plena Noite";"Crescente";"Ceu Claro";"Simples";"Reta";"Nao";196821;"Caminhao";"VW/9.160 DRC 4X2";2013;"Passageiro";"Ileso";54;"Masculino";1;0;0;0;"-20.7708822";"-40.76341326";"SR-ES";"DEL12/3";"UOP01/ES"
110360;249233;2018-02-10;"sabado";"20:05:00";"ES";101;370,6;"ICONHA";"Nao";"Ingestao de alcool";1;"Colisao transversal";"Sem Vitimas";"Plena Noite";"Crescente";"Ceu Claro";"Simples";"Reta";"Nao";196822;"Automóvel";"FORD/FIESTA 1.6";2003;"Passageiro";"Ileso";15;"Masculino";1;0;0;0;"-20.7708822";"-40.76341326";"SR-ES";"DEL12/3";"UOP01/ES"
110360;249234;2018-02-10;"sabado";"20:05:00";"ES";101;370,6;"ICONHA";"Nao";"Ingestao de alcool";1;"Colisao transversal";"Sem Vitimas";"Plena Noite";"Crescente";"Ceu Claro";"Simples";"Reta";"Nao";196822;"Automóvel";"FORD/FIESTA 1.6";2003;"Passageiro";"Ileso";17;"Feminino";1;0;0;0;"-20.7708822";"-40.76341326";"SR-ES";"DEL12/3";"UOP01/ES"
110360;249236;2018-02-10;"sabado";"20:05:00";"ES";101;370,6;"ICONHA";"Nao";"Ingestao de alcool";1;"Colisao transversal";"Sem Vitimas";"Plena Noite";"Crescente";"Ceu Claro";"Simples";"Reta";"Nao";196822;"Automóvel";"FORD/FIESTA 1.6";2003;"Passageiro";"Ileso";40;"Feminino";1;0;0;0;"-20.7708822";"-40.76341326";"SR-ES";"DEL12/3";"UOP01/ES"
110360;249230;2018-02-10;"sabado";"20:05:00";"ES";101;370,6;"ICONHA";"Nao";"Ingestao de alcool";1;"Colisao transversal";"Sem Vitimas";"Plena Noite";"Crescente";"Ceu Claro";"Simples";"Reta";"Nao";196822;"Automóvel";"FORD/FIESTA 1.6";2003;"Condutor";"Ileso";46;"Masculino";1;0;0;0;"-20.7708822";"-40.76341326";"SR-ES";"DEL12/3";"UOP01/ES"
110362;240235;2018-02-10;"sabado";"20:25:00";"SC";470;127;"LONTRAS";"Sim";"Ingestao de alcool";1;"Colisao frontal";"Sem Vitimas";"Plena Noite";"Crescente";"Nublado";"Simples";"Reta";"Sim";196612;"Ônibus";"I/M.BENZ";1978;"Condutor";"Ileso";59;"Masculino";1;0;0;0;"-27.125439";"-49.537618";"SR-SC";"DEL8/4";"UOP02/SC"
110362;240230;2018-02-10;"sabado";"20:25:00";"SC";470;127;"LONTRAS";"Sim";"Ingestao de alcool";1;"Colisao frontal";"Sem Vitimas";"Plena Noite";"Crescente";"Nublado";"Simples";"Reta";"Sim";196611;"Automóvel";"GM/CELTA 2P SPIRIT";2008;"Condutor";"Ileso";49;"Masculino";1;0;0;0;"-27.125439";"-49.537618";"SR-SC";"DEL8/4";"UOP02/SC"
110365;240306;2018-02-10;"sabado";"19:20:00";"MS";262;443,9;"DOIS IRMAOS DO BURITI";"Sim";"Ingestao de alcool";1;"Queda de ocupante de veiculo";"Sem Vitimas";"Amanhecer";"Crescente";"Nublado";"Simples";"Rotatória";"Nao";196735;"Motocicleta";"HONDA/CG 125 TITAN KS";2000;"Condutor";"Ileso";35;"Masculino";1;0;0;0;"-20.52993313";"-55.40130615";"SR-MS";"DEL3/3";"UOP01/MS"
110372;240351;2018-02-10;"sabado";"21:50:00";"PR";277;3,5;"PARANAGUA";"Sim";"Ingestao de alcool";1;"Colisao frontal";"Com Vitimas Feridas";"Plena Noite";"Decrescente";"Chuva";"Simples";"Nao Informado";"Nao";196661;"Automóvel";"I/CHEVROLET CLASSIC LS";2012;"Condutor";"Ileso";37;"Feminino";1;0;0;0;"-25.54630807";"-48.56021941";"SR-PR";"DEL7/1";"UOP07/PR"
110372;240352;2018-02-10;"sabado";"21:50:00";"PR";277;3,5;"PARANAGUA";"Sim";"Ingestao de alcool";1;"Colisao frontal";"Com Vitimas Feridas";"Plena Noite";"Decrescente";"Chuva";"Simples";"Nao Informado";"Nao";196662;"Automóvel";"GM/ASTRA SEDAN";2003;"Condutor";"Lesoes Leves";40;"Masculino";0;1;0;0;"-25.54630807";"-48.56021941";"SR-PR";"DEL7/1";"UOP07/PR"
110375;240241;2018-02-10;"sabado";"19:10:00";"RO";364;426;"JARU";"Sim";"Ingestao de alcool";1;"Colisao traseira";"Com Vitimas Feridas";"Plena Noite";"Crescente";"Nublado";"Simples";"Reta";"Sim";196629;"Automóvel";"TOYOTA/COROLLA XEI20FLEX";2012;"Condutor";"Ileso";25;"Masculino";1;0;0;0;"-10.44459772";"-62.48748779";"SR-RO";"DEL21/3";"UOP02/RO"
110375;240238;2018-02-10;"sabado";"19:10:00";"RO";364;426;"JARU";"Sim";"Ingestao de alcool";1;"Colisao traseira";"Com Vitimas Feridas";"Plena Noite";"Crescente";"Nublado";"Simples";"Reta";"Sim";196628;"Motocicleta";"HONDA/CG 150 FAN ESI";2012;"Condutor";"Lesoes Leves";40;"Masculino";0;1;0;0;"-10.44459772";"-62.48748779";"SR-RO";"DEL21/3";"UOP02/RO"
110395;240417;2018-02-10;"sabado";"21:00:00";"MS";163;268,9;"DOURADOS";"Sim";"Ingestao de alcool";1;"Queda de ocupante de veiculo";"Sem Vitimas";"Plena Noite";"Crescente";"Nublado";"Dupla";"Reta";"Nao";196810;"Motocicleta";"HONDA/CG 150 FAN ESI";2011;"Condutor";"Ileso";29;"Masculino";1;0;0;0;"-22.19878936";"-54.69729602";"SR-MS";"DEL3/4";"UOP01/MS"
110405;240299;2018-02-10;"sabado";"20:50:00";"SE";101;1,4;"PROPRIA";"Sim";"Ingestao de alcool";1;"Saida de leito carrocavel";"Sem Vitimas";"Plena Noite";"Crescente";"Ceu Claro";"Simples";"Intersecao de vias";"Nao";196724;"Automóvel";"GM/CORSA HATCH MAXX";2011;"Condutor";"Ileso";48;"Masculino";1;0;0;0;"-10.21832168";"-36.8255334";"SR-SE";"DEL20/2";"UOP02/SE"
110407;240335;2018-02-10;"sabado";"21:25:00";"AC";364;121;"RIO BRANCO";"Sim";"Ingestao de alcool";1;"Colisao lateral";"Com Vitimas Feridas";"Plena Noite";"Decrescente";"Chuva";"Dupla";"Reta";"Sim";196769;"Motocicleta";"HONDA/CG150 TITAN MIXESD";2009;"Condutor";"Lesoes Leves";29;"Masculino";0;1;0;0;"-10.012093";"-67.764404";"SR-AC";"UOP01/AC";""
110407;240338;2018-02-10;"sabado";"21:25:00";"AC";364;121;"RIO BRANCO";"Sim";"Ingestao de alcool";1;"Colisao lateral";"Com Vitimas Feridas";"Plena Noite";"Decrescente";"Chuva";"Dupla";"Reta";"Sim";196770;"Bicicleta";"";NA;"Condutor";"Lesoes Leves";38;"Feminino";0;1;0;0;"-10.012093";"-67.764404";"SR-AC";"UOP01/AC";""
110407;240340;2018-02-10;"sabado";"21:25:00";"AC";364;121;"RIO BRANCO";"Sim";"Ingestao de alcool";1;"Colisao lateral";"Com Vitimas Feridas";"Plena Noite";"Decrescente";"Chuva";"Dupla";"Reta";"Sim";196770;"Bicicleta";"";NA;"Passageiro";"Lesoes Leves";14;"Feminino";0;1;0;0;"-10.012093";"-67.764404";"SR-AC";"UOP01/AC";""
110413;244169;2018-02-10;"sabado";"22:40:00";"BA";101;61,9;"ENTRE RIOS";"Sim";"Ingestao de alcool";1;"Colisao frontal";"Sem Vitimas";"Plena Noite";"Crescente";"Nublado";"Simples";"Reta";"Sim";196743;"Automóvel";"GM/ASTRA HB 4P ADVANTAGE";2007;"Condutor";"Ileso";30;"Masculino";1;0;0;0;"-11.94960991";"-38.07106018";"SR-BA";"DEL10/1";"UOP04/BA"
110413;244171;2018-02-10;"sabado";"22:40:00";"BA";101;61,9;"ENTRE RIOS";"Sim";"Ingestao de alcool";1;"Colisao frontal";"Sem Vitimas";"Plena Noite";"Crescente";"Nublado";"Simples";"Reta";"Sim";196744;"Automóvel";"GM/CORSA WIND";1999;"Condutor";"Ileso";35;"Masculino";1;0;0;0;"-11.94960991";"-38.07106018";"SR-BA";"DEL10/1";"UOP04/BA"
110417;240316;2018-02-10;"sabado";"21:15:00";"PI";316;314;"PICOS";"Sim";"Ingestao de alcool";1;"Colisao lateral";"Com Vitimas Feridas";"Plena Noite";"Decrescente";"Chuva";"Simples";"Reta";"Sim";196742;"Automóvel";"FIAT/UNO MILLE FIRE";2003;"Condutor";"Ileso";27;"Masculino";1;0;0;0;"-7.08222298";"-41.41904357";"SR-PI";"DEL17/4";"UOP01/PI"
110417;240317;2018-02-10;"sabado";"21:15:00";"PI";316;314;"PICOS";"Sim";"Ingestao de alcool";1;"Colisao lateral";"Com Vitimas Feridas";"Plena Noite";"Decrescente";"Chuva";"Simples";"Reta";"Sim";196742;"Automóvel";"FIAT/UNO MILLE FIRE";2003;"Passageiro";"Lesoes Leves";23;"Feminino";0;1;0;0;"-7.08222298";"-41.41904357";"SR-PI";"DEL17/4";"UOP01/PI"
110417;240318;2018-02-10;"sabado";"21:15:00";"PI";316;314;"PICOS";"Sim";"Ingestao de alcool";1;"Colisao lateral";"Com Vitimas Feridas";"Plena Noite";"Decrescente";"Chuva";"Simples";"Reta";"Sim";196741;"Motocicleta";"YAMAHA/YBR150 FACTOR E";2017;"Condutor";"Lesoes Graves";23;"Masculino";0;0;1;0;"-7.08222298";"-41.41904357";"SR-PI";"DEL17/4";"UOP01/PI"
110420;241664;2018-02-11;"domingo";"01:00:00";"SC";282;3;"FLORIANOPOLIS";"Sim";"Ingestao de alcool";1;"Colisao traseira";"Sem Vitimas";"Plena Noite";"Decrescente";"Nublado";"Simples";"Reta";"Sim";197038;"Motocicleta";"YAMAHA/FAZER YS250";2008;"Condutor";"Nao Informado";NA;"Nao Informado";0;0;0;0;"-27.600384";"-48.599705";"SR-SC";"DEL8/1";"UOP01/SC"
110420;241667;2018-02-11;"domingo";"01:00:00";"SC";282;3;"FLORIANOPOLIS";"Sim";"Ingestao de alcool";1;"Colisao traseira";"Sem Vitimas";"Plena Noite";"Decrescente";"Nublado";"Simples";"Reta";"Sim";197039;"Automóvel";"CHEV/PRISMA 1.0MT LT";2015;"Condutor";"Ileso";31;"Masculino";1;0;0;0;"-27.600384";"-48.599705";"SR-SC";"DEL8/1";"UOP01/SC"
110420;241669;2018-02-11;"domingo";"01:00:00";"SC";282;3;"FLORIANOPOLIS";"Sim";"Ingestao de alcool";1;"Colisao traseira";"Sem Vitimas";"Plena Noite";"Decrescente";"Nublado";"Simples";"Reta";"Sim";197040;"Automóvel";"CHEVROLET/ONIX 1.0MT LT";2017;"Condutor";"Ileso";61;"Masculino";1;0;0;0;"-27.600384";"-48.599705";"SR-SC";"DEL8/1";"UOP01/SC"
110420;241665;2018-02-11;"domingo";"01:00:00";"SC";282;3;"FLORIANOPOLIS";"Sim";"Ingestao de alcool";1;"Colisao traseira";"Sem Vitimas";"Plena Noite";"Decrescente";"Nublado";"Simples";"Reta";"Sim";197038;"Motocicleta";"YAMAHA/FAZER YS250";2008;"Passageiro";"Ileso";NA;"Feminino";1;0;0;0;"-27.600384";"-48.599705";"SR-SC";"DEL8/1";"UOP01/SC"
110422;240356;2018-02-11;"domingo";"01:40:00";"RJ";116;239;"PIRAI";"Sim";"Ingestao de alcool";1;"Colisao com objeto estatico";"Com Vitimas Feridas";"Plena Noite";"Crescente";"Chuva";"Dupla";"Reta";"Sim";196787;"Automóvel";"IMP/GM CORSA GL";1998;"Condutor";"Ileso";52;"Masculino";1;0;0;0;"-22.6596916";"-43.8680777";"SR-RJ";"DEL5/7";"UOP01/RJ"
110422;240357;2018-02-11;"domingo";"01:40:00";"RJ";116;239;"PIRAI";"Sim";"Ingestao de alcool";1;"Colisao com objeto estatico";"Com Vitimas Feridas";"Plena Noite";"Crescente";"Chuva";"Dupla";"Reta";"Sim";196787;"Automóvel";"IMP/GM CORSA GL";1998;"Passageiro";"Lesoes Graves";18;"Feminino";0;0;1;0;"-22.6596916";"-43.8680777";"SR-RJ";"DEL5/7";"UOP01/RJ"
110422;244364;2018-02-11;"domingo";"01:40:00";"RJ";116;239;"PIRAI";"Sim";"Ingestao de alcool";1;"Colisao com objeto estatico";"Com Vitimas Feridas";"Plena Noite";"Crescente";"Chuva";"Dupla";"Reta";"Sim";196857;"Caminhao";"";NA;"Condutor";"Nao Informado";NA;"Nao Informado";0;0;0;0;"-22.6596916";"-43.8680777";"SR-RJ";"DEL5/7";"UOP01/RJ"
110428;240363;2018-02-11;"domingo";"01:45:00";"RS";101;4,5;"TORRES";"Sim";"Ingestao de alcool";1;"Saida de leito carrocavel";"Sem Vitimas";"Plena Noite";"Crescente";"Chuva";"Dupla";"Curva";"Sim";196761;"Automóvel";"FIAT/PALIO FIRE";2004;"Condutor";"Ileso";30;"Masculino";1;0;0;0;"-29.33586269";"-49.78542566";"SR-RS";"DEL9/3";"UOP03/RS"
110432;242965;2018-02-11;"domingo";"02:30:00";"GO";60;39,1;"GOIANIA";"Sim";"Ingestao de alcool";1;"Colisao transversal";"Sem Vitimas";"Plena Noite";"Decrescente";"Ceu Claro";"Dupla";"Rotatória";"Sim";196825;"Camioneta";"I/GM CAPTIVA SPORT AWD";2008;"Condutor";"Ileso";38;"Masculino";1;0;0;0;"-16.75170684";"-49.34165955";"SR-GO";"DEL1/1";"UOP03/GO"
110432;242967;2018-02-11;"domingo";"02:30:00";"GO";60;39,1;"GOIANIA";"Sim";"Ingestao de alcool";1;"Colisao transversal";"Sem Vitimas";"Plena Noite";"Decrescente";"Ceu Claro";"Dupla";"Rotatória";"Sim";196825;"Camioneta";"I/GM CAPTIVA SPORT AWD";2008;"Passageiro";"Ileso";31;"Feminino";1;0;0;0;"-16.75170684";"-49.34165955";"SR-GO";"DEL1/1";"UOP03/GO"
110432;242948;2018-02-11;"domingo";"02:30:00";"GO";60;39,1;"GOIANIA";"Sim";"Ingestao de alcool";1;"Colisao transversal";"Sem Vitimas";"Plena Noite";"Decrescente";"Ceu Claro";"Dupla";"Rotatória";"Sim";196824;"Caminhonete";"FORD/PAMPA 4X4 GL";1988;"Condutor";"Ileso";53;"Masculino";1;0;0;0;"-16.75170684";"-49.34165955";"SR-GO";"DEL1/1";"UOP03/GO"
110434;242290;2018-02-11;"domingo";"02:20:00";"GO";40;3;"VALPARAISO DE GOIAS";"Sim";"Ingestao de alcool";1;"Colisao traseira";"Sem Vitimas";"Plena Noite";"Crescente";"Ceu Claro";"Dupla";"Reta";"Sim";198173;"Automóvel";"";NA;"Condutor";"Nao Informado";NA;"Nao Informado";0;0;0;0;"-16.076081";"-47.985671";"SR-DF";"GO";"UOP01/DF"
110434;242184;2018-02-11;"domingo";"02:20:00";"GO";40;3;"VALPARAISO DE GOIAS";"Sim";"Ingestao de alcool";1;"Colisao traseira";"Sem Vitimas";"Plena Noite";"Crescente";"Ceu Claro";"Dupla";"Reta";"Sim";196876;"Automóvel";"VW/NOVO VOYAGE CL MBV";2017;"Condutor";"Ileso";40;"Masculino";1;0;0;0;"-16.076081";"-47.985671";"SR-DF";"GO";"UOP01/DF"
110434;242185;2018-02-11;"domingo";"02:20:00";"GO";40;3;"VALPARAISO DE GOIAS";"Sim";"Ingestao de alcool";1;"Colisao traseira";"Sem Vitimas";"Plena Noite";"Crescente";"Ceu Claro";"Dupla";"Reta";"Sim";196877;"Automóvel";"FIAT/PALIO EX";2000;"Condutor";"Nao Informado";NA;"Nao Informado";0;0;0;0;"-16.076081";"-47.985671";"SR-DF";"GO";"UOP01/DF"
110441;240366;2018-02-11;"domingo";"04:00:00";"PR";277;71;"SAO JOSE DOS PINHAIS";"Sim";"Ingestao de alcool";1;"Colisao com objeto estatico";"Com Vitimas Feridas";"Plena Noite";"Decrescente";"Nublado";"Dupla";"Reta";"Nao";196799;"Automóvel";"FIAT/PALIO YOUNG";2001;"Condutor";"Lesoes Leves";24;"Masculino";0;1;0;0;"-25.5307";"-49.1958";"SR-PR";"DEL7/1";"UOP06/PR"
110448;242249;2018-02-11;"domingo";"05:40:00";"PR";467;77;"TOLEDO";"Sim";"Ingestao de alcool";1;"Colisao com objeto estatico";"Com Vitimas Feridas";"Plena Noite";"Crescente";"Nublado";"Simples";"Viaduto";"Nao";196847;"Motocicleta";"YAMAHA/YBR 125E";2004;"Condutor";"Lesoes Leves";19;"Masculino";0;1;0;0;"-24.7652";"-53.6899";"SR-PR";"DEL7/4";"UOP01/PR"
110459;241149;2018-02-11;"domingo";"04:30:00";"PI";316;314,9;"PICOS";"Sim";"Ingestao de alcool";1;"Colisao frontal";"Com Vitimas Fatais";"Plena Noite";"Decrescente";"Garoa/Chuvisco";"Multipla";"Reta";"Sim";196871;"Automóvel";"TOYOTA/COROLLA GLI18 CVT";2017;"Condutor";"Lesoes Graves";37;"Masculino";0;0;1;0;"-7.08862768";"-41.3923645";"SR-PI";"DEL17/4";"UOP01/PI"
110459;241146;2018-02-11;"domingo";"04:30:00";"PI";316;314,9;"PICOS";"Sim";"Ingestao de alcool";1;"Colisao frontal";"Com Vitimas Fatais";"Plena Noite";"Decrescente";"Garoa/Chuvisco";"Multipla";"Reta";"Sim";196870;"Automóvel";"FIAT/PALIO WK TREKK 1.6";2012;"Passageiro";"Lesoes Leves";19;"Masculino";0;1;0;0;"-7.08862768";"-41.3923645";"SR-PI";"DEL17/4";"UOP01/PI"
110459;240467;2018-02-11;"domingo";"04:30:00";"PI";316;314,9;"PICOS";"Sim";"Ingestao de alcool";1;"Colisao frontal";"Com Vitimas Fatais";"Plena Noite";"Decrescente";"Garoa/Chuvisco";"Multipla";"Reta";"Sim";196870;"Automóvel";"FIAT/PALIO WK TREKK 1.6";2012;"Condutor";"Óbito";42;"Masculino";0;0;0;1;"-7.08862768";"-41.3923645";"SR-PI";"DEL17/4";"UOP01/PI"
110459;240468;2018-02-11;"domingo";"04:30:00";"PI";316;314,9;"PICOS";"Sim";"Ingestao de alcool";1;"Colisao frontal";"Com Vitimas Fatais";"Plena Noite";"Decrescente";"Garoa/Chuvisco";"Multipla";"Reta";"Sim";196870;"Automóvel";"FIAT/PALIO WK TREKK 1.6";2012;"Passageiro";"Óbito";25;"Masculino";0;0;0;1;"-7.08862768";"-41.3923645";"SR-PI";"DEL17/4";"UOP01/PI"
110468;240403;2018-02-11;"domingo";"04:30:00";"SC";470;184,4;"POUSO REDONDO";"Sim";"Ingestao de alcool";1;"Colisao com objeto estatico";"Com Vitimas Feridas";"Plena Noite";"Decrescente";"Chuva";"Simples";"Reta";"Nao";196832;"Automóvel";"I/RENAULT FLUENCE DYN20A";2011;"Condutor";"Ileso";40;"Masculino";1;0;0;0;"-27.25380756";"-50.03059114";"SR-SC";"DEL8/4";"UOP02/SC"
110468;240405;2018-02-11;"domingo";"04:30:00";"SC";470;184,4;"POUSO REDONDO";"Sim";"Ingestao de alcool";1;"Colisao com objeto estatico";"Com Vitimas Feridas";"Plena Noite";"Decrescente";"Chuva";"Simples";"Reta";"Nao";196832;"Automóvel";"I/RENAULT FLUENCE DYN20A";2011;"Passageiro";"Lesoes Leves";36;"Feminino";0;1;0;0;"-27.25380756";"-50.03059114";"SR-SC";"DEL8/4";"UOP02/SC"
110468;240406;2018-02-11;"domingo";"04:30:00";"SC";470;184,4;"POUSO REDONDO";"Sim";"Ingestao de alcool";1;"Colisao com objeto estatico";"Com Vitimas Feridas";"Plena Noite";"Decrescente";"Chuva";"Simples";"Reta";"Nao";196832;"Automóvel";"I/RENAULT FLUENCE DYN20A";2011;"Passageiro";"Lesoes Leves";5;"Feminino";0;1;0;0;"-27.25380756";"-50.03059114";"SR-SC";"DEL8/4";"UOP02/SC"
110471;240416;2018-02-11;"domingo";"05:00:00";"MS";60;548;"NIOAQUE";"Sim";"Ingestao de alcool";1;"Saida de leito carrocavel";"Com Vitimas Feridas";"Plena Noite";"Crescente";"Ceu Claro";"Simples";"Reta";"Sim";196835;"Automóvel";"VW/GOL MI";1997;"Condutor";"Lesoes Leves";27;"Masculino";0;1;0;0;"-21.135727";"-55.83045";"SR-MS";"DEL3/5";"UOP01/MS"
110481;240539;2018-02-11;"domingo";"08:00:00";"SC";101;304,9;"LAGUNA";"Sim";"Ingestao de alcool";1;"Saida de leito carrocavel";"Com Vitimas Feridas";"Pleno dia";"Crescente";"Chuva";"Dupla";"Reta";"Nao";196891;"Automóvel";"FIAT/STILO FLEX DUALOGIC";2009;"Condutor";"Lesoes Leves";31;"Masculino";0;1;0;0;"-28.39317949";"-48.77946317";"SR-SC";"DEL8/2";"UOP03/SC"