"id";"pesid";"data_inversa";"dia_semana";"horario";"uf";"br";"km";"municipio";"causa_principal";"causa_acidente";"ordem_tipo_acidente";"tipo_acidente";"classificacao_acidente";"fase_dia";"sentido_via";"condicao_metereologica";"tipo_pista";"tracado_via";"uso_solo";"id_veiculo";"tipo_veiculo";"marca";"ano_fabricacao_veiculo";"tipo_envolvido";"estado_fisico";"idade";"sexo";"ilesos";"feridos_leves";"feridos_graves";"mortos";"latitude";"longitude";"regional";"delegacia";"uop"
111784;246638;2018-02-16;"sexta-feira";"23:45:00";"PR";277;347;"GUARAPUAVA";"Sim";"Ingestao de alcool";1;"Saida de leito carrocavel";"Com Vitimas Feridas";"Plena Noite";"Decrescente";"Nublado";"Simples";"Reta";"Sim";199351;"Caminhao";"VW/17.210 MOTOR MWM";2004;"Condutor";"Lesoes Leves";40;"Masculino";0;1;0;0;"-25.37380917";"-51.50871277";"SR-PR";"DEL7/3";"UOP02/PR"
111784;246643;2018-02-16;"sexta-feira";"23:45:00";"PR";277;347;"GUARAPUAVA";"Sim";"Ingestao de alcool";1;"Saida de leito carrocavel";"Com Vitimas Feridas";"Plena Noite";"Decrescente";"Nublado";"Simples";"Reta";"Sim";199351;"Caminhao";"VW/17.210 MOTOR MWM";2004;"Passageiro";"Lesoes Graves";41;"Feminino";0;0;1;0;"-25.37380917";"-51.50871277";"SR-PR";"DEL7/3";"UOP02/PR"
111786;243730;2018-02-16;"sexta-feira";"22:30:00";"SC";282;495,3;"XANXERE";"Sim";"Ingestao de alcool";1;"Colisao frontal";"Com Vitimas Feridas";"Plena Noite";"Crescente";"Ceu Claro";"Simples";"Reta";"Nao";199270;"Caminhao";"FORD/F4000";1980;"Condutor";"Lesoes Graves";35;"Masculino";0;0;1;0;"-26.87920575";"-52.32307434";"SR-SC";"DEL8/8";"UOP01/SC"
111786;243727;2018-02-16;"sexta-feira";"22:30:00";"SC";282;495,3;"XANXERE";"Sim";"Ingestao de alcool";1;"Colisao frontal";"Com Vitimas Feridas";"Plena Noite";"Crescente";"Ceu Claro";"Simples";"Reta";"Nao";199269;"Automóvel";"VW/GOL 16V";1999;"Condutor";"Lesoes Graves";36;"Masculino";0;0;1;0;"-26.87920575";"-52.32307434";"SR-SC";"DEL8/8";"UOP01/SC"
111795;245492;2018-02-17;"sabado";"00:40:00";"SC";101;185,1;"BIGUACU";"Sim";"Ingestao de alcool";1;"Colisao lateral";"Sem Vitimas";"Plena Noite";"Decrescente";"Ceu Claro";"Dupla";"Curva";"Nao";200563;"Automóvel";"FIAT/UNO MILLE FIRE";2001;"Condutor";"Ileso";24;"Masculino";1;0;0;0;"-27.429";"-48.624";"SR-SC";"DEL8/1";"UOP01/SC"
111800;245487;2018-02-17;"sabado";"03:00:00";"PR";369;151;"LONDRINA";"Sim";"Ingestao de alcool";1;"Queda de ocupante de veiculo";"Com Vitimas Feridas";"Plena Noite";"Crescente";"Ceu Claro";"Dupla";"Reta";"Sim";199335;"Motocicleta";"HONDA/CG 125 TITAN KS";2001;"Condutor";"Lesoes Leves";30;"Masculino";0;1;0;0;"-23.29685592";"-51.17843628";"SR-PR";"DEL7/7";"UOP01/PR"
111802;243822;2018-02-17;"sabado";"03:20:00";"SC";101;28,5;"JOINVILLE";"Sim";"Ingestao de alcool";1;"Colisao com objeto estatico";"Sem Vitimas";"Anoitecer";"Decrescente";"Nublado";"Dupla";"Reta";"Nao";199331;"Automóvel";"FIAT/BRAVO ABSOLUTE DUAL";2011;"Condutor";"Ileso";22;"Masculino";1;0;0;0;"-26.2283";"-48.9165";"SR-SC";"DEL8/3";"UOP01/SC"
111803;243854;2018-02-17;"sabado";"03:40:00";"PR";163;79,9;"PLANALTO";"Sim";"Ingestao de alcool";1;"Saida de leito carrocavel";"Com Vitimas Feridas";"Plena Noite";"Crescente";"Nublado";"Simples";"Curva";"Nao";199349;"Automóvel";"VW/GOL 1.6 POWER";2009;"Condutor";"Lesoes Leves";30;"Masculino";0;1;0;0;"-25.72979155";"-53.78953758";"SR-PR";"DEL7/2";"UOP04/PR"
111818;243862;2018-02-17;"sabado";"06:00:00";"GO";70;1;"AGUAS LINDAS DE GOIAS";"Sim";"Ingestao de alcool";1;"Queda de ocupante de veiculo";"Com Vitimas Feridas";"Plena Noite";"Crescente";"Ceu Claro";"Dupla";"Curva";"Sim";199392;"Motocicleta";"HONDA/CG 160 TITAN EX";2017;"Condutor";"Lesoes Leves";23;"Masculino";0;1;0;0;"-15.7723";"-48.2309";"SR-DF";"GO";"UOP06/DF"
111819;243888;2018-02-17;"sabado";"07:00:00";"SC";101;207;"SAO JOSE";"Sim";"Ingestao de alcool";1;"Colisao traseira";"Com Vitimas Feridas";"Pleno dia";"Crescente";"Ceu Claro";"Dupla";"Reta";"Sim";199386;"Motocicleta";"HONDA/NXR150 BROS ES";2007;"Passageiro";"Lesoes Graves";23;"Feminino";0;0;1;0;"-27.6034";"-48.632";"SR-SC";"DEL8/1";"UOP01/SC"
111819;243886;2018-02-17;"sabado";"07:00:00";"SC";101;207;"SAO JOSE";"Sim";"Ingestao de alcool";1;"Colisao traseira";"Com Vitimas Feridas";"Pleno dia";"Crescente";"Ceu Claro";"Dupla";"Reta";"Sim";199386;"Motocicleta";"HONDA/NXR150 BROS ES";2007;"Condutor";"Lesoes Graves";NA;"Masculino";0;0;1;0;"-27.6034";"-48.632";"SR-SC";"DEL8/1";"UOP01/SC"
111835;243977;2018-02-17;"sabado";"08:35:00";"RS";116;148,2;"CAXIAS DO SUL";"Sim";"Ingestao de alcool";1;"Colisao com objeto estatico";"Com Vitimas Feridas";"Pleno dia";"Decrescente";"Ceu Claro";"Dupla";"Curva";"Sim";199453;"Automóvel";"VW/GOL 16V PLUS";2001;"Condutor";"Lesoes Leves";37;"Masculino";0;1;0;0;"-29.15589123";"-51.1517276";"SR-RS";"DEL9/5";"UOP01/RS"
111835;243986;2018-02-17;"sabado";"08:35:00";"RS";116;148,2;"CAXIAS DO SUL";"Sim";"Ingestao de alcool";1;"Colisao com objeto estatico";"Com Vitimas Feridas";"Pleno dia";"Decrescente";"Ceu Claro";"Dupla";"Curva";"Sim";199453;"Automóvel";"VW/GOL 16V PLUS";2001;"Testemunha";"Nao Informado";NA;"Nao Informado";0;0;0;0;"-29.15589123";"-51.1517276";"SR-RS";"DEL9/5";"UOP01/RS"
111838;243983;2018-02-17;"sabado";"07:40:00";"SC";470;47;"GASPAR";"Sim";"Ingestao de alcool";1;"Colisao traseira";"Sem Vitimas";"Pleno dia";"Crescente";"Ceu Claro";"Simples";"Reta";"Nao";199435;"Automóvel";"RENAULT/SCENIC RXE 2.0";1999;"Condutor";"Ileso";45;"Masculino";1;0;0;0;"-26.86525225";"-49.03309286";"SR-SC";"DEL8/4";"UOP01/SC"
111838;243984;2018-02-17;"sabado";"07:40:00";"SC";470;47;"GASPAR";"Sim";"Ingestao de alcool";1;"Colisao traseira";"Sem Vitimas";"Pleno dia";"Crescente";"Ceu Claro";"Simples";"Reta";"Nao";199436;"Automóvel";"HONDA/FIT LX CVT";2016;"Condutor";"Nao Informado";NA;"Nao Informado";0;0;0;0;"-26.86525225";"-49.03309286";"SR-SC";"DEL8/4";"UOP01/SC"
111838;243982;2018-02-17;"sabado";"07:40:00";"SC";470;47;"GASPAR";"Sim";"Ingestao de alcool";1;"Colisao traseira";"Sem Vitimas";"Pleno dia";"Crescente";"Ceu Claro";"Simples";"Reta";"Nao";199434;"Automóvel";"VW/GOL 1.0";2007;"Condutor";"Ileso";30;"Masculino";1;0;0;0;"-26.86525225";"-49.03309286";"SR-SC";"DEL8/4";"UOP01/SC"
111843;245815;2018-02-17;"sabado";"08:15:00";"PR";467;90;"CASCAVEL";"Sim";"Ingestao de alcool";2;"Capotamento";"Sem Vitimas";"Pleno dia";"Decrescente";"Nublado";"Dupla";"Reta";"Nao";199494;"Automóvel";"GM/ASTRA GL";1999;"Condutor";"Ileso";23;"Masculino";1;0;0;0;"-24.8439";"-53.6077";"SR-PR";"DEL7/4";"UOP06/PR"
111877;243942;2018-01-21;"domingo";"20:50:00";"PE";110;101,8;"SERTANIA";"Sim";"Ingestao de alcool";1;"Colisao traseira";"Com Vitimas Feridas";"Plena Noite";"Decrescente";"Ceu Claro";"Simples";"Reta";"Nao";199431;"Caminhao";"";NA;"Condutor";"Ileso";NA;"Nao Informado";1;0;0;0;"-8.39207561";"-37.33147298";"SR-PE";"DEL11/3";"UOP02/PE"
111877;243941;2018-01-21;"domingo";"20:50:00";"PE";110;101,8;"SERTANIA";"Sim";"Ingestao de alcool";1;"Colisao traseira";"Com Vitimas Feridas";"Plena Noite";"Decrescente";"Ceu Claro";"Simples";"Reta";"Nao";199430;"Motocicleta";"IMP/HARTFORD LEGION 125";1998;"Condutor";"Lesoes Graves";29;"Masculino";0;0;1;0;"-8.39207561";"-37.33147298";"SR-PE";"DEL11/3";"UOP02/PE"
111923;244139;2018-02-17;"sabado";"17:05:00";"PB";361;4;"PATOS";"Sim";"Ingestao de alcool";1;"Queda de ocupante de veiculo";"Com Vitimas Feridas";"Pleno dia";"Crescente";"Nublado";"Simples";"Reta";"Sim";199553;"Motocicleta";"HONDA/CG 150 TITAN ES";2006;"Condutor";"Lesoes Leves";47;"Masculino";0;1;0;0;"-7.033711";"-37.300019";"SR-PB";"DEL14/3";"UOP01/PB"
111924;247235;2018-02-17;"sabado";"18:05:00";"PR";376;488,2;"PONTA GROSSA";"Sim";"Ingestao de alcool";1;"Colisao traseira";"Sem Vitimas";"Pleno dia";"Decrescente";"Ceu Claro";"Dupla";"Reta";"Sim";202337;"Automóvel";"VW/GOL TL MC";2016;"Condutor";"Ileso";41;"Masculino";1;0;0;0;"-25.08808638";"-50.19241333";"SR-PR";"DEL7/3";"UOP03/PR"
111924;247234;2018-02-17;"sabado";"18:05:00";"PR";376;488,2;"PONTA GROSSA";"Sim";"Ingestao de alcool";1;"Colisao traseira";"Sem Vitimas";"Pleno dia";"Decrescente";"Ceu Claro";"Dupla";"Reta";"Sim";199632;"Caminhao";"VW/24.280 CRM 6X2";2012;"Condutor";"Ileso";57;"Masculino";1;0;0;0;"-25.08808638";"-50.19241333";"SR-PR";"DEL7/3";"UOP03/PR"
111975;244275;2018-02-17;"sabado";"21:00:00";"GO";50;276,7;"CATALAO";"Sim";"Ingestao de alcool";1;"Colisao com objeto estatico";"Sem Vitimas";"Plena Noite";"Crescente";"Ceu Claro";"Simples";"Reta";"Nao";199674;"Automóvel";"FIAT/PALIO FIRE";2004;"Condutor";"Ileso";35;"Masculino";1;0;0;0;"-18.16279646";"-47.91033858";"SR-GO";"DEL1/6";"UOP01/GO"
111981;244242;2018-02-17;"sabado";"22:50:00";"SC";470;55,6;"BLUMENAU";"Sim";"Ingestao de alcool";1;"Colisao frontal";"Com Vitimas Fatais";"Plena Noite";"Decrescente";"Nublado";"Simples";"Curva";"Nao";199642;"Automóvel";"VW/UP TAKE MA";2015;"Condutor";"Lesoes Leves";32;"Masculino";0;1;0;0;"-26.87054961";"-49.10645127";"SR-SC";"DEL8/4";"UOP01/SC"
111981;244243;2018-02-17;"sabado";"22:50:00";"SC";470;55,6;"BLUMENAU";"Sim";"Ingestao de alcool";1;"Colisao frontal";"Com Vitimas Fatais";"Plena Noite";"Decrescente";"Nublado";"Simples";"Curva";"Nao";199642;"Automóvel";"VW/UP TAKE MA";2015;"Passageiro";"Lesoes Leves";33;"Feminino";0;1;0;0;"-26.87054961";"-49.10645127";"SR-SC";"DEL8/4";"UOP01/SC"
111981;244220;2018-02-17;"sabado";"22:50:00";"SC";470;55,6;"BLUMENAU";"Sim";"Ingestao de alcool";1;"Colisao frontal";"Com Vitimas Fatais";"Plena Noite";"Decrescente";"Nublado";"Simples";"Curva";"Nao";199641;"Automóvel";"VW/GOL MI";1998;"Condutor";"Óbito";45;"Masculino";0;0;0;1;"-26.87054961";"-49.10645127";"SR-SC";"DEL8/4";"UOP01/SC"
111987;245842;2018-02-17;"sabado";"22:00:00";"PI";343;341,5;"TERESINA";"Sim";"Ingestao de alcool";1;"Colisao lateral";"Sem Vitimas";"Plena Noite";"Crescente";"Garoa/Chuvisco";"Simples";"Curva";"Sim";200915;"Automóvel";"TOYOTA/COROLLA GLI18 CVT";2017;"Condutor";"Ileso";57;"Masculino";1;0;0;0;"-5.07776223";"-42.74309814";"SR-PI";"DEL17/1";"UOP01/PI"
111987;245840;2018-02-17;"sabado";"22:00:00";"PI";343;341,5;"TERESINA";"Sim";"Ingestao de alcool";1;"Colisao lateral";"Sem Vitimas";"Plena Noite";"Crescente";"Garoa/Chuvisco";"Simples";"Curva";"Sim";200914;"Automóvel";"FIAT/LINEA ABSOLUTE DUAL";2009;"Condutor";"Ileso";34;"Masculino";1;0;0;0;"-5.07776223";"-42.74309814";"SR-PI";"DEL17/1";"UOP01/PI"
111998;247150;2018-02-17;"sabado";"22:00:00";"RO";364;423,2;"JARU";"Sim";"Ingestao de alcool";1;"Colisao traseira";"Sem Vitimas";"Plena Noite";"Crescente";"Ceu Claro";"Simples";"Reta";"Sim";199652;"Automóvel";"CHEVROLET/CLASSIC LS";2013;"Condutor";"Ileso";25;"Feminino";1;0;0;0;"-10.45405133";"-62.46757507";"SR-RO";"DEL21/3";"UOP02/RO"
111998;247152;2018-02-17;"sabado";"22:00:00";"RO";364;423,2;"JARU";"Sim";"Ingestao de alcool";1;"Colisao traseira";"Sem Vitimas";"Plena Noite";"Crescente";"Ceu Claro";"Simples";"Reta";"Sim";199653;"Caminhonete";"CHEVROLET/S10 LT DD4A";2013;"Condutor";"Ileso";46;"Feminino";1;0;0;0;"-10.45405133";"-62.46757507";"SR-RO";"DEL21/3";"UOP02/RO"
112005;244259;2018-02-18;"domingo";"01:35:00";"SC";101;202,3;"SAO JOSE";"Sim";"Ingestao de alcool";1;"Capotamento";"Com Vitimas Feridas";"Plena Noite";"Decrescente";"Ceu Claro";"Dupla";"Reta";"Sim";199666;"Automóvel";"VW/GOL 1.6";2008;"Condutor";"Lesoes Leves";25;"Masculino";0;1;0;0;"-27.5774339";"-48.61230468";"SR-SC";"DEL8/1";"UOP01/SC"
112006;246232;2018-02-17;"sabado";"23:30:00";"SP";488;4,8;"APARECIDA";"Sim";"Ingestao de alcool";1;"Saida de leito carrocavel";"Com Vitimas Feridas";"Plena Noite";"Crescente";"Nublado";"Dupla";"Curva";"Sim";199708;"Caminhonete";"FIAT/STRADA ADVENT FLEX";2006;"Condutor";"Nao Informado";NA;"Nao Informado";0;0;0;0;"-22.86390687";"-45.25554533";"SR-SP";"DEL6/8";"UOP02/SP"
112006;246231;2018-02-17;"sabado";"23:30:00";"SP";488;4,8;"APARECIDA";"Sim";"Ingestao de alcool";1;"Saida de leito carrocavel";"Com Vitimas Feridas";"Plena Noite";"Crescente";"Nublado";"Dupla";"Curva";"Sim";199707;"Automóvel";"VW/GOL 1000";1993;"Condutor";"Lesoes Leves";33;"Masculino";0;1;0;0;"-22.86390687";"-45.25554533";"SR-SP";"DEL6/8";"UOP02/SP"
112007;246122;2018-02-17;"sabado";"22:00:00";"PE";423;95,8;"GARANHUNS";"Sim";"Ingestao de alcool";1;"Colisao frontal";"Com Vitimas Feridas";"Plena Noite";"Decrescente";"Chuva";"Simples";"Curva";"Sim";201122;"Automóvel";"VW/GOL 1.0";2006;"Condutor";"Lesoes Leves";41;"Masculino";0;1;0;0;"-8.890707";"-36.49308";"SR-PE";"DEL11/3";"UOP01/PE"
112007;246121;2018-02-17;"sabado";"22:00:00";"PE";423;95,8;"GARANHUNS";"Sim";"Ingestao de alcool";1;"Colisao frontal";"Com Vitimas Feridas";"Plena Noite";"Decrescente";"Chuva";"Simples";"Curva";"Sim";201119;"Automóvel";"GM/CORSA HATCH MAXX";2007;"Passageiro";"Ileso";0;"Feminino";1;0;0;0;"-8.890707";"-36.49308";"SR-PE";"DEL11/3";"UOP01/PE"
112007;246119;2018-02-17;"sabado";"22:00:00";"PE";423;95,8;"GARANHUNS";"Sim";"Ingestao de alcool";1;"Colisao frontal";"Com Vitimas Feridas";"Plena Noite";"Decrescente";"Chuva";"Simples";"Curva";"Sim";201119;"Automóvel";"GM/CORSA HATCH MAXX";2007;"Passageiro";"Lesoes Leves";35;"Masculino";0;1;0;0;"-8.890707";"-36.49308";"SR-PE";"DEL11/3";"UOP01/PE"
112007;246120;2018-02-17;"sabado";"22:00:00";"PE";423;95,8;"GARANHUNS";"Sim";"Ingestao de alcool";1;"Colisao frontal";"Com Vitimas Feridas";"Plena Noite";"Decrescente";"Chuva";"Simples";"Curva";"Sim";201119;"Automóvel";"GM/CORSA HATCH MAXX";2007;"Passageiro";"Lesoes Leves";34;"Feminino";0;1;0;0;"-8.890707";"-36.49308";"SR-PE";"DEL11/3";"UOP01/PE"
112007;246116;2018-02-17;"sabado";"22:00:00";"PE";423;95,8;"GARANHUNS";"Sim";"Ingestao de alcool";1;"Colisao frontal";"Com Vitimas Feridas";"Plena Noite";"Decrescente";"Chuva";"Simples";"Curva";"Sim";201119;"Automóvel";"GM/CORSA HATCH MAXX";2007;"Condutor";"Ileso";37;"Feminino";1;0;0;0;"-8.890707";"-36.49308";"SR-PE";"DEL11/3";"UOP01/PE"
112008;245860;2018-02-18;"domingo";"00:30:00";"SC";282;380;"JOACABA";"Sim";"Ingestao de alcool";1;"Colisao com objeto estatico";"Sem Vitimas";"Plena Noite";"Crescente";"Nublado";"Simples";"Rotatória";"Nao";200929;"Camioneta";"FIAT/FIORINO TREKKING";1997;"Condutor";"Nao Informado";NA;"Nao Informado";0;0;0;0;"-27.20212157";"-51.51145935";"SR-SC";"DEL8/7";"UOP02/SC"
112016;245626;2018-02-18;"domingo";"02:40:00";"SP";116;146;"SAO JOSE DOS CAMPOS";"Sim";"Ingestao de alcool";1;"Colisao traseira";"Sem Vitimas";"Plena Noite";"Crescente";"Nublado";"Dupla";"Reta";"Sim";199732;"Caminhonete";"VW/SAVEIRO 1.6 CE";2011;"Condutor";"Nao Informado";NA;"Nao Informado";0;0;0;0;"-23.19063113";"-45.85807797";"SR-SP";"DEL6/2";"UOP01/SP"
112016;245627;2018-02-18;"domingo";"02:40:00";"SP";116;146;"SAO JOSE DOS CAMPOS";"Sim";"Ingestao de alcool";1;"Colisao traseira";"Sem Vitimas";"Plena Noite";"Crescente";"Nublado";"Dupla";"Reta";"Sim";199733;"Automóvel";"GM/ASTRA HB 4P ADVANTAGE";2006;"Condutor";"Ileso";41;"Feminino";1;0;0;0;"-23.19063113";"-45.85807797";"SR-SP";"DEL6/2";"UOP01/SP"
112019;244977;2018-02-17;"sabado";"23:50:00";"PR";376;178;"MARINGA";"Sim";"Ingestao de alcool";1;"Colisao traseira";"Sem Vitimas";"Plena Noite";"Crescente";"Ceu Claro";"Dupla";"Reta";"Sim";199702;"Automóvel";"VW/GOL CL 1.6 MI";1996;"Condutor";"Ileso";20;"Masculino";1;0;0;0;"-23.41940006";"-51.92193603";"SR-PR";"DEL7/7";"UOP04/PR"
112019;245923;2018-02-17;"sabado";"23:50:00";"PR";376;178;"MARINGA";"Sim";"Ingestao de alcool";1;"Colisao traseira";"Sem Vitimas";"Plena Noite";"Crescente";"Ceu Claro";"Dupla";"Reta";"Sim";200996;"Automóvel";"";NA;"Condutor";"Nao Informado";NA;"Nao Informado";0;0;0;0;"-23.41940006";"-51.92193603";"SR-PR";"DEL7/7";"UOP04/PR"
112020;246107;2018-02-18;"domingo";"04:20:00";"PR";376;175,5;"MARINGA";"Sim";"Ingestao de alcool";1;"Colisao traseira";"Com Vitimas Feridas";"Plena Noite";"Crescente";"Ceu Claro";"Dupla";"Reta";"Sim";201118;"Automóvel";"GM/VECTRA GLS";1998;"Condutor";"Lesoes Leves";20;"Masculino";0;1;0;0;"-23.41297917";"-51.94492574";"SR-PR";"DEL7/7";"UOP04/PR"
112020;246113;2018-02-18;"domingo";"04:20:00";"PR";376;175,5;"MARINGA";"Sim";"Ingestao de alcool";1;"Colisao traseira";"Com Vitimas Feridas";"Plena Noite";"Crescente";"Ceu Claro";"Dupla";"Reta";"Sim";201118;"Automóvel";"GM/VECTRA GLS";1998;"Passageiro";"Ileso";19;"Masculino";1;0;0;0;"-23.41297917";"-51.94492574";"SR-PR";"DEL7/7";"UOP04/PR"
112020;246118;2018-02-18;"domingo";"04:20:00";"PR";376;175,5;"MARINGA";"Sim";"Ingestao de alcool";1;"Colisao traseira";"Com Vitimas Feridas";"Plena Noite";"Crescente";"Ceu Claro";"Dupla";"Reta";"Sim";201118;"Automóvel";"GM/VECTRA GLS";1998;"Passageiro";"Ileso";20;"Feminino";1;0;0;0;"-23.41297917";"-51.94492574";"SR-PR";"DEL7/7";"UOP04/PR"
112020;246115;2018-02-18;"domingo";"04:20:00";"PR";376;175,5;"MARINGA";"Sim";"Ingestao de alcool";1;"Colisao traseira";"Com Vitimas Feridas";"Plena Noite";"Crescente";"Ceu Claro";"Dupla";"Reta";"Sim";201118;"Automóvel";"GM/VECTRA GLS";1998;"Passageiro";"Ileso";19;"Masculino";1;0;0;0;"-23.41297917";"-51.94492574";"SR-PR";"DEL7/7";"UOP04/PR"
112020;246103;2018-02-18;"domingo";"04:20:00";"PR";376;175,5;"MARINGA";"Sim";"Ingestao de alcool";1;"Colisao traseira";"Com Vitimas Feridas";"Plena Noite";"Crescente";"Ceu Claro";"Dupla";"Reta";"Sim";201113;"Automóvel";"GM/CORSA SUPER";1996;"Condutor";"Lesoes Leves";23;"Masculino";0;1;0;0;"-23.41297917";"-51.94492574";"SR-PR";"DEL7/7";"UOP04/PR"
112025;245839;2018-02-18;"domingo";"04:50:00";"PR";369;518,7;"CASCAVEL";"Nao";"Ingestao de alcool";1;"Saida de leito carrocavel";"Com Vitimas Feridas";"Plena Noite";"Decrescente";"Chuva";"Simples";"Curva";"Nao";199712;"Automóvel";"I/FORD FOCUS HC FLEX";2010;"Passageiro";"Lesoes Leves";24;"Feminino";0;1;0;0;"-24.91322506";"-53.38379499";"SR-PR";"DEL7/4";"UOP01/PR"
112025;245838;2018-02-18;"domingo";"04:50:00";"PR";369;518,7;"CASCAVEL";"Nao";"Ingestao de alcool";1;"Saida de leito carrocavel";"Com Vitimas Feridas";"Plena Noite";"Decrescente";"Chuva";"Simples";"Curva";"Nao";199712;"Automóvel";"I/FORD FOCUS HC FLEX";2010;"Condutor";"Lesoes Leves";32;"Masculino";0;1;0;0;"-24.91322506";"-53.38379499";"SR-PR";"DEL7/4";"UOP01/PR"
112028;245144;2018-02-18;"domingo";"04:15:00";"MG";40;510;"RIBEIRAO DAS NEVES";"Sim";"Ingestao de alcool";1;"Saida de leito carrocavel";"Sem Vitimas";"Plena Noite";"Decrescente";"Ceu Claro";"Dupla";"Reta";"Nao";200325;"Automóvel";"GM/MONZA CLASSIC";1986;"Condutor";"Ileso";43;"Masculino";1;0;0;0;"-19.7844";"-44.1152";"SR-MG";"DEL4/1";"UOP03/MG"
112031;246117;2018-02-18;"domingo";"02:00:00";"BA";110;294;"INHAMBUPE";"Sim";"Ingestao de alcool";1;"Colisao frontal";"Com Vitimas Feridas";"Plena Noite";"Decrescente";"Ceu Claro";"Simples";"Reta";"Sim";199742;"Automóvel";"VW/GOL 1.6";2010;"Condutor";"Ileso";25;"Masculino";1;0;0;0;"-11.784889";"-38.353374";"SR-BA";"DEL10/1";"UOP04/BA"
112031;246102;2018-02-18;"domingo";"02:00:00";"BA";110;294;"INHAMBUPE";"Sim";"Ingestao de alcool";1;"Colisao frontal";"Com Vitimas Feridas";"Plena Noite";"Decrescente";"Ceu Claro";"Simples";"Reta";"Sim";199741;"Motocicleta";"HONDA/CG 150 TITAN KS";2006;"Condutor";"Lesoes Graves";NA;"Masculino";0;0;1;0;"-11.784889";"-38.353374";"SR-BA";"DEL10/1";"UOP04/BA"
112042;248122;2018-02-18;"domingo";"06:30:00";"SP";116;277,6;"TABOAO DA SERRA";"Sim";"Ingestao de alcool";1;"Colisao com objeto estatico";"Sem Vitimas";"Pleno dia";"Crescente";"Nublado";"Dupla";"Reta";"Sim";199738;"Camioneta";"FORD/ECOSPORT XLT1.6FLEX";2005;"Condutor";"Ileso";25;"Masculino";1;0;0;0;"-23.6078";"-46.7529";"SR-SP";"DEL6/4";"UOP01/SP"
112044;244851;2018-02-18;"domingo";"03:30:00";"SC";280;206,3;"MAFRA";"Sim";"Ingestao de alcool";1;"Saida de leito carrocavel";"Com Vitimas Feridas";"Plena Noite";"Crescente";"Ceu Claro";"Simples";"Curva";"Nao";199721;"Automóvel";"VW/GOL 1.0";2008;"Condutor";"Lesoes Graves";26;"Masculino";0;0;1;0;"-26.16036854";"-50.13473511";"SR-SC";"DEL8/6";"UOP01/SC"
112047;248166;2018-02-18;"domingo";"05:30:00";"RS";293;119;"PINHEIRO MACHADO";"Sim";"Ingestao de alcool";1;"Colisao traseira";"Sem Vitimas";"Plena Noite";"Decrescente";"Ceu Claro";"Simples";"Curva";"Nao";203180;"Automóvel";"VW/FOX 1.0";2005;"Passageiro";"Ileso";36;"Feminino";1;0;0;0;"-31.537302";"-53.49258";"SR-RS";"DEL9/11";"UOP03/RS"
112047;248167;2018-02-18;"domingo";"05:30:00";"RS";293;119;"PINHEIRO MACHADO";"Sim";"Ingestao de alcool";1;"Colisao traseira";"Sem Vitimas";"Plena Noite";"Decrescente";"Ceu Claro";"Simples";"Curva";"Nao";202333;"Automóvel";"CHEV/PRISMA 1.4AT LT";2012;"Passageiro";"Ileso";21;"Masculino";1;0;0;0;"-31.537302";"-53.49258";"SR-RS";"DEL9/11";"UOP03/RS"
112047;248162;2018-02-18;"domingo";"05:30:00";"RS";293;119;"PINHEIRO MACHADO";"Sim";"Ingestao de alcool";1;"Colisao traseira";"Sem Vitimas";"Plena Noite";"Decrescente";"Ceu Claro";"Simples";"Curva";"Nao";203180;"Automóvel";"VW/FOX 1.0";2005;"Condutor";"Ileso";24;"Feminino";1;0;0;0;"-31.537302";"-53.49258";"SR-RS";"DEL9/11";"UOP03/RS"
112047;247228;2018-02-18;"domingo";"05:30:00";"RS";293;119;"PINHEIRO MACHADO";"Sim";"Ingestao de alcool";1;"Colisao traseira";"Sem Vitimas";"Plena Noite";"Decrescente";"Ceu Claro";"Simples";"Curva";"Nao";202333;"Automóvel";"CHEV/PRISMA 1.4AT LT";2012;"Condutor";"Ileso";23;"Masculino";1;0;0;0;"-31.537302";"-53.49258";"SR-RS";"DEL9/11";"UOP03/RS"
112049;244452;2018-02-18;"domingo";"06:30:00";"PR";476;119;"COLOMBO";"Sim";"Ingestao de alcool";1;"Colisao com objeto estatico";"Com Vitimas Feridas";"Amanhecer";"Crescente";"Nublado";"Multipla";"Nao Informado";"Sim";199766;"Motocicleta";"HONDA/CBX 250 TWISTER";2003;"Condutor";"Lesoes Graves";36;"Masculino";0;0;1;0;"-25.364202";"-49.185825";"SR-PR";"DEL7/1";"UOP01/PR"
112085;244663;2018-02-18;"domingo";"12:00:00";"SC";101;38,6;"JOINVILLE";"Sim";"Ingestao de alcool";1;"Colisao traseira";"Com Vitimas Feridas";"Pleno dia";"Decrescente";"Sol";"Dupla";"Reta";"Sim";199794;"Automóvel";"GM/VECTRA GLS";1997;"Condutor";"Ileso";42;"Masculino";1;0;0;0;"-26.2965282";"-48.88385851";"SR-SC";"DEL8/3";"UOP01/SC"
112085;244681;2018-02-18;"domingo";"12:00:00";"SC";101;38,6;"JOINVILLE";"Sim";"Ingestao de alcool";1;"Colisao traseira";"Com Vitimas Feridas";"Pleno dia";"Decrescente";"Sol";"Dupla";"Reta";"Sim";199795;"Automóvel";"RENAULT/LOGAN EXP 16";2012;"Condutor";"Ileso";27;"Masculino";1;0;0;0;"-26.2965282";"-48.88385851";"SR-SC";"DEL8/3";"UOP01/SC"
112085;244687;2018-02-18;"domingo";"12:00:00";"SC";101;38,6;"JOINVILLE";"Sim";"Ingestao de alcool";1;"Colisao traseira";"Com Vitimas Feridas";"Pleno dia";"Decrescente";"Sol";"Dupla";"Reta";"Sim";199795;"Automóvel";"RENAULT/LOGAN EXP 16";2012;"Passageiro";"Lesoes Leves";30;"Masculino";0;1;0;0;"-26.2965282";"-48.88385851";"SR-SC";"DEL8/3";"UOP01/SC"