"id";"pesid";"data_inversa";"dia_semana";"horario";"uf";"br";"km";"municipio";"causa_principal";"causa_acidente";"ordem_tipo_acidente";"tipo_acidente";"classificacao_acidente";"fase_dia";"sentido_via";"condicao_metereologica";"tipo_pista";"tracado_via";"uso_solo";"id_veiculo";"tipo_veiculo";"marca";"ano_fabricacao_veiculo";"tipo_envolvido";"estado_fisico";"idade";"sexo";"ilesos";"feridos_leves";"feridos_graves";"mortos";"latitude";"longitude";"regional";"delegacia";"uop"
112085;244689;2018-02-18;"domingo";"12:00:00";"SC";101;38,6;"JOINVILLE";"Sim";"Ingestao de alcool";1;"Colisao traseira";"Com Vitimas Feridas";"Pleno dia";"Decrescente";"Sol";"Dupla";"Reta";"Sim";199795;"Automóvel";"RENAULT/LOGAN EXP 16";2012;"Testemunha";"Nao Informado";NA;"Nao Informado";0;0;0;0;"-26.2965282";"-48.88385851";"SR-SC";"DEL8/3";"UOP01/SC"
112103;244699;2018-02-18;"domingo";"13:50:00";"MS";163;463,1;"CAMPO GRANDE";"Sim";"Ingestao de alcool";1;"Colisao traseira";"Com Vitimas Feridas";"Pleno dia";"Crescente";"Garoa/Chuvisco";"Simples";"Reta";"Nao";199994;"Automóvel";"FIAT/UNO MILLE FIRE FLEX";2005;"Passageiro";"Ileso";30;"Feminino";1;0;0;0;"-20.60683695";"-54.57758904";"SR-MS";"DEL3/1";"UOP01/MS"
112103;244700;2018-02-18;"domingo";"13:50:00";"MS";163;463,1;"CAMPO GRANDE";"Sim";"Ingestao de alcool";1;"Colisao traseira";"Com Vitimas Feridas";"Pleno dia";"Crescente";"Garoa/Chuvisco";"Simples";"Reta";"Nao";199994;"Automóvel";"FIAT/UNO MILLE FIRE FLEX";2005;"Passageiro";"Ileso";22;"Masculino";1;0;0;0;"-20.60683695";"-54.57758904";"SR-MS";"DEL3/1";"UOP01/MS"
112103;244701;2018-02-18;"domingo";"13:50:00";"MS";163;463,1;"CAMPO GRANDE";"Sim";"Ingestao de alcool";1;"Colisao traseira";"Com Vitimas Feridas";"Pleno dia";"Crescente";"Garoa/Chuvisco";"Simples";"Reta";"Nao";199994;"Automóvel";"FIAT/UNO MILLE FIRE FLEX";2005;"Passageiro";"Ileso";6;"Feminino";1;0;0;0;"-20.60683695";"-54.57758904";"SR-MS";"DEL3/1";"UOP01/MS"
112103;244698;2018-02-18;"domingo";"13:50:00";"MS";163;463,1;"CAMPO GRANDE";"Sim";"Ingestao de alcool";1;"Colisao traseira";"Com Vitimas Feridas";"Pleno dia";"Crescente";"Garoa/Chuvisco";"Simples";"Reta";"Nao";199994;"Automóvel";"FIAT/UNO MILLE FIRE FLEX";2005;"Condutor";"Ileso";34;"Masculino";1;0;0;0;"-20.60683695";"-54.57758904";"SR-MS";"DEL3/1";"UOP01/MS"
112103;244696;2018-02-18;"domingo";"13:50:00";"MS";163;463,1;"CAMPO GRANDE";"Sim";"Ingestao de alcool";1;"Colisao traseira";"Com Vitimas Feridas";"Pleno dia";"Crescente";"Garoa/Chuvisco";"Simples";"Reta";"Nao";199993;"Motocicleta";"HONDA/CG 150 TITAN ES";2004;"Condutor";"Lesoes Leves";23;"Masculino";0;1;0;0;"-20.60683695";"-54.57758904";"SR-MS";"DEL3/1";"UOP01/MS"
112135;244754;2018-02-18;"domingo";"16:15:00";"PE";407;124,3;"PETROLINA";"Sim";"Ingestao de alcool";1;"Colisao transversal";"Com Vitimas Feridas";"Pleno dia";"Crescente";"Nublado";"Simples";"Nao Informado";"Sim";199916;"Motocicleta";"HONDA/CBX 250 TWISTER";2006;"Condutor";"Lesoes Leves";42;"Masculino";0;1;0;0;"-9.400385";"-40.504086";"SR-PE";"DEL11/6";"UOP01/PE"
112135;244771;2018-02-18;"domingo";"16:15:00";"PE";407;124,3;"PETROLINA";"Sim";"Ingestao de alcool";1;"Colisao transversal";"Com Vitimas Feridas";"Pleno dia";"Crescente";"Nublado";"Simples";"Nao Informado";"Sim";199917;"Automóvel";"FORD/KA";2007;"Condutor";"Ileso";21;"Masculino";1;0;0;0;"-9.400385";"-40.504086";"SR-PE";"DEL11/6";"UOP01/PE"
112135;244772;2018-02-18;"domingo";"16:15:00";"PE";407;124,3;"PETROLINA";"Sim";"Ingestao de alcool";1;"Colisao transversal";"Com Vitimas Feridas";"Pleno dia";"Crescente";"Nublado";"Simples";"Nao Informado";"Sim";199917;"Automóvel";"FORD/KA";2007;"Passageiro";"Ileso";22;"Feminino";1;0;0;0;"-9.400385";"-40.504086";"SR-PE";"DEL11/6";"UOP01/PE"
112159;246322;2018-02-18;"domingo";"19:00:00";"GO";153;500,9;"GOIANIA";"Sim";"Ingestao de alcool";2;"Colisao com objeto estatico";"Com Vitimas Feridas";"Plena Noite";"Crescente";"Ceu Claro";"Dupla";"Reta";"Sim";201326;"Caminhao-trator";"SCANIA/T112 HW 4X2 360";1990;"Condutor";"Lesoes Leves";43;"Masculino";0;1;0;0;"-16.70415398";"-49.23123061";"SR-GO";"DEL1/1";"UOP01/GO"
112168;246646;2018-02-18;"domingo";"19:25:00";"TO";153;150;"ARAGUAINA";"Sim";"Ingestao de alcool";1;"Colisao frontal";"Com Vitimas Feridas";"Anoitecer";"Decrescente";"Nublado";"Simples";"Reta";"Nao";200063;"Automóvel";"HYUNDAI/HB20 1.0M COMFOR";2017;"Condutor";"Ileso";39;"Masculino";1;0;0;0;"-7.248127";"-48.255337";"SR-TO";"UOP04/TO";""
112168;246642;2018-02-18;"domingo";"19:25:00";"TO";153;150;"ARAGUAINA";"Sim";"Ingestao de alcool";1;"Colisao frontal";"Com Vitimas Feridas";"Anoitecer";"Decrescente";"Nublado";"Simples";"Reta";"Nao";200062;"Automóvel";"CHEVROLET/CLASSIC LS";2012;"Condutor";"Lesoes Leves";49;"Masculino";0;1;0;0;"-7.248127";"-48.255337";"SR-TO";"UOP04/TO";""
112175;244630;2018-02-18;"domingo";"19:30:00";"RJ";116;167,3;"RIO DE JANEIRO";"Sim";"Ingestao de alcool";1;"Colisao traseira";"Com Vitimas Feridas";"Plena Noite";"Decrescente";"Chuva";"Dupla";"Reta";"Sim";199940;"Automóvel";"FIAT/IDEA ELX FLEX";2008;"Condutor";"Ileso";65;"Masculino";1;0;0;0;"-22.81920286";"-43.30979327";"SR-RJ";"DEL5/1";"UOP02/RJ"
112175;244631;2018-02-18;"domingo";"19:30:00";"RJ";116;167,3;"RIO DE JANEIRO";"Sim";"Ingestao de alcool";1;"Colisao traseira";"Com Vitimas Feridas";"Plena Noite";"Decrescente";"Chuva";"Dupla";"Reta";"Sim";199941;"Automóvel";"FORD/FIESTA SEDAN1.6FLEX";2011;"Condutor";"Ileso";29;"Masculino";1;0;0;0;"-22.81920286";"-43.30979327";"SR-RJ";"DEL5/1";"UOP02/RJ"
112175;244634;2018-02-18;"domingo";"19:30:00";"RJ";116;167,3;"RIO DE JANEIRO";"Sim";"Ingestao de alcool";1;"Colisao traseira";"Com Vitimas Feridas";"Plena Noite";"Decrescente";"Chuva";"Dupla";"Reta";"Sim";199941;"Automóvel";"FORD/FIESTA SEDAN1.6FLEX";2011;"Passageiro";"Lesoes Leves";27;"Feminino";0;1;0;0;"-22.81920286";"-43.30979327";"SR-RJ";"DEL5/1";"UOP02/RJ"
112175;244636;2018-02-18;"domingo";"19:30:00";"RJ";116;167,3;"RIO DE JANEIRO";"Sim";"Ingestao de alcool";1;"Colisao traseira";"Com Vitimas Feridas";"Plena Noite";"Decrescente";"Chuva";"Dupla";"Reta";"Sim";199941;"Automóvel";"FORD/FIESTA SEDAN1.6FLEX";2011;"Passageiro";"Lesoes Leves";28;"Feminino";0;1;0;0;"-22.81920286";"-43.30979327";"SR-RJ";"DEL5/1";"UOP02/RJ"
112175;244632;2018-02-18;"domingo";"19:30:00";"RJ";116;167,3;"RIO DE JANEIRO";"Sim";"Ingestao de alcool";1;"Colisao traseira";"Com Vitimas Feridas";"Plena Noite";"Decrescente";"Chuva";"Dupla";"Reta";"Sim";199941;"Automóvel";"FORD/FIESTA SEDAN1.6FLEX";2011;"Passageiro";"Ileso";34;"Masculino";1;0;0;0;"-22.81920286";"-43.30979327";"SR-RJ";"DEL5/1";"UOP02/RJ"
112183;244688;2018-02-18;"domingo";"19:30:00";"MS";262;487;"ANASTACIO";"Sim";"Ingestao de alcool";1;"Saida de leito carrocavel";"Sem Vitimas";"Plena Noite";"Crescente";"Ceu Claro";"Simples";"Rotatória";"Nao";199997;"Automóvel";"FIAT/UNO MILLE FIRE";2002;"Condutor";"Ileso";48;"Masculino";1;0;0;0;"-20.484";"-55.7998";"SR-MS";"DEL3/3";"UOP01/MS"
112184;244747;2018-02-18;"domingo";"19:00:00";"PA";10;163;"PARAGOMINAS";"Sim";"Ingestao de alcool";1;"Colisao frontal";"Com Vitimas Fatais";"Plena Noite";"Crescente";"Nublado";"Simples";"Reta";"Nao";200057;"Outros";"";NA;"Condutor";"Ileso";42;"Masculino";1;0;0;0;"-2.95401269";"-47.43347168";"SR-PA";"DEL19/2";"UOP02/PA"
112184;244749;2018-02-18;"domingo";"19:00:00";"PA";10;163;"PARAGOMINAS";"Sim";"Ingestao de alcool";1;"Colisao frontal";"Com Vitimas Fatais";"Plena Noite";"Crescente";"Nublado";"Simples";"Reta";"Nao";200058;"Outros";"";NA;"Condutor";"Óbito";42;"Masculino";0;0;0;1;"-2.95401269";"-47.43347168";"SR-PA";"DEL19/2";"UOP02/PA"
112192;246286;2018-02-18;"domingo";"21:10:00";"CE";222;4,8;"CAUCAIA";"Sim";"Ingestao de alcool";1;"Atropelamento de Pedestre";"Com Vitimas Feridas";"Plena Noite";"Decrescente";"Nublado";"Multipla";"Reta";"Sim";199964;"Motocicleta";"HONDA/CG 125 FAN KS";2009;"Pedestre";"Lesoes Leves";21;"Masculino";0;1;0;0;"-3.74297";"-38.613312";"SR-CE";"DEL16/1";"UOP01/CE"
112192;246280;2018-02-18;"domingo";"21:10:00";"CE";222;4,8;"CAUCAIA";"Sim";"Ingestao de alcool";1;"Atropelamento de Pedestre";"Com Vitimas Feridas";"Plena Noite";"Decrescente";"Nublado";"Multipla";"Reta";"Sim";199964;"Motocicleta";"HONDA/CG 125 FAN KS";2009;"Condutor";"Lesoes Leves";32;"Masculino";0;1;0;0;"-3.74297";"-38.613312";"SR-CE";"DEL16/1";"UOP01/CE"
112193;244692;2018-02-18;"domingo";"20:50:00";"GO";60;48,8;"APARECIDA DE GOIANIA";"Sim";"Ingestao de alcool";1;"Colisao traseira";"Sem Vitimas";"Plena Noite";"Crescente";"Nublado";"Dupla";"Nao Informado";"Sim";199996;"Automóvel";"GM/CELTA 2P LIFE";2007;"Condutor";"Ileso";39;"Feminino";1;0;0;0;"-16.78610945";"-49.25751597";"SR-GO";"DEL1/1";"UOP03/GO"
112193;244695;2018-02-18;"domingo";"20:50:00";"GO";60;48,8;"APARECIDA DE GOIANIA";"Sim";"Ingestao de alcool";1;"Colisao traseira";"Sem Vitimas";"Plena Noite";"Crescente";"Nublado";"Dupla";"Nao Informado";"Sim";199999;"Automóvel";"VW/GOL 1.0";2011;"Condutor";"Ileso";55;"Masculino";1;0;0;0;"-16.78610945";"-49.25751597";"SR-GO";"DEL1/1";"UOP03/GO"
112196;244702;2018-02-18;"domingo";"19:30:00";"SC";470;126,8;"LONTRAS";"Sim";"Ingestao de alcool";1;"Colisao transversal";"Com Vitimas Feridas";"Plena Noite";"Decrescente";"Ceu Claro";"Simples";"Reta";"Sim";200003;"Caminhao-trator";"SCANIA/T114 GA4X2NZ 360";1998;"Condutor";"Ileso";39;"Masculino";1;0;0;0;"-27.135261";"-49.54159396";"SR-SC";"DEL8/4";"UOP02/SC"
112196;244697;2018-02-18;"domingo";"19:30:00";"SC";470;126,8;"LONTRAS";"Sim";"Ingestao de alcool";1;"Colisao transversal";"Com Vitimas Feridas";"Plena Noite";"Decrescente";"Ceu Claro";"Simples";"Reta";"Sim";200002;"Caminhonete";"VW/SAVEIRO CE TL MB";2014;"Condutor";"Lesoes Leves";63;"Masculino";0;1;0;0;"-27.135261";"-49.54159396";"SR-SC";"DEL8/4";"UOP02/SC"
112197;252554;2018-02-18;"domingo";"19:00:00";"PE";428;181,9;"PETROLINA";"Sim";"Ingestao de alcool";1;"Colisao frontal";"Com Vitimas Feridas";"Plena Noite";"Crescente";"Ceu Claro";"Simples";"Reta";"Nao";199986;"Automóvel";"VW/GOL 16V";1998;"Passageiro";"Lesoes Leves";13;"Feminino";0;1;0;0;"-9.31542902";"-40.45763886";"SR-PE";"DEL11/6";"UOP01/PE"
112197;252555;2018-02-18;"domingo";"19:00:00";"PE";428;181,9;"PETROLINA";"Sim";"Ingestao de alcool";1;"Colisao frontal";"Com Vitimas Feridas";"Plena Noite";"Crescente";"Ceu Claro";"Simples";"Reta";"Nao";199986;"Automóvel";"VW/GOL 16V";1998;"Passageiro";"Lesoes Leves";48;"Feminino";0;1;0;0;"-9.31542902";"-40.45763886";"SR-PE";"DEL11/6";"UOP01/PE"
112197;251632;2018-02-18;"domingo";"19:00:00";"PE";428;181,9;"PETROLINA";"Sim";"Ingestao de alcool";1;"Colisao frontal";"Com Vitimas Feridas";"Plena Noite";"Crescente";"Ceu Claro";"Simples";"Reta";"Nao";199986;"Automóvel";"VW/GOL 16V";1998;"Condutor";"Ileso";43;"Masculino";1;0;0;0;"-9.31542902";"-40.45763886";"SR-PE";"DEL11/6";"UOP01/PE"
112197;252631;2018-02-18;"domingo";"19:00:00";"PE";428;181,9;"PETROLINA";"Sim";"Ingestao de alcool";1;"Colisao frontal";"Com Vitimas Feridas";"Plena Noite";"Crescente";"Ceu Claro";"Simples";"Reta";"Nao";199987;"Caminhonete";"";NA;"Condutor";"Ileso";NA;"Masculino";1;0;0;0;"-9.31542902";"-40.45763886";"SR-PE";"DEL11/6";"UOP01/PE"
112209;244682;2018-02-18;"domingo";"18:30:00";"RJ";393;181;"PARAIBA DO SUL";"Sim";"Ingestao de alcool";1;"Colisao traseira";"Com Vitimas Feridas";"Anoitecer";"Crescente";"Chuva";"Simples";"Reta";"Nao";199977;"Automóvel";"NISSAN/VERSA 16 UNIQUE";2015;"Condutor";"Ileso";57;"Masculino";1;0;0;0;"-22.15283431";"-43.27583313";"SR-RJ";"DEL5/5";"UOP01/RJ"
112209;244686;2018-02-18;"domingo";"18:30:00";"RJ";393;181;"PARAIBA DO SUL";"Sim";"Ingestao de alcool";1;"Colisao traseira";"Com Vitimas Feridas";"Anoitecer";"Crescente";"Chuva";"Simples";"Reta";"Nao";199978;"Automóvel";"I/VW SPACEFOX COMFORT";2007;"Condutor";"Lesoes Leves";46;"Feminino";0;1;0;0;"-22.15283431";"-43.27583313";"SR-RJ";"DEL5/5";"UOP01/RJ"
112209;244680;2018-02-18;"domingo";"18:30:00";"RJ";393;181;"PARAIBA DO SUL";"Sim";"Ingestao de alcool";1;"Colisao traseira";"Com Vitimas Feridas";"Anoitecer";"Crescente";"Chuva";"Simples";"Reta";"Nao";199976;"Automóvel";"FIAT/PALIO FIRE ECONOMY";2012;"Condutor";"Lesoes Leves";46;"Masculino";0;1;0;0;"-22.15283431";"-43.27583313";"SR-RJ";"DEL5/5";"UOP01/RJ"
112209;245013;2018-02-18;"domingo";"18:30:00";"RJ";393;181;"PARAIBA DO SUL";"Sim";"Ingestao de alcool";1;"Colisao traseira";"Com Vitimas Feridas";"Anoitecer";"Crescente";"Chuva";"Simples";"Reta";"Nao";199977;"Automóvel";"NISSAN/VERSA 16 UNIQUE";2015;"Testemunha";"Nao Informado";NA;"Nao Informado";0;0;0;0;"-22.15283431";"-43.27583313";"SR-RJ";"DEL5/5";"UOP01/RJ"
112209;245070;2018-02-18;"domingo";"18:30:00";"RJ";393;181;"PARAIBA DO SUL";"Sim";"Ingestao de alcool";1;"Colisao traseira";"Com Vitimas Feridas";"Anoitecer";"Crescente";"Chuva";"Simples";"Reta";"Nao";199978;"Automóvel";"I/VW SPACEFOX COMFORT";2007;"Passageiro";"Ileso";70;"Feminino";1;0;0;0;"-22.15283431";"-43.27583313";"SR-RJ";"DEL5/5";"UOP01/RJ"
112209;245072;2018-02-18;"domingo";"18:30:00";"RJ";393;181;"PARAIBA DO SUL";"Sim";"Ingestao de alcool";1;"Colisao traseira";"Com Vitimas Feridas";"Anoitecer";"Crescente";"Chuva";"Simples";"Reta";"Nao";199978;"Automóvel";"I/VW SPACEFOX COMFORT";2007;"Passageiro";"Ileso";13;"Masculino";1;0;0;0;"-22.15283431";"-43.27583313";"SR-RJ";"DEL5/5";"UOP01/RJ"
112209;245074;2018-02-18;"domingo";"18:30:00";"RJ";393;181;"PARAIBA DO SUL";"Sim";"Ingestao de alcool";1;"Colisao traseira";"Com Vitimas Feridas";"Anoitecer";"Crescente";"Chuva";"Simples";"Reta";"Nao";199978;"Automóvel";"I/VW SPACEFOX COMFORT";2007;"Passageiro";"Ileso";16;"Masculino";1;0;0;0;"-22.15283431";"-43.27583313";"SR-RJ";"DEL5/5";"UOP01/RJ"
112221;244729;2018-02-19;"segunda-feira";"00:00:00";"CE";116;36;"HORIZONTE";"Sim";"Ingestao de alcool";1;"Colisao com objeto estatico";"Com Vitimas Feridas";"Plena Noite";"Crescente";"Nublado";"Dupla";"Reta";"Sim";200043;"Automóvel";"GM/VECTRA SD EXPRESSION";2008;"Condutor";"Ileso";35;"Feminino";1;0;0;0;"-4.0756";"-38.5001";"SR-CE";"DEL16/1";"UOP02/CE"
112221;244732;2018-02-19;"segunda-feira";"00:00:00";"CE";116;36;"HORIZONTE";"Sim";"Ingestao de alcool";1;"Colisao com objeto estatico";"Com Vitimas Feridas";"Plena Noite";"Crescente";"Nublado";"Dupla";"Reta";"Sim";200043;"Automóvel";"GM/VECTRA SD EXPRESSION";2008;"Passageiro";"Ileso";15;"Feminino";1;0;0;0;"-4.0756";"-38.5001";"SR-CE";"DEL16/1";"UOP02/CE"
112221;244731;2018-02-19;"segunda-feira";"00:00:00";"CE";116;36;"HORIZONTE";"Sim";"Ingestao de alcool";1;"Colisao com objeto estatico";"Com Vitimas Feridas";"Plena Noite";"Crescente";"Nublado";"Dupla";"Reta";"Sim";200043;"Automóvel";"GM/VECTRA SD EXPRESSION";2008;"Passageiro";"Lesoes Leves";19;"Masculino";0;1;0;0;"-4.0756";"-38.5001";"SR-CE";"DEL16/1";"UOP02/CE"
112223;248285;2018-02-18;"domingo";"21:00:00";"PE";232;409;"SERRA TALHADA";"Sim";"Ingestao de alcool";1;"Colisao lateral";"Com Vitimas Feridas";"Plena Noite";"Decrescente";"Chuva";"Simples";"Intersecao de vias";"Sim";200007;"Motocicleta";"HONDA/CG 150 TITAN ESD";2007;"Condutor";"Lesoes Leves";42;"Masculino";0;1;0;0;"-7.981944";"-38.289467";"SR-PE";"DEL11/4";"UOP01/PE"
112223;248288;2018-02-18;"domingo";"21:00:00";"PE";232;409;"SERRA TALHADA";"Sim";"Ingestao de alcool";1;"Colisao lateral";"Com Vitimas Feridas";"Plena Noite";"Decrescente";"Chuva";"Simples";"Intersecao de vias";"Sim";200008;"Caminhao-trator";"VOLVO/FH 540 6X4T";2014;"Condutor";"Nao Informado";NA;"Nao Informado";0;0;0;0;"-7.981944";"-38.289467";"SR-PE";"DEL11/4";"UOP01/PE"
112260;251395;2018-02-18;"domingo";"23:50:00";"SC";282;532;"CORDILHEIRA ALTA";"Sim";"Ingestao de alcool";1;"Capotamento";"Com Vitimas Feridas";"Plena Noite";"Crescente";"Ignorado";"Simples";"Curva";"Nao";200070;"Automóvel";"VW/GOL TSI 1.8";1996;"Condutor";"Lesoes Leves";NA;"Ignorado";0;1;0;0;"-26.996822";"-52.615528";"SR-SC";"DEL8/8";"UOP01/SC"
112280;245270;2018-02-18;"domingo";"19:30:00";"GO";153;438,6;"ANAPOLIS";"Nao";"Ingestao de alcool";1;"Atropelamento de Pedestre";"Com Vitimas Fatais";"Plena Noite";"Decrescente";"Ceu Claro";"Dupla";"Reta";"Sim";200151;"Automóvel";"VW/GOL MI";1997;"Condutor";"Ileso";36;"Masculino";1;0;0;0;"-16.30259852";"-48.9252761";"SR-GO";"DEL1/2";"UOP01/GO"
112280;245275;2018-02-18;"domingo";"19:30:00";"GO";153;438,6;"ANAPOLIS";"Nao";"Ingestao de alcool";1;"Atropelamento de Pedestre";"Com Vitimas Fatais";"Plena Noite";"Decrescente";"Ceu Claro";"Dupla";"Reta";"Sim";200151;"Automóvel";"VW/GOL MI";1997;"Passageiro";"Lesoes Graves";10;"Masculino";0;0;1;0;"-16.30259852";"-48.9252761";"SR-GO";"DEL1/2";"UOP01/GO"
112280;245295;2018-02-18;"domingo";"19:30:00";"GO";153;438,6;"ANAPOLIS";"Nao";"Ingestao de alcool";1;"Atropelamento de Pedestre";"Com Vitimas Fatais";"Plena Noite";"Decrescente";"Ceu Claro";"Dupla";"Reta";"Sim";200151;"Automóvel";"VW/GOL MI";1997;"Passageiro";"Ileso";38;"Feminino";1;0;0;0;"-16.30259852";"-48.9252761";"SR-GO";"DEL1/2";"UOP01/GO"
112280;244883;2018-02-18;"domingo";"19:30:00";"GO";153;438,6;"ANAPOLIS";"Nao";"Ingestao de alcool";1;"Atropelamento de Pedestre";"Com Vitimas Fatais";"Plena Noite";"Decrescente";"Ceu Claro";"Dupla";"Reta";"Sim";200151;"Automóvel";"VW/GOL MI";1997;"Pedestre";"Óbito";37;"Masculino";0;0;0;1;"-16.30259852";"-48.9252761";"SR-GO";"DEL1/2";"UOP01/GO"
112349;245088;2018-02-19;"segunda-feira";"13:20:00";"GO";70;152,6;"JARAGUA";"Sim";"Ingestao de alcool";1;"Colisao transversal";"Com Vitimas Feridas";"Pleno dia";"Decrescente";"Ceu Claro";"Simples";"Reta";"Nao";200264;"Caminhao";"VW/9.160 DRC 4X2";2012;"Condutor";"Ileso";37;"Masculino";1;0;0;0;"-15.895278";"-49.501085";"SR-GO";"DEL1/2";"UOP02/GO"
112349;245090;2018-02-19;"segunda-feira";"13:20:00";"GO";70;152,6;"JARAGUA";"Sim";"Ingestao de alcool";1;"Colisao transversal";"Com Vitimas Feridas";"Pleno dia";"Decrescente";"Ceu Claro";"Simples";"Reta";"Nao";200265;"Motoneta";"HONDA/C100 BIZ ES";2003;"Condutor";"Lesoes Graves";74;"Masculino";0;0;1;0;"-15.895278";"-49.501085";"SR-GO";"DEL1/2";"UOP02/GO"
112455;245899;2018-02-19;"segunda-feira";"21:00:00";"PB";230;67,7;"SAO MIGUEL DE TAIPU";"Sim";"Ingestao de alcool";1;"Colisao com objeto estatico";"Sem Vitimas";"Plena Noite";"Decrescente";"Ceu Claro";"Dupla";"Nao Informado";"Nao";200460;"Automóvel";"VW/FOX ROCK IN RIO";2013;"Condutor";"Ileso";52;"Masculino";1;0;0;0;"-7.18679034";"-35.2042215";"SR-PB";"DEL14/1";"UOP03/PB"
112471;247305;2018-02-20;"terca-feira";"01:45:00";"PR";376;422,1;"TIBAGI";"Sim";"Ingestao de alcool";1;"Colisao com objeto estatico";"Sem Vitimas";"Plena Noite";"Decrescente";"Garoa/Chuvisco";"Simples";"Curva";"Nao";200479;"Automóvel";"GM/CELTA";2001;"Condutor";"Ileso";29;"Masculino";1;0;0;0;"-24.69639811";"-50.58280885";"SR-PR";"DEL7/3";"UOP05/PR"
112471;247306;2018-02-20;"terca-feira";"01:45:00";"PR";376;422,1;"TIBAGI";"Sim";"Ingestao de alcool";1;"Colisao com objeto estatico";"Sem Vitimas";"Plena Noite";"Decrescente";"Garoa/Chuvisco";"Simples";"Curva";"Nao";200480;"Caminhao";"M.BENZ/ATEGO 2425";2011;"Condutor";"Ileso";51;"Masculino";1;0;0;0;"-24.69639811";"-50.58280885";"SR-PR";"DEL7/3";"UOP05/PR"
112471;247307;2018-02-20;"terca-feira";"01:45:00";"PR";376;422,1;"TIBAGI";"Sim";"Ingestao de alcool";1;"Colisao com objeto estatico";"Sem Vitimas";"Plena Noite";"Decrescente";"Garoa/Chuvisco";"Simples";"Curva";"Nao";200481;"Caminhao-trator";"SCANIA/P 360 A4X2";2015;"Condutor";"Ileso";28;"Masculino";1;0;0;0;"-24.69639811";"-50.58280885";"SR-PR";"DEL7/3";"UOP05/PR"
112669;248701;2018-02-20;"terca-feira";"18:20:00";"GO";60;385;"RIO VERDE";"Sim";"Ingestao de alcool";1;"Saida de leito carrocavel";"Sem Vitimas";"Pleno dia";"Decrescente";"Ceu Claro";"Dupla";"Curva";"Sim";200806;"Caminhao-trator";"IMP/IVECOFIAT E 450E37T";2001;"Condutor";"Ileso";60;"Masculino";1;0;0;0;"-17.81184424";"-50.92825759";"SR-GO";"DEL1/4";"UOP01/GO"
112900;247524;2018-02-21;"quarta-feira";"23:00:00";"PA";316;25;"BENEVIDES";"Sim";"Ingestao de alcool";1;"Colisao traseira";"Com Vitimas Fatais";"Plena Noite";"Crescente";"Chuva";"Dupla";"Reta";"Nao";201186;"Automóvel";"TOYOTA/COROLLA XRS20FLEX";2017;"Condutor";"Nao Informado";NA;"Nao Informado";0;0;0;0;"-1.3617675";"-48.2451";"SR-PA";"DEL19/1";"UOP01/PA"
112900;246196;2018-02-21;"quarta-feira";"23:00:00";"PA";316;25;"BENEVIDES";"Sim";"Ingestao de alcool";1;"Colisao traseira";"Com Vitimas Fatais";"Plena Noite";"Crescente";"Chuva";"Dupla";"Reta";"Nao";201185;"Motocicleta";"YAMAHA/FACTOR YBR125 E";2011;"Condutor";"Óbito";30;"Masculino";0;0;0;1;"-1.3617675";"-48.2451";"SR-PA";"DEL19/1";"UOP01/PA"
112908;246217;2018-02-22;"quinta-feira";"03:55:00";"SC";101;86,6;"BARRA VELHA";"Sim";"Ingestao de alcool";1;"Colisao com objeto estatico";"Com Vitimas Feridas";"Plena Noite";"Decrescente";"Ceu Claro";"Dupla";"Reta";"Sim";201207;"Automóvel";"GM/ASTRA SEDAN ELEGANCE";2005;"Condutor";"Lesoes Leves";32;"Masculino";0;1;0;0;"-26.64232386";"-48.69117734";"SR-SC";"DEL8/3";"UOP02/SC"
113014;246710;2018-02-22;"quinta-feira";"09:10:00";"CE";222;3,6;"FORTALEZA";"Sim";"Ingestao de alcool";1;"Atropelamento de Pedestre";"Com Vitimas Feridas";"Pleno dia";"Decrescente";"Chuva";"Dupla";"Nao Informado";"Sim";201540;"Automóvel";"TOYOTA/COROLLA XEI18VVT";2002;"Condutor";"Ileso";29;"Masculino";1;0;0;0;"-3.74114674";"-38.60104361";"SR-CE";"DEL16/1";"UOP01/CE"
113014;246711;2018-02-22;"quinta-feira";"09:10:00";"CE";222;3,6;"FORTALEZA";"Sim";"Ingestao de alcool";1;"Atropelamento de Pedestre";"Com Vitimas Feridas";"Pleno dia";"Decrescente";"Chuva";"Dupla";"Nao Informado";"Sim";201540;"Automóvel";"TOYOTA/COROLLA XEI18VVT";2002;"Pedestre";"Lesoes Leves";33;"Masculino";0;1;0;0;"-3.74114674";"-38.60104361";"SR-CE";"DEL16/1";"UOP01/CE"
113062;250216;2018-02-22;"quinta-feira";"12:05:00";"MG";365;621,6;"UBERLANDIA";"Sim";"Ingestao de alcool";1;"Colisao traseira";"Com Vitimas Feridas";"Pleno dia";"Decrescente";"Ceu Claro";"Dupla";"Reta";"Sim";201948;"Automóvel";"FIAT/UNO MILLE FIRE FLEX";2005;"Condutor";"Ileso";53;"Masculino";1;0;0;0;"-18.89965841";"-48.27334106";"SR-MG";"DEL4/15";"UOP01/MG"