"id";"pesid";"data_inversa";"dia_semana";"horario";"uf";"br";"km";"municipio";"causa_principal";"causa_acidente";"ordem_tipo_acidente";"tipo_acidente";"classificacao_acidente";"fase_dia";"sentido_via";"condicao_metereologica";"tipo_pista";"tracado_via";"uso_solo";"id_veiculo";"tipo_veiculo";"marca";"ano_fabricacao_veiculo";"tipo_envolvido";"estado_fisico";"idade";"sexo";"ilesos";"feridos_leves";"feridos_graves";"mortos";"latitude";"longitude";"regional";"delegacia";"uop"
113851;250054;2018-02-25;"domingo";"04:15:00";"RJ";101;476;"ANGRA DOS REIS";"Sim";"Ingestao de alcool";1;"Colisao frontal";"Sem Vitimas";"Plena Noite";"Crescente";"Ceu Claro";"Simples";"Curva";"Sim";203081;"Caminhao";"VW/8.160 DRC 4X2";2016;"Condutor";"Ileso";42;"Masculino";1;0;0;0;"-23.00137983";"-44.23439026";"SR-RJ";"DEL5/3";"UOP02/RJ"
113851;250052;2018-02-25;"domingo";"04:15:00";"RJ";101;476;"ANGRA DOS REIS";"Sim";"Ingestao de alcool";1;"Colisao frontal";"Sem Vitimas";"Plena Noite";"Crescente";"Ceu Claro";"Simples";"Curva";"Sim";203080;"Automóvel";"I/HYUNDAI ELANTRA GLS";2012;"Condutor";"Ileso";29;"Masculino";1;0;0;0;"-23.00137983";"-44.23439026";"SR-RJ";"DEL5/3";"UOP02/RJ"
113859;248032;2018-02-25;"domingo";"05:00:00";"MS";163;158;"JUTI";"Sim";"Ingestao de alcool";1;"Saida de leito carrocavel";"Sem Vitimas";"Amanhecer";"Crescente";"Ceu Claro";"Simples";"Reta";"Nao";203059;"Automóvel";"GM/CORSA WIND";1994;"Condutor";"Ileso";31;"Masculino";1;0;0;0;"-22.91412822";"-54.52102661";"SR-MS";"DEL3/09";"UOP01/MS"
113883;248118;2018-02-25;"domingo";"07:20:00";"PB";230;4,8;"CABEDELO";"Sim";"Ingestao de alcool";1;"Colisao com objeto estatico";"Com Vitimas Feridas";"Pleno dia";"Decrescente";"Nublado";"Dupla";"Nao Informado";"Sim";203138;"Motocicleta";"HONDA/NXR150 BROS ES";2009;"Condutor";"Lesoes Graves";31;"Masculino";0;0;1;0;"-7.00808138";"-34.8306404";"SR-PB";"DEL14/1";"UOP01/PB"
113883;248120;2018-02-25;"domingo";"07:20:00";"PB";230;4,8;"CABEDELO";"Sim";"Ingestao de alcool";1;"Colisao com objeto estatico";"Com Vitimas Feridas";"Pleno dia";"Decrescente";"Nublado";"Dupla";"Nao Informado";"Sim";203138;"Motocicleta";"HONDA/NXR150 BROS ES";2009;"Passageiro";"Lesoes Graves";24;"Masculino";0;0;1;0;"-7.00808138";"-34.8306404";"SR-PB";"DEL14/1";"UOP01/PB"
113883;248123;2018-02-25;"domingo";"07:20:00";"PB";230;4,8;"CABEDELO";"Sim";"Ingestao de alcool";1;"Colisao com objeto estatico";"Com Vitimas Feridas";"Pleno dia";"Decrescente";"Nublado";"Dupla";"Nao Informado";"Sim";203138;"Motocicleta";"HONDA/NXR150 BROS ES";2009;"Passageiro";"Lesoes Leves";16;"Feminino";0;1;0;0;"-7.00808138";"-34.8306404";"SR-PB";"DEL14/1";"UOP01/PB"
113887;250133;2018-02-25;"domingo";"05:00:00";"SC";282;516;"XAXIM";"Sim";"Ingestao de alcool";1;"Capotamento";"Com Vitimas Feridas";"Amanhecer";"Decrescente";"Ceu Claro";"Simples";"Curva";"Nao";203066;"Automóvel";"HONDA/CIVIC LXS";2006;"Condutor";"Lesoes Leves";34;"Masculino";0;1;0;0;"-26.930862";"-52.499157";"SR-SC";"DEL8/8";"UOP01/SC"
113888;248112;2018-02-25;"domingo";"07:20:00";"PA";316;18;"MARITUBA";"Nao";"Ingestao de alcool";1;"Colisao transversal";"Com Vitimas Feridas";"Pleno dia";"Crescente";"Ceu Claro";"Dupla";"Reta";"Nao";203136;"Automóvel";"VW/VOYAGE 1.6 TREND";2009;"Passageiro";"Lesoes Leves";37;"Feminino";0;1;0;0;"-1.3556564";"-48.34232";"SR-PA";"DEL19/1";"UOP01/PA"
113888;248113;2018-02-25;"domingo";"07:20:00";"PA";316;18;"MARITUBA";"Nao";"Ingestao de alcool";1;"Colisao transversal";"Com Vitimas Feridas";"Pleno dia";"Crescente";"Ceu Claro";"Dupla";"Reta";"Nao";203136;"Automóvel";"VW/VOYAGE 1.6 TREND";2009;"Passageiro";"Lesoes Leves";51;"Feminino";0;1;0;0;"-1.3556564";"-48.34232";"SR-PA";"DEL19/1";"UOP01/PA"
113888;248111;2018-02-25;"domingo";"07:20:00";"PA";316;18;"MARITUBA";"Nao";"Ingestao de alcool";1;"Colisao transversal";"Com Vitimas Feridas";"Pleno dia";"Crescente";"Ceu Claro";"Dupla";"Reta";"Nao";203137;"Caminhonete";"FIAT/STRADA ADVENTURE CD";2010;"Condutor";"Ileso";32;"Masculino";1;0;0;0;"-1.3556564";"-48.34232";"SR-PA";"DEL19/1";"UOP01/PA"
113888;248106;2018-02-25;"domingo";"07:20:00";"PA";316;18;"MARITUBA";"Nao";"Ingestao de alcool";1;"Colisao transversal";"Com Vitimas Feridas";"Pleno dia";"Crescente";"Ceu Claro";"Dupla";"Reta";"Nao";203136;"Automóvel";"VW/VOYAGE 1.6 TREND";2009;"Condutor";"Lesoes Leves";40;"Masculino";0;1;0;0;"-1.3556564";"-48.34232";"SR-PA";"DEL19/1";"UOP01/PA"
113888;253241;2018-02-25;"domingo";"07:20:00";"PA";316;18;"MARITUBA";"Nao";"Ingestao de alcool";1;"Colisao transversal";"Com Vitimas Feridas";"Pleno dia";"Crescente";"Ceu Claro";"Dupla";"Reta";"Nao";203136;"Automóvel";"VW/VOYAGE 1.6 TREND";2009;"Passageiro";"Lesoes Leves";13;"Masculino";0;1;0;0;"-1.3556564";"-48.34232";"SR-PA";"DEL19/1";"UOP01/PA"
113888;253244;2018-02-25;"domingo";"07:20:00";"PA";316;18;"MARITUBA";"Nao";"Ingestao de alcool";1;"Colisao transversal";"Com Vitimas Feridas";"Pleno dia";"Crescente";"Ceu Claro";"Dupla";"Reta";"Nao";203136;"Automóvel";"VW/VOYAGE 1.6 TREND";2009;"Passageiro";"Lesoes Leves";9;"Feminino";0;1;0;0;"-1.3556564";"-48.34232";"SR-PA";"DEL19/1";"UOP01/PA"
113901;248050;2018-02-24;"sabado";"04:15:00";"BA";110;9,9;"PAULO AFONSO";"Sim";"Ingestao de alcool";1;"Capotamento";"Com Vitimas Feridas";"Plena Noite";"Crescente";"Ceu Claro";"Simples";"Reta";"Nao";203094;"Automóvel";"FIAT/SIENA ELX FLEX";2005;"Condutor";"Ileso";NA;"Masculino";1;0;0;0;"-9.50728064";"-38.2169501";"SR-BA";"DEL10/7";"UOP01/BA"
113901;248098;2018-02-24;"sabado";"04:15:00";"BA";110;9,9;"PAULO AFONSO";"Sim";"Ingestao de alcool";1;"Capotamento";"Com Vitimas Feridas";"Plena Noite";"Crescente";"Ceu Claro";"Simples";"Reta";"Nao";203094;"Automóvel";"FIAT/SIENA ELX FLEX";2005;"Passageiro";"Lesoes Leves";23;"Masculino";0;1;0;0;"-9.50728064";"-38.2169501";"SR-BA";"DEL10/7";"UOP01/BA"
113901;248102;2018-02-24;"sabado";"04:15:00";"BA";110;9,9;"PAULO AFONSO";"Sim";"Ingestao de alcool";1;"Capotamento";"Com Vitimas Feridas";"Plena Noite";"Crescente";"Ceu Claro";"Simples";"Reta";"Nao";203094;"Automóvel";"FIAT/SIENA ELX FLEX";2005;"Passageiro";"Lesoes Leves";33;"Masculino";0;1;0;0;"-9.50728064";"-38.2169501";"SR-BA";"DEL10/7";"UOP01/BA"
113919;250172;2018-02-25;"domingo";"05:40:00";"SC";282;603;"MARAVILHA";"Sim";"Ingestao de alcool";1;"Saida de leito carrocavel";"Sem Vitimas";"Amanhecer";"Decrescente";"Ceu Claro";"Simples";"Curva";"Nao";203134;"Automóvel";"RENAULT/MEGANESD DYN 16";2006;"Condutor";"Ileso";33;"Masculino";1;0;0;0;"-26.803013";"-53.188068";"SR-SC";"DEL8/8";"UOP02/SC"
113919;250174;2018-02-25;"domingo";"05:40:00";"SC";282;603;"MARAVILHA";"Sim";"Ingestao de alcool";1;"Saida de leito carrocavel";"Sem Vitimas";"Amanhecer";"Decrescente";"Ceu Claro";"Simples";"Curva";"Nao";203134;"Automóvel";"RENAULT/MEGANESD DYN 16";2006;"Passageiro";"Ileso";20;"Feminino";1;0;0;0;"-26.803013";"-53.188068";"SR-SC";"DEL8/8";"UOP02/SC"
113929;248153;2018-02-25;"domingo";"09:00:00";"SC";101;79;"ARAQUARI";"Sim";"Ingestao de alcool";1;"Colisao com objeto estatico";"Com Vitimas Feridas";"Pleno dia";"Decrescente";"Ceu Claro";"Multipla";"Reta";"Nao";203170;"Automóvel";"VW/GOL 16V POWER";2002;"Condutor";"Ileso";26;"Masculino";1;0;0;0;"-26.5972";"-48.7233";"SR-SC";"DEL8/3";"UOP02/SC"
113929;248154;2018-02-25;"domingo";"09:00:00";"SC";101;79;"ARAQUARI";"Sim";"Ingestao de alcool";1;"Colisao com objeto estatico";"Com Vitimas Feridas";"Pleno dia";"Decrescente";"Ceu Claro";"Multipla";"Reta";"Nao";203170;"Automóvel";"VW/GOL 16V POWER";2002;"Passageiro";"Lesoes Leves";19;"Feminino";0;1;0;0;"-26.5972";"-48.7233";"SR-SC";"DEL8/3";"UOP02/SC"
113929;248157;2018-02-25;"domingo";"09:00:00";"SC";101;79;"ARAQUARI";"Sim";"Ingestao de alcool";1;"Colisao com objeto estatico";"Com Vitimas Feridas";"Pleno dia";"Decrescente";"Ceu Claro";"Multipla";"Reta";"Nao";203170;"Automóvel";"VW/GOL 16V POWER";2002;"Passageiro";"Lesoes Leves";19;"Feminino";0;1;0;0;"-26.5972";"-48.7233";"SR-SC";"DEL8/3";"UOP02/SC"
113947;248365;2018-02-25;"domingo";"11:20:00";"GO";153;56;"PORANGATU";"Sim";"Ingestao de alcool";1;"Colisao lateral";"Com Vitimas Feridas";"Pleno dia";"Crescente";"Ceu Claro";"Simples";"Desvio Temporario";"Nao";203247;"Caminhao-trator";"IVECO/STRALIS 570S41T";2010;"Condutor";"Ileso";61;"Masculino";1;0;0;0;"-13.4056506";"-49.12467957";"SR-GO";"DEL1/7";"UOP01/GO"
113947;248367;2018-02-25;"domingo";"11:20:00";"GO";153;56;"PORANGATU";"Sim";"Ingestao de alcool";1;"Colisao lateral";"Com Vitimas Feridas";"Pleno dia";"Crescente";"Ceu Claro";"Simples";"Desvio Temporario";"Nao";203246;"Camioneta";"HYUNDAI/TUCSON GLSB";2012;"Passageiro";"Lesoes Leves";73;"Feminino";0;1;0;0;"-13.4056506";"-49.12467957";"SR-GO";"DEL1/7";"UOP01/GO"
113947;248337;2018-02-25;"domingo";"11:20:00";"GO";153;56;"PORANGATU";"Sim";"Ingestao de alcool";1;"Colisao lateral";"Com Vitimas Feridas";"Pleno dia";"Crescente";"Ceu Claro";"Simples";"Desvio Temporario";"Nao";203246;"Camioneta";"HYUNDAI/TUCSON GLSB";2012;"Condutor";"Lesoes Leves";61;"Masculino";0;1;0;0;"-13.4056506";"-49.12467957";"SR-GO";"DEL1/7";"UOP01/GO"
113954;248634;2018-02-25;"domingo";"12:25:00";"MG";50;27,7;"ARAGUARI";"Sim";"Ingestao de alcool";1;"Saida de leito carrocavel";"Sem Vitimas";"Pleno dia";"Crescente";"Ceu Claro";"Dupla";"Nao Informado";"Nao";203527;"Automóvel";"IMP/GM CALIBRA 16V";1995;"Testemunha";"Nao Informado";NA;"Nao Informado";0;0;0;0;"-18.61918007";"-48.10106814";"SR-MG";"DEL4/15";"UOP02/MG"
113954;248631;2018-02-25;"domingo";"12:25:00";"MG";50;27,7;"ARAGUARI";"Sim";"Ingestao de alcool";1;"Saida de leito carrocavel";"Sem Vitimas";"Pleno dia";"Crescente";"Ceu Claro";"Dupla";"Nao Informado";"Nao";203527;"Automóvel";"IMP/GM CALIBRA 16V";1995;"Condutor";"Ileso";72;"Masculino";1;0;0;0;"-18.61918007";"-48.10106814";"SR-MG";"DEL4/15";"UOP02/MG"
113974;248592;2018-02-25;"domingo";"13:00:00";"GO";50;229,2;"CAMPO ALEGRE DE GOIAS";"Sim";"Ingestao de alcool";1;"Saida de leito carrocavel";"Sem Vitimas";"Pleno dia";"Crescente";"Nublado";"Simples";"Reta";"Nao";203310;"Automóvel";"FORD/FIESTA GL";2000;"Condutor";"Ileso";56;"Masculino";1;0;0;0;"-17.79507897";"-47.76589988";"SR-GO";"DEL1/6";"UOP01/GO"
113998;251420;2018-02-25;"domingo";"16:00:00";"TO";153;144;"ARAGUAINA";"Sim";"Ingestao de alcool";1;"Tombamento";"Com Vitimas Feridas";"Pleno dia";"Decrescente";"Nublado";"Dupla";"Reta";"Sim";205957;"Motoneta";"SUNDOWN/HUNTER 90";2006;"Condutor";"Lesoes Leves";2017;"Masculino";0;1;0;0;"-7.196628";"-48.23637";"SR-TO";"UOP04/TO";""
114016;248324;2018-02-25;"domingo";"14:50:00";"GO";50;277,1;"CATALAO";"Sim";"Ingestao de alcool";1;"Saida de leito carrocavel";"Com Vitimas Feridas";"Pleno dia";"Crescente";"Nublado";"Simples";"Reta";"Sim";203312;"Bicicleta";"";NA;"Condutor";"Lesoes Leves";51;"Masculino";0;1;0;0;"-18.16563971";"-47.91216942";"SR-GO";"DEL1/6";"UOP01/GO"
114017;250649;2018-02-25;"domingo";"17:05:00";"CE";116;485,8;"MILAGRES";"Sim";"Ingestao de alcool";1;"Saida de leito carrocavel";"Com Vitimas Feridas";"Pleno dia";"Crescente";"Ceu Claro";"Simples";"Reta";"Nao";203436;"Motocicleta";"HONDA/CG 125 FAN KS";2011;"Condutor";"Lesoes Leves";28;"Masculino";0;1;0;0;"-7.35022634";"-38.94160252";"SR-CE";"DEL16/5";"UOP03/CE"
114023;249953;2018-02-25;"domingo";"17:20:00";"GO";20;3,6;"FORMOSA";"Nao";"Ingestao de alcool";1;"Colisao traseira";"Com Vitimas Feridas";"Anoitecer";"Decrescente";"Nublado";"Dupla";"Reta";"Sim";203403;"Automóvel";"GM/CORSA GL";1994;"Passageiro";"Ileso";22;"Feminino";1;0;0;0;"-15.57277363";"-47.3236084";"SR-DF";"GO";"UOP04/DF"
114023;249969;2018-02-25;"domingo";"17:20:00";"GO";20;3,6;"FORMOSA";"Nao";"Ingestao de alcool";1;"Colisao traseira";"Com Vitimas Feridas";"Anoitecer";"Decrescente";"Nublado";"Dupla";"Reta";"Sim";203404;"Automóvel";"FIAT/UNO MILLE SMART";2000;"Passageiro";"Ileso";21;"Masculino";1;0;0;0;"-15.57277363";"-47.3236084";"SR-DF";"GO";"UOP04/DF"
114023;249960;2018-02-25;"domingo";"17:20:00";"GO";20;3,6;"FORMOSA";"Nao";"Ingestao de alcool";1;"Colisao traseira";"Com Vitimas Feridas";"Anoitecer";"Decrescente";"Nublado";"Dupla";"Reta";"Sim";203403;"Automóvel";"GM/CORSA GL";1994;"Passageiro";"Lesoes Leves";23;"Feminino";0;1;0;0;"-15.57277363";"-47.3236084";"SR-DF";"GO";"UOP04/DF"
114023;249955;2018-02-25;"domingo";"17:20:00";"GO";20;3,6;"FORMOSA";"Nao";"Ingestao de alcool";1;"Colisao traseira";"Com Vitimas Feridas";"Anoitecer";"Decrescente";"Nublado";"Dupla";"Reta";"Sim";203403;"Automóvel";"GM/CORSA GL";1994;"Passageiro";"Ileso";1;"Feminino";1;0;0;0;"-15.57277363";"-47.3236084";"SR-DF";"GO";"UOP04/DF"
114023;249951;2018-02-25;"domingo";"17:20:00";"GO";20;3,6;"FORMOSA";"Nao";"Ingestao de alcool";1;"Colisao traseira";"Com Vitimas Feridas";"Anoitecer";"Decrescente";"Nublado";"Dupla";"Reta";"Sim";203403;"Automóvel";"GM/CORSA GL";1994;"Condutor";"Ileso";22;"Masculino";1;0;0;0;"-15.57277363";"-47.3236084";"SR-DF";"GO";"UOP04/DF"
114023;249963;2018-02-25;"domingo";"17:20:00";"GO";20;3,6;"FORMOSA";"Nao";"Ingestao de alcool";1;"Colisao traseira";"Com Vitimas Feridas";"Anoitecer";"Decrescente";"Nublado";"Dupla";"Reta";"Sim";203404;"Automóvel";"FIAT/UNO MILLE SMART";2000;"Condutor";"Lesoes Leves";23;"Masculino";0;1;0;0;"-15.57277363";"-47.3236084";"SR-DF";"GO";"UOP04/DF"
114039;248467;2018-02-25;"domingo";"18:30:00";"PR";369;231,3;"JANDAIA DO SUL";"Sim";"Ingestao de alcool";1;"Colisao lateral";"Sem Vitimas";"Anoitecer";"Decrescente";"Ceu Claro";"Simples";"Nao Informado";"Nao";203442;"Automóvel";"GM/CORSA WIND";1997;"Condutor";"Nao Informado";NA;"Nao Informado";0;0;0;0;"-23.60552023";"-51.66709185";"SR-PR";"DEL7/7";"UOP03/PR"
114039;248466;2018-02-25;"domingo";"18:30:00";"PR";369;231,3;"JANDAIA DO SUL";"Sim";"Ingestao de alcool";1;"Colisao lateral";"Sem Vitimas";"Anoitecer";"Decrescente";"Ceu Claro";"Simples";"Nao Informado";"Nao";203437;"Automóvel";"I/VW GOLF HIGHLINE AA";2014;"Condutor";"Ileso";27;"Masculino";1;0;0;0;"-23.60552023";"-51.66709185";"SR-PR";"DEL7/7";"UOP03/PR"
114039;248468;2018-02-25;"domingo";"18:30:00";"PR";369;231,3;"JANDAIA DO SUL";"Sim";"Ingestao de alcool";1;"Colisao lateral";"Sem Vitimas";"Anoitecer";"Decrescente";"Ceu Claro";"Simples";"Nao Informado";"Nao";203442;"Automóvel";"GM/CORSA WIND";1997;"Passageiro";"Ileso";57;"Feminino";1;0;0;0;"-23.60552023";"-51.66709185";"SR-PR";"DEL7/7";"UOP03/PR"
114044;248580;2018-02-25;"domingo";"19:10:00";"SC";101;194,3;"BIGUACU";"Sim";"Ingestao de alcool";1;"Colisao traseira";"Com Vitimas Feridas";"Plena Noite";"Decrescente";"Nublado";"Dupla";"Reta";"Sim";203440;"Automóvel";"CHEVROLET/ONIX 1.0MT LT";2015;"Condutor";"Ileso";44;"Masculino";1;0;0;0;"-27.4897";"-48.6559";"SR-SC";"DEL8/1";"UOP01/SC"
114044;248582;2018-02-25;"domingo";"19:10:00";"SC";101;194,3;"BIGUACU";"Sim";"Ingestao de alcool";1;"Colisao traseira";"Com Vitimas Feridas";"Plena Noite";"Decrescente";"Nublado";"Dupla";"Reta";"Sim";203440;"Automóvel";"CHEVROLET/ONIX 1.0MT LT";2015;"Passageiro";"Lesoes Leves";51;"Feminino";0;1;0;0;"-27.4897";"-48.6559";"SR-SC";"DEL8/1";"UOP01/SC"
114044;248581;2018-02-25;"domingo";"19:10:00";"SC";101;194,3;"BIGUACU";"Sim";"Ingestao de alcool";1;"Colisao traseira";"Com Vitimas Feridas";"Plena Noite";"Decrescente";"Nublado";"Dupla";"Reta";"Sim";203441;"Automóvel";"CHEVROLET/CELTA 1.0L LT";2014;"Condutor";"Ileso";32;"Masculino";1;0;0;0;"-27.4897";"-48.6559";"SR-SC";"DEL8/1";"UOP01/SC"
114050;248444;2018-02-25;"domingo";"19:05:00";"RJ";116;172,4;"BELFORD ROXO";"Sim";"Ingestao de alcool";2;"Tombamento";"Com Vitimas Feridas";"Plena Noite";"Crescente";"Ceu Claro";"Dupla";"Reta";"Sim";203410;"Automóvel";"FORD/FIESTA SEDAN FLEX";2009;"Condutor";"Lesoes Leves";63;"Masculino";0;1;0;0;"-22.80036106";"-43.35320422";"SR-RJ";"DEL5/1";"UOP02/RJ"
114051;249937;2018-02-25;"domingo";"19:35:00";"GO";40;10,1;"LUZIANIA";"Sim";"Ingestao de alcool";1;"Atropelamento de Pedestre";"Com Vitimas Feridas";"Plena Noite";"Crescente";"Ceu Claro";"Dupla";"Reta";"Sim";203514;"Motocicleta";"";NA;"Condutor";"Nao Informado";NA;"Nao Informado";0;0;0;0;"-16.13172553";"-47.95775235";"SR-DF";"GO";"UOP01/DF"
114051;249939;2018-02-25;"domingo";"19:35:00";"GO";40;10,1;"LUZIANIA";"Sim";"Ingestao de alcool";1;"Atropelamento de Pedestre";"Com Vitimas Feridas";"Plena Noite";"Crescente";"Ceu Claro";"Dupla";"Reta";"Sim";203514;"Motocicleta";"";NA;"Pedestre";"Lesoes Graves";28;"Masculino";0;0;1;0;"-16.13172553";"-47.95775235";"SR-DF";"GO";"UOP01/DF"
114055;248438;2018-02-25;"domingo";"18:40:00";"PB";230;36;"SANTA RITA";"Nao";"Ingestao de alcool";1;"Atropelamento de Pedestre";"Com Vitimas Feridas";"Plena Noite";"Crescente";"Chuva";"Dupla";"Nao Informado";"Sim";203412;"Motocicleta";"";NA;"Condutor";"Nao Informado";NA;"Nao Informado";0;0;0;0;"-7.12602079";"-34.94931795";"SR-PB";"DEL14/1";"UOP01/PB"
114055;248439;2018-02-25;"domingo";"18:40:00";"PB";230;36;"SANTA RITA";"Nao";"Ingestao de alcool";1;"Atropelamento de Pedestre";"Com Vitimas Feridas";"Plena Noite";"Crescente";"Chuva";"Dupla";"Nao Informado";"Sim";203412;"Motocicleta";"";NA;"Pedestre";"Lesoes Graves";43;"Masculino";0;0;1;0;"-7.12602079";"-34.94931795";"SR-PB";"DEL14/1";"UOP01/PB"
114062;250549;2018-02-25;"domingo";"19:40:00";"PI";316;5,2;"TERESINA";"Sim";"Ingestao de alcool";1;"Colisao lateral";"Sem Vitimas";"Plena Noite";"Decrescente";"Garoa/Chuvisco";"Dupla";"Curva";"Sim";203408;"Automóvel";"CHEVROLET/CLASSIC LS";2011;"Condutor";"Ileso";39;"Masculino";1;0;0;0;"-5.02391489";"-42.76977539";"SR-PI";"DEL17/1";"UOP02/PI"
114062;250550;2018-02-25;"domingo";"19:40:00";"PI";316;5,2;"TERESINA";"Sim";"Ingestao de alcool";1;"Colisao lateral";"Sem Vitimas";"Plena Noite";"Decrescente";"Garoa/Chuvisco";"Dupla";"Curva";"Sim";203409;"Automóvel";"VW/NOVO GOL 1.0";2013;"Condutor";"Ileso";34;"Masculino";1;0;0;0;"-5.02391489";"-42.76977539";"SR-PI";"DEL17/1";"UOP02/PI"
114065;255058;2018-02-25;"domingo";"19:00:00";"SC";101;227;"PALHOCA";"Sim";"Ingestao de alcool";1;"Colisao traseira";"Com Vitimas Feridas";"Plena Noite";"Decrescente";"Ceu Claro";"Simples";"Viaduto";"Sim";203533;"Automóvel";"GM/CELTA 4P LIFE";2007;"Condutor";"Lesoes Leves";42;"Masculino";0;1;0;0;"-27.7591";"-48.6308";"SR-SC";"DEL8/1";"UOP02/SC"
114065;255060;2018-02-25;"domingo";"19:00:00";"SC";101;227;"PALHOCA";"Sim";"Ingestao de alcool";1;"Colisao traseira";"Com Vitimas Feridas";"Plena Noite";"Decrescente";"Ceu Claro";"Simples";"Viaduto";"Sim";203533;"Automóvel";"GM/CELTA 4P LIFE";2007;"Passageiro";"Lesoes Leves";40;"Masculino";0;1;0;0;"-27.7591";"-48.6308";"SR-SC";"DEL8/1";"UOP02/SC"
114065;255066;2018-02-25;"domingo";"19:00:00";"SC";101;227;"PALHOCA";"Sim";"Ingestao de alcool";1;"Colisao traseira";"Com Vitimas Feridas";"Plena Noite";"Decrescente";"Ceu Claro";"Simples";"Viaduto";"Sim";203534;"Camioneta";"I/CHEV TRACKER LTZ AT";2017;"Testemunha";"Nao Informado";NA;"Nao Informado";0;0;0;0;"-27.7591";"-48.6308";"SR-SC";"DEL8/1";"UOP02/SC"
114065;255053;2018-02-25;"domingo";"19:00:00";"SC";101;227;"PALHOCA";"Sim";"Ingestao de alcool";1;"Colisao traseira";"Com Vitimas Feridas";"Plena Noite";"Decrescente";"Ceu Claro";"Simples";"Viaduto";"Sim";203534;"Camioneta";"I/CHEV TRACKER LTZ AT";2017;"Condutor";"Ileso";62;"Masculino";1;0;0;0;"-27.7591";"-48.6308";"SR-SC";"DEL8/1";"UOP02/SC"
114075;248579;2018-02-25;"domingo";"20:31:00";"PB";230;27,8;"JOAO PESSOA";"Sim";"Ingestao de alcool";1;"Capotamento";"Sem Vitimas";"Plena Noite";"Crescente";"Ceu Claro";"Dupla";"Reta";"Sim";203474;"Automóvel";"GM/CELTA";2001;"Condutor";"Ileso";37;"Masculino";1;0;0;0;"-7.16357525";"-34.89189148";"SR-PB";"DEL14/1";"UOP01/PB"
114104;248649;2018-02-25;"domingo";"22:30:00";"SP";116;173;"JACAREI";"Sim";"Ingestao de alcool";1;"Colisao lateral";"Sem Vitimas";"Plena Noite";"Decrescente";"Ceu Claro";"Dupla";"Reta";"Nao";203568;"Caminhonete";"I/FORD RANGER XLSCD4 22C";2016;"Condutor";"Ileso";23;"Masculino";1;0;0;0;"-23.308106";"-46.055319";"SR-SP";"DEL6/2";"UOP01/SP"
114104;248647;2018-02-25;"domingo";"22:30:00";"SP";116;173;"JACAREI";"Sim";"Ingestao de alcool";1;"Colisao lateral";"Sem Vitimas";"Plena Noite";"Decrescente";"Ceu Claro";"Dupla";"Reta";"Nao";203567;"Caminhonete";"CHEVROLET/MONTANA SPORT";2011;"Condutor";"Ileso";49;"Masculino";1;0;0;0;"-23.308106";"-46.055319";"SR-SP";"DEL6/2";"UOP01/SP"
114115;248638;2018-02-25;"domingo";"23:00:00";"RS";392;83,7;"PELOTAS";"Sim";"Ingestao de alcool";1;"Saida de leito carrocavel";"Com Vitimas Feridas";"Plena Noite";"Decrescente";"Ceu Claro";"Simples";"Reta";"Nao";203573;"Caminhao-trator";"VOLVO/FH12 380 4X2T";2002;"Condutor";"Ileso";29;"Masculino";1;0;0;0;"-31.64987378";"-52.47698524";"SR-RS";"DEL9/7";"UOP01/RS"
114115;248641;2018-02-25;"domingo";"23:00:00";"RS";392;83,7;"PELOTAS";"Sim";"Ingestao de alcool";1;"Saida de leito carrocavel";"Com Vitimas Feridas";"Plena Noite";"Decrescente";"Ceu Claro";"Simples";"Reta";"Nao";203573;"Caminhao-trator";"VOLVO/FH12 380 4X2T";2002;"Passageiro";"Lesoes Leves";8;"Feminino";0;1;0;0;"-31.64987378";"-52.47698524";"SR-RS";"DEL9/7";"UOP01/RS"
114115;248643;2018-02-25;"domingo";"23:00:00";"RS";392;83,7;"PELOTAS";"Sim";"Ingestao de alcool";1;"Saida de leito carrocavel";"Com Vitimas Feridas";"Plena Noite";"Decrescente";"Ceu Claro";"Simples";"Reta";"Nao";203573;"Caminhao-trator";"VOLVO/FH12 380 4X2T";2002;"Passageiro";"Lesoes Leves";26;"Feminino";0;1;0;0;"-31.64987378";"-52.47698524";"SR-RS";"DEL9/7";"UOP01/RS"
114121;250726;2018-02-26;"segunda-feira";"00:15:00";"SP";116;210,8;"GUARULHOS";"Sim";"Ingestao de alcool";1;"Tombamento";"Com Vitimas Feridas";"Plena Noite";"Decrescente";"Nublado";"Multipla";"Reta";"Nao";205363;"Motocicleta";"HONDA/CBX 250 TWISTER";2003;"Condutor";"Lesoes Leves";48;"Masculino";0;1;0;0;"-23.463257";"-46.53373";"SR-SP";"DEL6/1";"UOP01/SP"
114121;250728;2018-02-26;"segunda-feira";"00:15:00";"SP";116;210,8;"GUARULHOS";"Sim";"Ingestao de alcool";1;"Tombamento";"Com Vitimas Feridas";"Plena Noite";"Decrescente";"Nublado";"Multipla";"Reta";"Nao";205363;"Motocicleta";"HONDA/CBX 250 TWISTER";2003;"Passageiro";"Lesoes Leves";57;"Feminino";0;1;0;0;"-23.463257";"-46.53373";"SR-SP";"DEL6/1";"UOP01/SP"
114131;250562;2018-02-26;"segunda-feira";"02:30:00";"RS";116;262;"CANOAS";"Sim";"Ingestao de alcool";1;"Colisao com objeto estatico";"Sem Vitimas";"Plena Noite";"Decrescente";"Ceu Claro";"Multipla";"Reta";"Nao";203547;"Camioneta";"JEEP/RENEGADE SPORT MT";2017;"Condutor";"Ileso";36;"Masculino";1;0;0;0;"-29.90375807";"-51.17637634";"SR-RS";"DEL9/1";"UOP01/RS"