"id";"pesid";"data_inversa";"dia_semana";"horario";"uf";"br";"km";"municipio";"causa_principal";"causa_acidente";"ordem_tipo_acidente";"tipo_acidente";"classificacao_acidente";"fase_dia";"sentido_via";"condicao_metereologica";"tipo_pista";"tracado_via";"uso_solo";"id_veiculo";"tipo_veiculo";"marca";"ano_fabricacao_veiculo";"tipo_envolvido";"estado_fisico";"idade";"sexo";"ilesos";"feridos_leves";"feridos_graves";"mortos";"latitude";"longitude";"regional";"delegacia";"uop"
114134;248721;2018-02-26;"segunda-feira";"03:55:00";"PR";476;130;"CURITIBA";"Sim";"Ingestao de alcool";1;"Saida de leito carrocavel";"Sem Vitimas";"Plena Noite";"Crescente";"Ignorado";"Dupla";"Intersecao de vias";"Sim";203549;"Caminhonete";"I/VW AMAROK CD 4X4 TREND";2014;"Condutor";"Ileso";37;"Masculino";1;0;0;0;"-25.449564";"-49.236427";"SR-PR";"DEL7/1";"UOP06/PR"
114137;248607;2018-02-26;"segunda-feira";"03:50:00";"SP";116;132;"CACAPAVA";"Nao";"Ingestao de alcool";1;"Colisao traseira";"Com Vitimas Feridas";"Plena Noite";"Decrescente";"Nublado";"Dupla";"Reta";"Sim";203556;"Automóvel";"PEUGEOT/208 ALLURE";2013;"Condutor";"Ileso";30;"Masculino";1;0;0;0;"-23.131706";"-45.744831";"SR-SP";"DEL6/6";"UOP02/SP"
114137;248610;2018-02-26;"segunda-feira";"03:50:00";"SP";116;132;"CACAPAVA";"Nao";"Ingestao de alcool";1;"Colisao traseira";"Com Vitimas Feridas";"Plena Noite";"Decrescente";"Nublado";"Dupla";"Reta";"Sim";203557;"Automóvel";"RENAULT/SANDERO EXPR 10";2017;"Condutor";"Ileso";22;"Masculino";1;0;0;0;"-23.131706";"-45.744831";"SR-SP";"DEL6/6";"UOP02/SP"
114137;248630;2018-02-26;"segunda-feira";"03:50:00";"SP";116;132;"CACAPAVA";"Nao";"Ingestao de alcool";1;"Colisao traseira";"Com Vitimas Feridas";"Plena Noite";"Decrescente";"Nublado";"Dupla";"Reta";"Sim";203556;"Automóvel";"PEUGEOT/208 ALLURE";2013;"Passageiro";"Lesoes Leves";33;"Masculino";0;1;0;0;"-23.131706";"-45.744831";"SR-SP";"DEL6/6";"UOP02/SP"
114137;248753;2018-02-26;"segunda-feira";"03:50:00";"SP";116;132;"CACAPAVA";"Nao";"Ingestao de alcool";1;"Colisao traseira";"Com Vitimas Feridas";"Plena Noite";"Decrescente";"Nublado";"Dupla";"Reta";"Sim";203557;"Automóvel";"RENAULT/SANDERO EXPR 10";2017;"Passageiro";"Ileso";20;"Masculino";1;0;0;0;"-23.131706";"-45.744831";"SR-SP";"DEL6/6";"UOP02/SP"
114137;248757;2018-02-26;"segunda-feira";"03:50:00";"SP";116;132;"CACAPAVA";"Nao";"Ingestao de alcool";1;"Colisao traseira";"Com Vitimas Feridas";"Plena Noite";"Decrescente";"Nublado";"Dupla";"Reta";"Sim";203557;"Automóvel";"RENAULT/SANDERO EXPR 10";2017;"Passageiro";"Lesoes Leves";23;"Masculino";0;1;0;0;"-23.131706";"-45.744831";"SR-SP";"DEL6/6";"UOP02/SP"
114137;248635;2018-02-26;"segunda-feira";"03:50:00";"SP";116;132;"CACAPAVA";"Nao";"Ingestao de alcool";1;"Colisao traseira";"Com Vitimas Feridas";"Plena Noite";"Decrescente";"Nublado";"Dupla";"Reta";"Sim";203556;"Automóvel";"PEUGEOT/208 ALLURE";2013;"Passageiro";"Ileso";31;"Feminino";1;0;0;0;"-23.131706";"-45.744831";"SR-SP";"DEL6/6";"UOP02/SP"
114137;248758;2018-02-26;"segunda-feira";"03:50:00";"SP";116;132;"CACAPAVA";"Nao";"Ingestao de alcool";1;"Colisao traseira";"Com Vitimas Feridas";"Plena Noite";"Decrescente";"Nublado";"Dupla";"Reta";"Sim";203557;"Automóvel";"RENAULT/SANDERO EXPR 10";2017;"Passageiro";"Lesoes Leves";24;"Masculino";0;1;0;0;"-23.131706";"-45.744831";"SR-SP";"DEL6/6";"UOP02/SP"
114252;249103;2018-02-26;"segunda-feira";"14:57:00";"SP";153;55,7;"SAO JOSE DO RIO PRETO";"Nao";"Ingestao de alcool";1;"Colisao transversal";"Com Vitimas Feridas";"Pleno dia";"Decrescente";"Garoa/Chuvisco";"Simples";"Rotatória";"Sim";203969;"Caminhao";"FORD/CARGO 1621";2001;"Condutor";"Ileso";60;"Masculino";1;0;0;0;"-20.76221352";"-49.34642315";"SR-SP";"DEL6/9";"UOP01/SP"
114252;249125;2018-02-26;"segunda-feira";"14:57:00";"SP";153;55,7;"SAO JOSE DO RIO PRETO";"Nao";"Ingestao de alcool";1;"Colisao transversal";"Com Vitimas Feridas";"Pleno dia";"Decrescente";"Garoa/Chuvisco";"Simples";"Rotatória";"Sim";203970;"Ônibus";"M.BENZ/MPOLO TORINO U";2013;"Passageiro";"Lesoes Leves";71;"Feminino";0;1;0;0;"-20.76221352";"-49.34642315";"SR-SP";"DEL6/9";"UOP01/SP"
114252;249112;2018-02-26;"segunda-feira";"14:57:00";"SP";153;55,7;"SAO JOSE DO RIO PRETO";"Nao";"Ingestao de alcool";1;"Colisao transversal";"Com Vitimas Feridas";"Pleno dia";"Decrescente";"Garoa/Chuvisco";"Simples";"Rotatória";"Sim";203970;"Ônibus";"M.BENZ/MPOLO TORINO U";2013;"Condutor";"Lesoes Leves";49;"Masculino";0;1;0;0;"-20.76221352";"-49.34642315";"SR-SP";"DEL6/9";"UOP01/SP"
114252;249116;2018-02-26;"segunda-feira";"14:57:00";"SP";153;55,7;"SAO JOSE DO RIO PRETO";"Nao";"Ingestao de alcool";1;"Colisao transversal";"Com Vitimas Feridas";"Pleno dia";"Decrescente";"Garoa/Chuvisco";"Simples";"Rotatória";"Sim";203970;"Ônibus";"M.BENZ/MPOLO TORINO U";2013;"Passageiro";"Lesoes Leves";68;"Feminino";0;1;0;0;"-20.76221352";"-49.34642315";"SR-SP";"DEL6/9";"UOP01/SP"
114252;249121;2018-02-26;"segunda-feira";"14:57:00";"SP";153;55,7;"SAO JOSE DO RIO PRETO";"Nao";"Ingestao de alcool";1;"Colisao transversal";"Com Vitimas Feridas";"Pleno dia";"Decrescente";"Garoa/Chuvisco";"Simples";"Rotatória";"Sim";203970;"Ônibus";"M.BENZ/MPOLO TORINO U";2013;"Passageiro";"Lesoes Leves";18;"Feminino";0;1;0;0;"-20.76221352";"-49.34642315";"SR-SP";"DEL6/9";"UOP01/SP"
114258;249333;2018-02-26;"segunda-feira";"15:15:00";"PR";277;118;"PARANAGUA";"Sim";"Ingestao de alcool";1;"Saida de leito carrocavel";"Com Vitimas Feridas";"Pleno dia";"Decrescente";"Ceu Claro";"Dupla";"Curva";"Sim";203796;"Motocicleta";"HONDA/CG 160 FAN ESDI";2016;"Condutor";"Lesoes Leves";47;"Masculino";0;1;0;0;"-25.55978725";"-48.58154297";"SR-PR";"DEL7/1";"UOP05/PR"
114262;248931;2018-02-26;"segunda-feira";"15:20:00";"PR";376;263,3;"CALIFORNIA";"Sim";"Ingestao de alcool";1;"Saida de leito carrocavel";"Com Vitimas Feridas";"Pleno dia";"Crescente";"Ceu Claro";"Simples";"Curva";"Nao";203844;"Automóvel";"FIAT/UNO MILLE ECONOMY";2013;"Condutor";"Lesoes Graves";40;"Masculino";0;0;1;0;"-23.70260067";"-51.33223322";"SR-PR";"DEL7/7";"UOP03/PR"
114306;249220;2018-02-26;"segunda-feira";"17:35:00";"SE";101;85;"NOSSA SENHORA DO SOCORRO";"Sim";"Ingestao de alcool";1;"Colisao lateral";"Com Vitimas Feridas";"Pleno dia";"Crescente";"Ceu Claro";"Dupla";"Reta";"Nao";203978;"Automóvel";"CHEVROLET/ONIX 1.0MT LT";2014;"Condutor";"Ileso";24;"Feminino";1;0;0;0;"-10.8571";"-37.1357";"SR-SE";"DEL20/1";"UOP01/SE"
114306;249222;2018-02-26;"segunda-feira";"17:35:00";"SE";101;85;"NOSSA SENHORA DO SOCORRO";"Sim";"Ingestao de alcool";1;"Colisao lateral";"Com Vitimas Feridas";"Pleno dia";"Crescente";"Ceu Claro";"Dupla";"Reta";"Nao";203980;"Automóvel";"I/CHEV CRUZE LTZ NB AT";2016;"Condutor";"Ileso";46;"Masculino";1;0;0;0;"-10.8571";"-37.1357";"SR-SE";"DEL20/1";"UOP01/SE"
114306;249218;2018-02-26;"segunda-feira";"17:35:00";"SE";101;85;"NOSSA SENHORA DO SOCORRO";"Sim";"Ingestao de alcool";1;"Colisao lateral";"Com Vitimas Feridas";"Pleno dia";"Crescente";"Ceu Claro";"Dupla";"Reta";"Nao";203974;"Motocicleta";"HONDA/CG 160 FAN ESDI";2017;"Condutor";"Lesoes Leves";41;"Masculino";0;1;0;0;"-10.8571";"-37.1357";"SR-SE";"DEL20/1";"UOP01/SE"
114332;249008;2018-02-26;"segunda-feira";"14:50:00";"MG";40;126;"JOAO PINHEIRO";"Sim";"Ingestao de alcool";1;"Colisao lateral";"Com Vitimas Feridas";"Pleno dia";"Crescente";"Ceu Claro";"Simples";"Reta";"Sim";203896;"Caminhonete";"GM/CHEVROLET D10";1979;"Condutor";"Lesoes Leves";37;"Masculino";0;1;0;0;"-17.689611";"-46.318035";"SR-MG";"DEL4/14";"UOP01/MG"
114332;249009;2018-02-26;"segunda-feira";"14:50:00";"MG";40;126;"JOAO PINHEIRO";"Sim";"Ingestao de alcool";1;"Colisao lateral";"Com Vitimas Feridas";"Pleno dia";"Crescente";"Ceu Claro";"Simples";"Reta";"Sim";203897;"Caminhao-trator";"M.BENZ/LS 1935";1995;"Condutor";"Ileso";31;"Masculino";1;0;0;0;"-17.689611";"-46.318035";"SR-MG";"DEL4/14";"UOP01/MG"
114339;249195;2018-02-26;"segunda-feira";"19:40:00";"MG";153;242,5;"FRONTEIRA";"Sim";"Ingestao de alcool";1;"Colisao transversal";"Com Vitimas Fatais";"Plena Noite";"Decrescente";"Nublado";"Simples";"Reta";"Nao";204014;"Automóvel";"VW/SANTANA";2003;"Condutor";"Ileso";40;"Masculino";1;0;0;0;"-20.26824";"-49.199852";"SR-MG";"DEL4/18";"UOP01/MG"
114339;249197;2018-02-26;"segunda-feira";"19:40:00";"MG";153;242,5;"FRONTEIRA";"Sim";"Ingestao de alcool";1;"Colisao transversal";"Com Vitimas Fatais";"Plena Noite";"Decrescente";"Nublado";"Simples";"Reta";"Nao";204014;"Automóvel";"VW/SANTANA";2003;"Passageiro";"Ileso";NA;"Feminino";1;0;0;0;"-20.26824";"-49.199852";"SR-MG";"DEL4/18";"UOP01/MG"
114339;249203;2018-02-26;"segunda-feira";"19:40:00";"MG";153;242,5;"FRONTEIRA";"Sim";"Ingestao de alcool";1;"Colisao transversal";"Com Vitimas Fatais";"Plena Noite";"Decrescente";"Nublado";"Simples";"Reta";"Nao";204073;"Bicicleta";"";NA;"Condutor";"Óbito";34;"Masculino";0;0;0;1;"-20.26824";"-49.199852";"SR-MG";"DEL4/18";"UOP01/MG"
114339;249204;2018-02-26;"segunda-feira";"19:40:00";"MG";153;242,5;"FRONTEIRA";"Sim";"Ingestao de alcool";1;"Colisao transversal";"Com Vitimas Fatais";"Plena Noite";"Decrescente";"Nublado";"Simples";"Reta";"Nao";204073;"Bicicleta";"";NA;"Testemunha";"Nao Informado";NA;"Nao Informado";0;0;0;0;"-20.26824";"-49.199852";"SR-MG";"DEL4/18";"UOP01/MG"
114339;249207;2018-02-26;"segunda-feira";"19:40:00";"MG";153;242,5;"FRONTEIRA";"Sim";"Ingestao de alcool";1;"Colisao transversal";"Com Vitimas Fatais";"Plena Noite";"Decrescente";"Nublado";"Simples";"Reta";"Nao";204073;"Bicicleta";"";NA;"Testemunha";"Nao Informado";NA;"Nao Informado";0;0;0;0;"-20.26824";"-49.199852";"SR-MG";"DEL4/18";"UOP01/MG"
114339;249209;2018-02-26;"segunda-feira";"19:40:00";"MG";153;242,5;"FRONTEIRA";"Sim";"Ingestao de alcool";1;"Colisao transversal";"Com Vitimas Fatais";"Plena Noite";"Decrescente";"Nublado";"Simples";"Reta";"Nao";204073;"Bicicleta";"";NA;"Testemunha";"Nao Informado";NA;"Nao Informado";0;0;0;0;"-20.26824";"-49.199852";"SR-MG";"DEL4/18";"UOP01/MG"
114358;249177;2018-02-26;"segunda-feira";"21:10:00";"MG";365;471,1;"PATROCINIO";"Sim";"Ingestao de alcool";1;"Colisao lateral";"Com Vitimas Fatais";"Plena Noite";"Crescente";"Ceu Claro";"Simples";"Curva";"Nao";204054;"Automóvel";"VW/SANTANA GL 2000 I";1993;"Condutor";"Óbito";47;"Masculino";0;0;0;1;"-18.91586";"-46.97498";"SR-MG";"DEL4/10";"UOP01/MG"
114358;252167;2018-02-26;"segunda-feira";"21:10:00";"MG";365;471,1;"PATROCINIO";"Sim";"Ingestao de alcool";1;"Colisao lateral";"Com Vitimas Fatais";"Plena Noite";"Crescente";"Ceu Claro";"Simples";"Curva";"Nao";204055;"Caminhao-trator";"VOLVO/FH 460 6X2T";2014;"Condutor";"Ileso";33;"Masculino";1;0;0;0;"-18.91586";"-46.97498";"SR-MG";"DEL4/10";"UOP01/MG"
114358;252168;2018-02-26;"segunda-feira";"21:10:00";"MG";365;471,1;"PATROCINIO";"Sim";"Ingestao de alcool";1;"Colisao lateral";"Com Vitimas Fatais";"Plena Noite";"Crescente";"Ceu Claro";"Simples";"Curva";"Nao";204055;"Caminhao-trator";"VOLVO/FH 460 6X2T";2014;"Testemunha";"Nao Informado";NA;"Nao Informado";0;0;0;0;"-18.91586";"-46.97498";"SR-MG";"DEL4/10";"UOP01/MG"
114438;249304;2018-02-27;"terca-feira";"05:25:00";"SC";101;215;"PALHOCA";"Sim";"Ingestao de alcool";1;"Queda de ocupante de veiculo";"Com Vitimas Feridas";"Plena Noite";"Crescente";"Ceu Claro";"Multipla";"Reta";"Sim";204162;"Motocicleta";"YAMAHA/FAZER YS250";2007;"Condutor";"Lesoes Leves";25;"Masculino";0;1;0;0;"-27.6601";"-48.6774";"SR-SC";"DEL8/1";"UOP02/SC"
114450;249311;2018-02-25;"domingo";"18:30:00";"CE";222;307,8;"TIANGUA";"Sim";"Ingestao de alcool";1;"Saida de leito carrocavel";"Com Vitimas Feridas";"Plena Noite";"Decrescente";"Garoa/Chuvisco";"Simples";"Reta";"Nao";204168;"Motoneta";"HONDA/BIZ 125 ES";2009;"Condutor";"Lesoes Leves";31;"Masculino";0;1;0;0;"-3.68719991";"-40.97682981";"SR-CE";"DEL16/4";"UOP02/CE"
114619;251578;2018-02-27;"terca-feira";"18:30:00";"MG";40;577;"ITABIRITO";"Sim";"Ingestao de alcool";1;"Colisao traseira";"Com Vitimas Feridas";"Plena Noite";"Crescente";"Ceu Claro";"Simples";"Reta";"Nao";204683;"Automóvel";"FIAT/UNO SPORTING 1.3 E";2017;"Passageiro";"Lesoes Leves";51;"Masculino";0;1;0;0;"-20.2752";"-43.9488";"SR-MG";"DEL4/1";"UOP02/MG"
114619;251576;2018-02-27;"terca-feira";"18:30:00";"MG";40;577;"ITABIRITO";"Sim";"Ingestao de alcool";1;"Colisao traseira";"Com Vitimas Feridas";"Plena Noite";"Crescente";"Ceu Claro";"Simples";"Reta";"Nao";204683;"Automóvel";"FIAT/UNO SPORTING 1.3 E";2017;"Condutor";"Ileso";61;"Masculino";1;0;0;0;"-20.2752";"-43.9488";"SR-MG";"DEL4/1";"UOP02/MG"
114619;251657;2018-02-27;"terca-feira";"18:30:00";"MG";40;577;"ITABIRITO";"Sim";"Ingestao de alcool";1;"Colisao traseira";"Com Vitimas Feridas";"Plena Noite";"Crescente";"Ceu Claro";"Simples";"Reta";"Nao";204684;"Caminhao-trator";"M.BENZ/ATRON 1635 S";2013;"Condutor";"Ileso";39;"Masculino";1;0;0;0;"-20.2752";"-43.9488";"SR-MG";"DEL4/1";"UOP02/MG"
114625;249713;2018-02-09;"sexta-feira";"15:30:00";"AL";423;99,7;"DELMIRO GOUVEIA";"Sim";"Ingestao de alcool";1;"Saida de leito carrocavel";"Com Vitimas Feridas";"Pleno dia";"Decrescente";"Chuva";"Simples";"Desvio Temporario";"Nao";204526;"Automóvel";"VW/GOL CL 1.6 MI";1997;"Condutor";"Lesoes Graves";45;"Masculino";0;0;1;0;"-9.37861241";"-38.13697815";"SR-BA";"DEL10/7";"UOP01/BA"
114645;251607;2018-02-27;"terca-feira";"20:30:00";"MS";163;476,5;"CAMPO GRANDE";"Sim";"Ingestao de alcool";1;"Colisao traseira";"Sem Vitimas";"Plena Noite";"Decrescente";"Ceu Claro";"Simples";"Reta";"Sim";204693;"Automóvel";"IMP/GM ASTRA GLS";1995;"Condutor";"Ileso";37;"Masculino";1;0;0;0;"-20.46046949";"-54.6295166";"SR-MS";"DEL3/1";"UOP01/MS"
114645;251610;2018-02-27;"terca-feira";"20:30:00";"MS";163;476,5;"CAMPO GRANDE";"Sim";"Ingestao de alcool";1;"Colisao traseira";"Sem Vitimas";"Plena Noite";"Decrescente";"Ceu Claro";"Simples";"Reta";"Sim";206115;"Caminhao-trator";"VOLVO/FH 440 6X2T";2010;"Condutor";"Ileso";25;"Masculino";1;0;0;0;"-20.46046949";"-54.6295166";"SR-MS";"DEL3/1";"UOP01/MS"
114645;251612;2018-02-27;"terca-feira";"20:30:00";"MS";163;476,5;"CAMPO GRANDE";"Sim";"Ingestao de alcool";1;"Colisao traseira";"Sem Vitimas";"Plena Noite";"Decrescente";"Ceu Claro";"Simples";"Reta";"Sim";206119;"Caminhonete";"CHEVROLET/S10 LS FD2";2012;"Condutor";"Ileso";43;"Feminino";1;0;0;0;"-20.46046949";"-54.6295166";"SR-MS";"DEL3/1";"UOP01/MS"
114669;251621;2018-02-28;"quarta-feira";"00:30:00";"PE";232;13;"JABOATAO DOS GUARARAPES";"Sim";"Ingestao de alcool";1;"Colisao com objeto estatico";"Sem Vitimas";"Plena Noite";"Crescente";"Ceu Claro";"Dupla";"Reta";"Nao";204665;"Automóvel";"VW/FOX 1.6 GII";2012;"Condutor";"Ileso";47;"Masculino";1;0;0;0;"-8.088325";"-35.012085";"SR-PE";"DEL11/1";"UOP01/PE"
114669;251622;2018-02-28;"quarta-feira";"00:30:00";"PE";232;13;"JABOATAO DOS GUARARAPES";"Sim";"Ingestao de alcool";1;"Colisao com objeto estatico";"Sem Vitimas";"Plena Noite";"Crescente";"Ceu Claro";"Dupla";"Reta";"Nao";204666;"Automóvel";"GM/CELTA";2001;"Condutor";"Ileso";25;"Masculino";1;0;0;0;"-8.088325";"-35.012085";"SR-PE";"DEL11/1";"UOP01/PE"
114669;251623;2018-02-28;"quarta-feira";"00:30:00";"PE";232;13;"JABOATAO DOS GUARARAPES";"Sim";"Ingestao de alcool";1;"Colisao com objeto estatico";"Sem Vitimas";"Plena Noite";"Crescente";"Ceu Claro";"Dupla";"Reta";"Nao";204667;"Automóvel";"FIAT/PALIO FIRE FLEX";2008;"Condutor";"Ileso";34;"Feminino";1;0;0;0;"-8.088325";"-35.012085";"SR-PE";"DEL11/1";"UOP01/PE"
114674;251688;2018-02-28;"quarta-feira";"03:00:00";"RS";116;558;"PEDRO OSORIO";"Sim";"Ingestao de alcool";1;"Colisao com objeto estatico";"Sem Vitimas";"Plena Noite";"Crescente";"Ceu Claro";"Simples";"Reta";"Nao";206195;"Automóvel";"FIAT/SIENA 6 MARCHAS";1999;"Condutor";"Ileso";44;"Masculino";1;0;0;0;"-31.90670726";"-52.67463684";"SR-RS";"DEL9/7";"UOP03/RS"
114776;250152;2018-02-28;"quarta-feira";"13:15:00";"RN";406;169;"NATAL";"Sim";"Ingestao de alcool";1;"Capotamento";"Com Vitimas Feridas";"Pleno dia";"Decrescente";"Garoa/Chuvisco";"Dupla";"Intersecao de vias";"Sim";204870;"Automóvel";"FIAT/IDEA ELX FLEX";2010;"Condutor";"Lesoes Leves";36;"Masculino";0;1;0;0;"-5.75821084";"-35.30018538";"SR-RN";"DEL15/2";"UOP01/RN"
114776;252084;2018-02-28;"quarta-feira";"13:15:00";"RN";406;169;"NATAL";"Sim";"Ingestao de alcool";1;"Capotamento";"Com Vitimas Feridas";"Pleno dia";"Decrescente";"Garoa/Chuvisco";"Dupla";"Intersecao de vias";"Sim";206545;"Automóvel";"RENAULT/SANDERO EXP1016V";2010;"Condutor";"Ileso";82;"Masculino";1;0;0;0;"-5.75821084";"-35.30018538";"SR-RN";"DEL15/2";"UOP01/RN"
114833;250281;2018-02-28;"quarta-feira";"14:42:00";"MT";364;13,7;"ALTO ARAGUAIA";"Sim";"Ingestao de alcool";1;"Tombamento";"Sem Vitimas";"Pleno dia";"Decrescente";"Ceu Claro";"Simples";"Rotatória";"Nao";204961;"Caminhao-trator";"M.BENZ/LS 1938";2000;"Condutor";"Ileso";55;"Masculino";1;0;0;0;"-17.256302";"-53.312149";"SR-MT";"DEL2/2";"UOP04/MT"
114847;250410;2018-02-28;"quarta-feira";"19:10:00";"GO";40;19,8;"LUZIANIA";"Sim";"Ingestao de alcool";1;"Colisao transversal";"Com Vitimas Fatais";"Plena Noite";"Decrescente";"Ceu Claro";"Dupla";"Reta";"Sim";205073;"Automóvel";"FIAT/UNO MILLE EP";1996;"Passageiro";"Óbito";NA;"Feminino";0;0;0;1;"-16.22017581";"-47.91523933";"SR-DF";"GO";"UOP01/DF"
114847;250424;2018-02-28;"quarta-feira";"19:10:00";"GO";40;19,8;"LUZIANIA";"Sim";"Ingestao de alcool";1;"Colisao transversal";"Com Vitimas Fatais";"Plena Noite";"Decrescente";"Ceu Claro";"Dupla";"Reta";"Sim";205074;"Caminhonete";"I/VW AMAROK CD 4X4 S";2016;"Condutor";"Lesoes Graves";36;"Masculino";0;0;1;0;"-16.22017581";"-47.91523933";"SR-DF";"GO";"UOP01/DF"
114847;250425;2018-02-28;"quarta-feira";"19:10:00";"GO";40;19,8;"LUZIANIA";"Sim";"Ingestao de alcool";1;"Colisao transversal";"Com Vitimas Fatais";"Plena Noite";"Decrescente";"Ceu Claro";"Dupla";"Reta";"Sim";205074;"Caminhonete";"I/VW AMAROK CD 4X4 S";2016;"Passageiro";"Lesoes Leves";41;"Masculino";0;1;0;0;"-16.22017581";"-47.91523933";"SR-DF";"GO";"UOP01/DF"
114847;250428;2018-02-28;"quarta-feira";"19:10:00";"GO";40;19,8;"LUZIANIA";"Sim";"Ingestao de alcool";1;"Colisao transversal";"Com Vitimas Fatais";"Plena Noite";"Decrescente";"Ceu Claro";"Dupla";"Reta";"Sim";205074;"Caminhonete";"I/VW AMAROK CD 4X4 S";2016;"Passageiro";"Lesoes Leves";30;"Masculino";0;1;0;0;"-16.22017581";"-47.91523933";"SR-DF";"GO";"UOP01/DF"
114847;250429;2018-02-28;"quarta-feira";"19:10:00";"GO";40;19,8;"LUZIANIA";"Sim";"Ingestao de alcool";1;"Colisao transversal";"Com Vitimas Fatais";"Plena Noite";"Decrescente";"Ceu Claro";"Dupla";"Reta";"Sim";205074;"Caminhonete";"I/VW AMAROK CD 4X4 S";2016;"Passageiro";"Lesoes Leves";39;"Masculino";0;1;0;0;"-16.22017581";"-47.91523933";"SR-DF";"GO";"UOP01/DF"
114847;250423;2018-02-28;"quarta-feira";"19:10:00";"GO";40;19,8;"LUZIANIA";"Sim";"Ingestao de alcool";1;"Colisao transversal";"Com Vitimas Fatais";"Plena Noite";"Decrescente";"Ceu Claro";"Dupla";"Reta";"Sim";205073;"Automóvel";"FIAT/UNO MILLE EP";1996;"Passageiro";"Lesoes Graves";43;"Feminino";0;0;1;0;"-16.22017581";"-47.91523933";"SR-DF";"GO";"UOP01/DF"
114847;250414;2018-02-28;"quarta-feira";"19:10:00";"GO";40;19,8;"LUZIANIA";"Sim";"Ingestao de alcool";1;"Colisao transversal";"Com Vitimas Fatais";"Plena Noite";"Decrescente";"Ceu Claro";"Dupla";"Reta";"Sim";205073;"Automóvel";"FIAT/UNO MILLE EP";1996;"Condutor";"Lesoes Graves";61;"Masculino";0;0;1;0;"-16.22017581";"-47.91523933";"SR-DF";"GO";"UOP01/DF"
114847;250422;2018-02-28;"quarta-feira";"19:10:00";"GO";40;19,8;"LUZIANIA";"Sim";"Ingestao de alcool";1;"Colisao transversal";"Com Vitimas Fatais";"Plena Noite";"Decrescente";"Ceu Claro";"Dupla";"Reta";"Sim";205073;"Automóvel";"FIAT/UNO MILLE EP";1996;"Passageiro";"Lesoes Graves";38;"Feminino";0;0;1;0;"-16.22017581";"-47.91523933";"SR-DF";"GO";"UOP01/DF"
114868;250340;2018-02-28;"quarta-feira";"17:20:00";"SC";282;443;"PONTE SERRADA";"Sim";"Ingestao de alcool";1;"Saida de leito carrocavel";"Sem Vitimas";"Pleno dia";"Decrescente";"Ceu Claro";"Simples";"Curva";"Nao";204999;"Automóvel";"VW/GOLF 1.6 SPORTLINE";2009;"Condutor";"Ileso";31;"Masculino";1;0;0;0;"-26.92329437";"-51.88087463";"SR-SC";"DEL8/7";"UOP03/SC"
114889;250406;2018-02-24;"sabado";"05:30:00";"SC";101;404,2;"MARACAJA";"Sim";"Ingestao de alcool";1;"Colisao traseira";"Sem Vitimas";"Plena Noite";"Crescente";"Nevoeiro/Neblina";"Dupla";"Reta";"Nao";205051;"Automóvel";"HONDA/CIVIC EXS";2012;"Passageiro";"Ileso";39;"Masculino";1;0;0;0;"-28.888";"-49.4648";"SR-SC";"DEL8/2";"UOP02/SC"
114889;250408;2018-02-24;"sabado";"05:30:00";"SC";101;404,2;"MARACAJA";"Sim";"Ingestao de alcool";1;"Colisao traseira";"Sem Vitimas";"Plena Noite";"Crescente";"Nevoeiro/Neblina";"Dupla";"Reta";"Nao";205052;"Caminhao";"";NA;"Condutor";"Nao Informado";NA;"Nao Informado";0;0;0;0;"-28.888";"-49.4648";"SR-SC";"DEL8/2";"UOP02/SC"
114889;250393;2018-02-24;"sabado";"05:30:00";"SC";101;404,2;"MARACAJA";"Sim";"Ingestao de alcool";1;"Colisao traseira";"Sem Vitimas";"Plena Noite";"Crescente";"Nevoeiro/Neblina";"Dupla";"Reta";"Nao";205051;"Automóvel";"HONDA/CIVIC EXS";2012;"Condutor";"Ileso";40;"Masculino";1;0;0;0;"-28.888";"-49.4648";"SR-SC";"DEL8/2";"UOP02/SC"
114897;250387;2018-02-28;"quarta-feira";"22:00:00";"SC";470;46;"GASPAR";"Sim";"Ingestao de alcool";1;"Colisao frontal";"Com Vitimas Feridas";"Plena Noite";"Crescente";"Nublado";"Simples";"Curva";"Nao";205061;"Caminhao";"M.BENZ/ATEGO 1719";2012;"Condutor";"Ileso";49;"Masculino";1;0;0;0;"-26.86038056";"-49.03751314";"SR-SC";"DEL8/4";"UOP01/SC"
114897;250386;2018-02-28;"quarta-feira";"22:00:00";"SC";470;46;"GASPAR";"Sim";"Ingestao de alcool";1;"Colisao frontal";"Com Vitimas Feridas";"Plena Noite";"Crescente";"Nublado";"Simples";"Curva";"Nao";205055;"Automóvel";"I/VW GOL CLI";1996;"Condutor";"Lesoes Graves";56;"Masculino";0;0;1;0;"-26.86038056";"-49.03751314";"SR-SC";"DEL8/4";"UOP01/SC"
114904;251178;2018-02-28;"quarta-feira";"23:15:00";"MT";364;1178;"CAMPOS DE JULIO";"Sim";"Ingestao de alcool";2;"Saida de leito carrocavel";"Com Vitimas Feridas";"Plena Noite";"Crescente";"Ceu Claro";"Simples";"Reta";"Nao";205221;"Caminhonete";"FIAT/STRADA HD WK CC E";2017;"Condutor";"Lesoes Leves";24;"Masculino";0;1;0;0;"-13.71988975";"-59.25766331";"SR-MT";"DEL2/7";"UOP01/MT"