"id";"pesid";"data_inversa";"dia_semana";"horario";"uf";"br";"km";"municipio";"causa_principal";"causa_acidente";"ordem_tipo_acidente";"tipo_acidente";"classificacao_acidente";"fase_dia";"sentido_via";"condicao_metereologica";"tipo_pista";"tracado_via";"uso_solo";"id_veiculo";"tipo_veiculo";"marca";"ano_fabricacao_veiculo";"tipo_envolvido";"estado_fisico";"idade";"sexo";"ilesos";"feridos_leves";"feridos_graves";"mortos";"latitude";"longitude";"regional";"delegacia";"uop"
114904;251179;2018-02-28;"quarta-feira";"23:15:00";"MT";364;1178;"CAMPOS DE JULIO";"Sim";"Ingestao de alcool";2;"Saida de leito carrocavel";"Com Vitimas Feridas";"Plena Noite";"Crescente";"Ceu Claro";"Simples";"Reta";"Nao";205221;"Caminhonete";"FIAT/STRADA HD WK CC E";2017;"Passageiro";"Lesoes Leves";27;"Masculino";0;1;0;0;"-13.71988975";"-59.25766331";"SR-MT";"DEL2/7";"UOP01/MT"
114904;251181;2018-02-28;"quarta-feira";"23:15:00";"MT";364;1178;"CAMPOS DE JULIO";"Sim";"Ingestao de alcool";2;"Saida de leito carrocavel";"Com Vitimas Feridas";"Plena Noite";"Crescente";"Ceu Claro";"Simples";"Reta";"Nao";205222;"Automóvel";"VW/GOL CITY MB";2014;"Condutor";"Lesoes Leves";52;"Masculino";0;1;0;0;"-13.71988975";"-59.25766331";"SR-MT";"DEL2/7";"UOP01/MT"
114908;250421;2018-02-28;"quarta-feira";"19:30:00";"PA";163;550;"TRAIRAO";"Sim";"Ingestao de alcool";1;"Colisao lateral";"Sem Vitimas";"Anoitecer";"Decrescente";"Ceu Claro";"Simples";"Desvio Temporario";"Nao";205082;"Caminhao-trator";"SCANIA/R 480 A6X4";2017;"Condutor";"Ileso";44;"Masculino";1;0;0;0;"-5.0163129";"-56.1863497";"SR-PA";"DEL19/5";"UOP01/PA"
114908;250420;2018-02-28;"quarta-feira";"19:30:00";"PA";163;550;"TRAIRAO";"Sim";"Ingestao de alcool";1;"Colisao lateral";"Sem Vitimas";"Anoitecer";"Decrescente";"Ceu Claro";"Simples";"Desvio Temporario";"Nao";205081;"Caminhao-trator";"SCANIA/R 440 A6X4";2013;"Condutor";"Ileso";47;"Masculino";1;0;0;0;"-5.0163129";"-56.1863497";"SR-PA";"DEL19/5";"UOP01/PA"
115027;250824;2018-03-01;"quinta-feira";"16:00:00";"RS";471;150,3;"SANTA CRUZ DO SUL";"Nao";"Ingestao de alcool";1;"Colisao transversal";"Com Vitimas Feridas";"Pleno dia";"Crescente";"Sol";"Simples";"Reta";"Sim";205407;"Motoneta";"HONDA/BIZ 100 ES";2015;"Passageiro";"Lesoes Graves";21;"Feminino";0;0;1;0;"-29.77907948";"-52.4157232";"SR-RS";"DEL9/2";"UOP03/RS"
115027;250826;2018-03-01;"quinta-feira";"16:00:00";"RS";471;150,3;"SANTA CRUZ DO SUL";"Nao";"Ingestao de alcool";1;"Colisao transversal";"Com Vitimas Feridas";"Pleno dia";"Crescente";"Sol";"Simples";"Reta";"Sim";205408;"Caminhonete";"GM/MONTANA";2003;"Condutor";"Ileso";52;"Masculino";1;0;0;0;"-29.77907948";"-52.4157232";"SR-RS";"DEL9/2";"UOP03/RS"
115027;250822;2018-03-01;"quinta-feira";"16:00:00";"RS";471;150,3;"SANTA CRUZ DO SUL";"Nao";"Ingestao de alcool";1;"Colisao transversal";"Com Vitimas Feridas";"Pleno dia";"Crescente";"Sol";"Simples";"Reta";"Sim";205407;"Motoneta";"HONDA/BIZ 100 ES";2015;"Condutor";"Lesoes Leves";22;"Feminino";0;1;0;0;"-29.77907948";"-52.4157232";"SR-RS";"DEL9/2";"UOP03/RS"
115102;252859;2018-03-01;"quinta-feira";"21:28:00";"DF";20;22,9;"BRASILIA";"Nao";"Ingestao de alcool e/ou substâncias psicoativas pelo pedestre";1;"Atropelamento de Pedestre";"Com Vitimas Fatais";"Plena Noite";"Decrescente";"Ceu Claro";"Dupla";"Ponte";"Sim";205498;"Caminhonete";"VW/SAVEIRO 1.6 SURF";2008;"Pedestre";"Óbito";NA;"Masculino";0;0;0;1;"-15.59834";"-47.676186";"SR-DF";"DF";"UOP04/DF"
115102;252864;2018-03-01;"quinta-feira";"21:28:00";"DF";20;22,9;"BRASILIA";"Nao";"Ingestao de alcool e/ou substâncias psicoativas pelo pedestre";1;"Atropelamento de Pedestre";"Com Vitimas Fatais";"Plena Noite";"Decrescente";"Ceu Claro";"Dupla";"Ponte";"Sim";205498;"Caminhonete";"VW/SAVEIRO 1.6 SURF";2008;"Testemunha";"Nao Informado";NA;"Nao Informado";0;0;0;0;"-15.59834";"-47.676186";"SR-DF";"DF";"UOP04/DF"
115102;252858;2018-03-01;"quinta-feira";"21:28:00";"DF";20;22,9;"BRASILIA";"Nao";"Ingestao de alcool e/ou substâncias psicoativas pelo pedestre";1;"Atropelamento de Pedestre";"Com Vitimas Fatais";"Plena Noite";"Decrescente";"Ceu Claro";"Dupla";"Ponte";"Sim";205498;"Caminhonete";"VW/SAVEIRO 1.6 SURF";2008;"Condutor";"Ileso";26;"Masculino";1;0;0;0;"-15.59834";"-47.676186";"SR-DF";"DF";"UOP04/DF"
115103;253016;2018-03-01;"quinta-feira";"21:30:00";"GO";153;510;"APARECIDA DE GOIANIA";"Sim";"Ingestao de alcool";1;"Tombamento";"Com Vitimas Feridas";"Plena Noite";"Decrescente";"Ceu Claro";"Simples";"Reta";"Sim";207277;"Bicicleta";"MONARK/";NA;"Condutor";"Lesoes Leves";34;"Masculino";0;1;0;0;"-16.7977";"-49.2386";"SR-GO";"DEL1/1";"UOP03/GO"
115123;252170;2018-03-01;"quinta-feira";"23:55:00";"GO";60;46,8;"APARECIDA DE GOIANIA";"Sim";"Ingestao de alcool";1;"Colisao traseira";"Com Vitimas Feridas";"Plena Noite";"Decrescente";"Ceu Claro";"Dupla";"Reta";"Sim";205561;"Caminhonete";"I/TOYOTA HILUX CD4X4 STD";2015;"Condutor";"Ileso";51;"Masculino";1;0;0;0;"-16.8101";"-49.2397";"SR-GO";"DEL1/1";"UOP03/GO"
115123;252174;2018-03-01;"quinta-feira";"23:55:00";"GO";60;46,8;"APARECIDA DE GOIANIA";"Sim";"Ingestao de alcool";1;"Colisao traseira";"Com Vitimas Feridas";"Plena Noite";"Decrescente";"Ceu Claro";"Dupla";"Reta";"Sim";205562;"Automóvel";"TOYOTA/ETIOS SD X 15L MT";2017;"Condutor";"Ileso";38;"Masculino";1;0;0;0;"-16.8101";"-49.2397";"SR-GO";"DEL1/1";"UOP03/GO"
115123;252212;2018-03-01;"quinta-feira";"23:55:00";"GO";60;46,8;"APARECIDA DE GOIANIA";"Sim";"Ingestao de alcool";1;"Colisao traseira";"Com Vitimas Feridas";"Plena Noite";"Decrescente";"Ceu Claro";"Dupla";"Reta";"Sim";205562;"Automóvel";"TOYOTA/ETIOS SD X 15L MT";2017;"Passageiro";"Lesoes Leves";23;"Feminino";0;1;0;0;"-16.8101";"-49.2397";"SR-GO";"DEL1/1";"UOP03/GO"
115123;252213;2018-03-01;"quinta-feira";"23:55:00";"GO";60;46,8;"APARECIDA DE GOIANIA";"Sim";"Ingestao de alcool";1;"Colisao traseira";"Com Vitimas Feridas";"Plena Noite";"Decrescente";"Ceu Claro";"Dupla";"Reta";"Sim";205562;"Automóvel";"TOYOTA/ETIOS SD X 15L MT";2017;"Passageiro";"Lesoes Leves";21;"Masculino";0;1;0;0;"-16.8101";"-49.2397";"SR-GO";"DEL1/1";"UOP03/GO"
115123;252211;2018-03-01;"quinta-feira";"23:55:00";"GO";60;46,8;"APARECIDA DE GOIANIA";"Sim";"Ingestao de alcool";1;"Colisao traseira";"Com Vitimas Feridas";"Plena Noite";"Decrescente";"Ceu Claro";"Dupla";"Reta";"Sim";205562;"Automóvel";"TOYOTA/ETIOS SD X 15L MT";2017;"Passageiro";"Lesoes Leves";76;"Feminino";0;1;0;0;"-16.8101";"-49.2397";"SR-GO";"DEL1/1";"UOP03/GO"
115123;252214;2018-03-01;"quinta-feira";"23:55:00";"GO";60;46,8;"APARECIDA DE GOIANIA";"Sim";"Ingestao de alcool";1;"Colisao traseira";"Com Vitimas Feridas";"Plena Noite";"Decrescente";"Ceu Claro";"Dupla";"Reta";"Sim";205562;"Automóvel";"TOYOTA/ETIOS SD X 15L MT";2017;"Passageiro";"Lesoes Leves";21;"Feminino";0;1;0;0;"-16.8101";"-49.2397";"SR-GO";"DEL1/1";"UOP03/GO"
115124;250910;2018-03-01;"quinta-feira";"21:00:00";"SC";101;150;"ITAPEMA";"Sim";"Ingestao de alcool";1;"Saida de leito carrocavel";"Sem Vitimas";"Plena Noite";"Crescente";"Ceu Claro";"Simples";"Reta";"Sim";205502;"Automóvel";"VW/GOL 16V";1999;"Condutor";"Ileso";25;"Masculino";1;0;0;0;"-27.1267";"-48.6095";"SR-SC";"DEL8/4";"UOP03/SC"
115129;252811;2018-03-02;"sexta-feira";"01:40:00";"ES";101;147,3;"LINHARES";"Sim";"Ingestao de alcool";1;"Atropelamento de Pedestre";"Com Vitimas Feridas";"Plena Noite";"Crescente";"Ceu Claro";"Multipla";"Intersecao de vias";"Sim";207066;"Automóvel";"FORD/KA FLEX";2010;"Pedestre";"Lesoes Leves";38;"Masculino";0;1;0;0;"-19.38227761";"-40.06712258";"SR-ES";"DEL12/4";"UOP01/ES"
115129;252810;2018-03-02;"sexta-feira";"01:40:00";"ES";101;147,3;"LINHARES";"Sim";"Ingestao de alcool";1;"Atropelamento de Pedestre";"Com Vitimas Feridas";"Plena Noite";"Crescente";"Ceu Claro";"Multipla";"Intersecao de vias";"Sim";207066;"Automóvel";"FORD/KA FLEX";2010;"Condutor";"Ileso";34;"Feminino";1;0;0;0;"-19.38227761";"-40.06712258";"SR-ES";"DEL12/4";"UOP01/ES"
115154;252707;2018-03-02;"sexta-feira";"04:20:00";"RS";285;312;"PASSO FUNDO";"Sim";"Ingestao de alcool";1;"Saida de leito carrocavel";"Com Vitimas Feridas";"Plena Noite";"Crescente";"Ceu Claro";"Simples";"Curva";"Nao";206999;"Automóvel";"I/FORD FOCUS 2.0L HA";2007;"Passageiro";"Ileso";27;"Masculino";1;0;0;0;"-28.241541";"-52.553028";"SR-RS";"DEL9/8";"UOP01/RS"
115154;252709;2018-03-02;"sexta-feira";"04:20:00";"RS";285;312;"PASSO FUNDO";"Sim";"Ingestao de alcool";1;"Saida de leito carrocavel";"Com Vitimas Feridas";"Plena Noite";"Crescente";"Ceu Claro";"Simples";"Curva";"Nao";206999;"Automóvel";"I/FORD FOCUS 2.0L HA";2007;"Condutor";"Lesoes Leves";34;"Masculino";0;1;0;0;"-28.241541";"-52.553028";"SR-RS";"DEL9/8";"UOP01/RS"
115172;251044;2018-03-02;"sexta-feira";"06:50:00";"RS";392;23,2;"RIO GRANDE";"Sim";"Ingestao de alcool";1;"Colisao lateral";"Com Vitimas Feridas";"Amanhecer";"Decrescente";"Nevoeiro/Neblina";"Dupla";"Reta";"Sim";205588;"Automóvel";"FORD/KA SE 1.0 HA";2015;"Condutor";"Ileso";23;"Masculino";1;0;0;0;"-32.088001";"-52.22781";"SR-RS";"DEL9/7";"UOP02/RS"
115172;251047;2018-03-02;"sexta-feira";"06:50:00";"RS";392;23,2;"RIO GRANDE";"Sim";"Ingestao de alcool";1;"Colisao lateral";"Com Vitimas Feridas";"Amanhecer";"Decrescente";"Nevoeiro/Neblina";"Dupla";"Reta";"Sim";205602;"Motocicleta";"YAMAHA/XTZ150 CROSSER ED";2015;"Condutor";"Lesoes Leves";45;"Masculino";0;1;0;0;"-32.088001";"-52.22781";"SR-RS";"DEL9/7";"UOP02/RS"
115204;251083;2018-01-17;"quarta-feira";"00:05:00";"PB";230;17;"JOAO PESSOA";"Sim";"Ingestao de alcool";1;"Saida de leito carrocavel";"Sem Vitimas";"Plena Noite";"Decrescente";"Ceu Claro";"Dupla";"Curva";"Sim";205629;"Automóvel";"TOYOTA/COROLLA GLI18 CVT";2015;"Condutor";"Nao Informado";NA;"Nao Informado";0;0;0;0;"-7.11512156";"-34.84181195";"SR-PB";"DEL14/1";"UOP01/PB"
115240;253183;2018-03-02;"sexta-feira";"14:25:00";"ES";101;305;"VIANA";"Sim";"Ingestao de alcool";1;"Colisao traseira";"Sem Vitimas";"Pleno dia";"Decrescente";"Nublado";"Simples";"Reta";"Sim";207406;"Automóvel";"FIAT/DOBLO ATTRACTIV 1.4";2011;"Condutor";"Ileso";41;"Masculino";1;0;0;0;"-20.38488003";"-40.46218514";"SR-ES";"DEL12/3";"UOP01/ES"
115240;253179;2018-03-02;"sexta-feira";"14:25:00";"ES";101;305;"VIANA";"Sim";"Ingestao de alcool";1;"Colisao traseira";"Sem Vitimas";"Pleno dia";"Decrescente";"Nublado";"Simples";"Reta";"Sim";207405;"Automóvel";"RENAULT/KWID INTENS 10MT";2017;"Condutor";"Ileso";67;"Masculino";1;0;0;0;"-20.38488003";"-40.46218514";"SR-ES";"DEL12/3";"UOP01/ES"
115244;251443;2018-03-02;"sexta-feira";"13:50:00";"GO";153;341;"JARAGUA";"Sim";"Ingestao de alcool";1;"Colisao traseira";"Com Vitimas Feridas";"Pleno dia";"Decrescente";"Chuva";"Simples";"Desvio Temporario";"Nao";205798;"Motocicleta";"HONDA/CG 125 FAN KS";2012;"Condutor";"Lesoes Leves";48;"Masculino";0;1;0;0;"-15.604506";"-49.405258";"SR-GO";"DEL1/2";"UOP02/GO"
115244;251444;2018-03-02;"sexta-feira";"13:50:00";"GO";153;341;"JARAGUA";"Sim";"Ingestao de alcool";1;"Colisao traseira";"Com Vitimas Feridas";"Pleno dia";"Decrescente";"Chuva";"Simples";"Desvio Temporario";"Nao";205799;"Automóvel";"CHEVROLET/CLASSIC LS";2010;"Condutor";"Ileso";24;"Masculino";1;0;0;0;"-15.604506";"-49.405258";"SR-GO";"DEL1/2";"UOP02/GO"
115278;255737;2018-03-02;"sexta-feira";"16:50:00";"SE";101;61,3;"ROSARIO DO CATETE";"Sim";"Ingestao de alcool";1;"Saida de leito carrocavel";"Sem Vitimas";"Pleno dia";"Crescente";"Ceu Claro";"Simples";"Reta";"Nao";209617;"Caminhao";"M.BENZ/L 1620";2009;"Condutor";"Ileso";41;"Masculino";1;0;0;0;"-10.69704465";"-37.05001831";"SR-SE";"DEL20/2";"UOP02/SE"
115282;251220;2018-01-15;"segunda-feira";"01:00:00";"AC";364;148;"RIO BRANCO";"Sim";"Ingestao de alcool";1;"Colisao traseira";"Com Vitimas Feridas";"Plena Noite";"Crescente";"Ceu Claro";"Dupla";"Reta";"Nao";205740;"Automóvel";"TOYOTA/ETIOS SD XS 15 AT";2016;"Condutor";"Ileso";56;"Masculino";1;0;0;0;"-9.886862";"-67.900284";"SR-AC";"UOP01/AC";""
115282;251221;2018-01-15;"segunda-feira";"01:00:00";"AC";364;148;"RIO BRANCO";"Sim";"Ingestao de alcool";1;"Colisao traseira";"Com Vitimas Feridas";"Plena Noite";"Crescente";"Ceu Claro";"Dupla";"Reta";"Nao";205740;"Automóvel";"TOYOTA/ETIOS SD XS 15 AT";2016;"Passageiro";"Lesoes Leves";60;"Feminino";0;1;0;0;"-9.886862";"-67.900284";"SR-AC";"UOP01/AC";""
115282;251222;2018-01-15;"segunda-feira";"01:00:00";"AC";364;148;"RIO BRANCO";"Sim";"Ingestao de alcool";1;"Colisao traseira";"Com Vitimas Feridas";"Plena Noite";"Crescente";"Ceu Claro";"Dupla";"Reta";"Nao";205741;"Automóvel";"I/FORD FIESTA SE HA";2011;"Condutor";"Ileso";36;"Masculino";1;0;0;0;"-9.886862";"-67.900284";"SR-AC";"UOP01/AC";""
115282;251223;2018-01-15;"segunda-feira";"01:00:00";"AC";364;148;"RIO BRANCO";"Sim";"Ingestao de alcool";1;"Colisao traseira";"Com Vitimas Feridas";"Plena Noite";"Crescente";"Ceu Claro";"Dupla";"Reta";"Nao";205741;"Automóvel";"I/FORD FIESTA SE HA";2011;"Passageiro";"Ileso";21;"Masculino";1;0;0;0;"-9.886862";"-67.900284";"SR-AC";"UOP01/AC";""
115282;251224;2018-01-15;"segunda-feira";"01:00:00";"AC";364;148;"RIO BRANCO";"Sim";"Ingestao de alcool";1;"Colisao traseira";"Com Vitimas Feridas";"Plena Noite";"Crescente";"Ceu Claro";"Dupla";"Reta";"Nao";205741;"Automóvel";"I/FORD FIESTA SE HA";2011;"Passageiro";"Ileso";NA;"Masculino";1;0;0;0;"-9.886862";"-67.900284";"SR-AC";"UOP01/AC";""
115286;251569;2018-03-02;"sexta-feira";"17:10:00";"PI";343;343,3;"TERESINA";"Sim";"Ingestao de alcool";1;"Colisao transversal";"Com Vitimas Feridas";"Pleno dia";"Crescente";"Ceu Claro";"Simples";"Desvio Temporario";"Sim";206048;"Automóvel";"HONDA/CIVIC LX";2004;"Condutor";"Ileso";61;"Masculino";1;0;0;0;"-5.09231205";"-42.74986267";"SR-PI";"DEL17/1";"UOP01/PI"
115286;251570;2018-03-02;"sexta-feira";"17:10:00";"PI";343;343,3;"TERESINA";"Sim";"Ingestao de alcool";1;"Colisao transversal";"Com Vitimas Feridas";"Pleno dia";"Crescente";"Ceu Claro";"Simples";"Desvio Temporario";"Sim";206049;"Motocicleta";"HONDA/CG 150 FAN ESI";2011;"Condutor";"Lesoes Leves";23;"Masculino";0;1;0;0;"-5.09231205";"-42.74986267";"SR-PI";"DEL17/1";"UOP01/PI"
115313;252886;2018-03-02;"sexta-feira";"18:20:00";"SP";153;58,9;"SAO JOSE DO RIO PRETO";"Sim";"Ingestao de alcool";1;"Colisao transversal";"Com Vitimas Feridas";"Pleno dia";"Decrescente";"Nublado";"Simples";"Intersecao de vias";"Sim";207148;"Caminhao";"FORD/F350 G";2009;"Condutor";"Ileso";40;"Masculino";1;0;0;0;"-20.78599876";"-49.35387111";"SR-SP";"DEL6/9";"UOP01/SP"
115313;252881;2018-03-02;"sexta-feira";"18:20:00";"SP";153;58,9;"SAO JOSE DO RIO PRETO";"Sim";"Ingestao de alcool";1;"Colisao transversal";"Com Vitimas Feridas";"Pleno dia";"Decrescente";"Nublado";"Simples";"Intersecao de vias";"Sim";207145;"Motocicleta";"HONDA/CG 150 FAN ESI";2012;"Condutor";"Lesoes Graves";22;"Feminino";0;0;1;0;"-20.78599876";"-49.35387111";"SR-SP";"DEL6/9";"UOP01/SP"
115313;252884;2018-03-02;"sexta-feira";"18:20:00";"SP";153;58,9;"SAO JOSE DO RIO PRETO";"Sim";"Ingestao de alcool";1;"Colisao transversal";"Com Vitimas Feridas";"Pleno dia";"Decrescente";"Nublado";"Simples";"Intersecao de vias";"Sim";207145;"Motocicleta";"HONDA/CG 150 FAN ESI";2012;"Passageiro";"Lesoes Graves";26;"Masculino";0;0;1;0;"-20.78599876";"-49.35387111";"SR-SP";"DEL6/9";"UOP01/SP"
115354;251529;2018-03-02;"sexta-feira";"20:25:00";"PR";476;197,4;"LAPA";"Sim";"Ingestao de alcool";1;"Colisao traseira";"Sem Vitimas";"Pleno dia";"Crescente";"Ignorado";"Simples";"Nao Informado";"Sim";205939;"Automóvel";"FORD/ESCORT 1.6I GL";1995;"Condutor";"Nao Informado";NA;"Nao Informado";0;0;0;0;"-25.76144061";"-49.73503232";"SR-PR";"DEL7/1";"UOP04/PR"
115354;251531;2018-03-02;"sexta-feira";"20:25:00";"PR";476;197,4;"LAPA";"Sim";"Ingestao de alcool";1;"Colisao traseira";"Sem Vitimas";"Pleno dia";"Crescente";"Ignorado";"Simples";"Nao Informado";"Sim";205940;"Automóvel";"FIAT/WEEKEND TREKKING";2015;"Condutor";"Ileso";39;"Masculino";1;0;0;0;"-25.76144061";"-49.73503232";"SR-PR";"DEL7/1";"UOP04/PR"
115374;251500;2018-03-02;"sexta-feira";"23:49:00";"ES";262;46,2;"MARECHAL FLORIANO";"Nao";"Ingestao de alcool e/ou substâncias psicoativas pelo pedestre";1;"Queda de ocupante de veiculo";"Com Vitimas Feridas";"Plena Noite";"Crescente";"Nublado";"Simples";"Reta";"Sim";206032;"Motocicleta";"";NA;"Condutor";"Nao Informado";NA;"Nao Informado";0;0;0;0;"-20.40513336";"-40.67687988";"SR-ES";"DEL12/1";"UOP01/ES"
115374;251506;2018-03-02;"sexta-feira";"23:49:00";"ES";262;46,2;"MARECHAL FLORIANO";"Nao";"Ingestao de alcool e/ou substâncias psicoativas pelo pedestre";1;"Queda de ocupante de veiculo";"Com Vitimas Feridas";"Plena Noite";"Crescente";"Nublado";"Simples";"Reta";"Sim";206034;"Bicicleta";"";NA;"Condutor";"Lesoes Graves";32;"Masculino";0;0;1;0;"-20.40513336";"-40.67687988";"SR-ES";"DEL12/1";"UOP01/ES"
115374;251502;2018-03-02;"sexta-feira";"23:49:00";"ES";262;46,2;"MARECHAL FLORIANO";"Nao";"Ingestao de alcool e/ou substâncias psicoativas pelo pedestre";1;"Queda de ocupante de veiculo";"Com Vitimas Feridas";"Plena Noite";"Crescente";"Nublado";"Simples";"Reta";"Sim";206032;"Motocicleta";"";NA;"Passageiro";"Lesoes Leves";38;"Masculino";0;1;0;0;"-20.40513336";"-40.67687988";"SR-ES";"DEL12/1";"UOP01/ES"
115398;251497;2018-03-03;"sabado";"00:15:00";"PA";316;34;"SANTA IZABEL DO PARA";"Sim";"Ingestao de alcool";1;"Colisao lateral";"Sem Vitimas";"Plena Noite";"Crescente";"Ceu Claro";"Dupla";"Reta";"Sim";206014;"Camioneta";"VW/KOMBI";1997;"Condutor";"Ileso";56;"Masculino";1;0;0;0;"-1.289763";"-48.156025";"SR-PA";"DEL19/1";"UOP01/PA"
115398;251498;2018-03-03;"sabado";"00:15:00";"PA";316;34;"SANTA IZABEL DO PARA";"Sim";"Ingestao de alcool";1;"Colisao lateral";"Sem Vitimas";"Plena Noite";"Crescente";"Ceu Claro";"Dupla";"Reta";"Sim";206015;"Caminhonete";"CHEVROLET/S10 LT FD2";2016;"Condutor";"Ileso";30;"Masculino";1;0;0;0;"-1.289763";"-48.156025";"SR-PA";"DEL19/1";"UOP01/PA"
115406;251525;2018-03-03;"sabado";"04:00:00";"CE";116;16,5;"EUSEBIO";"Sim";"Ingestao de alcool";1;"Saida de leito carrocavel";"Com Vitimas Fatais";"Plena Noite";"Decrescente";"Nublado";"Dupla";"Reta";"Sim";206047;"Motocicleta";"HONDA/CG 125 TITAN KS";2001;"Condutor";"Óbito";28;"Masculino";0;0;0;1;"-3.8930832";"-38.5075998";"SR-CE";"DEL16/1";"UOP02/CE"
115409;253476;2018-03-03;"sabado";"03:30:00";"RO";319;63,1;"PORTO VELHO";"Nao";"Ingestao de alcool e/ou substâncias psicoativas pelo pedestre";1;"Atropelamento de Pedestre";"Com Vitimas Feridas";"Plena Noite";"Decrescente";"Garoa/Chuvisco";"Multipla";"Reta";"Sim";206067;"Motocicleta";"HONDA/NXR150 BROS ES";2009;"Condutor";"Lesoes Leves";25;"Masculino";0;1;0;0;"-8.753036";"-63.886997";"SR-RO";"DEL21/1";"UOP01/RO"
115409;253478;2018-03-03;"sabado";"03:30:00";"RO";319;63,1;"PORTO VELHO";"Nao";"Ingestao de alcool e/ou substâncias psicoativas pelo pedestre";1;"Atropelamento de Pedestre";"Com Vitimas Feridas";"Plena Noite";"Decrescente";"Garoa/Chuvisco";"Multipla";"Reta";"Sim";206067;"Motocicleta";"HONDA/NXR150 BROS ES";2009;"Pedestre";"Lesoes Graves";NA;"Masculino";0;0;1;0;"-8.753036";"-63.886997";"SR-RO";"DEL21/1";"UOP01/RO"
115423;251571;2018-03-03;"sabado";"06:45:00";"RS";290;422,6;"SAO GABRIEL";"Sim";"Ingestao de alcool";1;"Saida de leito carrocavel";"Com Vitimas Feridas";"Amanhecer";"Crescente";"Ceu Claro";"Simples";"Reta";"Nao";206077;"Caminhonete";"I/VW AMAROK CD 4X4 SE";2015;"Condutor";"Lesoes Leves";25;"Masculino";0;1;0;0;"-30.331028";"-54.357944";"SR-RS";"DEL9/11";"UOP02/RS"
115437;253755;2018-03-03;"sabado";"08:20:00";"GO";60;49;"APARECIDA DE GOIANIA";"Sim";"Ingestao de alcool";1;"Colisao com objeto estatico";"Com Vitimas Feridas";"Pleno dia";"Decrescente";"Ceu Claro";"Dupla";"Reta";"Nao";206186;"Automóvel";"GM/CELTA";2001;"Condutor";"Lesoes Graves";28;"Masculino";0;0;1;0;"-16.8101";"-49.2397";"SR-GO";"DEL1/1";"UOP03/GO"
115437;253769;2018-03-03;"sabado";"08:20:00";"GO";60;49;"APARECIDA DE GOIANIA";"Sim";"Ingestao de alcool";1;"Colisao com objeto estatico";"Com Vitimas Feridas";"Pleno dia";"Decrescente";"Ceu Claro";"Dupla";"Reta";"Nao";206186;"Automóvel";"GM/CELTA";2001;"Testemunha";"Nao Informado";NA;"Nao Informado";0;0;0;0;"-16.8101";"-49.2397";"SR-GO";"DEL1/1";"UOP03/GO"
115544;251988;2018-03-03;"sabado";"15:10:00";"MT";364;400;"NOVA BRASILANDIA";"Sim";"Ingestao de alcool";1;"Colisao lateral";"Sem Vitimas";"Pleno dia";"Crescente";"Ceu Claro";"Dupla";"Curva";"Nao";206357;"Automóvel";"TOYOTA/COROLLA XEI20FLEX";2011;"Condutor";"Ileso";34;"Feminino";1;0;0;0;"-15.0";"-55.0";"SR-MT";"DEL2/1";"UOP01/MT"
115544;251991;2018-03-03;"sabado";"15:10:00";"MT";364;400;"NOVA BRASILANDIA";"Sim";"Ingestao de alcool";1;"Colisao lateral";"Sem Vitimas";"Pleno dia";"Crescente";"Ceu Claro";"Dupla";"Curva";"Nao";206358;"Motocicleta";"HONDA/CG 150 TITAN EX";2011;"Condutor";"Ileso";42;"Masculino";1;0;0;0;"-15.0";"-55.0";"SR-MT";"DEL2/1";"UOP01/MT"
115550;251887;2018-03-03;"sabado";"17:45:00";"SE";235;56,8;"ITABAIANA";"Nao";"Ingestao de alcool";1;"Colisao transversal";"Sem Vitimas";"Anoitecer";"Crescente";"Nublado";"Simples";"Reta";"Sim";206260;"Automóvel";"VW/CROSSFOX GII";2011;"Condutor";"Ileso";51;"Masculino";1;0;0;0;"-10.658644";"-37.448425";"SR-SE";"DEL20/1";"UOP02/SE"
115550;251888;2018-03-03;"sabado";"17:45:00";"SE";235;56,8;"ITABAIANA";"Nao";"Ingestao de alcool";1;"Colisao transversal";"Sem Vitimas";"Anoitecer";"Crescente";"Nublado";"Simples";"Reta";"Sim";206261;"Automóvel";"VW/POLO SEDAN 1.6";2007;"Condutor";"Nao Informado";NA;"Nao Informado";0;0;0;0;"-10.658644";"-37.448425";"SR-SE";"DEL20/1";"UOP02/SE"
115574;251835;2018-03-03;"sabado";"19:15:00";"SC";101;215,3;"PALHOCA";"Sim";"Ingestao de alcool";1;"Colisao traseira";"Sem Vitimas";"Plena Noite";"Decrescente";"Garoa/Chuvisco";"Multipla";"Viaduto";"Sim";206273;"Automóvel";"FIAT/PALIO FIRE FLEX";2006;"Condutor";"Ileso";59;"Masculino";1;0;0;0;"-27.6601";"-48.6774";"SR-SC";"DEL8/1";"UOP02/SC"
115574;251836;2018-03-03;"sabado";"19:15:00";"SC";101;215,3;"PALHOCA";"Sim";"Ingestao de alcool";1;"Colisao traseira";"Sem Vitimas";"Plena Noite";"Decrescente";"Garoa/Chuvisco";"Multipla";"Viaduto";"Sim";206274;"Automóvel";"FIAT/SIENA FIRE FLEX";2007;"Condutor";"Ileso";47;"Masculino";1;0;0;0;"-27.6601";"-48.6774";"SR-SC";"DEL8/1";"UOP02/SC"