"id";"pesid";"data_inversa";"dia_semana";"horario";"uf";"br";"km";"municipio";"causa_principal";"causa_acidente";"ordem_tipo_acidente";"tipo_acidente";"classificacao_acidente";"fase_dia";"sentido_via";"condicao_metereologica";"tipo_pista";"tracado_via";"uso_solo";"id_veiculo";"tipo_veiculo";"marca";"ano_fabricacao_veiculo";"tipo_envolvido";"estado_fisico";"idade";"sexo";"ilesos";"feridos_leves";"feridos_graves";"mortos";"latitude";"longitude";"regional";"delegacia";"uop"
115577;253546;2018-03-03;"sabado";"19:10:00";"PR";277;595,7;"CASCAVEL";"Sim";"Ingestao de alcool";1;"Colisao frontal";"Com Vitimas Feridas";"Plena Noite";"Decrescente";"Ceu Claro";"Simples";"Intersecao de vias";"Sim";207752;"Motocicleta";"HONDA/CG150 FAN ESDI";2012;"Condutor";"Lesoes Graves";41;"Masculino";0;0;1;0;"-24.98232367";"-53.50067139";"SR-PR";"DEL7/4";"UOP01/PR"
115577;253547;2018-03-03;"sabado";"19:10:00";"PR";277;595,7;"CASCAVEL";"Sim";"Ingestao de alcool";1;"Colisao frontal";"Com Vitimas Feridas";"Plena Noite";"Decrescente";"Ceu Claro";"Simples";"Intersecao de vias";"Sim";207757;"Automóvel";"VW/GOL GLI 1.8";1996;"Condutor";"Ileso";32;"Masculino";1;0;0;0;"-24.98232367";"-53.50067139";"SR-PR";"DEL7/4";"UOP01/PR"
115579;253646;2018-03-03;"sabado";"19:30:00";"MG";365;612,6;"UBERLANDIA";"Nao";"Ingestao de alcool";1;"Colisao frontal";"Com Vitimas Feridas";"Plena Noite";"Crescente";"Ceu Claro";"Simples";"Reta";"Sim";206619;"Automóvel";"FIAT/PALIO FIRE ECONOMY";2009;"Condutor";"Lesoes Leves";35;"Feminino";0;1;0;0;"-18.8974";"-48.2715";"SR-MG";"DEL4/15";"UOP01/MG"
115579;253649;2018-03-03;"sabado";"19:30:00";"MG";365;612,6;"UBERLANDIA";"Nao";"Ingestao de alcool";1;"Colisao frontal";"Com Vitimas Feridas";"Plena Noite";"Crescente";"Ceu Claro";"Simples";"Reta";"Sim";206621;"Camioneta";"I/GM CAPTIVA SPORT FWD";2009;"Condutor";"Lesoes Leves";31;"Masculino";0;1;0;0;"-18.8974";"-48.2715";"SR-MG";"DEL4/15";"UOP01/MG"
115583;251853;2018-03-03;"sabado";"19:18:00";"BA";110;2,2;"PAULO AFONSO";"Nao";"Ingestao de alcool";1;"Atropelamento de Pedestre";"Com Vitimas Feridas";"Plena Noite";"Decrescente";"Ceu Claro";"Simples";"Curva";"Sim";206284;"Caminhao";"FORD/CARGO 2422 E";2007;"Pedestre";"Lesoes Leves";NA;"Masculino";0;1;0;0;"-9.40029069";"-38.17268372";"SR-BA";"DEL10/7";"UOP01/BA"
115583;251848;2018-03-03;"sabado";"19:18:00";"BA";110;2,2;"PAULO AFONSO";"Nao";"Ingestao de alcool";1;"Atropelamento de Pedestre";"Com Vitimas Feridas";"Plena Noite";"Decrescente";"Ceu Claro";"Simples";"Curva";"Sim";206284;"Caminhao";"FORD/CARGO 2422 E";2007;"Condutor";"Ileso";41;"Masculino";1;0;0;0;"-9.40029069";"-38.17268372";"SR-BA";"DEL10/7";"UOP01/BA"
115587;251885;2018-03-03;"sabado";"18:45:00";"SP";116;54,5;"LORENA";"Sim";"Ingestao de alcool";1;"Colisao com objeto estatico";"Sem Vitimas";"Plena Noite";"Crescente";"Ceu Claro";"Dupla";"Reta";"Sim";206312;"Automóvel";"IMP/FORD ESCORT GL 16V F";1998;"Condutor";"Ileso";31;"Masculino";1;0;0;0;"-22.758053";"-45.115101";"SR-SP";"DEL6/8";"UOP02/SP"
115591;253328;2018-03-03;"sabado";"19:35:00";"RJ";101;436,9;"MANGARATIBA";"Sim";"Ingestao de alcool";1;"Colisao lateral";"Com Vitimas Feridas";"Plena Noite";"Decrescente";"Chuva";"Simples";"Curva";"Sim";206403;"Camioneta";"I/HYUNDAI TUCSON GL 20L";2009;"Condutor";"Ileso";62;"Feminino";1;0;0;0;"-22.937099";"-44.010822";"SR-RJ";"DEL5/3";"UOP01/RJ"
115591;253375;2018-03-03;"sabado";"19:35:00";"RJ";101;436,9;"MANGARATIBA";"Sim";"Ingestao de alcool";1;"Colisao lateral";"Com Vitimas Feridas";"Plena Noite";"Decrescente";"Chuva";"Simples";"Curva";"Sim";206404;"Automóvel";"VW/FOX 1.0 GII";2011;"Passageiro";"Lesoes Leves";55;"Feminino";0;1;0;0;"-22.937099";"-44.010822";"SR-RJ";"DEL5/3";"UOP01/RJ"
115591;253332;2018-03-03;"sabado";"19:35:00";"RJ";101;436,9;"MANGARATIBA";"Sim";"Ingestao de alcool";1;"Colisao lateral";"Com Vitimas Feridas";"Plena Noite";"Decrescente";"Chuva";"Simples";"Curva";"Sim";206404;"Automóvel";"VW/FOX 1.0 GII";2011;"Condutor";"Lesoes Leves";34;"Feminino";0;1;0;0;"-22.937099";"-44.010822";"SR-RJ";"DEL5/3";"UOP01/RJ"
115591;253383;2018-03-03;"sabado";"19:35:00";"RJ";101;436,9;"MANGARATIBA";"Sim";"Ingestao de alcool";1;"Colisao lateral";"Com Vitimas Feridas";"Plena Noite";"Decrescente";"Chuva";"Simples";"Curva";"Sim";206404;"Automóvel";"VW/FOX 1.0 GII";2011;"Passageiro";"Lesoes Leves";6;"Masculino";0;1;0;0;"-22.937099";"-44.010822";"SR-RJ";"DEL5/3";"UOP01/RJ"
115591;253326;2018-03-03;"sabado";"19:35:00";"RJ";101;436,9;"MANGARATIBA";"Sim";"Ingestao de alcool";1;"Colisao lateral";"Com Vitimas Feridas";"Plena Noite";"Decrescente";"Chuva";"Simples";"Curva";"Sim";206402;"Automóvel";"GM/CORSA WIND";1999;"Condutor";"Lesoes Leves";24;"Masculino";0;1;0;0;"-22.937099";"-44.010822";"SR-RJ";"DEL5/3";"UOP01/RJ"
115607;252760;2018-03-03;"sabado";"20:20:00";"RJ";116;177;"NOVA IGUACU";"Sim";"Ingestao de alcool";1;"Colisao traseira";"Sem Vitimas";"Pleno dia";"Crescente";"Nublado";"Dupla";"Reta";"Sim";207007;"Automóvel";"";NA;"Condutor";"Ileso";NA;"Ignorado";1;0;0;0;"-22.780552";"-43.392086";"SR-RJ";"DEL5/1";"UOP02/RJ"
115607;252731;2018-03-03;"sabado";"20:20:00";"RJ";116;177;"NOVA IGUACU";"Sim";"Ingestao de alcool";1;"Colisao traseira";"Sem Vitimas";"Pleno dia";"Crescente";"Nublado";"Dupla";"Reta";"Sim";207006;"Automóvel";"VW/GOL 1.0";2006;"Condutor";"Ileso";35;"Masculino";1;0;0;0;"-22.780552";"-43.392086";"SR-RJ";"DEL5/1";"UOP02/RJ"
115607;252735;2018-03-03;"sabado";"20:20:00";"RJ";116;177;"NOVA IGUACU";"Sim";"Ingestao de alcool";1;"Colisao traseira";"Sem Vitimas";"Pleno dia";"Crescente";"Nublado";"Dupla";"Reta";"Sim";207011;"Automóvel";"PEUGEOT/206 10 SENSAT";2004;"Condutor";"Ileso";48;"Masculino";1;0;0;0;"-22.780552";"-43.392086";"SR-RJ";"DEL5/1";"UOP02/RJ"
115610;251950;2018-03-03;"sabado";"21:09:00";"PA";316;8;"ANANINDEUA";"Sim";"Ingestao de alcool";1;"Colisao transversal";"Com Vitimas Fatais";"Plena Noite";"Crescente";"Ceu Claro";"Dupla";"Reta";"Sim";206397;"Bicicleta";"";NA;"Condutor";"Óbito";39;"Masculino";0;0;0;1;"-1.362102";"-48.3688931";"SR-PA";"DEL19/1";"UOP01/PA"
115610;251952;2018-03-03;"sabado";"21:09:00";"PA";316;8;"ANANINDEUA";"Sim";"Ingestao de alcool";1;"Colisao transversal";"Com Vitimas Fatais";"Plena Noite";"Crescente";"Ceu Claro";"Dupla";"Reta";"Sim";206352;"Ônibus";"M.BENZ/MPOLO TORINO U";2014;"Condutor";"Ileso";32;"Masculino";1;0;0;0;"-1.362102";"-48.3688931";"SR-PA";"DEL19/1";"UOP01/PA"
115610;251954;2018-03-03;"sabado";"21:09:00";"PA";316;8;"ANANINDEUA";"Sim";"Ingestao de alcool";1;"Colisao transversal";"Com Vitimas Fatais";"Plena Noite";"Crescente";"Ceu Claro";"Dupla";"Reta";"Sim";206352;"Ônibus";"M.BENZ/MPOLO TORINO U";2014;"Passageiro";"Ileso";29;"Masculino";1;0;0;0;"-1.362102";"-48.3688931";"SR-PA";"DEL19/1";"UOP01/PA"
115615;252000;2018-03-03;"sabado";"11:30:00";"MA";10;299;"CIDELANDIA";"Sim";"Ingestao de alcool";1;"Colisao traseira";"Com Vitimas Feridas";"Pleno dia";"Decrescente";"Sol";"Simples";"Reta";"Sim";206460;"Caminhao";"FORD/C2428 PMERECHIM 8X2";2011;"Condutor";"Ileso";44;"Masculino";1;0;0;0;"-5.122542";"-47.547592";"SR-MA";"DEL18/4";"UOP03/MA"
115615;251997;2018-03-03;"sabado";"11:30:00";"MA";10;299;"CIDELANDIA";"Sim";"Ingestao de alcool";1;"Colisao traseira";"Com Vitimas Feridas";"Pleno dia";"Decrescente";"Sol";"Simples";"Reta";"Sim";206458;"Automóvel";"FIAT/UNO MILLE FIRE";2002;"Condutor";"Lesoes Leves";33;"Masculino";0;1;0;0;"-5.122542";"-47.547592";"SR-MA";"DEL18/4";"UOP03/MA"
115626;251900;2018-03-03;"sabado";"20:25:00";"SC";282;514,5;"XAXIM";"Sim";"Ingestao de alcool";1;"Colisao transversal";"Sem Vitimas";"Plena Noite";"Crescente";"Chuva";"Simples";"Curva";"Nao";206331;"Caminhao";"FORD/CARGO 1622";1992;"Condutor";"Ileso";54;"Masculino";1;0;0;0;"-26.93431383";"-52.50709534";"SR-SC";"DEL8/8";"UOP01/SC"
115626;251898;2018-03-03;"sabado";"20:25:00";"SC";282;514,5;"XAXIM";"Sim";"Ingestao de alcool";1;"Colisao transversal";"Sem Vitimas";"Plena Noite";"Crescente";"Chuva";"Simples";"Curva";"Nao";206330;"Automóvel";"CHEVROLET/CELTA 1.0L LS";2011;"Condutor";"Ileso";44;"Masculino";1;0;0;0;"-26.93431383";"-52.50709534";"SR-SC";"DEL8/8";"UOP01/SC"
115627;252834;2018-03-03;"sabado";"22:15:00";"GO";364;290;"MINEIROS";"Sim";"Ingestao de alcool";1;"Colisao frontal";"Com Vitimas Feridas";"Plena Noite";"Crescente";"Ceu Claro";"Simples";"Curva";"Nao";206469;"Caminhao-trator";"VOLVO/FH 440 6X2T";2008;"Condutor";"Ileso";71;"Masculino";1;0;0;0;"-17.589972";"-52.467594";"SR-GO";"DEL1/5";"UOP01/GO"
115627;252831;2018-03-03;"sabado";"22:15:00";"GO";364;290;"MINEIROS";"Sim";"Ingestao de alcool";1;"Colisao frontal";"Com Vitimas Feridas";"Plena Noite";"Crescente";"Ceu Claro";"Simples";"Curva";"Nao";206468;"Automóvel";"FIAT/UNO MILLE FIRE FLEX";2006;"Condutor";"Lesoes Leves";46;"Masculino";0;1;0;0;"-17.589972";"-52.467594";"SR-GO";"DEL1/5";"UOP01/GO"
115633;253718;2018-03-03;"sabado";"22:35:00";"GO";414;403,7;"ABADIANIA";"Sim";"Ingestao de alcool";1;"Colisao traseira";"Com Vitimas Feridas";"Plena Noite";"Crescente";"Ceu Claro";"Simples";"Nao Informado";"Nao";206422;"Caminhonete";"FIAT/STRADA ADVENTURE CD";2010;"Condutor";"Lesoes Graves";51;"Masculino";0;0;1;0;"-16.012417";"-48.839442";"SR-GO";"DEL1/2";"UOP01/GO"
115633;253711;2018-03-03;"sabado";"22:35:00";"GO";414;403,7;"ABADIANIA";"Sim";"Ingestao de alcool";1;"Colisao traseira";"Com Vitimas Feridas";"Plena Noite";"Crescente";"Ceu Claro";"Simples";"Nao Informado";"Nao";206421;"Caminhao";"FORD/CARGO 1618";1989;"Condutor";"Ileso";30;"Masculino";1;0;0;0;"-16.012417";"-48.839442";"SR-GO";"DEL1/2";"UOP01/GO"
115634;251951;2018-03-03;"sabado";"22:40:00";"SC";101;196;"BIGUACU";"Sim";"Ingestao de alcool";1;"Atropelamento de Pedestre";"Com Vitimas Feridas";"Plena Noite";"Decrescente";"Chuva";"Dupla";"Reta";"Sim";206389;"Automóvel";"GM/VECTRA GLS";1998;"Condutor";"Ileso";39;"Masculino";1;0;0;0;"-27.5114982";"-48.64227033";"SR-SC";"DEL8/1";"UOP01/SC"
115634;251957;2018-03-03;"sabado";"22:40:00";"SC";101;196;"BIGUACU";"Sim";"Ingestao de alcool";1;"Atropelamento de Pedestre";"Com Vitimas Feridas";"Plena Noite";"Decrescente";"Chuva";"Dupla";"Reta";"Sim";206389;"Automóvel";"GM/VECTRA GLS";1998;"Pedestre";"Lesoes Leves";56;"Masculino";0;1;0;0;"-27.5114982";"-48.64227033";"SR-SC";"DEL8/1";"UOP01/SC"
115638;253594;2018-03-03;"sabado";"23:00:00";"MG";40;751,8;"SANTOS DUMONT";"Sim";"Ingestao de alcool";1;"Colisao transversal";"Com Vitimas Feridas";"Pleno dia";"Decrescente";"Chuva";"Simples";"Curva";"Nao";206436;"Automóvel";"GM/CHEVETTE SL";1985;"Condutor";"Lesoes Leves";36;"Masculino";0;1;0;0;"-21.4989";"-43.5357";"SR-MG";"DEL4/5";"UOP01/MG"
115638;253596;2018-03-03;"sabado";"23:00:00";"MG";40;751,8;"SANTOS DUMONT";"Sim";"Ingestao de alcool";1;"Colisao transversal";"Com Vitimas Feridas";"Pleno dia";"Decrescente";"Chuva";"Simples";"Curva";"Nao";206437;"Caminhao";"M.BENZ/ACCELO 1016";2013;"Condutor";"Ileso";37;"Masculino";1;0;0;0;"-21.4989";"-43.5357";"SR-MG";"DEL4/5";"UOP01/MG"
115647;254028;2018-03-03;"sabado";"23:40:00";"GO";40;9;"LUZIANIA";"Sim";"Ingestao de alcool";1;"Colisao com objeto estatico";"Com Vitimas Feridas";"Plena Noite";"Decrescente";"Ceu Claro";"Simples";"Reta";"Sim";206430;"Automóvel";"FIAT/UNO ELECTRONIC";1994;"Passageiro";"Lesoes Leves";42;"Masculino";0;1;0;0;"-16.131158";"-47.957739";"SR-DF";"GO";"UOP01/DF"
115647;254026;2018-03-03;"sabado";"23:40:00";"GO";40;9;"LUZIANIA";"Sim";"Ingestao de alcool";1;"Colisao com objeto estatico";"Com Vitimas Feridas";"Plena Noite";"Decrescente";"Ceu Claro";"Simples";"Reta";"Sim";206430;"Automóvel";"FIAT/UNO ELECTRONIC";1994;"Condutor";"Ileso";50;"Masculino";1;0;0;0;"-16.131158";"-47.957739";"SR-DF";"GO";"UOP01/DF"
115650;251965;2018-03-03;"sabado";"21:15:00";"RN";304;39;"MOSSORO";"Sim";"Ingestao de alcool";1;"Atropelamento de Pedestre";"Com Vitimas Feridas";"Plena Noite";"Decrescente";"Nublado";"Dupla";"Reta";"Sim";206406;"Motoneta";"HONDA/C100 BIZ";2000;"Condutor";"Ileso";45;"Masculino";1;0;0;0;"-5.192221";"-37.376976";"SR-RN";"DEL15/4";"UOP02/RN"
115650;251967;2018-03-03;"sabado";"21:15:00";"RN";304;39;"MOSSORO";"Sim";"Ingestao de alcool";1;"Atropelamento de Pedestre";"Com Vitimas Feridas";"Plena Noite";"Decrescente";"Nublado";"Dupla";"Reta";"Sim";206406;"Motoneta";"HONDA/C100 BIZ";2000;"Pedestre";"Lesoes Graves";47;"Masculino";0;0;1;0;"-5.192221";"-37.376976";"SR-RN";"DEL15/4";"UOP02/RN"
115650;251964;2018-03-03;"sabado";"21:15:00";"RN";304;39;"MOSSORO";"Sim";"Ingestao de alcool";1;"Atropelamento de Pedestre";"Com Vitimas Feridas";"Plena Noite";"Decrescente";"Nublado";"Dupla";"Reta";"Sim";206405;"Motocicleta";"HONDA/CG 125 FAN";2007;"Condutor";"Lesoes Leves";30;"Masculino";0;1;0;0;"-5.192221";"-37.376976";"SR-RN";"DEL15/4";"UOP02/RN"
115653;252787;2018-03-04;"domingo";"00:50:00";"DF";80;16,4;"BRASILIA";"Sim";"Ingestao de alcool";1;"Colisao lateral";"Sem Vitimas";"Plena Noite";"Crescente";"Ceu Claro";"Simples";"Reta";"Nao";206511;"Automóvel";"I/FIAT SIENA EL 1.4 FLEX";2013;"Condutor";"Ileso";39;"Feminino";1;0;0;0;"-15.697797";"-48.203282";"SR-DF";"DF";"UOP06/DF"
115653;252790;2018-03-04;"domingo";"00:50:00";"DF";80;16,4;"BRASILIA";"Sim";"Ingestao de alcool";1;"Colisao lateral";"Sem Vitimas";"Plena Noite";"Crescente";"Ceu Claro";"Simples";"Reta";"Nao";206512;"Automóvel";"GM/CORSA HATCH";2003;"Condutor";"Ileso";33;"Masculino";1;0;0;0;"-15.697797";"-48.203282";"SR-DF";"DF";"UOP06/DF"
115654;252013;2018-03-03;"sabado";"23:30:00";"MG";364;8,5;"FRUTAL";"Sim";"Ingestao de alcool";1;"Colisao com objeto estatico";"Sem Vitimas";"Plena Noite";"Decrescente";"Ceu Claro";"Simples";"Reta";"Nao";206407;"Automóvel";"FIAT/UNO MILLE SX YOUNG";1997;"Condutor";"Ileso";60;"Masculino";1;0;0;0;"-20.11167403";"-48.73324875";"SR-MG";"DEL4/18";"UOP01/MG"
115663;253104;2018-03-04;"domingo";"01:30:00";"SP";116;142,6;"SAO JOSE DOS CAMPOS";"Sim";"Ingestao de alcool e/ou substâncias psicoativas pelo pedestre";1;"Colisao com objeto estatico";"Sem Vitimas";"Plena Noite";"Decrescente";"Nublado";"Dupla";"Reta";"Sim";206507;"Automóvel";"GM/CELTA 4P SPIRIT";2006;"Condutor";"Ileso";23;"Masculino";1;0;0;0;"-23.174294";"-45.829464";"SR-SP";"DEL6/6";"UOP02/SP"
115682;253728;2018-03-04;"domingo";"03:15:00";"SC";470;64,8;"INDAIAL";"Sim";"Ingestao de alcool";1;"Saida de leito carrocavel";"Com Vitimas Feridas";"Plena Noite";"Crescente";"Ceu Claro";"Simples";"Curva";"Sim";207881;"Automóvel";"GM/ASTRA HB 4P ADVANTAGE";2008;"Condutor";"Lesoes Leves";24;"Masculino";0;1;0;0;"-26.87344942";"-49.19067532";"SR-SC";"DEL8/4";"UOP01/SC"
115684;252031;2018-03-04;"domingo";"05:00:00";"RS";116;152,5;"CAXIAS DO SUL";"Sim";"Ingestao de alcool";1;"Colisao frontal";"Sem Vitimas";"Plena Noite";"Crescente";"Ceu Claro";"Simples";"Reta";"Sim";206484;"Automóvel";"FIAT/PALIO EDX";1997;"Condutor";"Ileso";36;"Feminino";1;0;0;0;"-29.190752";"-51.180737";"SR-RS";"DEL9/5";"UOP01/RS"
115684;252028;2018-03-04;"domingo";"05:00:00";"RS";116;152,5;"CAXIAS DO SUL";"Sim";"Ingestao de alcool";1;"Colisao frontal";"Sem Vitimas";"Plena Noite";"Crescente";"Ceu Claro";"Simples";"Reta";"Sim";206483;"Automóvel";"FIAT/UNO CS";1988;"Condutor";"Ileso";31;"Masculino";1;0;0;0;"-29.190752";"-51.180737";"SR-RS";"DEL9/5";"UOP01/RS"
115685;253805;2018-03-04;"domingo";"04:30:00";"SC";101;299,3;"LAGUNA";"Sim";"Ingestao de alcool";1;"Colisao traseira";"Sem Vitimas";"Plena Noite";"Decrescente";"Nublado";"Dupla";"Reta";"Nao";207886;"Automóvel";"HYUNDAI/HB20 1.6M 1.6M";2016;"Condutor";"Ileso";44;"Masculino";1;0;0;0;"-28.35069431";"-48.73972893";"SR-SC";"DEL8/2";"UOP03/SC"
115685;253809;2018-03-04;"domingo";"04:30:00";"SC";101;299,3;"LAGUNA";"Sim";"Ingestao de alcool";1;"Colisao traseira";"Sem Vitimas";"Plena Noite";"Decrescente";"Nublado";"Dupla";"Reta";"Nao";207886;"Automóvel";"HYUNDAI/HB20 1.6M 1.6M";2016;"Passageiro";"Ileso";27;"Masculino";1;0;0;0;"-28.35069431";"-48.73972893";"SR-SC";"DEL8/2";"UOP03/SC"
115685;253810;2018-03-04;"domingo";"04:30:00";"SC";101;299,3;"LAGUNA";"Sim";"Ingestao de alcool";1;"Colisao traseira";"Sem Vitimas";"Plena Noite";"Decrescente";"Nublado";"Dupla";"Reta";"Nao";207886;"Automóvel";"HYUNDAI/HB20 1.6M 1.6M";2016;"Passageiro";"Ileso";36;"Masculino";1;0;0;0;"-28.35069431";"-48.73972893";"SR-SC";"DEL8/2";"UOP03/SC"
115685;253808;2018-03-04;"domingo";"04:30:00";"SC";101;299,3;"LAGUNA";"Sim";"Ingestao de alcool";1;"Colisao traseira";"Sem Vitimas";"Plena Noite";"Decrescente";"Nublado";"Dupla";"Reta";"Nao";207892;"Automóvel";"CITROEN/C3 EXCL 16 16V";2004;"Condutor";"Ileso";49;"Masculino";1;0;0;0;"-28.35069431";"-48.73972893";"SR-SC";"DEL8/2";"UOP03/SC"
115694;255935;2018-03-04;"domingo";"06:15:00";"RS";448;21;"PORTO ALEGRE";"Sim";"Ingestao de alcool";1;"Queda de ocupante de veiculo";"Com Vitimas Feridas";"Amanhecer";"Decrescente";"Ceu Claro";"Multipla";"Intersecao de vias";"Sim";208217;"Motocicleta";"HONDA/CG 125 FAN";2008;"Condutor";"Lesoes Leves";27;"Masculino";0;1;0;0;"-29.97475557";"-51.19791532";"SR-RS";"DEL9/1";"UOP01/RS"
115694;255936;2018-03-04;"domingo";"06:15:00";"RS";448;21;"PORTO ALEGRE";"Sim";"Ingestao de alcool";1;"Queda de ocupante de veiculo";"Com Vitimas Feridas";"Amanhecer";"Decrescente";"Ceu Claro";"Multipla";"Intersecao de vias";"Sim";208217;"Motocicleta";"HONDA/CG 125 FAN";2008;"Passageiro";"Lesoes Leves";NA;"Feminino";0;1;0;0;"-29.97475557";"-51.19791532";"SR-RS";"DEL9/1";"UOP01/RS"
115696;252062;2018-03-04;"domingo";"06:20:00";"SP";153;70;"SAO JOSE DO RIO PRETO";"Sim";"Ingestao de alcool";1;"Saida de leito carrocavel";"Sem Vitimas";"Pleno dia";"Decrescente";"Ceu Claro";"Simples";"Reta";"Sim";206504;"Automóvel";"GM/ASTRA HB 4P ELEGANCE";2005;"Condutor";"Ileso";22;"Masculino";1;0;0;0;"-20.851978";"-49.400703";"SR-SP";"DEL6/9";"UOP01/SP"
115711;253955;2018-03-04;"domingo";"06:00:00";"SC";116;223,5;"CORREIA PINTO";"Sim";"Ingestao de alcool";1;"Colisao lateral";"Sem Vitimas";"Amanhecer";"Crescente";"Ceu Claro";"Simples";"Curva";"Nao";207951;"Camioneta";"RENAULT/DUSTER 20 D 4X4";2013;"Condutor";"Ileso";30;"Masculino";1;0;0;0;"-27.61443158";"-50.34714997";"SR-SC";"DEL8/5";"UOP03/SC"
115711;253953;2018-03-04;"domingo";"06:00:00";"SC";116;223,5;"CORREIA PINTO";"Sim";"Ingestao de alcool";1;"Colisao lateral";"Sem Vitimas";"Amanhecer";"Crescente";"Ceu Claro";"Simples";"Curva";"Nao";207946;"Automóvel";"FIAT/UNO MILLE FIRE FLEX";2005;"Condutor";"Ileso";52;"Masculino";1;0;0;0;"-27.61443158";"-50.34714997";"SR-SC";"DEL8/5";"UOP03/SC"
115712;252042;2018-03-04;"domingo";"06:20:00";"SC";282;526;"XAXIM";"Sim";"Ingestao de alcool";1;"Saida de leito carrocavel";"Com Vitimas Feridas";"Amanhecer";"Decrescente";"Ceu Claro";"Simples";"Curva";"Nao";206523;"Automóvel";"VW/GOL 1.0";2009;"Condutor";"Lesoes Leves";38;"Masculino";0;1;0;0;"-26.96369381";"-52.54829407";"SR-SC";"DEL8/8";"UOP01/SC"
115713;252323;2018-03-04;"domingo";"08:05:00";"RN";304;271;"SAO PEDRO";"Sim";"Ingestao de alcool";1;"Colisao lateral";"Com Vitimas Feridas";"Pleno dia";"Decrescente";"Ceu Claro";"Simples";"Reta";"Nao";206567;"Ônibus";"MBENZ/MPOLO VIAGGIO R";2013;"Condutor";"Ileso";51;"Masculino";1;0;0;0;"-5.87064791";"-35.58284998";"SR-RN";"DEL15/1";"UOP02/RN"
115713;252318;2018-03-04;"domingo";"08:05:00";"RN";304;271;"SAO PEDRO";"Sim";"Ingestao de alcool";1;"Colisao lateral";"Com Vitimas Feridas";"Pleno dia";"Decrescente";"Ceu Claro";"Simples";"Reta";"Nao";206566;"Automóvel";"FIAT/PALIO YOUNG";2001;"Condutor";"Lesoes Leves";NA;"Masculino";0;1;0;0;"-5.87064791";"-35.58284998";"SR-RN";"DEL15/1";"UOP02/RN"
115723;252129;2018-03-04;"domingo";"08:30:00";"PR";376;253;"CALIFORNIA";"Sim";"Ingestao de alcool";1;"Colisao com objeto estatico";"Sem Vitimas";"Pleno dia";"Decrescente";"Ceu Claro";"Dupla";"Reta";"Nao";206568;"Automóvel";"VW/NOVO GOL 1.0 CITY";2013;"Condutor";"Ileso";23;"Masculino";1;0;0;0;"-23.64160979";"-51.37330631";"SR-PR";"DEL7/7";"UOP03/PR"
115732;252094;2018-03-04;"domingo";"06:45:00";"RS";287;335,7;"SAO VICENTE DO SUL";"Nao";"Ingestao de alcool e/ou substâncias psicoativas pelo pedestre";1;"Saida de leito carrocavel";"Com Vitimas Fatais";"Amanhecer";"Decrescente";"Ceu Claro";"Simples";"Reta";"Nao";206553;"Automóvel";"FIAT/PALIO EX";2002;"Passageiro";"Óbito";24;"Feminino";0;0;0;1;"-29.638802";"-54.679932";"SR-RS";"DEL9/12";"UOP02/RS"
115732;252217;2018-03-04;"domingo";"06:45:00";"RS";287;335,7;"SAO VICENTE DO SUL";"Nao";"Ingestao de alcool e/ou substâncias psicoativas pelo pedestre";1;"Saida de leito carrocavel";"Com Vitimas Fatais";"Amanhecer";"Decrescente";"Ceu Claro";"Simples";"Reta";"Nao";206553;"Automóvel";"FIAT/PALIO EX";2002;"Testemunha";"Nao Informado";NA;"Nao Informado";0;0;0;0;"-29.638802";"-54.679932";"SR-RS";"DEL9/12";"UOP02/RS"
115732;252241;2018-03-04;"domingo";"06:45:00";"RS";287;335,7;"SAO VICENTE DO SUL";"Nao";"Ingestao de alcool e/ou substâncias psicoativas pelo pedestre";1;"Saida de leito carrocavel";"Com Vitimas Fatais";"Amanhecer";"Decrescente";"Ceu Claro";"Simples";"Reta";"Nao";206553;"Automóvel";"FIAT/PALIO EX";2002;"Condutor";"Lesoes Graves";31;"Feminino";0;0;1;0;"-29.638802";"-54.679932";"SR-RS";"DEL9/12";"UOP02/RS"
115736;252113;2018-03-04;"domingo";"04:00:00";"BA";242;450;"IBITIARA";"Sim";"Ingestao de alcool";1;"Capotamento";"Com Vitimas Fatais";"Plena Noite";"Crescente";"Ignorado";"Simples";"Nao Informado";"Nao";206558;"Automóvel";"IMP/FIAT UNO MILLE SX";1998;"Condutor";"Óbito";22;"Masculino";0;0;0;1;"-12.47441234";"-42.28217133";"SR-BA";"DEL10/6";"UOP01/BA"
115736;252121;2018-03-04;"domingo";"04:00:00";"BA";242;450;"IBITIARA";"Sim";"Ingestao de alcool";1;"Capotamento";"Com Vitimas Fatais";"Plena Noite";"Crescente";"Ignorado";"Simples";"Nao Informado";"Nao";206558;"Automóvel";"IMP/FIAT UNO MILLE SX";1998;"Passageiro";"Ileso";NA;"Masculino";1;0;0;0;"-12.47441234";"-42.28217133";"SR-BA";"DEL10/6";"UOP01/BA"
115738;252442;2018-03-04;"domingo";"11:25:00";"ES";101;270,6;"SERRA";"Sim";"Ingestao de alcool";1;"Atropelamento de Pedestre";"Com Vitimas Feridas";"Pleno dia";"Crescente";"Nublado";"Multipla";"Intersecao de vias";"Sim";206579;"Caminhonete";"GM/S10 DE LUXE 4.3 D";1998;"Condutor";"Ileso";62;"Masculino";1;0;0;0;"-20.229758";"-40.272825";"SR-ES";"DEL12/2";"UOP01/ES"