"id";"pesid";"data_inversa";"dia_semana";"horario";"uf";"br";"km";"municipio";"causa_principal";"causa_acidente";"ordem_tipo_acidente";"tipo_acidente";"classificacao_acidente";"fase_dia";"sentido_via";"condicao_metereologica";"tipo_pista";"tracado_via";"uso_solo";"id_veiculo";"tipo_veiculo";"marca";"ano_fabricacao_veiculo";"tipo_envolvido";"estado_fisico";"idade";"sexo";"ilesos";"feridos_leves";"feridos_graves";"mortos";"latitude";"longitude";"regional";"delegacia";"uop"
116106;253034;2018-03-05;"segunda-feira";"21:00:00";"MG";365;441;"GUIMARANIA";"Sim";"Ingestao de alcool";2;"Atropelamento de Pedestre";"Com Vitimas Feridas";"Plena Noite";"Decrescente";"Ceu Claro";"Simples";"Nao Informado";"Nao";207235;"Automóvel";"GM/CELTA 3 PORTAS";2004;"Passageiro";"Ileso";28;"Masculino";1;0;0;0;"-18.79451";"-46.728976";"SR-MG";"DEL4/10";"UOP01/MG"
116106;253042;2018-03-05;"segunda-feira";"21:00:00";"MG";365;441;"GUIMARANIA";"Sim";"Ingestao de alcool";2;"Atropelamento de Pedestre";"Com Vitimas Feridas";"Plena Noite";"Decrescente";"Ceu Claro";"Simples";"Nao Informado";"Nao";207235;"Automóvel";"GM/CELTA 3 PORTAS";2004;"Passageiro";"Lesoes Graves";26;"Feminino";0;0;1;0;"-18.79451";"-46.728976";"SR-MG";"DEL4/10";"UOP01/MG"
116106;252987;2018-03-05;"segunda-feira";"21:00:00";"MG";365;441;"GUIMARANIA";"Sim";"Ingestao de alcool";2;"Atropelamento de Pedestre";"Com Vitimas Feridas";"Plena Noite";"Decrescente";"Ceu Claro";"Simples";"Nao Informado";"Nao";207236;"Caminhonete";"GM/S10 DE LUXE 2.8 D";2001;"Condutor";"Ileso";53;"Masculino";1;0;0;0;"-18.79451";"-46.728976";"SR-MG";"DEL4/10";"UOP01/MG"
116106;253035;2018-03-05;"segunda-feira";"21:00:00";"MG";365;441;"GUIMARANIA";"Sim";"Ingestao de alcool";2;"Atropelamento de Pedestre";"Com Vitimas Feridas";"Plena Noite";"Decrescente";"Ceu Claro";"Simples";"Nao Informado";"Nao";207235;"Automóvel";"GM/CELTA 3 PORTAS";2004;"Passageiro";"Lesoes Leves";18;"Feminino";0;1;0;0;"-18.79451";"-46.728976";"SR-MG";"DEL4/10";"UOP01/MG"
116106;252983;2018-03-05;"segunda-feira";"21:00:00";"MG";365;441;"GUIMARANIA";"Sim";"Ingestao de alcool";2;"Atropelamento de Pedestre";"Com Vitimas Feridas";"Plena Noite";"Decrescente";"Ceu Claro";"Simples";"Nao Informado";"Nao";207235;"Automóvel";"GM/CELTA 3 PORTAS";2004;"Condutor";"Lesoes Leves";21;"Masculino";0;1;0;0;"-18.79451";"-46.728976";"SR-MG";"DEL4/10";"UOP01/MG"
116112;253821;2018-03-05;"segunda-feira";"18:45:00";"MT";163;832,5;"SINOP";"Sim";"Ingestao de alcool";1;"Colisao transversal";"Com Vitimas Feridas";"Plena Noite";"Crescente";"Nublado";"Simples";"Rotatória";"Sim";207184;"Automóvel";"FORD/KA FLEX";2012;"Condutor";"Ileso";26;"Masculino";1;0;0;0;"-11.85659919";"-55.49194336";"SR-MT";"DEL2/6";"UOP01/MT"
116112;253827;2018-03-05;"segunda-feira";"18:45:00";"MT";163;832,5;"SINOP";"Sim";"Ingestao de alcool";1;"Colisao transversal";"Com Vitimas Feridas";"Plena Noite";"Crescente";"Nublado";"Simples";"Rotatória";"Sim";207185;"Motocicleta";"HONDA/CG 150 TITAN ES";2008;"Condutor";"Lesoes Graves";39;"Masculino";0;0;1;0;"-11.85659919";"-55.49194336";"SR-MT";"DEL2/6";"UOP01/MT"
116112;253833;2018-03-05;"segunda-feira";"18:45:00";"MT";163;832,5;"SINOP";"Sim";"Ingestao de alcool";1;"Colisao transversal";"Com Vitimas Feridas";"Plena Noite";"Crescente";"Nublado";"Simples";"Rotatória";"Sim";207185;"Motocicleta";"HONDA/CG 150 TITAN ES";2008;"Passageiro";"Lesoes Graves";36;"Masculino";0;0;1;0;"-11.85659919";"-55.49194336";"SR-MT";"DEL2/6";"UOP01/MT"
116115;254009;2018-03-05;"segunda-feira";"20:40:00";"MT";163;816;"SINOP";"Sim";"Ingestao de alcool";1;"Colisao lateral";"Com Vitimas Feridas";"Plena Noite";"Decrescente";"Nublado";"Simples";"Reta";"Nao";207355;"Motocicleta";"YAMAHA/FACTOR YBR125 K";2008;"Condutor";"Lesoes Graves";53;"Masculino";0;0;1;0;"-11.92379049";"-55.51116943";"SR-MT";"DEL2/6";"UOP01/MT"
116115;254011;2018-03-05;"segunda-feira";"20:40:00";"MT";163;816;"SINOP";"Sim";"Ingestao de alcool";1;"Colisao lateral";"Com Vitimas Feridas";"Plena Noite";"Decrescente";"Nublado";"Simples";"Reta";"Nao";207356;"Automóvel";"VW/GOL 1.0 GIV";2008;"Condutor";"Ileso";76;"Masculino";1;0;0;0;"-11.92379049";"-55.51116943";"SR-MT";"DEL2/6";"UOP01/MT"
116243;257281;2018-03-06;"terca-feira";"14:40:00";"MT";163;1009;"TERRA NOVA DO NORTE";"Sim";"Ingestao de alcool";1;"Tombamento";"Com Vitimas Feridas";"Pleno dia";"Crescente";"Ceu Claro";"Simples";"Reta";"Nao";207667;"Caminhao";"M.BENZ/AXOR 28316X4";2007;"Condutor";"Lesoes Leves";55;"Masculino";0;1;0;0;"-10.41893647";"-55.05455017";"SR-MT";"DEL2/6";"UOP02/MT"
116346;255904;2018-03-06;"terca-feira";"21:50:00";"SC";282;32,9;"AGUAS MORNAS";"Sim";"Ingestao de alcool";1;"Colisao transversal";"Sem Vitimas";"Pleno dia";"Crescente";"Ceu Claro";"Simples";"Curva";"Sim";207678;"Automóvel";"FIAT/PALIO ELX FLEX";2010;"Condutor";"Ileso";35;"Feminino";1;0;0;0;"-27.70116";"-48.800175";"SR-SC";"DEL8/1";"UOP03/SC"
116346;255902;2018-03-06;"terca-feira";"21:50:00";"SC";282;32,9;"AGUAS MORNAS";"Sim";"Ingestao de alcool";1;"Colisao transversal";"Sem Vitimas";"Pleno dia";"Crescente";"Ceu Claro";"Simples";"Curva";"Sim";207677;"Automóvel";"HYUNDAI/HB20 1.0M COMFOR";2016;"Condutor";"Ileso";55;"Masculino";1;0;0;0;"-27.70116";"-48.800175";"SR-SC";"DEL8/1";"UOP03/SC"
116349;254784;2018-03-06;"terca-feira";"22:30:00";"MT";163;978;"NOVA SANTA HELENA";"Sim";"Ingestao de alcool";1;"Queda de ocupante de veiculo";"Com Vitimas Feridas";"Plena Noite";"Decrescente";"Chuva";"Simples";"Desvio Temporario";"Nao";207783;"Motocicleta";"HONDA/CG 125 TITAN ES";2000;"Condutor";"Lesoes Leves";23;"Masculino";0;1;0;0;"-10.84106158";"-55.18443346";"SR-MT";"DEL2/6";"UOP02/MT"
116420;253625;2018-03-07;"quarta-feira";"09:10:00";"BA";101;207;"GOVERNADOR MANGABEIRA";"Sim";"Ingestao de alcool";1;"Saida de leito carrocavel";"Com Vitimas Feridas";"Pleno dia";"Crescente";"Ceu Claro";"Simples";"Desvio Temporario";"Nao";207821;"Automóvel";"GM/MONZA SL";1990;"Passageiro";"Ileso";42;"Feminino";1;0;0;0;"-12.5967";"-39.0355";"SR-BA";"DEL10/1";"UOP03/BA"
116420;253622;2018-03-07;"quarta-feira";"09:10:00";"BA";101;207;"GOVERNADOR MANGABEIRA";"Sim";"Ingestao de alcool";1;"Saida de leito carrocavel";"Com Vitimas Feridas";"Pleno dia";"Crescente";"Ceu Claro";"Simples";"Desvio Temporario";"Nao";207821;"Automóvel";"GM/MONZA SL";1990;"Condutor";"Lesoes Leves";54;"Masculino";0;1;0;0;"-12.5967";"-39.0355";"SR-BA";"DEL10/1";"UOP03/BA"
116469;253784;2018-03-07;"quarta-feira";"13:30:00";"GO";60;385,5;"RIO VERDE";"Sim";"Ingestao de alcool";1;"Colisao com objeto estatico";"Sem Vitimas";"Pleno dia";"Decrescente";"Sol";"Dupla";"Reta";"Sim";207921;"Automóvel";"FIAT/UNO MILLE FIRE";2003;"Condutor";"Ileso";54;"Masculino";1;0;0;0;"-17.7964";"-50.914";"SR-GO";"DEL1/4";"UOP01/GO"
116491;253828;2018-03-03;"sabado";"19:40:00";"MG";381;252;"SANTANA DO PARAISO";"Sim";"Ingestao de alcool";1;"Atropelamento de Pedestre";"Com Vitimas Feridas";"Pleno dia";"Decrescente";"Chuva";"Simples";"Reta";"Sim";207948;"Automóvel";"I/CHERY QQ 1.1";2012;"Condutor";"Ileso";73;"Masculino";1;0;0;0;"-19.45901552";"-42.52539396";"SR-MG";"DEL4/3";"UOP02/MG"
116491;253832;2018-03-03;"sabado";"19:40:00";"MG";381;252;"SANTANA DO PARAISO";"Sim";"Ingestao de alcool";1;"Atropelamento de Pedestre";"Com Vitimas Feridas";"Pleno dia";"Decrescente";"Chuva";"Simples";"Reta";"Sim";207949;"Bicicleta";"";NA;"Condutor";"Lesoes Graves";30;"Masculino";0;0;1;0;"-19.45901552";"-42.52539396";"SR-MG";"DEL4/3";"UOP02/MG"
116491;253881;2018-03-03;"sabado";"19:40:00";"MG";381;252;"SANTANA DO PARAISO";"Sim";"Ingestao de alcool";1;"Atropelamento de Pedestre";"Com Vitimas Feridas";"Pleno dia";"Decrescente";"Chuva";"Simples";"Reta";"Sim";207949;"Bicicleta";"";NA;"Testemunha";"Nao Informado";NA;"Nao Informado";0;0;0;0;"-19.45901552";"-42.52539396";"SR-MG";"DEL4/3";"UOP02/MG"
116491;253883;2018-03-03;"sabado";"19:40:00";"MG";381;252;"SANTANA DO PARAISO";"Sim";"Ingestao de alcool";1;"Atropelamento de Pedestre";"Com Vitimas Feridas";"Pleno dia";"Decrescente";"Chuva";"Simples";"Reta";"Sim";207949;"Bicicleta";"";NA;"Testemunha";"Nao Informado";NA;"Nao Informado";0;0;0;0;"-19.45901552";"-42.52539396";"SR-MG";"DEL4/3";"UOP02/MG"
116536;255376;2018-03-07;"quarta-feira";"16:40:00";"MA";135;7;"SAO LUIS";"Sim";"Ingestao de alcool";1;"Colisao transversal";"Com Vitimas Feridas";"Pleno dia";"Crescente";"Sol";"Dupla";"Reta";"Sim";209258;"Automóvel";"I/CHEVROLET CLASSIC LS";2014;"Condutor";"Ileso";40;"Masculino";1;0;0;0;"-2.59251259";"-44.24614123";"SR-MA";"DEL18/1";"UOP01/MA"
116536;255372;2018-03-07;"quarta-feira";"16:40:00";"MA";135;7;"SAO LUIS";"Sim";"Ingestao de alcool";1;"Colisao transversal";"Com Vitimas Feridas";"Pleno dia";"Crescente";"Sol";"Dupla";"Reta";"Sim";209257;"Automóvel";"VW/GOL 1.0 GIV";2008;"Condutor";"Lesoes Leves";62;"Masculino";0;1;0;0;"-2.59251259";"-44.24614123";"SR-MA";"DEL18/1";"UOP01/MA"
116548;254101;2018-03-07;"quarta-feira";"20:30:00";"PR";272;363;"GUAIRA";"Sim";"Ingestao de alcool";1;"Colisao traseira";"Com Vitimas Feridas";"Plena Noite";"Crescente";"Ceu Claro";"Simples";"Nao Informado";"Nao";208226;"Automóvel";"GM/VECTRA GLS";1997;"Condutor";"Ileso";35;"Masculino";1;0;0;0;"-24.10790069";"-54.23332214";"SR-PR";"DEL7/4";"UOP05/PR"
116548;254102;2018-03-07;"quarta-feira";"20:30:00";"PR";272;363;"GUAIRA";"Sim";"Ingestao de alcool";1;"Colisao traseira";"Com Vitimas Feridas";"Plena Noite";"Crescente";"Ceu Claro";"Simples";"Nao Informado";"Nao";208227;"Caminhonete";"FIAT/STRADA WORKING";2015;"Condutor";"Lesoes Leves";57;"Masculino";0;1;0;0;"-24.10790069";"-54.23332214";"SR-PR";"DEL7/4";"UOP05/PR"
116603;254087;2018-03-08;"quinta-feira";"05:00:00";"SC";101;158,1;"PORTO BELO";"Sim";"Ingestao de alcool";1;"Tombamento";"Com Vitimas Feridas";"Plena Noite";"Decrescente";"Ceu Claro";"Dupla";"Reta";"Sim";208211;"Motoneta";"HONDA/BIZ 110I";2017;"Condutor";"Lesoes Leves";22;"Feminino";0;1;0;0;"-27.199";"-48.6146";"SR-SC";"DEL8/4";"UOP03/SC"
116730;254281;2018-01-12;"sexta-feira";"14:15:00";"PB";230;19;"JOAO PESSOA";"Sim";"Ingestao de alcool";1;"Colisao lateral";"Com Vitimas Feridas";"Pleno dia";"Decrescente";"Ceu Claro";"Dupla";"Reta";"Sim";208378;"Automóvel";"HONDA/CIVIC TOURING CVT";2016;"Condutor";"Ileso";53;"Feminino";1;0;0;0;"-7.12861011";"-34.84753579";"SR-PB";"DEL14/1";"UOP01/PB"
116730;254282;2018-01-12;"sexta-feira";"14:15:00";"PB";230;19;"JOAO PESSOA";"Sim";"Ingestao de alcool";1;"Colisao lateral";"Com Vitimas Feridas";"Pleno dia";"Decrescente";"Ceu Claro";"Dupla";"Reta";"Sim";208379;"Motocicleta";"HONDA/CG150 START";2015;"Condutor";"Lesoes Leves";40;"Masculino";0;1;0;0;"-7.12861011";"-34.84753579";"SR-PB";"DEL14/1";"UOP01/PB"
116791;256472;2018-03-08;"quinta-feira";"19:40:00";"SP";116;439;"REGISTRO";"Sim";"Ingestao de alcool";1;"Colisao traseira";"Sem Vitimas";"Plena Noite";"Decrescente";"Ceu Claro";"Dupla";"Reta";"Sim";210272;"Caminhao-trator";"VW/19.320 CLC TT";2010;"Condutor";"Ileso";62;"Masculino";1;0;0;0;"-24.47715001";"-47.83172607";"SR-SP";"DEL6/5";"UOP01/SP"
116791;256473;2018-03-08;"quinta-feira";"19:40:00";"SP";116;439;"REGISTRO";"Sim";"Ingestao de alcool";1;"Colisao traseira";"Sem Vitimas";"Plena Noite";"Decrescente";"Ceu Claro";"Dupla";"Reta";"Sim";210276;"Automóvel";"FORD/KA SEL 1.0 HA";2015;"Condutor";"Ileso";20;"Masculino";1;0;0;0;"-24.47715001";"-47.83172607";"SR-SP";"DEL6/5";"UOP01/SP"
116833;256365;2018-03-09;"sexta-feira";"00:50:00";"SC";101;37,1;"JOINVILLE";"Nao";"Ingestao de alcool";1;"Colisao com objeto estatico";"Sem Vitimas";"Plena Noite";"Crescente";"Nublado";"Dupla";"Reta";"Sim";208608;"Automóvel";"VW/NOVO GOL 1.0";2012;"Condutor";"Nao Informado";NA;"Nao Informado";0;0;0;0;"-26.2991092";"-48.88363749";"SR-SC";"DEL8/3";"UOP01/SC"
116836;256161;2018-03-08;"quinta-feira";"23:40:00";"MG";50;3,8;"ARAGUARI";"Sim";"Ingestao de alcool";1;"Colisao com objeto estatico";"Sem Vitimas";"Plena Noite";"Crescente";"Ceu Claro";"Dupla";"Curva";"Nao";208615;"Automóvel";"CHEVROLET/ONIX 10M LOLLA";2014;"Condutor";"Ileso";38;"Masculino";1;0;0;0;"-18.453148";"-48.048509";"SR-MG";"DEL4/15";"UOP02/MG"
116841;257167;2018-03-09;"sexta-feira";"01:40:00";"RO";174;13;"VILHENA";"Sim";"Ingestao de alcool";1;"Colisao lateral";"Com Vitimas Feridas";"Plena Noite";"Crescente";"Ceu Claro";"Dupla";"Intersecao de vias";"Sim";210818;"Caminhonete";"FIAT/STRADA FIRE CE";2004;"Condutor";"Ileso";46;"Masculino";1;0;0;0;"-12.7414";"-60.130264";"SR-RO";"DEL21/4";"UOP01/RO"
116841;257169;2018-03-09;"sexta-feira";"01:40:00";"RO";174;13;"VILHENA";"Sim";"Ingestao de alcool";1;"Colisao lateral";"Com Vitimas Feridas";"Plena Noite";"Crescente";"Ceu Claro";"Dupla";"Intersecao de vias";"Sim";210819;"Motocicleta";"HONDA/CG 125 FAN KS";2014;"Condutor";"Lesoes Leves";24;"Masculino";0;1;0;0;"-12.7414";"-60.130264";"SR-RO";"DEL21/4";"UOP01/RO"
116841;257171;2018-03-09;"sexta-feira";"01:40:00";"RO";174;13;"VILHENA";"Sim";"Ingestao de alcool";1;"Colisao lateral";"Com Vitimas Feridas";"Plena Noite";"Crescente";"Ceu Claro";"Dupla";"Intersecao de vias";"Sim";210819;"Motocicleta";"HONDA/CG 125 FAN KS";2014;"Passageiro";"Lesoes Leves";19;"Feminino";0;1;0;0;"-12.7414";"-60.130264";"SR-RO";"DEL21/4";"UOP01/RO"
116865;254689;2018-03-09;"sexta-feira";"06:50:00";"RS";290;86;"PORTO ALEGRE";"Sim";"Ingestao de alcool";1;"Saida de leito carrocavel";"Com Vitimas Feridas";"Pleno dia";"Decrescente";"Nublado";"Dupla";"Curva";"Sim";208710;"Automóvel";"FIAT/UNO MILLE EP";1996;"Condutor";"Lesoes Leves";25;"Masculino";0;1;0;0;"-29.96978791";"-51.11265946";"SR-RS";"DEL9/1";"UOP01/RS"
116890;254742;2018-03-09;"sexta-feira";"09:45:00";"SC";101;332;"TUBARAO";"Sim";"Ingestao de alcool";1;"Colisao com objeto estatico";"Sem Vitimas";"Pleno dia";"Crescente";"Ceu Claro";"Dupla";"Reta";"Sim";208760;"Automóvel";"IMP/VW GOLF GL";1995;"Condutor";"Ileso";30;"Masculino";1;0;0;0;"-28.4669";"-48.9973";"SR-SC";"DEL8/2";"UOP01/SC"
116974;254922;2018-03-09;"sexta-feira";"15:40:00";"PR";277;58;"SAO JOSE DOS PINHAIS";"Sim";"Ingestao de alcool";1;"Colisao lateral";"Sem Vitimas";"Pleno dia";"Decrescente";"Ceu Claro";"Dupla";"Reta";"Nao";208902;"Automóvel";"I/FORD FOCUS SE AT 2.0SC";2016;"Condutor";"Ileso";50;"Feminino";1;0;0;0;"-25.55436696";"-49.03236866";"SR-PR";"DEL7/1";"UOP06/PR"
116974;254921;2018-03-09;"sexta-feira";"15:40:00";"PR";277;58;"SAO JOSE DOS PINHAIS";"Sim";"Ingestao de alcool";1;"Colisao lateral";"Sem Vitimas";"Pleno dia";"Decrescente";"Ceu Claro";"Dupla";"Reta";"Nao";208898;"Automóvel";"RENAULT/SANDERO";2017;"Condutor";"Ileso";57;"Masculino";1;0;0;0;"-25.55436696";"-49.03236866";"SR-PR";"DEL7/1";"UOP06/PR"
116993;254905;2018-01-11;"quinta-feira";"18:10:00";"PB";230;27;"JOAO PESSOA";"Sim";"Ingestao de alcool";1;"Atropelamento de Pedestre";"Com Vitimas Feridas";"Plena Noite";"Crescente";"Ceu Claro";"Dupla";"Reta";"Sim";208882;"Caminhao";"";NA;"Pedestre";"Lesoes Graves";41;"Masculino";0;0;1;0;"-7.1650587";"-34.8934857";"SR-PB";"DEL14/1";"UOP01/PB"
116993;254906;2018-01-11;"quinta-feira";"18:10:00";"PB";230;27;"JOAO PESSOA";"Sim";"Ingestao de alcool";1;"Atropelamento de Pedestre";"Com Vitimas Feridas";"Plena Noite";"Crescente";"Ceu Claro";"Dupla";"Reta";"Sim";208882;"Caminhao";"";NA;"Condutor";"Nao Informado";NA;"Nao Informado";0;0;0;0;"-7.1650587";"-34.8934857";"SR-PB";"DEL14/1";"UOP01/PB"
117002;255035;2018-03-09;"sexta-feira";"16:40:00";"MG";381;362;"JOAO MONLEVADE";"Sim";"Ingestao de alcool";1;"Colisao frontal";"Com Vitimas Feridas";"Pleno dia";"Decrescente";"Chuva";"Simples";"Curva";"Nao";208989;"Caminhao-trator";"SCANIA/T112 HW 4X2";1990;"Condutor";"Ileso";39;"Masculino";1;0;0;0;"-19.8687683";"-43.11927795";"SR-MG";"DEL4/3";"UOP01/MG"
117002;255038;2018-03-09;"sexta-feira";"16:40:00";"MG";381;362;"JOAO MONLEVADE";"Sim";"Ingestao de alcool";1;"Colisao frontal";"Com Vitimas Feridas";"Pleno dia";"Decrescente";"Chuva";"Simples";"Curva";"Nao";208990;"Caminhonete";"FIAT/FIORINO 1.4 FLEX";2013;"Condutor";"Lesoes Leves";51;"Masculino";0;1;0;0;"-19.8687683";"-43.11927795";"SR-MG";"DEL4/3";"UOP01/MG"
117068;255098;2018-03-09;"sexta-feira";"21:25:00";"BA";324;355;"CAPIM GROSSO";"Sim";"Ingestao de alcool";1;"Tombamento";"Com Vitimas Feridas";"Plena Noite";"Decrescente";"Nublado";"Multipla";"Rotatória";"Sim";209012;"Motocicleta";"HONDA/NXR150 BROS ESD";2007;"Condutor";"Lesoes Leves";31;"Masculino";0;1;0;0;"-11.38445549";"-40.0012207";"SR-BA";"DEL10/4";"UOP02/BA"
117090;255276;2018-03-09;"sexta-feira";"22:30:00";"BA";116;11,9;"VITORIA DA CONQUISTA";"Sim";"Ingestao de alcool";1;"Colisao transversal";"Com Vitimas Feridas";"Plena Noite";"Crescente";"Ceu Claro";"Simples";"Reta";"Sim";209175;"Motocicleta";"HONDA/NXR150 BROS ES";2012;"Condutor";"Lesoes Leves";42;"Masculino";0;1;0;0;"-14.88639602";"-40.8732605";"SR-PE";"DEL11/5";"UOP03/PE"
117090;255277;2018-03-09;"sexta-feira";"22:30:00";"BA";116;11,9;"VITORIA DA CONQUISTA";"Sim";"Ingestao de alcool";1;"Colisao transversal";"Com Vitimas Feridas";"Plena Noite";"Crescente";"Ceu Claro";"Simples";"Reta";"Sim";209189;"Bicicleta";"";NA;"Condutor";"Lesoes Leves";52;"Masculino";0;1;0;0;"-14.88639602";"-40.8732605";"SR-PE";"DEL11/5";"UOP03/PE"
117097;256962;2018-03-09;"sexta-feira";"22:35:00";"PR";467;79;"TOLEDO";"Sim";"Ingestao de alcool";1;"Saida de leito carrocavel";"Com Vitimas Feridas";"Plena Noite";"Crescente";"Ceu Claro";"Dupla";"Curva";"Nao";209108;"Automóvel";"VW/PARATI CL";1994;"Condutor";"Ileso";17;"Masculino";1;0;0;0;"-24.7786";"-53.6791";"SR-PR";"DEL7/4";"UOP06/PR"
117097;256979;2018-03-09;"sexta-feira";"22:35:00";"PR";467;79;"TOLEDO";"Sim";"Ingestao de alcool";1;"Saida de leito carrocavel";"Com Vitimas Feridas";"Plena Noite";"Crescente";"Ceu Claro";"Dupla";"Curva";"Nao";209108;"Automóvel";"VW/PARATI CL";1994;"Passageiro";"Ileso";14;"Feminino";1;0;0;0;"-24.7786";"-53.6791";"SR-PR";"DEL7/4";"UOP06/PR"
117097;256982;2018-03-09;"sexta-feira";"22:35:00";"PR";467;79;"TOLEDO";"Sim";"Ingestao de alcool";1;"Saida de leito carrocavel";"Com Vitimas Feridas";"Plena Noite";"Crescente";"Ceu Claro";"Dupla";"Curva";"Nao";209108;"Automóvel";"VW/PARATI CL";1994;"Passageiro";"Ileso";17;"Feminino";1;0;0;0;"-24.7786";"-53.6791";"SR-PR";"DEL7/4";"UOP06/PR"
117097;256971;2018-03-09;"sexta-feira";"22:35:00";"PR";467;79;"TOLEDO";"Sim";"Ingestao de alcool";1;"Saida de leito carrocavel";"Com Vitimas Feridas";"Plena Noite";"Crescente";"Ceu Claro";"Dupla";"Curva";"Nao";209108;"Automóvel";"VW/PARATI CL";1994;"Passageiro";"Lesoes Graves";23;"Masculino";0;0;1;0;"-24.7786";"-53.6791";"SR-PR";"DEL7/4";"UOP06/PR"
117099;259030;2018-03-10;"sabado";"00:30:00";"GO";60;178,6;"ABADIA DE GOIAS";"Sim";"Ingestao de alcool";1;"Capotamento";"Com Vitimas Feridas";"Plena Noite";"Decrescente";"Chuva";"Dupla";"Reta";"Nao";212441;"Automóvel";"GM/CELTA 2P LIFE";2007;"Condutor";"Lesoes Leves";36;"Masculino";0;1;0;0;"-16.7602";"-49.4578";"SR-GO";"DEL1/1";"UOP02/GO"
117100;257144;2018-03-10;"sabado";"00:40:00";"AL";101;173,8;"TEOTONIO VILELA";"Sim";"Ingestao de alcool";1;"Colisao lateral";"Com Vitimas Feridas";"Plena Noite";"Crescente";"Ceu Claro";"Simples";"Reta";"Sim";209208;"Ônibus";"MBENZ/MPOLO PARADISO R";2010;"Condutor";"Ileso";31;"Masculino";1;0;0;0;"-9.90933267";"-36.33384705";"SR-AL";"DEL13/2";"UOP02/AL"
117100;257150;2018-03-10;"sabado";"00:40:00";"AL";101;173,8;"TEOTONIO VILELA";"Sim";"Ingestao de alcool";1;"Colisao lateral";"Com Vitimas Feridas";"Plena Noite";"Crescente";"Ceu Claro";"Simples";"Reta";"Sim";209209;"Motocicleta";"HONDA/CG 150 FAN ESI";2011;"Condutor";"Lesoes Leves";22;"Masculino";0;1;0;0;"-9.90933267";"-36.33384705";"SR-AL";"DEL13/2";"UOP02/AL"
117105;256239;2018-03-09;"sexta-feira";"21:00:00";"MA";222;544;"BURITICUPU";"Sim";"Ingestao de alcool";1;"Colisao frontal";"Com Vitimas Feridas";"Plena Noite";"Decrescente";"Ceu Claro";"Simples";"Nao Informado";"Nao";209102;"Caminhonete";"FIAT/STRADA WORKING CE";2016;"Condutor";"Ileso";32;"Masculino";1;0;0;0;"-4.31217696";"-46.46118164";"SR-MA";"DEL18/4";"UOP03/MA"
117105;256240;2018-03-09;"sexta-feira";"21:00:00";"MA";222;544;"BURITICUPU";"Sim";"Ingestao de alcool";1;"Colisao frontal";"Com Vitimas Feridas";"Plena Noite";"Decrescente";"Ceu Claro";"Simples";"Nao Informado";"Nao";209103;"Motocicleta";"HONDA/CG 150 TITAN KS";2005;"Condutor";"Lesoes Leves";39;"Masculino";0;1;0;0;"-4.31217696";"-46.46118164";"SR-MA";"DEL18/4";"UOP03/MA"
117118;259047;2018-03-09;"sexta-feira";"23:00:00";"PR";158;526;"PATO BRANCO";"Sim";"Ingestao de alcool";1;"Colisao traseira";"Sem Vitimas";"Plena Noite";"Crescente";"Ceu Claro";"Dupla";"Intersecao de vias";"Sim";212464;"Ônibus";"VOLVO/MPOLO PARADISO LD";2015;"Condutor";"Ileso";35;"Masculino";1;0;0;0;"-26.25198905";"-52.70783186";"SR-PR";"DEL7/2";"UOP01/PR"
117118;259048;2018-03-09;"sexta-feira";"23:00:00";"PR";158;526;"PATO BRANCO";"Sim";"Ingestao de alcool";1;"Colisao traseira";"Sem Vitimas";"Plena Noite";"Crescente";"Ceu Claro";"Dupla";"Intersecao de vias";"Sim";212464;"Ônibus";"VOLVO/MPOLO PARADISO LD";2015;"Passageiro";"Ileso";49;"Feminino";1;0;0;0;"-26.25198905";"-52.70783186";"SR-PR";"DEL7/2";"UOP01/PR"
117118;259045;2018-03-09;"sexta-feira";"23:00:00";"PR";158;526;"PATO BRANCO";"Sim";"Ingestao de alcool";1;"Colisao traseira";"Sem Vitimas";"Plena Noite";"Crescente";"Ceu Claro";"Dupla";"Intersecao de vias";"Sim";212463;"Automóvel";"CITROEN/C3 AIRCROSS EXCA";2014;"Condutor";"Ileso";49;"Masculino";1;0;0;0;"-26.25198905";"-52.70783186";"SR-PR";"DEL7/2";"UOP01/PR"
117128;257082;2018-03-10;"sabado";"04:30:00";"MS";262;312,8;"CAMPO GRANDE";"Sim";"Ingestao de alcool";1;"Atropelamento de Pedestre";"Com Vitimas Feridas";"Plena Noite";"Crescente";"Ceu Claro";"Simples";"Reta";"Nao";209232;"Motocicleta";"YAMAHA/YBR125 FACTOR ED";2015;"Pedestre";"Lesoes Graves";16;"Feminino";0;0;1;0;"-20.472744";"-54.408177";"SR-MS";"DEL3/1";"UOP01/MS"
117128;257208;2018-03-10;"sabado";"04:30:00";"MS";262;312,8;"CAMPO GRANDE";"Sim";"Ingestao de alcool";1;"Atropelamento de Pedestre";"Com Vitimas Feridas";"Plena Noite";"Crescente";"Ceu Claro";"Simples";"Reta";"Nao";209232;"Motocicleta";"YAMAHA/YBR125 FACTOR ED";2015;"Passageiro";"Nao Informado";NA;"Nao Informado";0;0;0;0;"-20.472744";"-54.408177";"SR-MS";"DEL3/1";"UOP01/MS"