"id";"pesid";"data_inversa";"dia_semana";"horario";"uf";"br";"km";"municipio";"causa_principal";"causa_acidente";"ordem_tipo_acidente";"tipo_acidente";"classificacao_acidente";"fase_dia";"sentido_via";"condicao_metereologica";"tipo_pista";"tracado_via";"uso_solo";"id_veiculo";"tipo_veiculo";"marca";"ano_fabricacao_veiculo";"tipo_envolvido";"estado_fisico";"idade";"sexo";"ilesos";"feridos_leves";"feridos_graves";"mortos";"latitude";"longitude";"regional";"delegacia";"uop"
117128;255316;2018-03-10;"sabado";"04:30:00";"MS";262;312,8;"CAMPO GRANDE";"Sim";"Ingestao de alcool";1;"Atropelamento de Pedestre";"Com Vitimas Feridas";"Plena Noite";"Crescente";"Ceu Claro";"Simples";"Reta";"Nao";209232;"Motocicleta";"YAMAHA/YBR125 FACTOR ED";2015;"Condutor";"Lesoes Leves";25;"Masculino";0;1;0;0;"-20.472744";"-54.408177";"SR-MS";"DEL3/1";"UOP01/MS"
117128;255323;2018-03-10;"sabado";"04:30:00";"MS";262;312,8;"CAMPO GRANDE";"Sim";"Ingestao de alcool";1;"Atropelamento de Pedestre";"Com Vitimas Feridas";"Plena Noite";"Crescente";"Ceu Claro";"Simples";"Reta";"Nao";209232;"Motocicleta";"YAMAHA/YBR125 FACTOR ED";2015;"Pedestre";"Lesoes Graves";21;"Feminino";0;0;1;0;"-20.472744";"-54.408177";"SR-MS";"DEL3/1";"UOP01/MS"
117130;255253;2018-03-10;"sabado";"05:15:00";"SC";470;8;"NAVEGANTES";"Sim";"Ingestao de alcool";1;"Colisao frontal";"Com Vitimas Feridas";"Plena Noite";"Crescente";"Ceu Claro";"Simples";"Reta";"Nao";209165;"Automóvel";"VW/GOL CL";1991;"Passageiro";"Lesoes Leves";21;"Masculino";0;1;0;0;"-26.83688";"-48.718853";"SR-SC";"DEL8/4";"UOP04/SC"
117130;255250;2018-03-10;"sabado";"05:15:00";"SC";470;8;"NAVEGANTES";"Sim";"Ingestao de alcool";1;"Colisao frontal";"Com Vitimas Feridas";"Plena Noite";"Crescente";"Ceu Claro";"Simples";"Reta";"Nao";209165;"Automóvel";"VW/GOL CL";1991;"Condutor";"Lesoes Leves";20;"Masculino";0;1;0;0;"-26.83688";"-48.718853";"SR-SC";"DEL8/4";"UOP04/SC"
117130;255252;2018-03-10;"sabado";"05:15:00";"SC";470;8;"NAVEGANTES";"Sim";"Ingestao de alcool";1;"Colisao frontal";"Com Vitimas Feridas";"Plena Noite";"Crescente";"Ceu Claro";"Simples";"Reta";"Nao";209165;"Automóvel";"VW/GOL CL";1991;"Passageiro";"Lesoes Leves";23;"Masculino";0;1;0;0;"-26.83688";"-48.718853";"SR-SC";"DEL8/4";"UOP04/SC"
117130;255251;2018-03-10;"sabado";"05:15:00";"SC";470;8;"NAVEGANTES";"Sim";"Ingestao de alcool";1;"Colisao frontal";"Com Vitimas Feridas";"Plena Noite";"Crescente";"Ceu Claro";"Simples";"Reta";"Nao";209166;"Automóvel";"GM/CLASSIC SPIRIT";2010;"Condutor";"Lesoes Leves";30;"Masculino";0;1;0;0;"-26.83688";"-48.718853";"SR-SC";"DEL8/4";"UOP04/SC"
117157;258546;2018-03-10;"sabado";"06:30:00";"SC";163;81,7;"GUARACIABA";"Nao";"Ingestao de alcool";1;"Colisao frontal";"Com Vitimas Feridas";"Amanhecer";"Decrescente";"Ceu Claro";"Simples";"Nao Informado";"Nao";209205;"Caminhao-trator";"SCANIA/G 380 A4X2";2009;"Condutor";"Ileso";37;"Masculino";1;0;0;0;"-26.641624";"-53.518425";"SR-SC";"DEL8/8";"UOP03/SC"
117157;258548;2018-03-10;"sabado";"06:30:00";"SC";163;81,7;"GUARACIABA";"Nao";"Ingestao de alcool";1;"Colisao frontal";"Com Vitimas Feridas";"Amanhecer";"Decrescente";"Ceu Claro";"Simples";"Nao Informado";"Nao";209205;"Caminhao-trator";"SCANIA/G 380 A4X2";2009;"Testemunha";"Nao Informado";NA;"Nao Informado";0;0;0;0;"-26.641624";"-53.518425";"SR-SC";"DEL8/8";"UOP03/SC"
117157;258543;2018-03-10;"sabado";"06:30:00";"SC";163;81,7;"GUARACIABA";"Nao";"Ingestao de alcool";1;"Colisao frontal";"Com Vitimas Feridas";"Amanhecer";"Decrescente";"Ceu Claro";"Simples";"Nao Informado";"Nao";209204;"Automóvel";"GM/VECTRA GL";1998;"Condutor";"Lesoes Leves";32;"Masculino";0;1;0;0;"-26.641624";"-53.518425";"SR-SC";"DEL8/8";"UOP03/SC"
117158;255709;2018-03-10;"sabado";"07:25:00";"RS";116;236;"NOVO HAMBURGO";"Sim";"Ingestao de alcool";1;"Colisao traseira";"Sem Vitimas";"Pleno dia";"Crescente";"Sol";"Multipla";"Reta";"Sim";209587;"Automóvel";"FORD/KA SE 1.0 HA B";2017;"Condutor";"Ileso";37;"Masculino";1;0;0;0;"-29.68566667";"-51.14112139";"SR-RS";"DEL9/1";"UOP02/RS"
117158;255711;2018-03-10;"sabado";"07:25:00";"RS";116;236;"NOVO HAMBURGO";"Sim";"Ingestao de alcool";1;"Colisao traseira";"Sem Vitimas";"Pleno dia";"Crescente";"Sol";"Multipla";"Reta";"Sim";209589;"Camioneta";"FORD/ECOSPORT XLS1.6FLEX";2007;"Condutor";"Ileso";55;"Masculino";1;0;0;0;"-29.68566667";"-51.14112139";"SR-RS";"DEL9/1";"UOP02/RS"
117158;255712;2018-03-10;"sabado";"07:25:00";"RS";116;236;"NOVO HAMBURGO";"Sim";"Ingestao de alcool";1;"Colisao traseira";"Sem Vitimas";"Pleno dia";"Crescente";"Sol";"Multipla";"Reta";"Sim";209591;"Automóvel";"VW/GOL 1000I";1996;"Condutor";"Ileso";34;"Feminino";1;0;0;0;"-29.68566667";"-51.14112139";"SR-RS";"DEL9/1";"UOP02/RS"
117169;257174;2018-03-10;"sabado";"02:00:00";"RJ";116;291;"PORTO REAL";"Sim";"Ingestao de alcool";1;"Tombamento";"Com Vitimas Feridas";"Plena Noite";"Decrescente";"Ceu Claro";"Dupla";"Reta";"Nao";209225;"Bicicleta";"";NA;"Condutor";"Lesoes Leves";36;"Masculino";0;1;0;0;"-22.449371";"-44.321712";"SR-RJ";"DEL5/7";"UOP03/RJ"
117170;255426;2018-03-10;"sabado";"08:30:00";"PR";277;592;"CASCAVEL";"Nao";"Ingestao de alcool";1;"Colisao lateral";"Com Vitimas Feridas";"Pleno dia";"Decrescente";"Sol";"Simples";"Viaduto";"Nao";209275;"Automóvel";"VW/GOL PATRULHEIRO 1.6";2008;"Condutor";"Lesoes Leves";25;"Masculino";0;1;0;0;"-25.02817";"-53.55983";"SR-PR";"DEL7/4";"UOP01/PR"
117170;255439;2018-03-10;"sabado";"08:30:00";"PR";277;592;"CASCAVEL";"Nao";"Ingestao de alcool";1;"Colisao lateral";"Com Vitimas Feridas";"Pleno dia";"Decrescente";"Sol";"Simples";"Viaduto";"Nao";209276;"Caminhao-trator";"M.BENZ/AXOR 2040 S";2008;"Condutor";"Ileso";59;"Masculino";1;0;0;0;"-25.02817";"-53.55983";"SR-PR";"DEL7/4";"UOP01/PR"
117170;255435;2018-03-10;"sabado";"08:30:00";"PR";277;592;"CASCAVEL";"Nao";"Ingestao de alcool";1;"Colisao lateral";"Com Vitimas Feridas";"Pleno dia";"Decrescente";"Sol";"Simples";"Viaduto";"Nao";209275;"Automóvel";"VW/GOL PATRULHEIRO 1.6";2008;"Passageiro";"Lesoes Leves";27;"Masculino";0;1;0;0;"-25.02817";"-53.55983";"SR-PR";"DEL7/4";"UOP01/PR"
117178;255618;2018-03-10;"sabado";"10:00:00";"GO";60;52;"ABADIANIA";"Nao";"Ingestao de alcool";1;"Saida de leito carrocavel";"Sem Vitimas";"Pleno dia";"Decrescente";"Ceu Claro";"Dupla";"Reta";"Nao";209400;"Automóvel";"TOYOTA/ETIOS HB XS 15 MT";2016;"Condutor";"Ileso";33;"Masculino";1;0;0;0;"-16.17667115";"-48.65025546";"SR-GO";"DEL1/2";"UOP01/GO"
117206;255395;2018-03-10;"sabado";"08:45:00";"MG";381;509;"IGARAPE";"Sim";"Ingestao de alcool";1;"Colisao lateral";"Sem Vitimas";"Pleno dia";"Decrescente";"Ceu Claro";"Dupla";"Reta";"Sim";209284;"Caminhao-trator";"";NA;"Condutor";"Ileso";NA;"Masculino";1;0;0;0;"-20.0553";"-44.2849";"SR-MG";"DEL4/1";"UOP03/MG"
117206;255391;2018-03-10;"sabado";"08:45:00";"MG";381;509;"IGARAPE";"Sim";"Ingestao de alcool";1;"Colisao lateral";"Sem Vitimas";"Pleno dia";"Decrescente";"Ceu Claro";"Dupla";"Reta";"Sim";209283;"Automóvel";"CHEV/PRISMA 1.0MT LT";2015;"Condutor";"Ileso";34;"Masculino";1;0;0;0;"-20.0553";"-44.2849";"SR-MG";"DEL4/1";"UOP03/MG"
117265;255822;2018-03-10;"sabado";"15:15:00";"SC";163;85,1;"GUARACIABA";"Nao";"Ingestao de alcool";1;"Colisao transversal";"Com Vitimas Feridas";"Pleno dia";"Decrescente";"Ceu Claro";"Simples";"Curva";"Nao";209704;"Automóvel";"I/JAC J3";2011;"Condutor";"Ileso";21;"Masculino";1;0;0;0;"-26.607304";"-53.517044";"SR-SC";"DEL8/8";"UOP03/SC"
117265;255832;2018-03-10;"sabado";"15:15:00";"SC";163;85,1;"GUARACIABA";"Nao";"Ingestao de alcool";1;"Colisao transversal";"Com Vitimas Feridas";"Pleno dia";"Decrescente";"Ceu Claro";"Simples";"Curva";"Nao";209707;"Motocicleta";"HONDA/CG 125 CARGO";2002;"Passageiro";"Lesoes Graves";38;"Masculino";0;0;1;0;"-26.607304";"-53.517044";"SR-SC";"DEL8/8";"UOP03/SC"
117265;255825;2018-03-10;"sabado";"15:15:00";"SC";163;85,1;"GUARACIABA";"Nao";"Ingestao de alcool";1;"Colisao transversal";"Com Vitimas Feridas";"Pleno dia";"Decrescente";"Ceu Claro";"Simples";"Curva";"Nao";209707;"Motocicleta";"HONDA/CG 125 CARGO";2002;"Condutor";"Lesoes Leves";26;"Masculino";0;1;0;0;"-26.607304";"-53.517044";"SR-SC";"DEL8/8";"UOP03/SC"
117275;257638;2018-03-10;"sabado";"16:00:00";"RN";405;106,6;"ITAU";"Sim";"Ingestao de alcool";1;"Tombamento";"Com Vitimas Feridas";"Pleno dia";"Crescente";"Ceu Claro";"Simples";"Desvio Temporario";"Nao";209700;"Caminhao-trator";"SCANIA/R 440 A6X2";2014;"Condutor";"Lesoes Leves";60;"Masculino";0;1;0;0;"-5.823638";"-37.973045";"SR-RN";"DEL15/4";"UOP02/RN"
117280;255693;2018-03-10;"sabado";"15:30:00";"SC";470;101;"APIUNA";"Sim";"Ingestao de alcool";1;"Colisao lateral";"Com Vitimas Feridas";"Pleno dia";"Crescente";"Sol";"Simples";"Reta";"Sim";209511;"Caminhao";"VW/8.140";1998;"Condutor";"Ileso";35;"Masculino";1;0;0;0;"-27.053085";"-49.390018";"SR-SC";"DEL8/4";"UOP02/SC"
117280;255695;2018-03-10;"sabado";"15:30:00";"SC";470;101;"APIUNA";"Sim";"Ingestao de alcool";1;"Colisao lateral";"Com Vitimas Feridas";"Pleno dia";"Crescente";"Sol";"Simples";"Reta";"Sim";209512;"Motocicleta";"HONDA/CG 150 TITAN EX";2012;"Condutor";"Lesoes Graves";37;"Masculino";0;0;1;0;"-27.053085";"-49.390018";"SR-SC";"DEL8/4";"UOP02/SC"
117300;260189;2018-03-10;"sabado";"17:55:00";"ES";101;310,4;"VIANA";"Sim";"Ingestao de alcool";1;"Colisao lateral";"Sem Vitimas";"Anoitecer";"Crescente";"Nublado";"Simples";"Ponte";"Nao";209703;"Automóvel";"GM/CORSA SEDAN PREMIUM";2011;"Condutor";"Ileso";51;"Masculino";1;0;0;0;"-20.43216816";"-40.45955508";"SR-ES";"DEL12/3";"UOP01/ES"
117300;264354;2018-03-10;"sabado";"17:55:00";"ES";101;310,4;"VIANA";"Sim";"Ingestao de alcool";1;"Colisao lateral";"Sem Vitimas";"Anoitecer";"Crescente";"Nublado";"Simples";"Ponte";"Nao";216816;"Bicicleta";"";NA;"Condutor";"Nao Informado";NA;"Nao Informado";0;0;0;0;"-20.43216816";"-40.45955508";"SR-ES";"DEL12/3";"UOP01/ES"
117302;255705;2018-03-10;"sabado";"18:00:00";"DF";70;12,1;"BRASILIA";"Sim";"Ingestao de alcool";1;"Colisao traseira";"Sem Vitimas";"Anoitecer";"Crescente";"Chuva";"Dupla";"Reta";"Sim";209569;"Ônibus";"M.BENZ/INDUSCAR APACHE U";2009;"Condutor";"Ileso";30;"Masculino";1;0;0;0;"-15.79248586";"-48.15939814";"SR-DF";"DF";"UOP06/DF"
117302;255837;2018-03-10;"sabado";"18:00:00";"DF";70;12,1;"BRASILIA";"Sim";"Ingestao de alcool";1;"Colisao traseira";"Sem Vitimas";"Anoitecer";"Crescente";"Chuva";"Dupla";"Reta";"Sim";209568;"Automóvel";"GM/CORSA WIND";1997;"Condutor";"Ileso";24;"Masculino";1;0;0;0;"-15.79248586";"-48.15939814";"SR-DF";"DF";"UOP06/DF"
117302;255839;2018-03-10;"sabado";"18:00:00";"DF";70;12,1;"BRASILIA";"Sim";"Ingestao de alcool";1;"Colisao traseira";"Sem Vitimas";"Anoitecer";"Crescente";"Chuva";"Dupla";"Reta";"Sim";209570;"Bicicleta";"";NA;"Condutor";"Ileso";18;"Masculino";1;0;0;0;"-15.79248586";"-48.15939814";"SR-DF";"DF";"UOP06/DF"
117302;255704;2018-03-10;"sabado";"18:00:00";"DF";70;12,1;"BRASILIA";"Sim";"Ingestao de alcool";1;"Colisao traseira";"Sem Vitimas";"Anoitecer";"Crescente";"Chuva";"Dupla";"Reta";"Sim";209567;"Automóvel";"VW/QUANTUM GL 2000";1988;"Condutor";"Ileso";40;"Masculino";1;0;0;0;"-15.79248586";"-48.15939814";"SR-DF";"DF";"UOP06/DF"
117325;255836;2018-03-10;"sabado";"19:30:00";"SC";470;63,6;"BLUMENAU";"Sim";"Ingestao de alcool";1;"Colisao lateral";"Com Vitimas Feridas";"Plena Noite";"Crescente";"Nublado";"Simples";"Nao Informado";"Nao";209552;"Camioneta";"I/MMC L200 4X4";1997;"Condutor";"Ileso";47;"Masculino";1;0;0;0;"-26.87446386";"-49.18593854";"SR-SC";"DEL8/4";"UOP01/SC"
117325;255835;2018-03-10;"sabado";"19:30:00";"SC";470;63,6;"BLUMENAU";"Sim";"Ingestao de alcool";1;"Colisao lateral";"Com Vitimas Feridas";"Plena Noite";"Crescente";"Nublado";"Simples";"Nao Informado";"Nao";209551;"Bicicleta";"";NA;"Condutor";"Lesoes Leves";40;"Masculino";0;1;0;0;"-26.87446386";"-49.18593854";"SR-SC";"DEL8/4";"UOP01/SC"
117335;255648;2018-03-10;"sabado";"19:20:00";"ES";262;161;"IBATIBA";"Sim";"Ingestao de alcool";1;"Colisao frontal";"Com Vitimas Feridas";"Plena Noite";"Decrescente";"Chuva";"Simples";"Reta";"Nao";209498;"Automóvel";"FIAT/UNO S";1984;"Condutor";"Ileso";31;"Masculino";1;0;0;0;"-20.2343";"-41.5284";"SR-ES";"DEL12/1";"UOP02/ES"
117335;255649;2018-03-10;"sabado";"19:20:00";"ES";262;161;"IBATIBA";"Sim";"Ingestao de alcool";1;"Colisao frontal";"Com Vitimas Feridas";"Plena Noite";"Decrescente";"Chuva";"Simples";"Reta";"Nao";209499;"Caminhonete";"FIAT/STRADA WORKING CD";2012;"Condutor";"Ileso";54;"Masculino";1;0;0;0;"-20.2343";"-41.5284";"SR-ES";"DEL12/1";"UOP02/ES"
117335;255655;2018-03-10;"sabado";"19:20:00";"ES";262;161;"IBATIBA";"Sim";"Ingestao de alcool";1;"Colisao frontal";"Com Vitimas Feridas";"Plena Noite";"Decrescente";"Chuva";"Simples";"Reta";"Nao";209499;"Caminhonete";"FIAT/STRADA WORKING CD";2012;"Passageiro";"Lesoes Leves";49;"Feminino";0;1;0;0;"-20.2343";"-41.5284";"SR-ES";"DEL12/1";"UOP02/ES"
117335;255674;2018-03-10;"sabado";"19:20:00";"ES";262;161;"IBATIBA";"Sim";"Ingestao de alcool";1;"Colisao frontal";"Com Vitimas Feridas";"Plena Noite";"Decrescente";"Chuva";"Simples";"Reta";"Nao";209498;"Automóvel";"FIAT/UNO S";1984;"Passageiro";"Lesoes Leves";22;"Masculino";0;1;0;0;"-20.2343";"-41.5284";"SR-ES";"DEL12/1";"UOP02/ES"
117335;255656;2018-03-10;"sabado";"19:20:00";"ES";262;161;"IBATIBA";"Sim";"Ingestao de alcool";1;"Colisao frontal";"Com Vitimas Feridas";"Plena Noite";"Decrescente";"Chuva";"Simples";"Reta";"Nao";209499;"Caminhonete";"FIAT/STRADA WORKING CD";2012;"Passageiro";"Lesoes Leves";11;"Feminino";0;1;0;0;"-20.2343";"-41.5284";"SR-ES";"DEL12/1";"UOP02/ES"
117346;255668;2018-03-10;"sabado";"19:10:00";"ES";101;16,7;"PEDRO CANARIO";"Sim";"Ingestao de alcool";1;"Queda de ocupante de veiculo";"Com Vitimas Feridas";"Plena Noite";"Decrescente";"Chuva";"Simples";"Nao Informado";"Nao";209528;"Motocicleta";"HONDA/CG 150 TITAN KS";2008;"Condutor";"Ileso";40;"Masculino";1;0;0;0;"-18.298746";"-39.957325";"SR-ES";"DEL12/4";"UOP02/ES"
117346;255669;2018-03-10;"sabado";"19:10:00";"ES";101;16,7;"PEDRO CANARIO";"Sim";"Ingestao de alcool";1;"Queda de ocupante de veiculo";"Com Vitimas Feridas";"Plena Noite";"Decrescente";"Chuva";"Simples";"Nao Informado";"Nao";209528;"Motocicleta";"HONDA/CG 150 TITAN KS";2008;"Passageiro";"Lesoes Graves";30;"Feminino";0;0;1;0;"-18.298746";"-39.957325";"SR-ES";"DEL12/4";"UOP02/ES"
117349;255758;2018-03-10;"sabado";"21:32:00";"MG";116;193;"CARAI";"Sim";"Ingestao de alcool";1;"Colisao frontal";"Com Vitimas Feridas";"Plena Noite";"Crescente";"Nublado";"Simples";"Reta";"Nao";209626;"Ônibus";"SCANIA/MPOLO PARADISO R";2010;"Condutor";"Ileso";57;"Masculino";1;0;0;0;"-17.17708254";"-41.49547959";"SR-MG";"DEL4/11";"UOP01/MG"
117349;255760;2018-03-10;"sabado";"21:32:00";"MG";116;193;"CARAI";"Sim";"Ingestao de alcool";1;"Colisao frontal";"Com Vitimas Feridas";"Plena Noite";"Crescente";"Nublado";"Simples";"Reta";"Nao";209626;"Ônibus";"SCANIA/MPOLO PARADISO R";2010;"Passageiro";"Ileso";44;"Feminino";1;0;0;0;"-17.17708254";"-41.49547959";"SR-MG";"DEL4/11";"UOP01/MG"
117349;255759;2018-03-10;"sabado";"21:32:00";"MG";116;193;"CARAI";"Sim";"Ingestao de alcool";1;"Colisao frontal";"Com Vitimas Feridas";"Plena Noite";"Crescente";"Nublado";"Simples";"Reta";"Nao";209626;"Ônibus";"SCANIA/MPOLO PARADISO R";2010;"Passageiro";"Ileso";29;"Masculino";1;0;0;0;"-17.17708254";"-41.49547959";"SR-MG";"DEL4/11";"UOP01/MG"
117349;255756;2018-03-10;"sabado";"21:32:00";"MG";116;193;"CARAI";"Sim";"Ingestao de alcool";1;"Colisao frontal";"Com Vitimas Feridas";"Plena Noite";"Crescente";"Nublado";"Simples";"Reta";"Nao";209625;"Automóvel";"VW/GOL 1.0";2006;"Condutor";"Lesoes Leves";49;"Masculino";0;1;0;0;"-17.17708254";"-41.49547959";"SR-MG";"DEL4/11";"UOP01/MG"
117349;256513;2018-03-10;"sabado";"21:32:00";"MG";116;193;"CARAI";"Sim";"Ingestao de alcool";1;"Colisao frontal";"Com Vitimas Feridas";"Plena Noite";"Crescente";"Nublado";"Simples";"Reta";"Nao";209626;"Ônibus";"SCANIA/MPOLO PARADISO R";2010;"Passageiro";"Ileso";30;"Masculino";1;0;0;0;"-17.17708254";"-41.49547959";"SR-MG";"DEL4/11";"UOP01/MG"
117349;256514;2018-03-10;"sabado";"21:32:00";"MG";116;193;"CARAI";"Sim";"Ingestao de alcool";1;"Colisao frontal";"Com Vitimas Feridas";"Plena Noite";"Crescente";"Nublado";"Simples";"Reta";"Nao";209626;"Ônibus";"SCANIA/MPOLO PARADISO R";2010;"Passageiro";"Ileso";64;"Feminino";1;0;0;0;"-17.17708254";"-41.49547959";"SR-MG";"DEL4/11";"UOP01/MG"
117349;256515;2018-03-10;"sabado";"21:32:00";"MG";116;193;"CARAI";"Sim";"Ingestao de alcool";1;"Colisao frontal";"Com Vitimas Feridas";"Plena Noite";"Crescente";"Nublado";"Simples";"Reta";"Nao";209626;"Ônibus";"SCANIA/MPOLO PARADISO R";2010;"Passageiro";"Ileso";44;"Feminino";1;0;0;0;"-17.17708254";"-41.49547959";"SR-MG";"DEL4/11";"UOP01/MG"
117349;256517;2018-03-10;"sabado";"21:32:00";"MG";116;193;"CARAI";"Sim";"Ingestao de alcool";1;"Colisao frontal";"Com Vitimas Feridas";"Plena Noite";"Crescente";"Nublado";"Simples";"Reta";"Nao";209626;"Ônibus";"SCANIA/MPOLO PARADISO R";2010;"Passageiro";"Ileso";19;"Feminino";1;0;0;0;"-17.17708254";"-41.49547959";"SR-MG";"DEL4/11";"UOP01/MG"
117349;256518;2018-03-10;"sabado";"21:32:00";"MG";116;193;"CARAI";"Sim";"Ingestao de alcool";1;"Colisao frontal";"Com Vitimas Feridas";"Plena Noite";"Crescente";"Nublado";"Simples";"Reta";"Nao";209626;"Ônibus";"SCANIA/MPOLO PARADISO R";2010;"Passageiro";"Ileso";29;"Feminino";1;0;0;0;"-17.17708254";"-41.49547959";"SR-MG";"DEL4/11";"UOP01/MG"
117349;256520;2018-03-10;"sabado";"21:32:00";"MG";116;193;"CARAI";"Sim";"Ingestao de alcool";1;"Colisao frontal";"Com Vitimas Feridas";"Plena Noite";"Crescente";"Nublado";"Simples";"Reta";"Nao";209626;"Ônibus";"SCANIA/MPOLO PARADISO R";2010;"Passageiro";"Ileso";33;"Masculino";1;0;0;0;"-17.17708254";"-41.49547959";"SR-MG";"DEL4/11";"UOP01/MG"
117349;256521;2018-03-10;"sabado";"21:32:00";"MG";116;193;"CARAI";"Sim";"Ingestao de alcool";1;"Colisao frontal";"Com Vitimas Feridas";"Plena Noite";"Crescente";"Nublado";"Simples";"Reta";"Nao";209626;"Ônibus";"SCANIA/MPOLO PARADISO R";2010;"Passageiro";"Ileso";23;"Masculino";1;0;0;0;"-17.17708254";"-41.49547959";"SR-MG";"DEL4/11";"UOP01/MG"
117349;256526;2018-03-10;"sabado";"21:32:00";"MG";116;193;"CARAI";"Sim";"Ingestao de alcool";1;"Colisao frontal";"Com Vitimas Feridas";"Plena Noite";"Crescente";"Nublado";"Simples";"Reta";"Nao";209626;"Ônibus";"SCANIA/MPOLO PARADISO R";2010;"Passageiro";"Ileso";22;"Feminino";1;0;0;0;"-17.17708254";"-41.49547959";"SR-MG";"DEL4/11";"UOP01/MG"
117349;256528;2018-03-10;"sabado";"21:32:00";"MG";116;193;"CARAI";"Sim";"Ingestao de alcool";1;"Colisao frontal";"Com Vitimas Feridas";"Plena Noite";"Crescente";"Nublado";"Simples";"Reta";"Nao";209626;"Ônibus";"SCANIA/MPOLO PARADISO R";2010;"Passageiro";"Ileso";46;"Feminino";1;0;0;0;"-17.17708254";"-41.49547959";"SR-MG";"DEL4/11";"UOP01/MG"
117349;256544;2018-03-10;"sabado";"21:32:00";"MG";116;193;"CARAI";"Sim";"Ingestao de alcool";1;"Colisao frontal";"Com Vitimas Feridas";"Plena Noite";"Crescente";"Nublado";"Simples";"Reta";"Nao";209626;"Ônibus";"SCANIA/MPOLO PARADISO R";2010;"Passageiro";"Ileso";32;"Feminino";1;0;0;0;"-17.17708254";"-41.49547959";"SR-MG";"DEL4/11";"UOP01/MG"
117349;256554;2018-03-10;"sabado";"21:32:00";"MG";116;193;"CARAI";"Sim";"Ingestao de alcool";1;"Colisao frontal";"Com Vitimas Feridas";"Plena Noite";"Crescente";"Nublado";"Simples";"Reta";"Nao";209626;"Ônibus";"SCANIA/MPOLO PARADISO R";2010;"Passageiro";"Ileso";53;"Feminino";1;0;0;0;"-17.17708254";"-41.49547959";"SR-MG";"DEL4/11";"UOP01/MG"
117349;256555;2018-03-10;"sabado";"21:32:00";"MG";116;193;"CARAI";"Sim";"Ingestao de alcool";1;"Colisao frontal";"Com Vitimas Feridas";"Plena Noite";"Crescente";"Nublado";"Simples";"Reta";"Nao";209626;"Ônibus";"SCANIA/MPOLO PARADISO R";2010;"Passageiro";"Ileso";55;"Feminino";1;0;0;0;"-17.17708254";"-41.49547959";"SR-MG";"DEL4/11";"UOP01/MG"
117349;256556;2018-03-10;"sabado";"21:32:00";"MG";116;193;"CARAI";"Sim";"Ingestao de alcool";1;"Colisao frontal";"Com Vitimas Feridas";"Plena Noite";"Crescente";"Nublado";"Simples";"Reta";"Nao";209626;"Ônibus";"SCANIA/MPOLO PARADISO R";2010;"Passageiro";"Ileso";26;"Feminino";1;0;0;0;"-17.17708254";"-41.49547959";"SR-MG";"DEL4/11";"UOP01/MG"
117349;256557;2018-03-10;"sabado";"21:32:00";"MG";116;193;"CARAI";"Sim";"Ingestao de alcool";1;"Colisao frontal";"Com Vitimas Feridas";"Plena Noite";"Crescente";"Nublado";"Simples";"Reta";"Nao";209626;"Ônibus";"SCANIA/MPOLO PARADISO R";2010;"Passageiro";"Ileso";29;"Masculino";1;0;0;0;"-17.17708254";"-41.49547959";"SR-MG";"DEL4/11";"UOP01/MG"
117349;256536;2018-03-10;"sabado";"21:32:00";"MG";116;193;"CARAI";"Sim";"Ingestao de alcool";1;"Colisao frontal";"Com Vitimas Feridas";"Plena Noite";"Crescente";"Nublado";"Simples";"Reta";"Nao";209626;"Ônibus";"SCANIA/MPOLO PARADISO R";2010;"Passageiro";"Ileso";15;"Feminino";1;0;0;0;"-17.17708254";"-41.49547959";"SR-MG";"DEL4/11";"UOP01/MG"
117349;256529;2018-03-10;"sabado";"21:32:00";"MG";116;193;"CARAI";"Sim";"Ingestao de alcool";1;"Colisao frontal";"Com Vitimas Feridas";"Plena Noite";"Crescente";"Nublado";"Simples";"Reta";"Nao";209626;"Ônibus";"SCANIA/MPOLO PARADISO R";2010;"Passageiro";"Ileso";77;"Feminino";1;0;0;0;"-17.17708254";"-41.49547959";"SR-MG";"DEL4/11";"UOP01/MG"
117349;256530;2018-03-10;"sabado";"21:32:00";"MG";116;193;"CARAI";"Sim";"Ingestao de alcool";1;"Colisao frontal";"Com Vitimas Feridas";"Plena Noite";"Crescente";"Nublado";"Simples";"Reta";"Nao";209626;"Ônibus";"SCANIA/MPOLO PARADISO R";2010;"Passageiro";"Ileso";66;"Feminino";1;0;0;0;"-17.17708254";"-41.49547959";"SR-MG";"DEL4/11";"UOP01/MG"
117349;256531;2018-03-10;"sabado";"21:32:00";"MG";116;193;"CARAI";"Sim";"Ingestao de alcool";1;"Colisao frontal";"Com Vitimas Feridas";"Plena Noite";"Crescente";"Nublado";"Simples";"Reta";"Nao";209626;"Ônibus";"SCANIA/MPOLO PARADISO R";2010;"Passageiro";"Ileso";21;"Masculino";1;0;0;0;"-17.17708254";"-41.49547959";"SR-MG";"DEL4/11";"UOP01/MG"
117349;255769;2018-03-10;"sabado";"21:32:00";"MG";116;193;"CARAI";"Sim";"Ingestao de alcool";1;"Colisao frontal";"Com Vitimas Feridas";"Plena Noite";"Crescente";"Nublado";"Simples";"Reta";"Nao";209625;"Automóvel";"VW/GOL 1.0";2006;"Passageiro";"Lesoes Leves";12;"Masculino";0;1;0;0;"-17.17708254";"-41.49547959";"SR-MG";"DEL4/11";"UOP01/MG"