"id";"pesid";"data_inversa";"dia_semana";"horario";"uf";"br";"km";"municipio";"causa_principal";"causa_acidente";"ordem_tipo_acidente";"tipo_acidente";"classificacao_acidente";"fase_dia";"sentido_via";"condicao_metereologica";"tipo_pista";"tracado_via";"uso_solo";"id_veiculo";"tipo_veiculo";"marca";"ano_fabricacao_veiculo";"tipo_envolvido";"estado_fisico";"idade";"sexo";"ilesos";"feridos_leves";"feridos_graves";"mortos";"latitude";"longitude";"regional";"delegacia";"uop"
117349;255770;2018-03-10;"sabado";"21:32:00";"MG";116;193;"CARAI";"Sim";"Ingestao de alcool";1;"Colisao frontal";"Com Vitimas Feridas";"Plena Noite";"Crescente";"Nublado";"Simples";"Reta";"Nao";209625;"Automóvel";"VW/GOL 1.0";2006;"Passageiro";"Lesoes Leves";16;"Feminino";0;1;0;0;"-17.17708254";"-41.49547959";"SR-MG";"DEL4/11";"UOP01/MG"
117356;255699;2018-03-10;"sabado";"16:30:00";"SP";116;61,7;"GUARATINGUETA";"Sim";"Ingestao de alcool e/ou substâncias psicoativas pelo pedestre";1;"Atropelamento de Pedestre";"Com Vitimas Fatais";"Pleno dia";"Crescente";"Nublado";"Dupla";"Reta";"Sim";209561;"Automóvel";"GM/KADETT SL";1993;"Pedestre";"Óbito";32;"Masculino";0;0;0;1;"-22.79772";"-45.167511";"SR-SP";"DEL6/8";"UOP02/SP"
117356;255719;2018-03-10;"sabado";"16:30:00";"SP";116;61,7;"GUARATINGUETA";"Sim";"Ingestao de alcool e/ou substâncias psicoativas pelo pedestre";1;"Atropelamento de Pedestre";"Com Vitimas Fatais";"Pleno dia";"Crescente";"Nublado";"Dupla";"Reta";"Sim";209561;"Automóvel";"GM/KADETT SL";1993;"Testemunha";"Nao Informado";NA;"Nao Informado";0;0;0;0;"-22.79772";"-45.167511";"SR-SP";"DEL6/8";"UOP02/SP"
117356;255694;2018-03-10;"sabado";"16:30:00";"SP";116;61,7;"GUARATINGUETA";"Sim";"Ingestao de alcool e/ou substâncias psicoativas pelo pedestre";1;"Atropelamento de Pedestre";"Com Vitimas Fatais";"Pleno dia";"Crescente";"Nublado";"Dupla";"Reta";"Sim";209561;"Automóvel";"GM/KADETT SL";1993;"Condutor";"Ileso";45;"Masculino";1;0;0;0;"-22.79772";"-45.167511";"SR-SP";"DEL6/8";"UOP02/SP"
117359;255991;2018-03-10;"sabado";"21:50:00";"RN";304;31;"MOSSORO";"Sim";"Ingestao de alcool";1;"Colisao traseira";"Com Vitimas Feridas";"Plena Noite";"Decrescente";"Ceu Claro";"Simples";"Reta";"Sim";209615;"Ciclomotor";"I/BASHAN JONNY HYPE 50";2014;"Condutor";"Lesoes Leves";47;"Masculino";0;1;0;0;"-5.125933";"-37.342953";"SR-RN";"DEL15/4";"UOP02/RN"
117363;255725;2018-03-10;"sabado";"22:20:00";"DF";60;7,4;"BRASILIA";"Sim";"Ingestao de alcool";1;"Colisao traseira";"Com Vitimas Feridas";"Plena Noite";"Crescente";"Chuva";"Dupla";"Reta";"Sim";209576;"Automóvel";"FIAT/PALIO ELX FLEX";2010;"Condutor";"Lesoes Leves";27;"Feminino";0;1;0;0;"-15.901237";"-48.122334";"SR-DF";"DF";"UOP03/DF"
117363;255728;2018-03-10;"sabado";"22:20:00";"DF";60;7,4;"BRASILIA";"Sim";"Ingestao de alcool";1;"Colisao traseira";"Com Vitimas Feridas";"Plena Noite";"Crescente";"Chuva";"Dupla";"Reta";"Sim";209577;"Automóvel";"FIAT/UNO ELECTRONIC";1993;"Condutor";"Ileso";46;"Masculino";1;0;0;0;"-15.901237";"-48.122334";"SR-DF";"DF";"UOP03/DF"
117368;257321;2018-03-10;"sabado";"18:45:00";"GO";153;321;"RIANAPOLIS";"Sim";"Ingestao de alcool";1;"Colisao frontal";"Com Vitimas Feridas";"Plena Noite";"Decrescente";"Ceu Claro";"Simples";"Reta";"Nao";209579;"Caminhao";"M.BENZ/L 1620";2011;"Condutor";"Ileso";70;"Masculino";1;0;0;0;"-15.456578";"-49.502522";"SR-GO";"DEL1/2";"UOP02/GO"
117368;257320;2018-03-10;"sabado";"18:45:00";"GO";153;321;"RIANAPOLIS";"Sim";"Ingestao de alcool";1;"Colisao frontal";"Com Vitimas Feridas";"Plena Noite";"Decrescente";"Ceu Claro";"Simples";"Reta";"Nao";209578;"Automóvel";"FIAT/UNO MILLE FIRE FLEX";2007;"Condutor";"Lesoes Leves";48;"Masculino";0;1;0;0;"-15.456578";"-49.502522";"SR-GO";"DEL1/2";"UOP02/GO"
117369;255818;2018-03-10;"sabado";"23:20:00";"MG";50;69;"UBERLANDIA";"Sim";"Ingestao de alcool";1;"Tombamento";"Com Vitimas Feridas";"Plena Noite";"Crescente";"Nublado";"Dupla";"Intersecao de vias";"Sim";209690;"Motocicleta";"YAMAHA/YBR150 FACTOR E";2017;"Condutor";"Lesoes Leves";26;"Masculino";0;1;0;0;"-18.88549798";"-48.26499939";"SR-MG";"DEL4/15";"UOP01/MG"
117369;255821;2018-03-10;"sabado";"23:20:00";"MG";50;69;"UBERLANDIA";"Sim";"Ingestao de alcool";1;"Tombamento";"Com Vitimas Feridas";"Plena Noite";"Crescente";"Nublado";"Dupla";"Intersecao de vias";"Sim";209690;"Motocicleta";"YAMAHA/YBR150 FACTOR E";2017;"Passageiro";"Lesoes Leves";37;"Feminino";0;1;0;0;"-18.88549798";"-48.26499939";"SR-MG";"DEL4/15";"UOP01/MG"
117381;255812;2018-03-10;"sabado";"23:50:00";"PR";369;198,1;"APUCARANA";"Sim";"Ingestao de alcool";1;"Colisao frontal";"Com Vitimas Feridas";"Plena Noite";"Crescente";"Ceu Claro";"Dupla";"Reta";"Nao";209687;"Automóvel";"GM/CORSA WIND";2000;"Condutor";"Lesoes Leves";33;"Masculino";0;1;0;0;"-23.52009959";"-51.43294573";"SR-PR";"DEL7/7";"UOP03/PR"
117381;255814;2018-03-10;"sabado";"23:50:00";"PR";369;198,1;"APUCARANA";"Sim";"Ingestao de alcool";1;"Colisao frontal";"Com Vitimas Feridas";"Plena Noite";"Crescente";"Ceu Claro";"Dupla";"Reta";"Nao";209688;"Automóvel";"CHEVROLET/CLASSIC LS";2012;"Passageiro";"Lesoes Leves";68;"Masculino";0;1;0;0;"-23.52009959";"-51.43294573";"SR-PR";"DEL7/7";"UOP03/PR"
117381;255815;2018-03-10;"sabado";"23:50:00";"PR";369;198,1;"APUCARANA";"Sim";"Ingestao de alcool";1;"Colisao frontal";"Com Vitimas Feridas";"Plena Noite";"Crescente";"Ceu Claro";"Dupla";"Reta";"Nao";209688;"Automóvel";"CHEVROLET/CLASSIC LS";2012;"Passageiro";"Lesoes Leves";54;"Masculino";0;1;0;0;"-23.52009959";"-51.43294573";"SR-PR";"DEL7/7";"UOP03/PR"
117381;255813;2018-03-10;"sabado";"23:50:00";"PR";369;198,1;"APUCARANA";"Sim";"Ingestao de alcool";1;"Colisao frontal";"Com Vitimas Feridas";"Plena Noite";"Crescente";"Ceu Claro";"Dupla";"Reta";"Nao";209688;"Automóvel";"CHEVROLET/CLASSIC LS";2012;"Condutor";"Lesoes Leves";56;"Masculino";0;1;0;0;"-23.52009959";"-51.43294573";"SR-PR";"DEL7/7";"UOP03/PR"
117381;255816;2018-03-10;"sabado";"23:50:00";"PR";369;198,1;"APUCARANA";"Sim";"Ingestao de alcool";1;"Colisao frontal";"Com Vitimas Feridas";"Plena Noite";"Crescente";"Ceu Claro";"Dupla";"Reta";"Nao";209688;"Automóvel";"CHEVROLET/CLASSIC LS";2012;"Passageiro";"Lesoes Leves";48;"Masculino";0;1;0;0;"-23.52009959";"-51.43294573";"SR-PR";"DEL7/7";"UOP03/PR"
117386;257262;2018-03-11;"domingo";"00:05:00";"MG";40;518;"RIBEIRAO DAS NEVES";"Sim";"Ingestao de alcool";1;"Saida de leito carrocavel";"Sem Vitimas";"Plena Noite";"Crescente";"Chuva";"Dupla";"Reta";"Sim";209624;"Automóvel";"FIAT/UNO MILLE EP";1995;"Condutor";"Ileso";38;"Masculino";1;0;0;0;"-19.843";"-44.0749";"SR-MG";"DEL4/1";"UOP03/MG"
117389;257485;2018-03-11;"domingo";"00:25:00";"RS";116;265;"CANOAS";"Nao";"Ingestao de alcool";1;"Colisao traseira";"Sem Vitimas";"Plena Noite";"Decrescente";"Ceu Claro";"Dupla";"Reta";"Sim";209696;"Automóvel";"FIAT/SIENA ATTRACTIV 1.4";2013;"Condutor";"Ileso";50;"Masculino";1;0;0;0;"-29.923407";"-51.177811";"SR-RS";"DEL9/1";"UOP01/RS"
117389;257492;2018-03-11;"domingo";"00:25:00";"RS";116;265;"CANOAS";"Nao";"Ingestao de alcool";1;"Colisao traseira";"Sem Vitimas";"Plena Noite";"Decrescente";"Ceu Claro";"Dupla";"Reta";"Sim";209697;"Automóvel";"VW/NOVO FOX CL MB";2015;"Condutor";"Ileso";33;"Masculino";1;0;0;0;"-29.923407";"-51.177811";"SR-RS";"DEL9/1";"UOP01/RS"
117389;257496;2018-03-11;"domingo";"00:25:00";"RS";116;265;"CANOAS";"Nao";"Ingestao de alcool";1;"Colisao traseira";"Sem Vitimas";"Plena Noite";"Decrescente";"Ceu Claro";"Dupla";"Reta";"Sim";209698;"Automóvel";"I/FIAT SIENA EL FLEX";2011;"Condutor";"Ileso";49;"Masculino";1;0;0;0;"-29.923407";"-51.177811";"SR-RS";"DEL9/1";"UOP01/RS"
117400;255932;2018-03-11;"domingo";"00:30:00";"MA";316;612,2;"TIMON";"Sim";"Ingestao de alcool";2;"Queda de ocupante de veiculo";"Com Vitimas Feridas";"Plena Noite";"Decrescente";"Ceu Claro";"Dupla";"Reta";"Nao";209710;"Automóvel";"CHEVROLET/COBALT 1.4 LT";2012;"Condutor";"Ileso";37;"Masculino";1;0;0;0;"-5.07484385";"-42.86052704";"SR-MA";"DEL18/3";"UOP02/MA"
117400;255941;2018-03-11;"domingo";"00:30:00";"MA";316;612,2;"TIMON";"Sim";"Ingestao de alcool";2;"Queda de ocupante de veiculo";"Com Vitimas Feridas";"Plena Noite";"Decrescente";"Ceu Claro";"Dupla";"Reta";"Nao";209710;"Automóvel";"CHEVROLET/COBALT 1.4 LT";2012;"Passageiro";"Ileso";39;"Feminino";1;0;0;0;"-5.07484385";"-42.86052704";"SR-MA";"DEL18/3";"UOP02/MA"
117400;256582;2018-03-11;"domingo";"00:30:00";"MA";316;612,2;"TIMON";"Sim";"Ingestao de alcool";2;"Queda de ocupante de veiculo";"Com Vitimas Feridas";"Plena Noite";"Decrescente";"Ceu Claro";"Dupla";"Reta";"Nao";209711;"Motocicleta";"HONDA/CG 125 FAN KS";2009;"Condutor";"Lesoes Graves";56;"Masculino";0;0;1;0;"-5.07484385";"-42.86052704";"SR-MA";"DEL18/3";"UOP02/MA"
117405;255761;2018-03-11;"domingo";"00:30:00";"SC";282;323;"CAMPOS NOVOS";"Sim";"Ingestao de alcool";1;"Saida de leito carrocavel";"Com Vitimas Feridas";"Plena Noite";"Decrescente";"Ceu Claro";"Simples";"Nao Informado";"Nao";209638;"Motocicleta";"HONDA/CG 125 TITAN ES";2000;"Condutor";"Lesoes Leves";22;"Masculino";0;1;0;0;"-27.37462381";"-51.06783807";"SR-SC";"DEL8/7";"UOP01/SC"
117411;257502;2018-03-11;"domingo";"00:02:00";"SC";282;576;"PINHALZINHO";"Sim";"Ingestao de alcool";1;"Colisao frontal";"Com Vitimas Feridas";"Plena Noite";"Decrescente";"Ceu Claro";"Simples";"Reta";"Sim";209652;"Motocicleta";"SUNDOWN/HUNTER 90";2007;"Condutor";"Lesoes Graves";53;"Masculino";0;0;1;0;"-26.85102901";"-52.98500061";"SR-SC";"DEL8/8";"UOP02/SC"
117411;257493;2018-03-11;"domingo";"00:02:00";"SC";282;576;"PINHALZINHO";"Sim";"Ingestao de alcool";1;"Colisao frontal";"Com Vitimas Feridas";"Plena Noite";"Decrescente";"Ceu Claro";"Simples";"Reta";"Sim";209651;"Caminhonete";"FIAT/STRADA ADVENT FLEX";2005;"Condutor";"Ileso";21;"Masculino";1;0;0;0;"-26.85102901";"-52.98500061";"SR-SC";"DEL8/8";"UOP02/SC"
117417;255810;2018-03-10;"sabado";"23:15:00";"SC";470;176,7;"POUSO REDONDO";"Sim";"Ingestao de alcool";1;"Atropelamento de Pedestre";"Com Vitimas Fatais";"Plena Noite";"Decrescente";"Nublado";"Simples";"Reta";"Nao";209682;"Automóvel";"VW/GOL I";1996;"Condutor";"Ileso";47;"Masculino";1;0;0;0;"-27.254238";"-49.948658";"SR-SC";"DEL8/4";"UOP02/SC"
117417;255811;2018-03-10;"sabado";"23:15:00";"SC";470;176,7;"POUSO REDONDO";"Sim";"Ingestao de alcool";1;"Atropelamento de Pedestre";"Com Vitimas Fatais";"Plena Noite";"Decrescente";"Nublado";"Simples";"Reta";"Nao";209682;"Automóvel";"VW/GOL I";1996;"Pedestre";"Óbito";37;"Masculino";0;0;0;1;"-27.254238";"-49.948658";"SR-SC";"DEL8/4";"UOP02/SC"
117419;255807;2018-03-11;"domingo";"00:50:00";"SC";101;354,5;"JAGUARUNA";"Sim";"Ingestao de alcool";1;"Saida de leito carrocavel";"Sem Vitimas";"Plena Noite";"Decrescente";"Ceu Claro";"Dupla";"Reta";"Nao";209683;"Automóvel";"VW/GOL GL";1989;"Condutor";"Nao Informado";NA;"Nao Informado";0;0;0;0;"-28.61778244";"-49.0699625";"SR-SC";"DEL8/2";"UOP01/SC"
117419;255808;2018-03-11;"domingo";"00:50:00";"SC";101;354,5;"JAGUARUNA";"Sim";"Ingestao de alcool";1;"Saida de leito carrocavel";"Sem Vitimas";"Plena Noite";"Decrescente";"Ceu Claro";"Dupla";"Reta";"Nao";209683;"Automóvel";"VW/GOL GL";1989;"Passageiro";"Nao Informado";NA;"Nao Informado";0;0;0;0;"-28.61778244";"-49.0699625";"SR-SC";"DEL8/2";"UOP01/SC"
117420;256360;2018-03-11;"domingo";"05:30:00";"RS";386;440;"CANOAS";"Sim";"Ingestao de alcool";1;"Saida de leito carrocavel";"Sem Vitimas";"Plena Noite";"Decrescente";"Nublado";"Dupla";"Reta";"Nao";209692;"Automóvel";"FIAT/PUNTO ATTRACTIVE";2011;"Condutor";"Ileso";26;"Masculino";1;0;0;0;"-29.878265";"-51.241951";"SR-RS";"DEL9/1";"UOP01/RS"
117425;258429;2018-03-11;"domingo";"05:15:00";"SC";101;89;"BARRA VELHA";"Sim";"Ingestao de alcool";1;"Colisao com objeto estatico";"Sem Vitimas";"Plena Noite";"Crescente";"Ceu Claro";"Dupla";"Reta";"Nao";209705;"Automóvel";"FIAT/STILO";2004;"Condutor";"Ileso";27;"Masculino";1;0;0;0;"-26.6689";"-48.6897";"SR-SC";"DEL8/3";"UOP02/SC"
117425;258466;2018-03-11;"domingo";"05:15:00";"SC";101;89;"BARRA VELHA";"Sim";"Ingestao de alcool";1;"Colisao com objeto estatico";"Sem Vitimas";"Plena Noite";"Crescente";"Ceu Claro";"Dupla";"Reta";"Nao";209706;"Automóvel";"FORD/FIESTA GL";2001;"Condutor";"Ileso";51;"Masculino";1;0;0;0;"-26.6689";"-48.6897";"SR-SC";"DEL8/3";"UOP02/SC"
117426;257474;2018-03-11;"domingo";"06:30:00";"BA";324;612;"SALVADOR";"Sim";"Ingestao de alcool";1;"Saida de leito carrocavel";"Com Vitimas Feridas";"Plena Noite";"Decrescente";"Sol";"Dupla";"Nao Informado";"Sim";209741;"Automóvel";"GM/CELTA";2002;"Condutor";"Lesoes Leves";28;"Masculino";0;1;0;0;"-12.85811234";"-38.42134476";"SR-BA";"DEL10/1";"UOP01/BA"
117435;258709;2018-03-11;"domingo";"05:45:00";"MS";163;777,7;"COXIM";"Sim";"Ingestao de alcool";1;"Colisao traseira";"Com Vitimas Feridas";"Pleno dia";"Crescente";"Ceu Claro";"Dupla";"Reta";"Nao";209805;"Caminhao-trator";"M.BENZ/AXOR 2644S6X4";2013;"Condutor";"Ileso";43;"Masculino";1;0;0;0;"-18.12828446";"-54.69941497";"SR-MS";"DEL3/6";"UOP01/MS"
117435;258696;2018-03-11;"domingo";"05:45:00";"MS";163;777,7;"COXIM";"Sim";"Ingestao de alcool";1;"Colisao traseira";"Com Vitimas Feridas";"Pleno dia";"Crescente";"Ceu Claro";"Dupla";"Reta";"Nao";209804;"Caminhonete";"VW/SAVEIRO CL 1.6 MI";1998;"Condutor";"Lesoes Leves";28;"Masculino";0;1;0;0;"-18.12828446";"-54.69941497";"SR-MS";"DEL3/6";"UOP01/MS"
117443;255838;2018-03-11;"domingo";"04:30:00";"MS";163;339,8;"RIO BRILHANTE";"Nao";"Ingestao de alcool";1;"Saida de leito carrocavel";"Sem Vitimas";"Plena Noite";"Crescente";"Ceu Claro";"Simples";"Curva";"Nao";209715;"Caminhao";"M.BENZ/L1622";2002;"Condutor";"Ileso";40;"Masculino";1;0;0;0;"-21.66891486";"-54.44068909";"SR-MS";"DEL3/2";"UOP02/MS"
117446;257688;2018-03-11;"domingo";"06:30:00";"SC";101;123,1;"ITAJAI";"Sim";"Ingestao de alcool e/ou substâncias psicoativas pelo pedestre";1;"Saida de leito carrocavel";"Com Vitimas Feridas";"Amanhecer";"Crescente";"Ceu Claro";"Dupla";"Intersecao de vias";"Sim";209729;"Motocicleta";"HONDA/CG150 START";2015;"Condutor";"Lesoes Graves";23;"Masculino";0;0;1;0;"-26.93725983";"-48.69832451";"SR-SC";"DEL8/4";"UOP04/SC"
117448;256933;2018-03-11;"domingo";"00:10:00";"ES";101;126;"SOORETAMA";"Sim";"Ingestao de alcool";1;"Colisao traseira";"Sem Vitimas";"Plena Noite";"Crescente";"Ceu Claro";"Simples";"Reta";"Sim";210660;"Caminhao";"";NA;"Condutor";"Ileso";NA;"Masculino";1;0;0;0;"-19.19705344";"-40.0932312";"SR-ES";"DEL12/4";"UOP01/ES"
117448;256932;2018-03-11;"domingo";"00:10:00";"ES";101;126;"SOORETAMA";"Sim";"Ingestao de alcool";1;"Colisao traseira";"Sem Vitimas";"Plena Noite";"Crescente";"Ceu Claro";"Simples";"Reta";"Sim";210659;"Automóvel";"HYUNDAI/HB20 1.0M COMFOR";2013;"Condutor";"Ileso";22;"Masculino";1;0;0;0;"-19.19705344";"-40.0932312";"SR-ES";"DEL12/4";"UOP01/ES"
117457;255876;2018-03-10;"sabado";"23:15:00";"PE";428;190;"PETROLINA";"Sim";"Ingestao de alcool";1;"Colisao com objeto estatico";"Com Vitimas Feridas";"Plena Noite";"Decrescente";"Nublado";"Simples";"Reta";"Sim";209743;"Motocicleta";"HONDA/NXR 160 BROS";2017;"Condutor";"Lesoes Leves";25;"Masculino";0;1;0;0;"-9.372067";"-40.486843";"SR-PE";"DEL11/6";"UOP01/PE"
117461;257891;2018-03-11;"domingo";"08:45:00";"PA";10;318;"IRITUIA";"Sim";"Ingestao de alcool";1;"Colisao frontal";"Com Vitimas Feridas";"Pleno dia";"Crescente";"Ceu Claro";"Simples";"Reta";"Sim";209825;"Caminhonete";"VW/SAVEIRO 1.6 CE TROOP.";2010;"Condutor";"Lesoes Graves";34;"Masculino";0;0;1;0;"-1.627098";"-47.481216";"SR-PA";"DEL19/1";"UOP03/PA"
117461;256296;2018-03-11;"domingo";"08:45:00";"PA";10;318;"IRITUIA";"Sim";"Ingestao de alcool";1;"Colisao frontal";"Com Vitimas Feridas";"Pleno dia";"Crescente";"Ceu Claro";"Simples";"Reta";"Sim";209824;"Caminhao-trator";"SCANIA/G 360 A4X2";2012;"Condutor";"Ileso";35;"Masculino";1;0;0;0;"-1.627098";"-47.481216";"SR-PA";"DEL19/1";"UOP03/PA"
117479;258144;2018-03-11;"domingo";"12:00:00";"SC";470;155;"AGRONOMICA";"Sim";"Ingestao de alcool";1;"Colisao lateral";"Com Vitimas Feridas";"Pleno dia";"Crescente";"Ceu Claro";"Simples";"Reta";"Nao";211596;"Automóvel";"VW/SPACEFOX TREND GII";2012;"Condutor";"Ileso";48;"Masculino";1;0;0;0;"-27.277105";"-49.751972";"SR-SC";"DEL8/4";"UOP02/SC"
117479;258145;2018-03-11;"domingo";"12:00:00";"SC";470;155;"AGRONOMICA";"Sim";"Ingestao de alcool";1;"Colisao lateral";"Com Vitimas Feridas";"Pleno dia";"Crescente";"Ceu Claro";"Simples";"Reta";"Nao";211597;"Automóvel";"VW/GOL 1.0 PLUS";2001;"Condutor";"Lesoes Leves";36;"Masculino";0;1;0;0;"-27.277105";"-49.751972";"SR-SC";"DEL8/4";"UOP02/SC"
117484;256032;2018-03-11;"domingo";"11:05:00";"RO";364;245,4;"CACOAL";"Nao";"Ingestao de alcool";1;"Colisao frontal";"Com Vitimas Feridas";"Pleno dia";"Crescente";"Ceu Claro";"Simples";"Reta";"Nao";209848;"Caminhonete";"GM/CHEVROLET D10";1983;"Passageiro";"Lesoes Leves";20;"Feminino";0;1;0;0;"-11.43956312";"-61.52210712";"SR-RO";"DEL21/2";"UOP02/RO"
117484;256023;2018-03-11;"domingo";"11:05:00";"RO";364;245,4;"CACOAL";"Nao";"Ingestao de alcool";1;"Colisao frontal";"Com Vitimas Feridas";"Pleno dia";"Crescente";"Ceu Claro";"Simples";"Reta";"Nao";209847;"Caminhao-trator";"VOLVO/FH 520 6X4T";2011;"Condutor";"Ileso";42;"Masculino";1;0;0;0;"-11.43956312";"-61.52210712";"SR-RO";"DEL21/2";"UOP02/RO"
117484;256029;2018-03-11;"domingo";"11:05:00";"RO";364;245,4;"CACOAL";"Nao";"Ingestao de alcool";1;"Colisao frontal";"Com Vitimas Feridas";"Pleno dia";"Crescente";"Ceu Claro";"Simples";"Reta";"Nao";209848;"Caminhonete";"GM/CHEVROLET D10";1983;"Passageiro";"Lesoes Leves";37;"Feminino";0;1;0;0;"-11.43956312";"-61.52210712";"SR-RO";"DEL21/2";"UOP02/RO"
117484;256027;2018-03-11;"domingo";"11:05:00";"RO";364;245,4;"CACOAL";"Nao";"Ingestao de alcool";1;"Colisao frontal";"Com Vitimas Feridas";"Pleno dia";"Crescente";"Ceu Claro";"Simples";"Reta";"Nao";209848;"Caminhonete";"GM/CHEVROLET D10";1983;"Condutor";"Ileso";45;"Masculino";1;0;0;0;"-11.43956312";"-61.52210712";"SR-RO";"DEL21/2";"UOP02/RO"
117489;256112;2018-03-11;"domingo";"11:45:00";"BA";116;424,3;"FEIRA DE SANTANA";"Sim";"Ingestao de alcool";1;"Colisao lateral";"Com Vitimas Feridas";"Pleno dia";"Crescente";"Ceu Claro";"Simples";"Reta";"Sim";209907;"Automóvel";"FIAT/PUNTO ATTRACTIVE";2013;"Condutor";"Ileso";22;"Masculino";1;0;0;0;"-12.23937684";"-38.9821182";"SR-BA";"DEL10/2";"UOP01/BA"
117489;256116;2018-03-11;"domingo";"11:45:00";"BA";116;424,3;"FEIRA DE SANTANA";"Sim";"Ingestao de alcool";1;"Colisao lateral";"Com Vitimas Feridas";"Pleno dia";"Crescente";"Ceu Claro";"Simples";"Reta";"Sim";209907;"Automóvel";"FIAT/PUNTO ATTRACTIVE";2013;"Testemunha";"Nao Informado";NA;"Nao Informado";0;0;0;0;"-12.23937684";"-38.9821182";"SR-BA";"DEL10/2";"UOP01/BA"
117489;256114;2018-03-11;"domingo";"11:45:00";"BA";116;424,3;"FEIRA DE SANTANA";"Sim";"Ingestao de alcool";1;"Colisao lateral";"Com Vitimas Feridas";"Pleno dia";"Crescente";"Ceu Claro";"Simples";"Reta";"Sim";209910;"Bicicleta";"";NA;"Condutor";"Lesoes Leves";40;"Masculino";0;1;0;0;"-12.23937684";"-38.9821182";"SR-BA";"DEL10/2";"UOP01/BA"
117497;255985;2018-03-11;"domingo";"07:50:00";"SC";280;5,2;"SAO FRANCISCO DO SUL";"Sim";"Ingestao de alcool";1;"Atropelamento de Pedestre";"Sem Vitimas";"Pleno dia";"Decrescente";"Ceu Claro";"Simples";"Reta";"Sim";209822;"Automóvel";"";NA;"Condutor";"Nao Informado";NA;"Nao Informado";0;0;0;0;"-26.26105765";"-48.6270386";"SR-SC";"DEL8/3";"UOP03/SC"
117503;257894;2018-03-11;"domingo";"13:55:00";"RS";290;112,9;"ELDORADO DO SUL";"Sim";"Ingestao de alcool";1;"Queda de ocupante de veiculo";"Com Vitimas Feridas";"Pleno dia";"Crescente";"Sol";"Simples";"Curva";"Sim";210121;"Motocicleta";"HONDA/CBX 250 TWISTER";2003;"Condutor";"Lesoes Graves";33;"Masculino";0;0;1;0;"-30.04413282";"-51.33636475";"SR-RS";"DEL9/2";"UOP01/RS"
117509;258648;2018-03-11;"domingo";"13:20:00";"MT";163;854;"NOVA SANTA HELENA";"Sim";"Ingestao de alcool";1;"Colisao transversal";"Com Vitimas Fatais";"Pleno dia";"Crescente";"Ceu Claro";"Simples";"Reta";"Sim";210059;"Caminhao-trator";"IMP/IVECOFIAT E 450E37T";2001;"Condutor";"Ileso";64;"Masculino";1;0;0;0;"-11.0";"-55.0";"SR-MT";"DEL2/6";"UOP02/MT"
117509;256242;2018-03-11;"domingo";"13:20:00";"MT";163;854;"NOVA SANTA HELENA";"Sim";"Ingestao de alcool";1;"Colisao transversal";"Com Vitimas Fatais";"Pleno dia";"Crescente";"Ceu Claro";"Simples";"Reta";"Sim";210058;"Automóvel";"IMP/FORD ESCORT GL 16V F";1997;"Condutor";"Óbito";40;"Masculino";0;0;0;1;"-11.0";"-55.0";"SR-MT";"DEL2/6";"UOP02/MT"
117517;256154;2018-03-11;"domingo";"14:00:00";"MT";163;593;"NOVA MUTUM";"Sim";"Ingestao de alcool";1;"Queda de ocupante de veiculo";"Sem Vitimas";"Pleno dia";"Decrescente";"Nublado";"Simples";"Reta";"Nao";209946;"Automóvel";"I/HYUNDAI I30 2.0";2009;"Condutor";"Ileso";27;"Masculino";1;0;0;0;"-13.85408057";"-56.08039856";"SR-MT";"DEL2/4";"UOP01/MT"
117517;256155;2018-03-11;"domingo";"14:00:00";"MT";163;593;"NOVA MUTUM";"Sim";"Ingestao de alcool";1;"Queda de ocupante de veiculo";"Sem Vitimas";"Pleno dia";"Decrescente";"Nublado";"Simples";"Reta";"Nao";209947;"Caminhao-trator";"I/IVECOSTRALISHD 490S38T";2008;"Condutor";"Ileso";53;"Masculino";1;0;0;0;"-13.85408057";"-56.08039856";"SR-MT";"DEL2/4";"UOP01/MT"
117517;256147;2018-03-11;"domingo";"14:00:00";"MT";163;593;"NOVA MUTUM";"Sim";"Ingestao de alcool";1;"Queda de ocupante de veiculo";"Sem Vitimas";"Pleno dia";"Decrescente";"Nublado";"Simples";"Reta";"Nao";209945;"Motocicleta";"YAMAHA/XTZ 125E";2008;"Condutor";"Ileso";33;"Masculino";1;0;0;0;"-13.85408057";"-56.08039856";"SR-MT";"DEL2/4";"UOP01/MT"
117521;256019;2018-03-11;"domingo";"07:50:00";"SC";280;5,2;"SAO FRANCISCO DO SUL";"Sim";"Ingestao de alcool";1;"Atropelamento de Pedestre";"Com Vitimas Feridas";"Pleno dia";"Decrescente";"Ceu Claro";"Simples";"Reta";"Sim";209863;"Automóvel";"";NA;"Condutor";"Nao Informado";NA;"Nao Informado";0;0;0;0;"-26.260122";"-48.625729";"SR-SC";"DEL8/3";"UOP03/SC"
117521;256012;2018-03-11;"domingo";"07:50:00";"SC";280;5,2;"SAO FRANCISCO DO SUL";"Sim";"Ingestao de alcool";1;"Atropelamento de Pedestre";"Com Vitimas Feridas";"Pleno dia";"Decrescente";"Ceu Claro";"Simples";"Reta";"Sim";209863;"Automóvel";"";NA;"Pedestre";"Lesoes Graves";39;"Masculino";0;0;1;0;"-26.260122";"-48.625729";"SR-SC";"DEL8/3";"UOP03/SC"