"id";"pesid";"data_inversa";"dia_semana";"horario";"uf";"br";"km";"municipio";"causa_principal";"causa_acidente";"ordem_tipo_acidente";"tipo_acidente";"classificacao_acidente";"fase_dia";"sentido_via";"condicao_metereologica";"tipo_pista";"tracado_via";"uso_solo";"id_veiculo";"tipo_veiculo";"marca";"ano_fabricacao_veiculo";"tipo_envolvido";"estado_fisico";"idade";"sexo";"ilesos";"feridos_leves";"feridos_graves";"mortos";"latitude";"longitude";"regional";"delegacia";"uop"
117527;256249;2018-03-11;"domingo";"15:35:00";"TO";153;588,4;"SANTA RITA DO TOCANTINS";"Sim";"Ingestao de alcool";1;"Colisao frontal";"Com Vitimas Feridas";"Pleno dia";"Decrescente";"Nublado";"Simples";"Reta";"Nao";210004;"Caminhao-trator";"VOLVO/FH 460 6X4T";2014;"Condutor";"Ileso";48;"Masculino";1;0;0;0;"-10.99276085";"-48.90867591";"SR-TO";"UOP02/TO";""
117527;256241;2018-03-11;"domingo";"15:35:00";"TO";153;588,4;"SANTA RITA DO TOCANTINS";"Sim";"Ingestao de alcool";1;"Colisao frontal";"Com Vitimas Feridas";"Pleno dia";"Decrescente";"Nublado";"Simples";"Reta";"Nao";210003;"Automóvel";"FIAT/UNO MILLE FIRE";2004;"Condutor";"Lesoes Graves";48;"Masculino";0;0;1;0;"-10.99276085";"-48.90867591";"SR-TO";"UOP02/TO";""
117548;256177;2018-03-11;"domingo";"17:00:00";"RJ";40;21;"SAPUCAIA";"Sim";"Ingestao de alcool";1;"Capotamento";"Com Vitimas Feridas";"Pleno dia";"Crescente";"Ceu Claro";"Simples";"Curva";"Nao";209996;"Automóvel";"VW/GOL GL";1993;"Condutor";"Lesoes Leves";33;"Masculino";0;1;0;0;"-22.01682739";"-42.95743346";"SR-RJ";"DEL5/6";"UOP01/RJ"
117555;256304;2018-03-11;"domingo";"16:45:00";"PB";101;117;"CAAPORA";"Sim";"Ingestao de alcool";1;"Saida de leito carrocavel";"Sem Vitimas";"Pleno dia";"Crescente";"Ceu Claro";"Dupla";"Nao Informado";"Nao";209973;"Automóvel";"VW/GOL 1.0";2006;"Condutor";"Ileso";28;"Masculino";1;0;0;0;"-7.415254";"-34.958137";"SR-PB";"DEL14/1";"UOP02/PB"
117567;256192;2018-03-11;"domingo";"18:10:00";"CE";20;294,5;"CANINDE";"Sim";"Ingestao de alcool";1;"Colisao lateral";"Com Vitimas Feridas";"Plena Noite";"Decrescente";"Nublado";"Simples";"Reta";"Sim";210005;"Motocicleta";"HONDA/CG 150 FAN ESI";2011;"Condutor";"Lesoes Leves";35;"Masculino";0;1;0;0;"-4.54493925";"-39.35920715";"SR-CE";"DEL16/2";"UOP01/CE"
117567;256195;2018-03-11;"domingo";"18:10:00";"CE";20;294,5;"CANINDE";"Sim";"Ingestao de alcool";1;"Colisao lateral";"Com Vitimas Feridas";"Plena Noite";"Decrescente";"Nublado";"Simples";"Reta";"Sim";210008;"Motocicleta";"";NA;"Condutor";"Lesoes Leves";28;"Masculino";0;1;0;0;"-4.54493925";"-39.35920715";"SR-CE";"DEL16/2";"UOP01/CE"
117569;257883;2018-03-11;"domingo";"18:15:00";"PE";232;199;"SANHARO";"Sim";"Ingestao de alcool";1;"Colisao frontal";"Com Vitimas Feridas";"Anoitecer";"Decrescente";"Ceu Claro";"Simples";"Reta";"Nao";210112;"Automóvel";"VW/GOL CL";1992;"Condutor";"Lesoes Leves";21;"Masculino";0;1;0;0;"-8.36977";"-36.59583";"SR-PE";"DEL11/2";"UOP02/PE"
117569;257887;2018-03-11;"domingo";"18:15:00";"PE";232;199;"SANHARO";"Sim";"Ingestao de alcool";1;"Colisao frontal";"Com Vitimas Feridas";"Anoitecer";"Decrescente";"Ceu Claro";"Simples";"Reta";"Nao";210113;"Motocicleta";"HONDA/NXR150 BROS KS";2009;"Condutor";"Lesoes Graves";43;"Masculino";0;0;1;0;"-8.36977";"-36.59583";"SR-PE";"DEL11/2";"UOP02/PE"
117571;256118;2018-03-11;"domingo";"15:26:00";"MG";50;141;"UBERABA";"Sim";"Ingestao de alcool";1;"Saida de leito carrocavel";"Com Vitimas Feridas";"Pleno dia";"Decrescente";"Ceu Claro";"Dupla";"Reta";"Nao";209920;"Caminhonete";"VW/SAVEIRO CL";1988;"Condutor";"Lesoes Leves";39;"Masculino";0;1;0;0;"-19.4936";"-48.0481";"SR-MG";"DEL4/15";"UOP01/MG"
117579;256179;2018-03-11;"domingo";"18:45:00";"PE";116;25,8;"SALGUEIRO";"Sim";"Ingestao de alcool";2;"Tombamento";"Com Vitimas Feridas";"Plena Noite";"Crescente";"Ceu Claro";"Simples";"Reta";"Sim";209992;"Motocicleta";"HONDA/CG150 FAN ESDI";2014;"Condutor";"Lesoes Leves";47;"Masculino";0;1;0;0;"-8.065931";"-39.135303";"SR-PE";"DEL11/5";"UOP01/PE"
117579;256180;2018-03-11;"domingo";"18:45:00";"PE";116;25,8;"SALGUEIRO";"Sim";"Ingestao de alcool";2;"Tombamento";"Com Vitimas Feridas";"Plena Noite";"Crescente";"Ceu Claro";"Simples";"Reta";"Sim";209992;"Motocicleta";"HONDA/CG150 FAN ESDI";2014;"Passageiro";"Lesoes Leves";37;"Feminino";0;1;0;0;"-8.065931";"-39.135303";"SR-PE";"DEL11/5";"UOP01/PE"
117579;256182;2018-03-11;"domingo";"18:45:00";"PE";116;25,8;"SALGUEIRO";"Sim";"Ingestao de alcool";2;"Tombamento";"Com Vitimas Feridas";"Plena Noite";"Crescente";"Ceu Claro";"Simples";"Reta";"Sim";209992;"Motocicleta";"HONDA/CG150 FAN ESDI";2014;"Pedestre";"Lesoes Graves";41;"Masculino";0;0;1;0;"-8.065931";"-39.135303";"SR-PE";"DEL11/5";"UOP01/PE"
117586;259274;2018-03-11;"domingo";"19:10:00";"PR";373;174;"PONTA GROSSA";"Nao";"Ingestao de alcool";1;"Queda de ocupante de veiculo";"Com Vitimas Feridas";"Anoitecer";"Decrescente";"Chuva";"Dupla";"Retorno Regulamentado";"Sim";210045;"Motocicleta";"HONDA/CG 125 FAN KS";2014;"Condutor";"Nao Informado";NA;"Nao Informado";0;0;0;0;"-25.07067292";"-50.21850586";"SR-PR";"DEL7/3";"UOP01/PR"
117586;259271;2018-03-11;"domingo";"19:10:00";"PR";373;174;"PONTA GROSSA";"Nao";"Ingestao de alcool";1;"Queda de ocupante de veiculo";"Com Vitimas Feridas";"Anoitecer";"Decrescente";"Chuva";"Dupla";"Retorno Regulamentado";"Sim";210044;"Caminhao-trator";"IVECO/STRALIS 570S41T";2010;"Condutor";"Ileso";47;"Masculino";1;0;0;0;"-25.07067292";"-50.21850586";"SR-PR";"DEL7/3";"UOP01/PR"
117586;259280;2018-03-11;"domingo";"19:10:00";"PR";373;174;"PONTA GROSSA";"Nao";"Ingestao de alcool";1;"Queda de ocupante de veiculo";"Com Vitimas Feridas";"Anoitecer";"Decrescente";"Chuva";"Dupla";"Retorno Regulamentado";"Sim";210045;"Motocicleta";"HONDA/CG 125 FAN KS";2014;"Passageiro";"Lesoes Leves";36;"Feminino";0;1;0;0;"-25.07067292";"-50.21850586";"SR-PR";"DEL7/3";"UOP01/PR"
117593;256267;2018-03-11;"domingo";"19:30:00";"BA";101;945,8;"MUCURI";"Sim";"Ingestao de alcool";1;"Colisao traseira";"Com Vitimas Feridas";"Plena Noite";"Crescente";"Nublado";"Simples";"Nao Informado";"Nao";210080;"Automóvel";"FIAT/DOBLO ELX 1.4";2010;"Condutor";"Ileso";54;"Masculino";1;0;0;0;"-18.0856";"-39.894";"SR-BA";"DEL10/9";"UOP03/BA"
117593;256269;2018-03-11;"domingo";"19:30:00";"BA";101;945,8;"MUCURI";"Sim";"Ingestao de alcool";1;"Colisao traseira";"Com Vitimas Feridas";"Plena Noite";"Crescente";"Nublado";"Simples";"Nao Informado";"Nao";210081;"Motocicleta";"HONDA/CG 150 TITAN ES";2008;"Condutor";"Lesoes Graves";48;"Masculino";0;0;1;0;"-18.0856";"-39.894";"SR-BA";"DEL10/9";"UOP03/BA"
117597;261701;2018-03-11;"domingo";"18:45:00";"PE";101;64,5;"RECIFE";"Sim";"Ingestao de alcool";1;"Colisao traseira";"Com Vitimas Feridas";"Plena Noite";"Crescente";"Ceu Claro";"Simples";"Reta";"Nao";210048;"Automóvel";"I/RENAULT CLIO AUT1016VH";2014;"Condutor";"Nao Informado";NA;"Nao Informado";0;0;0;0;"-8.0266";"-34.9429";"SR-PE";"DEL11/1";"UOP01/PE"
117597;261703;2018-03-11;"domingo";"18:45:00";"PE";101;64,5;"RECIFE";"Sim";"Ingestao de alcool";1;"Colisao traseira";"Com Vitimas Feridas";"Plena Noite";"Crescente";"Ceu Claro";"Simples";"Reta";"Nao";210049;"Automóvel";"I/PEUGEOT 408 GRIFFE";2011;"Condutor";"Ileso";28;"Masculino";1;0;0;0;"-8.0266";"-34.9429";"SR-PE";"DEL11/1";"UOP01/PE"
117597;261705;2018-03-11;"domingo";"18:45:00";"PE";101;64,5;"RECIFE";"Sim";"Ingestao de alcool";1;"Colisao traseira";"Com Vitimas Feridas";"Plena Noite";"Crescente";"Ceu Claro";"Simples";"Reta";"Nao";210049;"Automóvel";"I/PEUGEOT 408 GRIFFE";2011;"Passageiro";"Lesoes Leves";7;"Feminino";0;1;0;0;"-8.0266";"-34.9429";"SR-PE";"DEL11/1";"UOP01/PE"
117597;261708;2018-03-11;"domingo";"18:45:00";"PE";101;64,5;"RECIFE";"Sim";"Ingestao de alcool";1;"Colisao traseira";"Com Vitimas Feridas";"Plena Noite";"Crescente";"Ceu Claro";"Simples";"Reta";"Nao";210049;"Automóvel";"I/PEUGEOT 408 GRIFFE";2011;"Testemunha";"Nao Informado";NA;"Nao Informado";0;0;0;0;"-8.0266";"-34.9429";"SR-PE";"DEL11/1";"UOP01/PE"
117632;256290;2018-03-11;"domingo";"23:05:00";"SP";101;49,7;"UBATUBA";"Sim";"Ingestao de alcool";1;"Colisao lateral";"Sem Vitimas";"Plena Noite";"Decrescente";"Ceu Claro";"Simples";"Reta";"Sim";210104;"Automóvel";"I/PEUGEOT 307 SD16 PR PK";2008;"Condutor";"Ileso";41;"Masculino";1;0;0;0;"-23.444124";"-45.08374";"SR-SP";"DEL6/7";"UOP01/SP"
117632;256291;2018-03-11;"domingo";"23:05:00";"SP";101;49,7;"UBATUBA";"Sim";"Ingestao de alcool";1;"Colisao lateral";"Sem Vitimas";"Plena Noite";"Decrescente";"Ceu Claro";"Simples";"Reta";"Sim";210105;"Automóvel";"GM/PRISMA MAXX";2009;"Condutor";"Ileso";25;"Masculino";1;0;0;0;"-23.444124";"-45.08374";"SR-SP";"DEL6/7";"UOP01/SP"
117632;257159;2018-03-11;"domingo";"23:05:00";"SP";101;49,7;"UBATUBA";"Sim";"Ingestao de alcool";1;"Colisao lateral";"Sem Vitimas";"Plena Noite";"Decrescente";"Ceu Claro";"Simples";"Reta";"Sim";210105;"Automóvel";"GM/PRISMA MAXX";2009;"Passageiro";"Ileso";48;"Feminino";1;0;0;0;"-23.444124";"-45.08374";"SR-SP";"DEL6/7";"UOP01/SP"
117632;257157;2018-03-11;"domingo";"23:05:00";"SP";101;49,7;"UBATUBA";"Sim";"Ingestao de alcool";1;"Colisao lateral";"Sem Vitimas";"Plena Noite";"Decrescente";"Ceu Claro";"Simples";"Reta";"Sim";210105;"Automóvel";"GM/PRISMA MAXX";2009;"Passageiro";"Ileso";26;"Feminino";1;0;0;0;"-23.444124";"-45.08374";"SR-SP";"DEL6/7";"UOP01/SP"
117634;257854;2018-03-11;"domingo";"22:40:00";"PE";101;67,5;"RECIFE";"Sim";"Ingestao de alcool";1;"Colisao com objeto estatico";"Sem Vitimas";"Plena Noite";"Crescente";"Ceu Claro";"Multipla";"Reta";"Sim";210082;"Automóvel";"HYUNDAI/HB20 1.0M COMFOR";2014;"Condutor";"Ileso";32;"Masculino";1;0;0;0;"-8.046426";"-34.945025";"SR-PE";"DEL11/1";"UOP01/PE"
117635;257469;2018-03-11;"domingo";"21:20:00";"PA";10;259;"AURORA DO PARA";"Sim";"Ingestao de alcool";1;"Tombamento";"Com Vitimas Feridas";"Plena Noite";"Crescente";"Ceu Claro";"Simples";"Reta";"Nao";210231;"Motocicleta";"";NA;"Condutor";"Lesoes Leves";45;"Masculino";0;1;0;0;"-2.052389";"-47.552586";"SR-PA";"DEL19/2";"UOP02/PA"
117639;256364;2018-03-11;"domingo";"23:20:00";"PR";376;489,6;"PONTA GROSSA";"Nao";"Ingestao de alcool";1;"Colisao traseira";"Sem Vitimas";"Plena Noite";"Crescente";"Ceu Claro";"Dupla";"Reta";"Sim";210170;"Caminhonete";"FIAT/STRADA WORKING CD";2013;"Condutor";"Ileso";56;"Masculino";1;0;0;0;"-25.10052306";"-50.19035339";"SR-PR";"DEL7/3";"UOP03/PR"
117639;256366;2018-03-11;"domingo";"23:20:00";"PR";376;489,6;"PONTA GROSSA";"Nao";"Ingestao de alcool";1;"Colisao traseira";"Sem Vitimas";"Plena Noite";"Crescente";"Ceu Claro";"Dupla";"Reta";"Sim";210176;"Automóvel";"FORD/FIESTA";2005;"Passageiro";"Ileso";30;"Masculino";1;0;0;0;"-25.10052306";"-50.19035339";"SR-PR";"DEL7/3";"UOP03/PR"
117639;257604;2018-03-11;"domingo";"23:20:00";"PR";376;489,6;"PONTA GROSSA";"Nao";"Ingestao de alcool";1;"Colisao traseira";"Sem Vitimas";"Plena Noite";"Crescente";"Ceu Claro";"Dupla";"Reta";"Sim";210176;"Automóvel";"FORD/FIESTA";2005;"Condutor";"Ileso";21;"Masculino";1;0;0;0;"-25.10052306";"-50.19035339";"SR-PR";"DEL7/3";"UOP03/PR"
117640;256295;2018-03-11;"domingo";"23:00:00";"RS";116;229;"DOIS IRMAOS";"Sim";"Ingestao de alcool";1;"Colisao com objeto estatico";"Com Vitimas Feridas";"Plena Noite";"Crescente";"Chuva";"Simples";"Curva";"Sim";210111;"Automóvel";"GM/VECTRA GLS";1996;"Condutor";"Lesoes Graves";31;"Masculino";0;0;1;0;"-29.62355743";"-51.13409484";"SR-RS";"DEL9/5";"UOP02/RS"
117645;256259;2018-03-11;"domingo";"21:50:00";"SC";480;130,5;"CHAPECO";"Sim";"Ingestao de alcool e/ou substâncias psicoativas pelo pedestre";1;"Colisao frontal";"Sem Vitimas";"Plena Noite";"Decrescente";"Ceu Claro";"Multipla";"Curva";"Nao";210076;"Automóvel";"FORD/FIESTA";2004;"Condutor";"Ileso";49;"Masculino";1;0;0;0;"-27.02487748";"-52.64099121";"SR-SC";"DEL8/8";"UOP01/SC"
117645;256260;2018-03-11;"domingo";"21:50:00";"SC";480;130,5;"CHAPECO";"Sim";"Ingestao de alcool e/ou substâncias psicoativas pelo pedestre";1;"Colisao frontal";"Sem Vitimas";"Plena Noite";"Decrescente";"Ceu Claro";"Multipla";"Curva";"Nao";210077;"Caminhonete";"FIAT/FIORINO FLEX";2013;"Condutor";"Ileso";43;"Masculino";1;0;0;0;"-27.02487748";"-52.64099121";"SR-SC";"DEL8/8";"UOP01/SC"
117645;256261;2018-03-11;"domingo";"21:50:00";"SC";480;130,5;"CHAPECO";"Sim";"Ingestao de alcool e/ou substâncias psicoativas pelo pedestre";1;"Colisao frontal";"Sem Vitimas";"Plena Noite";"Decrescente";"Ceu Claro";"Multipla";"Curva";"Nao";210077;"Caminhonete";"FIAT/FIORINO FLEX";2013;"Passageiro";"Ileso";40;"Masculino";1;0;0;0;"-27.02487748";"-52.64099121";"SR-SC";"DEL8/8";"UOP01/SC"
117651;256311;2018-03-11;"domingo";"22:45:00";"RS";386;405;"MONTENEGRO";"Sim";"Ingestao de alcool";1;"Colisao com objeto estatico";"Sem Vitimas";"Plena Noite";"Crescente";"Chuva";"Multipla";"Reta";"Nao";210125;"Automóvel";"CHEVROLET/COBALT 18A LTZ";2017;"Condutor";"Ileso";57;"Masculino";1;0;0;0;"-29.777224";"-51.560829";"SR-RS";"DEL9/4";"UOP02/RS"
117659;256350;2018-03-11;"domingo";"23:00:00";"PB";405;10,3;"UIRAUNA";"Nao";"Ingestao de alcool";1;"Atropelamento de Animal";"Com Vitimas Feridas";"Plena Noite";"Crescente";"Ceu Claro";"Simples";"Reta";"Nao";210155;"Motocicleta";"HONDA/CG 150 FAN ESI";2010;"Condutor";"Lesoes Graves";22;"Masculino";0;0;1;0;"-6.530987";"-38.414745";"SR-PB";"DEL14/3";"UOP03/PB"
117660;256702;2018-03-12;"segunda-feira";"01:00:00";"RJ";101;47,7;"CAMPOS DOS GOYTACAZES";"Nao";"Ingestao de alcool";1;"Colisao frontal";"Com Vitimas Fatais";"Plena Noite";"Crescente";"Nublado";"Simples";"Reta";"Sim";210157;"Ônibus";"TECNOBUS/BUSSCAR VBUSS R";2005;"Testemunha";"Nao Informado";NA;"Nao Informado";0;0;0;0;"-21.611831";"-41.316605";"SR-RJ";"DEL5/8";"UOP01/RJ"
117660;256333;2018-03-12;"segunda-feira";"01:00:00";"RJ";101;47,7;"CAMPOS DOS GOYTACAZES";"Nao";"Ingestao de alcool";1;"Colisao frontal";"Com Vitimas Fatais";"Plena Noite";"Crescente";"Nublado";"Simples";"Reta";"Sim";210156;"Automóvel";"VW/FOX 1.6 PRIME GII";2012;"Condutor";"Óbito";34;"Masculino";0;0;0;1;"-21.611831";"-41.316605";"SR-RJ";"DEL5/8";"UOP01/RJ"
117660;256334;2018-03-12;"segunda-feira";"01:00:00";"RJ";101;47,7;"CAMPOS DOS GOYTACAZES";"Nao";"Ingestao de alcool";1;"Colisao frontal";"Com Vitimas Fatais";"Plena Noite";"Crescente";"Nublado";"Simples";"Reta";"Sim";210156;"Automóvel";"VW/FOX 1.6 PRIME GII";2012;"Passageiro";"Óbito";30;"Feminino";0;0;0;1;"-21.611831";"-41.316605";"SR-RJ";"DEL5/8";"UOP01/RJ"
117660;256680;2018-03-12;"segunda-feira";"01:00:00";"RJ";101;47,7;"CAMPOS DOS GOYTACAZES";"Nao";"Ingestao de alcool";1;"Colisao frontal";"Com Vitimas Fatais";"Plena Noite";"Crescente";"Nublado";"Simples";"Reta";"Sim";210156;"Automóvel";"VW/FOX 1.6 PRIME GII";2012;"Passageiro";"Lesoes Graves";16;"Feminino";0;0;1;0;"-21.611831";"-41.316605";"SR-RJ";"DEL5/8";"UOP01/RJ"
117660;256694;2018-03-12;"segunda-feira";"01:00:00";"RJ";101;47,7;"CAMPOS DOS GOYTACAZES";"Nao";"Ingestao de alcool";1;"Colisao frontal";"Com Vitimas Fatais";"Plena Noite";"Crescente";"Nublado";"Simples";"Reta";"Sim";210157;"Ônibus";"TECNOBUS/BUSSCAR VBUSS R";2005;"Condutor";"Ileso";45;"Masculino";1;0;0;0;"-21.611831";"-41.316605";"SR-RJ";"DEL5/8";"UOP01/RJ"
117672;257995;2018-03-12;"segunda-feira";"01:20:00";"PB";104;135,3;"QUEIMADAS";"Sim";"Ingestao de alcool";1;"Saida de leito carrocavel";"Com Vitimas Feridas";"Plena Noite";"Decrescente";"Ignorado";"Simples";"Reta";"Nao";211519;"Automóvel";"GM/CORSA SEDAN PREMIUM";2008;"Condutor";"Lesoes Graves";37;"Masculino";0;0;1;0;"-7.33689138";"-35.89929583";"SR-PB";"DEL14/2";"UOP03/PB"
117803;256623;2018-02-04;"domingo";"19:00:00";"PB";230;503,9;"CAJAZEIRAS";"Sim";"Ingestao de alcool";1;"Tombamento";"Com Vitimas Feridas";"Plena Noite";"Decrescente";"Ceu Claro";"Simples";"Rotatória";"Sim";210363;"Motocicleta";"";NA;"Passageiro";"Lesoes Leves";49;"Feminino";0;1;0;0;"-6.89408211";"-38.54210735";"SR-PB";"DEL14/3";"UOP03/PB"
117803;256621;2018-02-04;"domingo";"19:00:00";"PB";230;503,9;"CAJAZEIRAS";"Sim";"Ingestao de alcool";1;"Tombamento";"Com Vitimas Feridas";"Plena Noite";"Decrescente";"Ceu Claro";"Simples";"Rotatória";"Sim";210363;"Motocicleta";"";NA;"Condutor";"Lesoes Leves";52;"Masculino";0;1;0;0;"-6.89408211";"-38.54210735";"SR-PB";"DEL14/3";"UOP03/PB"
117816;256788;2018-03-12;"segunda-feira";"16:50:00";"SP";381;42,7;"ATIBAIA";"Sim";"Ingestao de alcool";1;"Colisao lateral";"Com Vitimas Feridas";"Pleno dia";"Crescente";"Ceu Claro";"Dupla";"Reta";"Nao";210473;"Automóvel";"FIAT/PALIO ELX FLEX";2009;"Condutor";"Lesoes Leves";49;"Feminino";0;1;0;0;"-23.15568046";"-46.57403558";"SR-SP";"DEL6/3";"UOP02/SP"
117816;256791;2018-03-12;"segunda-feira";"16:50:00";"SP";381;42,7;"ATIBAIA";"Sim";"Ingestao de alcool";1;"Colisao lateral";"Com Vitimas Feridas";"Pleno dia";"Crescente";"Ceu Claro";"Dupla";"Reta";"Nao";210474;"Automóvel";"FIAT/TEMPRA OURO 16V";1995;"Condutor";"Ileso";42;"Masculino";1;0;0;0;"-23.15568046";"-46.57403558";"SR-SP";"DEL6/3";"UOP02/SP"
117854;256869;2018-03-12;"segunda-feira";"18:10:00";"MS";267;374;"MARACAJU";"Nao";"Ingestao de alcool";1;"Tombamento";"Sem Vitimas";"Plena Noite";"Decrescente";"Ignorado";"Simples";"Curva";"Nao";210544;"Caminhao-trator";"SCANIA/T112 H 4X2";1987;"Condutor";"Ileso";57;"Masculino";1;0;0;0;"-21.66293234";"-55.24603844";"SR-MS";"DEL3/5";"UOP01/MS"
117882;256809;2018-03-12;"segunda-feira";"22:55:00";"SC";101;22,2;"JOINVILLE";"Nao";"Ingestao de alcool";2;"Colisao com objeto estatico";"Sem Vitimas";"Plena Noite";"Crescente";"Chuva";"Dupla";"Curva";"Sim";210515;"Automóvel";"GM/ASTRA GL";2000;"Condutor";"Ileso";39;"Masculino";1;0;0;0;"-26.15152803";"-48.9088117";"SR-SC";"DEL8/3";"UOP01/SC"
117890;256844;2018-03-12;"segunda-feira";"23:30:00";"SP";116;446;"REGISTRO";"Sim";"Ingestao de alcool e/ou substâncias psicoativas pelo pedestre";1;"Atropelamento de Pedestre";"Com Vitimas Fatais";"Plena Noite";"Crescente";"Chuva";"Dupla";"Reta";"Sim";210561;"Caminhao";"FORD/CARGO 2422 E";2009;"Pedestre";"Óbito";NA;"Masculino";0;0;0;1;"-24.51936071";"-47.85202025";"SR-SP";"DEL6/5";"UOP01/SP"
117890;256845;2018-03-12;"segunda-feira";"23:30:00";"SP";116;446;"REGISTRO";"Sim";"Ingestao de alcool e/ou substâncias psicoativas pelo pedestre";1;"Atropelamento de Pedestre";"Com Vitimas Fatais";"Plena Noite";"Crescente";"Chuva";"Dupla";"Reta";"Sim";210561;"Caminhao";"FORD/CARGO 2422 E";2009;"Condutor";"Ileso";50;"Masculino";1;0;0;0;"-24.51936071";"-47.85202025";"SR-SP";"DEL6/5";"UOP01/SP"
117905;258435;2018-03-13;"terca-feira";"03:00:00";"PI";316;310;"PICOS";"Sim";"Ingestao de alcool";1;"Colisao com objeto estatico";"Sem Vitimas";"Plena Noite";"Decrescente";"Nublado";"Multipla";"Reta";"Sim";210572;"Automóvel";"VW/GOLF 1.6 SPORTLINE";2010;"Condutor";"Ileso";36;"Masculino";1;0;0;0;"-7.079431";"-41.460765";"SR-PI";"DEL17/4";"UOP01/PI"
117950;256929;2018-02-24;"sabado";"01:20:00";"SP";381;30;"ATIBAIA";"Sim";"Ingestao de alcool";1;"Colisao lateral";"Sem Vitimas";"Plena Noite";"Decrescente";"Ceu Claro";"Dupla";"Reta";"Sim";210655;"Caminhao";"VW/13.180";2001;"Testemunha";"Nao Informado";NA;"Nao Informado";0;0;0;0;"-23.048935";"-46.564892";"SR-SP";"DEL6/3";"UOP01/SP"
117950;256931;2018-02-24;"sabado";"01:20:00";"SP";381;30;"ATIBAIA";"Sim";"Ingestao de alcool";1;"Colisao lateral";"Sem Vitimas";"Plena Noite";"Decrescente";"Ceu Claro";"Dupla";"Reta";"Sim";210655;"Caminhao";"VW/13.180";2001;"Condutor";"Ileso";60;"Masculino";1;0;0;0;"-23.048935";"-46.564892";"SR-SP";"DEL6/3";"UOP01/SP"
117950;256930;2018-02-24;"sabado";"01:20:00";"SP";381;30;"ATIBAIA";"Sim";"Ingestao de alcool";1;"Colisao lateral";"Sem Vitimas";"Plena Noite";"Decrescente";"Ceu Claro";"Dupla";"Reta";"Sim";210654;"Automóvel";"I/VW JETTA 2.0";2014;"Condutor";"Ileso";32;"Masculino";1;0;0;0;"-23.048935";"-46.564892";"SR-SP";"DEL6/3";"UOP01/SP"
118004;264078;2018-03-13;"terca-feira";"13:50:00";"SC";282;485,2;"FAXINAL DOS GUEDES";"Sim";"Ingestao de alcool";1;"Colisao lateral";"Sem Vitimas";"Pleno dia";"Crescente";"Sol";"Simples";"Reta";"Nao";210905;"Automóvel";"VW/GOL 1.0 GIV";2008;"Condutor";"Ileso";23;"Masculino";1;0;0;0;"-26.86167268";"-52.23486185";"SR-SC";"DEL8/8";"UOP01/SC"
118004;264079;2018-03-13;"terca-feira";"13:50:00";"SC";282;485,2;"FAXINAL DOS GUEDES";"Sim";"Ingestao de alcool";1;"Colisao lateral";"Sem Vitimas";"Pleno dia";"Crescente";"Sol";"Simples";"Reta";"Nao";215307;"Automóvel";"GM/CHEVETTE SL 1.6";1990;"Condutor";"Nao Informado";NA;"Nao Informado";0;0;0;0;"-26.86167268";"-52.23486185";"SR-SC";"DEL8/8";"UOP01/SC"
118010;257149;2018-03-13;"terca-feira";"14:40:00";"MG";40;749,6;"SANTOS DUMONT";"Nao";"Ingestao de alcool";1;"Saida de leito carrocavel";"Sem Vitimas";"Pleno dia";"Crescente";"Chuva";"Simples";"Curva";"Nao";210806;"Automóvel";"GM/KADETT SL";1991;"Condutor";"Ileso";42;"Masculino";1;0;0;0;"-21.49217755";"-43.53614977";"SR-MG";"DEL4/5";"UOP01/MG"
118010;257151;2018-03-13;"terca-feira";"14:40:00";"MG";40;749,6;"SANTOS DUMONT";"Nao";"Ingestao de alcool";1;"Saida de leito carrocavel";"Sem Vitimas";"Pleno dia";"Crescente";"Chuva";"Simples";"Curva";"Nao";210806;"Automóvel";"GM/KADETT SL";1991;"Testemunha";"Nao Informado";NA;"Nao Informado";0;0;0;0;"-21.49217755";"-43.53614977";"SR-MG";"DEL4/5";"UOP01/MG"
118065;257968;2018-03-13;"terca-feira";"20:00:00";"AL";101;46,3;"FLEXEIRAS";"Sim";"Ingestao de alcool";1;"Colisao traseira";"Com Vitimas Feridas";"Plena Noite";"Crescente";"Ceu Claro";"Dupla";"Reta";"Nao";211449;"Caminhonete";"GM/S10 DE LUXE 2.8 D 4X4";2001;"Condutor";"Ileso";44;"Masculino";1;0;0;0;"-9.21025322";"-35.7800355";"SR-AL";"DEL13/1";"UOP01/AL"
118065;257975;2018-03-13;"terca-feira";"20:00:00";"AL";101;46,3;"FLEXEIRAS";"Sim";"Ingestao de alcool";1;"Colisao traseira";"Com Vitimas Feridas";"Plena Noite";"Crescente";"Ceu Claro";"Dupla";"Reta";"Nao";211449;"Caminhonete";"GM/S10 DE LUXE 2.8 D 4X4";2001;"Testemunha";"Nao Informado";NA;"Nao Informado";0;0;0;0;"-9.21025322";"-35.7800355";"SR-AL";"DEL13/1";"UOP01/AL"
118065;257977;2018-03-13;"terca-feira";"20:00:00";"AL";101;46,3;"FLEXEIRAS";"Sim";"Ingestao de alcool";1;"Colisao traseira";"Com Vitimas Feridas";"Plena Noite";"Crescente";"Ceu Claro";"Dupla";"Reta";"Nao";211449;"Caminhonete";"GM/S10 DE LUXE 2.8 D 4X4";2001;"Passageiro";"Lesoes Leves";21;"Feminino";0;1;0;0;"-9.21025322";"-35.7800355";"SR-AL";"DEL13/1";"UOP01/AL"