"id";"pesid";"data_inversa";"dia_semana";"horario";"uf";"br";"km";"municipio";"causa_principal";"causa_acidente";"ordem_tipo_acidente";"tipo_acidente";"classificacao_acidente";"fase_dia";"sentido_via";"condicao_metereologica";"tipo_pista";"tracado_via";"uso_solo";"id_veiculo";"tipo_veiculo";"marca";"ano_fabricacao_veiculo";"tipo_envolvido";"estado_fisico";"idade";"sexo";"ilesos";"feridos_leves";"feridos_graves";"mortos";"latitude";"longitude";"regional";"delegacia";"uop"
118065;257982;2018-03-13;"terca-feira";"20:00:00";"AL";101;46,3;"FLEXEIRAS";"Sim";"Ingestao de alcool";1;"Colisao traseira";"Com Vitimas Feridas";"Plena Noite";"Crescente";"Ceu Claro";"Dupla";"Reta";"Nao";210915;"Automóvel";"GM/CELTA 4P LIFE";2006;"Passageiro";"Lesoes Leves";NA;"Masculino";0;1;0;0;"-9.21025322";"-35.7800355";"SR-AL";"DEL13/1";"UOP01/AL"
118065;257966;2018-03-13;"terca-feira";"20:00:00";"AL";101;46,3;"FLEXEIRAS";"Sim";"Ingestao de alcool";1;"Colisao traseira";"Com Vitimas Feridas";"Plena Noite";"Crescente";"Ceu Claro";"Dupla";"Reta";"Nao";210915;"Automóvel";"GM/CELTA 4P LIFE";2006;"Condutor";"Lesoes Leves";37;"Masculino";0;1;0;0;"-9.21025322";"-35.7800355";"SR-AL";"DEL13/1";"UOP01/AL"
118286;259377;2018-03-14;"quarta-feira";"20:35:00";"RS";386;320;"MARQUES DE SOUZA";"Sim";"Ingestao de alcool";1;"Colisao traseira";"Sem Vitimas";"Plena Noite";"Crescente";"Ceu Claro";"Simples";"Reta";"Nao";211377;"Caminhao";"VW/24.250 CLC 6X2";2007;"Condutor";"Ileso";45;"Masculino";1;0;0;0;"-29.283596";"-52.126743";"SR-RS";"DEL9/4";"UOP01/RS"
118286;259376;2018-03-14;"quarta-feira";"20:35:00";"RS";386;320;"MARQUES DE SOUZA";"Sim";"Ingestao de alcool";1;"Colisao traseira";"Sem Vitimas";"Plena Noite";"Crescente";"Ceu Claro";"Simples";"Reta";"Nao";211376;"Automóvel";"I/CHEVROLET AGILE LTZ";2012;"Condutor";"Ileso";36;"Masculino";1;0;0;0;"-29.283596";"-52.126743";"SR-RS";"DEL9/4";"UOP01/RS"
118300;259629;2018-03-14;"quarta-feira";"21:50:00";"MG";116;642;"FERVEDOURO";"Sim";"Ingestao de alcool";1;"Colisao transversal";"Com Vitimas Feridas";"Plena Noite";"Decrescente";"Ceu Claro";"Simples";"Curva";"Nao";211304;"Motocicleta";"HONDA/CG 150 TITAN KS";2006;"Testemunha";"Nao Informado";NA;"Nao Informado";0;0;0;0;"-20.65187036";"-42.24680448";"SR-MG";"DEL4/7";"UOP03/MG"
118300;259613;2018-03-14;"quarta-feira";"21:50:00";"MG";116;642;"FERVEDOURO";"Sim";"Ingestao de alcool";1;"Colisao transversal";"Com Vitimas Feridas";"Plena Noite";"Decrescente";"Ceu Claro";"Simples";"Curva";"Nao";211305;"Caminhao";"";NA;"Condutor";"Nao Informado";NA;"Nao Informado";0;0;0;0;"-20.65187036";"-42.24680448";"SR-MG";"DEL4/7";"UOP03/MG"
118300;259610;2018-03-14;"quarta-feira";"21:50:00";"MG";116;642;"FERVEDOURO";"Sim";"Ingestao de alcool";1;"Colisao transversal";"Com Vitimas Feridas";"Plena Noite";"Decrescente";"Ceu Claro";"Simples";"Curva";"Nao";211304;"Motocicleta";"HONDA/CG 150 TITAN KS";2006;"Condutor";"Lesoes Graves";35;"Masculino";0;0;1;0;"-20.65187036";"-42.24680448";"SR-MG";"DEL4/7";"UOP03/MG"
118302;257773;2018-03-14;"quarta-feira";"23:30:00";"SC";470;63,2;"BLUMENAU";"Sim";"Ingestao de alcool";1;"Atropelamento de Pedestre";"Com Vitimas Feridas";"Plena Noite";"Decrescente";"Nublado";"Simples";"Reta";"Sim";211313;"Automóvel";"FIAT/STILO 16V";2003;"Condutor";"Ileso";43;"Masculino";1;0;0;0;"-26.8775119";"-49.17748153";"SR-SC";"DEL8/4";"UOP01/SC"
118302;257776;2018-03-14;"quarta-feira";"23:30:00";"SC";470;63,2;"BLUMENAU";"Sim";"Ingestao de alcool";1;"Atropelamento de Pedestre";"Com Vitimas Feridas";"Plena Noite";"Decrescente";"Nublado";"Simples";"Reta";"Sim";211313;"Automóvel";"FIAT/STILO 16V";2003;"Pedestre";"Lesoes Graves";NA;"Feminino";0;0;1;0;"-26.8775119";"-49.17748153";"SR-SC";"DEL8/4";"UOP01/SC"
118302;257775;2018-03-14;"quarta-feira";"23:30:00";"SC";470;63,2;"BLUMENAU";"Sim";"Ingestao de alcool";1;"Atropelamento de Pedestre";"Com Vitimas Feridas";"Plena Noite";"Decrescente";"Nublado";"Simples";"Reta";"Sim";211313;"Automóvel";"FIAT/STILO 16V";2003;"Pedestre";"Lesoes Leves";53;"Masculino";0;1;0;0;"-26.8775119";"-49.17748153";"SR-SC";"DEL8/4";"UOP01/SC"
118310;259982;2018-03-14;"quarta-feira";"21:30:00";"RS";153;389;"CACHOEIRA DO SUL";"Sim";"Ingestao de alcool e/ou substâncias psicoativas pelo pedestre";1;"Atropelamento de Pedestre";"Com Vitimas Fatais";"Plena Noite";"Decrescente";"Ceu Claro";"Simples";"Reta";"Nao";213219;"Caminhao-trator";"SCANIA/T113 H 4X2 320";1992;"Condutor";"Ileso";25;"Masculino";1;0;0;0;"-30.12673805";"-52.86859131";"SR-RS";"DEL9/2";"UOP03/RS"
118310;259971;2018-03-14;"quarta-feira";"21:30:00";"RS";153;389;"CACHOEIRA DO SUL";"Sim";"Ingestao de alcool e/ou substâncias psicoativas pelo pedestre";1;"Atropelamento de Pedestre";"Com Vitimas Fatais";"Plena Noite";"Decrescente";"Ceu Claro";"Simples";"Reta";"Nao";213219;"Caminhao-trator";"SCANIA/T113 H 4X2 320";1992;"Pedestre";"Óbito";48;"Masculino";0;0;0;1;"-30.12673805";"-52.86859131";"SR-RS";"DEL9/2";"UOP03/RS"
118311;257785;2018-03-15;"quinta-feira";"01:10:00";"AL";316;240,1;"ATALAIA";"Sim";"Ingestao de alcool";1;"Colisao traseira";"Com Vitimas Feridas";"Plena Noite";"Crescente";"Ceu Claro";"Simples";"Reta";"Sim";211317;"Automóvel";"VW/VOYAGE 1.0";2010;"Condutor";"Ileso";26;"Masculino";1;0;0;0;"-9.50509036";"-36.02505505";"SR-AL";"DEL13/1";"UOP01/AL"
118311;257787;2018-03-15;"quinta-feira";"01:10:00";"AL";316;240,1;"ATALAIA";"Sim";"Ingestao de alcool";1;"Colisao traseira";"Com Vitimas Feridas";"Plena Noite";"Crescente";"Ceu Claro";"Simples";"Reta";"Sim";211318;"Motocicleta";"HAOBAO/HB 150";2010;"Condutor";"Lesoes Leves";NA;"Masculino";0;1;0;0;"-9.50509036";"-36.02505505";"SR-AL";"DEL13/1";"UOP01/AL"
118311;257786;2018-03-15;"quinta-feira";"01:10:00";"AL";316;240,1;"ATALAIA";"Sim";"Ingestao de alcool";1;"Colisao traseira";"Com Vitimas Feridas";"Plena Noite";"Crescente";"Ceu Claro";"Simples";"Reta";"Sim";211318;"Motocicleta";"HAOBAO/HB 150";2010;"Passageiro";"Lesoes Leves";NA;"Feminino";0;1;0;0;"-9.50509036";"-36.02505505";"SR-AL";"DEL13/1";"UOP01/AL"
118325;259484;2018-03-15;"quinta-feira";"03:30:00";"SC";101;90,6;"BARRA VELHA";"Nao";"Ingestao de alcool";1;"Saida de leito carrocavel";"Sem Vitimas";"Plena Noite";"Decrescente";"Nublado";"Simples";"Reta";"Sim";211338;"Automóvel";"RENAULT/CLIO AUT 1.0 H";2003;"Condutor";"Ileso";61;"Masculino";1;0;0;0;"-26.67417123";"-48.69053093";"SR-SC";"DEL8/3";"UOP02/SC"
118329;258971;2018-03-15;"quinta-feira";"03:00:00";"MA";10;291,2;"IMPERATRIZ";"Nao";"Ingestao de alcool e/ou substâncias psicoativas pelo pedestre";1;"Colisao lateral";"Sem Vitimas";"Plena Noite";"Crescente";"Chuva";"Simples";"Reta";"Nao";211419;"Caminhao";"VW/24.250 CNC 6X2";2010;"Condutor";"Ileso";34;"Masculino";1;0;0;0;"-5.189614";"-47.522278";"SR-MA";"DEL18/4";"UOP01/MA"
118329;258977;2018-03-15;"quinta-feira";"03:00:00";"MA";10;291,2;"IMPERATRIZ";"Nao";"Ingestao de alcool e/ou substâncias psicoativas pelo pedestre";1;"Colisao lateral";"Sem Vitimas";"Plena Noite";"Crescente";"Chuva";"Simples";"Reta";"Nao";211420;"Automóvel";"HYUNDAI/HB20 1.0M COMFOR";2013;"Condutor";"Ileso";28;"Masculino";1;0;0;0;"-5.189614";"-47.522278";"SR-MA";"DEL18/4";"UOP01/MA"
118329;258986;2018-03-15;"quinta-feira";"03:00:00";"MA";10;291,2;"IMPERATRIZ";"Nao";"Ingestao de alcool e/ou substâncias psicoativas pelo pedestre";1;"Colisao lateral";"Sem Vitimas";"Plena Noite";"Crescente";"Chuva";"Simples";"Reta";"Nao";211421;"Caminhao-trator";"M.BENZ/AXOR 2644S6X4";2014;"Condutor";"Ileso";39;"Masculino";1;0;0;0;"-5.189614";"-47.522278";"SR-MA";"DEL18/4";"UOP01/MA"
118330;259240;2018-03-15;"quinta-feira";"05:20:00";"RJ";101;46,9;"CAMPOS DOS GOYTACAZES";"Sim";"Ingestao de alcool";1;"Colisao com objeto estatico";"Sem Vitimas";"Amanhecer";"Decrescente";"Ceu Claro";"Simples";"Intersecao de vias";"Nao";211405;"Automóvel";"FORD/FIESTA SEDAN1.6FLEX";2012;"Condutor";"Ileso";28;"Masculino";1;0;0;0;"-21.607435";"-41.316555";"SR-RJ";"DEL5/8";"UOP01/RJ"
118532;260372;2018-03-16;"sexta-feira";"00:30:00";"PR";376;248,1;"APUCARANA";"Sim";"Ingestao de alcool";1;"Colisao com objeto estatico";"Sem Vitimas";"Plena Noite";"Crescente";"Ceu Claro";"Dupla";"Reta";"Nao";211715;"Automóvel";"FORD/ESCORT 1.8 GL";1991;"Condutor";"Ileso";25;"Masculino";1;0;0;0;"-23.60174504";"-51.40616655";"SR-PR";"DEL7/7";"UOP03/PR"
118537;258169;2018-03-15;"quinta-feira";"23:05:00";"RO";364;338;"JI-PARANA";"Sim";"Ingestao de alcool";1;"Colisao com objeto estatico";"Com Vitimas Feridas";"Plena Noite";"Decrescente";"Ceu Claro";"Dupla";"Reta";"Nao";211721;"Motocicleta";"HONDA/CG 150 TITAN ESD";2007;"Condutor";"Lesoes Leves";34;"Masculino";0;1;0;0;"-10.916935";"-61.929855";"SR-RO";"DEL21/2";"UOP01/RO"
118540;258165;2018-03-16;"sexta-feira";"00:01:00";"MG";50;143;"UBERABA";"Sim";"Ingestao de alcool";1;"Saida de leito carrocavel";"Sem Vitimas";"Plena Noite";"Crescente";"Ceu Claro";"Dupla";"Reta";"Sim";211712;"Caminhonete";"FIAT/STRADA WORKING";2015;"Condutor";"Ileso";60;"Masculino";1;0;0;0;"-19.5116";"-48.0425";"SR-MG";"DEL4/15";"UOP01/MG"
118552;262308;2018-03-16;"sexta-feira";"04:05:00";"SC";101;218;"PALHOCA";"Sim";"Ingestao de alcool";1;"Tombamento";"Com Vitimas Feridas";"Plena Noite";"Crescente";"Nublado";"Dupla";"Reta";"Sim";215093;"Motocicleta";"JTA/SUZUKI EN125 YES SE";2010;"Condutor";"Lesoes Leves";47;"Masculino";0;1;0;0;"-27.6854";"-48.6664";"SR-SC";"DEL8/1";"UOP02/SC"
118567;260066;2018-03-16;"sexta-feira";"06:15:00";"SC";101;215,5;"PALHOCA";"Sim";"Ingestao de alcool";1;"Colisao lateral";"Sem Vitimas";"Pleno dia";"Crescente";"Ceu Claro";"Dupla";"Curva";"Sim";211836;"Automóvel";"FIAT/IDEA ELX FLEX";2008;"Condutor";"Ileso";38;"Feminino";1;0;0;0;"-27.6601";"-48.6774";"SR-SC";"DEL8/1";"UOP02/SC"
118567;260064;2018-03-16;"sexta-feira";"06:15:00";"SC";101;215,5;"PALHOCA";"Sim";"Ingestao de alcool";1;"Colisao lateral";"Sem Vitimas";"Pleno dia";"Crescente";"Ceu Claro";"Dupla";"Curva";"Sim";211834;"Caminhao";"VW/13.190 CRM 4X2";2013;"Condutor";"Ileso";38;"Masculino";1;0;0;0;"-27.6601";"-48.6774";"SR-SC";"DEL8/1";"UOP02/SC"
118567;260065;2018-03-16;"sexta-feira";"06:15:00";"SC";101;215,5;"PALHOCA";"Sim";"Ingestao de alcool";1;"Colisao lateral";"Sem Vitimas";"Pleno dia";"Crescente";"Ceu Claro";"Dupla";"Curva";"Sim";211835;"Automóvel";"RENAULT/MEGANEGT DYN 16";2010;"Condutor";"Ileso";48;"Masculino";1;0;0;0;"-27.6601";"-48.6774";"SR-SC";"DEL8/1";"UOP02/SC"
118604;258463;2018-03-16;"sexta-feira";"09:00:00";"PE";101;70;"RECIFE";"Sim";"Ingestao de alcool";1;"Atropelamento de Pedestre";"Com Vitimas Feridas";"Pleno dia";"Crescente";"Nublado";"Dupla";"Reta";"Sim";211903;"Caminhonete";"FIAT/STRADA WORKING";2013;"Pedestre";"Lesoes Leves";43;"Masculino";0;1;0;0;"-8.07544512";"-34.94270593";"SR-PE";"DEL11/1";"UOP01/PE"
118604;258458;2018-03-16;"sexta-feira";"09:00:00";"PE";101;70;"RECIFE";"Sim";"Ingestao de alcool";1;"Atropelamento de Pedestre";"Com Vitimas Feridas";"Pleno dia";"Crescente";"Nublado";"Dupla";"Reta";"Sim";211903;"Caminhonete";"FIAT/STRADA WORKING";2013;"Condutor";"Ileso";46;"Masculino";1;0;0;0;"-8.07544512";"-34.94270593";"SR-PE";"DEL11/1";"UOP01/PE"
118610;258323;2018-03-11;"domingo";"17:05:00";"MS";163;629;"SAO GABRIEL DO OESTE";"Sim";"Ingestao de alcool";2;"Capotamento";"Com Vitimas Feridas";"Anoitecer";"Crescente";"Nublado";"Dupla";"Reta";"Nao";211844;"Automóvel";"I/GM CLASSIC LIFE";2007;"Condutor";"Lesoes Leves";23;"Masculino";0;1;0;0;"-19.28637019";"-54.64228123";"SR-MS";"DEL3/6";"UOP02/MS"
118614;258647;2018-03-16;"sexta-feira";"09:45:00";"PR";369;43,7;"ANDIRA";"Sim";"Ingestao de alcool";1;"Colisao transversal";"Sem Vitimas";"Pleno dia";"Crescente";"Ceu Claro";"Simples";"Reta";"Nao";212031;"Automóvel";"VW/PARATI PATRULH. 1.6";2005;"Condutor";"Ileso";27;"Masculino";1;0;0;0;"-23.08487399";"-50.27704147";"SR-PR";"DEL7/7";"UOP06/PR"
118614;258646;2018-03-16;"sexta-feira";"09:45:00";"PR";369;43,7;"ANDIRA";"Sim";"Ingestao de alcool";1;"Colisao transversal";"Sem Vitimas";"Pleno dia";"Crescente";"Ceu Claro";"Simples";"Reta";"Nao";212030;"Caminhonete";"GM/S10 2.8 D";2000;"Condutor";"Ileso";23;"Masculino";1;0;0;0;"-23.08487399";"-50.27704147";"SR-PR";"DEL7/7";"UOP06/PR"
118622;260628;2018-03-16;"sexta-feira";"10:20:00";"RJ";101;59;"CAMPOS DOS GOYTACAZES";"Sim";"Ingestao de alcool";1;"Colisao transversal";"Com Vitimas Feridas";"Pleno dia";"Crescente";"Ceu Claro";"Simples";"Reta";"Nao";213677;"Automóvel";"I/FORD FUSION";2007;"Condutor";"Ileso";54;"Masculino";1;0;0;0;"-21.71364";"-41.308613";"SR-RJ";"DEL5/8";"UOP01/RJ"
118622;260632;2018-03-16;"sexta-feira";"10:20:00";"RJ";101;59;"CAMPOS DOS GOYTACAZES";"Sim";"Ingestao de alcool";1;"Colisao transversal";"Com Vitimas Feridas";"Pleno dia";"Crescente";"Ceu Claro";"Simples";"Reta";"Nao";213678;"Caminhonete";"FIAT/STRADA WORKING";2015;"Condutor";"Lesoes Leves";60;"Masculino";0;1;0;0;"-21.71364";"-41.308613";"SR-RJ";"DEL5/8";"UOP01/RJ"
118710;258706;2018-03-16;"sexta-feira";"16:25:00";"PB";101;85,7;"BAYEUX";"Nao";"Ingestao de alcool";1;"Colisao traseira";"Sem Vitimas";"Pleno dia";"Crescente";"Ceu Claro";"Dupla";"Reta";"Nao";212186;"Automóvel";"CHEVROLET/CELTA 1.0L LT";2011;"Condutor";"Ileso";26;"Masculino";1;0;0;0;"-7.1507";"-34.9106";"SR-PB";"DEL14/1";"UOP01/PB"
118710;258704;2018-03-16;"sexta-feira";"16:25:00";"PB";101;85,7;"BAYEUX";"Nao";"Ingestao de alcool";1;"Colisao traseira";"Sem Vitimas";"Pleno dia";"Crescente";"Ceu Claro";"Dupla";"Reta";"Nao";212185;"Automóvel";"CITROEN/C3 GLX 14 FLEX";2011;"Condutor";"Ileso";46;"Masculino";1;0;0;0;"-7.1507";"-34.9106";"SR-PB";"DEL14/1";"UOP01/PB"
118742;258599;2018-03-11;"domingo";"19:00:00";"MT";163;732;"SORRISO";"Sim";"Ingestao de alcool";1;"Colisao traseira";"Sem Vitimas";"Anoitecer";"Crescente";"Garoa/Chuvisco";"Simples";"Reta";"Nao";212075;"Caminhonete";"VW/SAVEIRO 1.6 CE CROSS";2010;"Condutor";"Ileso";39;"Masculino";1;0;0;0;"-12.71804684";"-55.82565308";"SR-MT";"DEL2/6";"UOP01/MT"
118742;258604;2018-03-11;"domingo";"19:00:00";"MT";163;732;"SORRISO";"Sim";"Ingestao de alcool";1;"Colisao traseira";"Sem Vitimas";"Anoitecer";"Crescente";"Garoa/Chuvisco";"Simples";"Reta";"Nao";212076;"Automóvel";"TOYOTA/ETIOS SD XS";2013;"Condutor";"Ileso";54;"Masculino";1;0;0;0;"-12.71804684";"-55.82565308";"SR-MT";"DEL2/6";"UOP01/MT"
118752;258595;2018-03-16;"sexta-feira";"18:00:00";"RS";153;50;"ERECHIM";"Sim";"Ingestao de alcool";1;"Saida de leito carrocavel";"Com Vitimas Feridas";"Pleno dia";"Decrescente";"Ceu Claro";"Simples";"Desvio Temporario";"Sim";212087;"Motocicleta";"JTA/SUZUKI GSR125";2015;"Condutor";"Lesoes Leves";40;"Feminino";0;1;0;0;"-27.66041999";"-52.27500916";"SR-RS";"DEL9/8";"UOP02/RS"
118771;260339;2018-03-16;"sexta-feira";"18:20:00";"MT";364;202,9;"RONDONOPOLIS";"Sim";"Ingestao de alcool";1;"Colisao transversal";"Com Vitimas Feridas";"Plena Noite";"Crescente";"Ceu Claro";"Simples";"Nao Informado";"Sim";212187;"Caminhao";"VOLVO/NL10 280";1992;"Passageiro";"Ileso";26;"Masculino";1;0;0;0;"-16.483458";"-54.649712";"SR-MT";"DEL2/2";"UOP01/MT"
118771;260338;2018-03-16;"sexta-feira";"18:20:00";"MT";364;202,9;"RONDONOPOLIS";"Sim";"Ingestao de alcool";1;"Colisao transversal";"Com Vitimas Feridas";"Plena Noite";"Crescente";"Ceu Claro";"Simples";"Nao Informado";"Sim";212187;"Caminhao";"VOLVO/NL10 280";1992;"Condutor";"Ileso";26;"Masculino";1;0;0;0;"-16.483458";"-54.649712";"SR-MT";"DEL2/2";"UOP01/MT"
118771;260341;2018-03-16;"sexta-feira";"18:20:00";"MT";364;202,9;"RONDONOPOLIS";"Sim";"Ingestao de alcool";1;"Colisao transversal";"Com Vitimas Feridas";"Plena Noite";"Crescente";"Ceu Claro";"Simples";"Nao Informado";"Sim";212188;"Automóvel";"CHEVROLET/CELTA 1.0L LT";2014;"Condutor";"Lesoes Leves";63;"Masculino";0;1;0;0;"-16.483458";"-54.649712";"SR-MT";"DEL2/2";"UOP01/MT"
118774;258724;2018-03-16;"sexta-feira";"18:30:00";"MT";163;839;"SINOP";"Sim";"Ingestao de alcool";1;"Colisao traseira";"Sem Vitimas";"Anoitecer";"Decrescente";"Ceu Claro";"Dupla";"Reta";"Sim";212103;"Automóvel";"RENAULT/SANDERO STEPWAY";2012;"Condutor";"Ileso";36;"Masculino";1;0;0;0;"-11.83509448";"-55.48919678";"SR-MT";"DEL2/6";"UOP02/MT"
118774;258755;2018-03-16;"sexta-feira";"18:30:00";"MT";163;839;"SINOP";"Sim";"Ingestao de alcool";1;"Colisao traseira";"Sem Vitimas";"Anoitecer";"Decrescente";"Ceu Claro";"Dupla";"Reta";"Sim";212103;"Automóvel";"RENAULT/SANDERO STEPWAY";2012;"Passageiro";"Ileso";33;"Feminino";1;0;0;0;"-11.83509448";"-55.48919678";"SR-MT";"DEL2/6";"UOP02/MT"
118774;258758;2018-03-16;"sexta-feira";"18:30:00";"MT";163;839;"SINOP";"Sim";"Ingestao de alcool";1;"Colisao traseira";"Sem Vitimas";"Anoitecer";"Decrescente";"Ceu Claro";"Dupla";"Reta";"Sim";212217;"Caminhonete";"";NA;"Condutor";"Nao Informado";NA;"Nao Informado";0;0;0;0;"-11.83509448";"-55.48919678";"SR-MT";"DEL2/6";"UOP02/MT"
118786;258642;2018-03-16;"sexta-feira";"21:25:00";"AL";316;254;"PILAR";"Sim";"Ingestao de alcool";1;"Queda de ocupante de veiculo";"Com Vitimas Feridas";"Plena Noite";"Decrescente";"Ceu Claro";"Simples";"Reta";"Sim";212120;"Ciclomotor";"I/BASHAN DITALLY JOY 50";NA;"Condutor";"Lesoes Leves";32;"Masculino";0;1;0;0;"-9.57134";"-35.966396";"SR-AL";"DEL13/2";"UOP01/AL"
118796;258669;2018-03-16;"sexta-feira";"18:35:00";"BA";324;515;"FEIRA DE SANTANA";"Sim";"Ingestao de alcool";1;"Colisao frontal";"Sem Vitimas";"Plena Noite";"Crescente";"Ceu Claro";"Simples";"Nao Informado";"Sim";212134;"Automóvel";"VW/PARATI 16V";1998;"Condutor";"Ileso";44;"Masculino";1;0;0;0;"-12.24097879";"-38.93838432";"SR-BA";"DEL10/2";"UOP01/BA"
118796;258674;2018-03-16;"sexta-feira";"18:35:00";"BA";324;515;"FEIRA DE SANTANA";"Sim";"Ingestao de alcool";1;"Colisao frontal";"Sem Vitimas";"Plena Noite";"Crescente";"Ceu Claro";"Simples";"Nao Informado";"Sim";212135;"Motocicleta";"HONDA/CG 150 FAN ESI";2012;"Condutor";"Ileso";50;"Masculino";1;0;0;0;"-12.24097879";"-38.93838432";"SR-BA";"DEL10/2";"UOP01/BA"
118823;258772;2018-03-17;"sabado";"00:40:00";"SC";101;35,1;"JOINVILLE";"Nao";"Ingestao de alcool";1;"Colisao traseira";"Com Vitimas Feridas";"Plena Noite";"Decrescente";"Chuva";"Dupla";"Curva";"Sim";212247;"Caminhao-trator";"SCANIA/R 440 A6X2";2014;"Condutor";"Ileso";30;"Masculino";1;0;0;0;"-26.2671046";"-48.89704401";"SR-SC";"DEL8/3";"UOP01/SC"
118823;258782;2018-03-17;"sabado";"00:40:00";"SC";101;35,1;"JOINVILLE";"Nao";"Ingestao de alcool";1;"Colisao traseira";"Com Vitimas Feridas";"Plena Noite";"Decrescente";"Chuva";"Dupla";"Curva";"Sim";212260;"Automóvel";"HONDA/CIVIC TOURING CVT";2016;"Condutor";"Lesoes Leves";39;"Masculino";0;1;0;0;"-26.2671046";"-48.89704401";"SR-SC";"DEL8/3";"UOP01/SC"
118824;261143;2018-03-16;"sexta-feira";"23:00:00";"BA";407;216,7;"CAPIM GROSSO";"Sim";"Ingestao de alcool";1;"Queda de ocupante de veiculo";"Com Vitimas Feridas";"Plena Noite";"Decrescente";"Nublado";"Simples";"Reta";"Nao";212360;"Motocicleta";"HONDA/CG 125 TITAN";1994;"Condutor";"Lesoes Graves";26;"Masculino";0;0;1;0;"-11.36156796";"-40.01358032";"SR-BA";"DEL10/4";"UOP02/BA"
118827;260597;2018-03-17;"sabado";"00:20:00";"MG";381;483;"BETIM";"Nao";"Ingestao de alcool";1;"Colisao com objeto estatico";"Com Vitimas Feridas";"Plena Noite";"Crescente";"Nublado";"Dupla";"Curva";"Sim";212249;"Automóvel";"VW/GOL CITY MB";2014;"Condutor";"Lesoes Leves";27;"Masculino";0;1;0;0;"-19.95777907";"-44.07974482";"SR-MG";"DEL4/1";"UOP03/MG"
118827;260608;2018-03-17;"sabado";"00:20:00";"MG";381;483;"BETIM";"Nao";"Ingestao de alcool";1;"Colisao com objeto estatico";"Com Vitimas Feridas";"Plena Noite";"Crescente";"Nublado";"Dupla";"Curva";"Sim";212249;"Automóvel";"VW/GOL CITY MB";2014;"Passageiro";"Lesoes Leves";24;"Masculino";0;1;0;0;"-19.95777907";"-44.07974482";"SR-MG";"DEL4/1";"UOP03/MG"
118827;260605;2018-03-17;"sabado";"00:20:00";"MG";381;483;"BETIM";"Nao";"Ingestao de alcool";1;"Colisao com objeto estatico";"Com Vitimas Feridas";"Plena Noite";"Crescente";"Nublado";"Dupla";"Curva";"Sim";212249;"Automóvel";"VW/GOL CITY MB";2014;"Passageiro";"Lesoes Leves";24;"Masculino";0;1;0;0;"-19.95777907";"-44.07974482";"SR-MG";"DEL4/1";"UOP03/MG"
118827;260609;2018-03-17;"sabado";"00:20:00";"MG";381;483;"BETIM";"Nao";"Ingestao de alcool";1;"Colisao com objeto estatico";"Com Vitimas Feridas";"Plena Noite";"Crescente";"Nublado";"Dupla";"Curva";"Sim";212249;"Automóvel";"VW/GOL CITY MB";2014;"Passageiro";"Lesoes Leves";23;"Masculino";0;1;0;0;"-19.95777907";"-44.07974482";"SR-MG";"DEL4/1";"UOP03/MG"
118841;262027;2018-03-17;"sabado";"01:40:00";"SP";116;227;"SAO PAULO";"Sim";"Ingestao de alcool";1;"Colisao traseira";"Sem Vitimas";"Plena Noite";"Crescente";"Ceu Claro";"Multipla";"Reta";"Sim";212348;"Automóvel";"HYUNDAI/HB20S 1.0M COMF";2017;"Condutor";"Ileso";30;"Masculino";1;0;0;0;"-23.50252686";"-46.5660435";"SR-SP";"DEL6/1";"UOP01/SP"
118841;262029;2018-03-17;"sabado";"01:40:00";"SP";116;227;"SAO PAULO";"Sim";"Ingestao de alcool";1;"Colisao traseira";"Sem Vitimas";"Plena Noite";"Crescente";"Ceu Claro";"Multipla";"Reta";"Sim";212349;"Automóvel";"GM/CORSA HATCH MAXX";2011;"Condutor";"Ileso";28;"Masculino";1;0;0;0;"-23.50252686";"-46.5660435";"SR-SP";"DEL6/1";"UOP01/SP"
118841;262023;2018-03-17;"sabado";"01:40:00";"SP";116;227;"SAO PAULO";"Sim";"Ingestao de alcool";1;"Colisao traseira";"Sem Vitimas";"Plena Noite";"Crescente";"Ceu Claro";"Multipla";"Reta";"Sim";214572;"Automóvel";"FIAT/PALIO WEEKEND STILE";1999;"Condutor";"Nao Informado";NA;"Nao Informado";0;0;0;0;"-23.50252686";"-46.5660435";"SR-SP";"DEL6/1";"UOP01/SP"
118841;262025;2018-03-17;"sabado";"01:40:00";"SP";116;227;"SAO PAULO";"Sim";"Ingestao de alcool";1;"Colisao traseira";"Sem Vitimas";"Plena Noite";"Crescente";"Ceu Claro";"Multipla";"Reta";"Sim";212347;"Automóvel";"VW/FOX 1.6 PLUS";2005;"Condutor";"Ileso";59;"Masculino";1;0;0;0;"-23.50252686";"-46.5660435";"SR-SP";"DEL6/1";"UOP01/SP"
118846;258978;2018-03-17;"sabado";"00:05:00";"CE";402;228,5;"AMONTADA";"Sim";"Ingestao de alcool";1;"Colisao traseira";"Com Vitimas Feridas";"Pleno dia";"Decrescente";"Ceu Claro";"Simples";"Reta";"Nao";212412;"Automóvel";"CHEVROLET/ONIX 10MT JOYE";2017;"Condutor";"Ileso";51;"Masculino";1;0;0;0;"-3.35851816";"-39.85565186";"SR-CE";"DEL16/1";"UOP03/CE"