"id";"pesid";"data_inversa";"dia_semana";"horario";"uf";"br";"km";"municipio";"causa_principal";"causa_acidente";"ordem_tipo_acidente";"tipo_acidente";"classificacao_acidente";"fase_dia";"sentido_via";"condicao_metereologica";"tipo_pista";"tracado_via";"uso_solo";"id_veiculo";"tipo_veiculo";"marca";"ano_fabricacao_veiculo";"tipo_envolvido";"estado_fisico";"idade";"sexo";"ilesos";"feridos_leves";"feridos_graves";"mortos";"latitude";"longitude";"regional";"delegacia";"uop"
119080;261163;2018-03-18;"domingo";"00:50:00";"SP";116;217,7;"GUARULHOS";"Sim";"Ingestao de alcool";1;"Colisao lateral";"Sem Vitimas";"Plena Noite";"Decrescente";"Ceu Claro";"Multipla";"Reta";"Sim";212726;"Automóvel";"VW/GOL TL MB S";2014;"Testemunha";"Nao Informado";NA;"Nao Informado";0;0;0;0;"-23.5146725";"-46.5788867";"SR-SP";"DEL6/1";"UOP01/SP"
119108;259381;2018-03-18;"domingo";"05:00:00";"RS";158;319,5;"SANTA MARIA";"Sim";"Ingestao de alcool e/ou substâncias psicoativas pelo pedestre";1;"Colisao com objeto estatico";"Sem Vitimas";"Plena Noite";"Crescente";"Ceu Claro";"Simples";"Curva";"Nao";212744;"Automóvel";"PEUGEOT/207HB XS";2009;"Passageiro";"Ileso";25;"Masculino";1;0;0;0;"-29.670895";"-53.772976";"SR-RS";"DEL9/9";"UOP01/RS"
119108;259380;2018-03-18;"domingo";"05:00:00";"RS";158;319,5;"SANTA MARIA";"Sim";"Ingestao de alcool e/ou substâncias psicoativas pelo pedestre";1;"Colisao com objeto estatico";"Sem Vitimas";"Plena Noite";"Crescente";"Ceu Claro";"Simples";"Curva";"Nao";212744;"Automóvel";"PEUGEOT/207HB XS";2009;"Condutor";"Ileso";30;"Feminino";1;0;0;0;"-29.670895";"-53.772976";"SR-RS";"DEL9/9";"UOP01/RS"
119111;262093;2018-03-18;"domingo";"04:30:00";"BA";116;711;"MANOEL VITORINO";"Sim";"Ingestao de alcool";1;"Colisao com objeto estatico";"Sem Vitimas";"Amanhecer";"Crescente";"Ceu Claro";"Simples";"Reta";"Nao";214921;"Automóvel";"FIAT/PALIO FIRE ECONOMY";2009;"Condutor";"Ileso";35;"Masculino";1;0;0;0;"-14.143683";"-40.241829";"SR-BA";"DEL10/8";"UOP02/BA"
119114;259433;2018-03-18;"domingo";"04:00:00";"PR";376;263;"CALIFORNIA";"Sim";"Ingestao de alcool";1;"Saida de leito carrocavel";"Com Vitimas Feridas";"Plena Noite";"Crescente";"Ceu Claro";"Simples";"Curva";"Nao";212763;"Automóvel";"VW/NOVO FOX CL MB";2015;"Condutor";"Lesoes Leves";16;"Masculino";0;1;0;0;"-23.70277258";"-51.3318868";"SR-PR";"DEL7/7";"UOP03/PR"
119117;259387;2018-01-12;"sexta-feira";"20:40:00";"DF";60;5,9;"BRASILIA";"Sim";"Ingestao de alcool";1;"Colisao traseira";"Sem Vitimas";"Plena Noite";"Crescente";"Ceu Claro";"Dupla";"Reta";"Sim";212746;"Automóvel";"VW/GOL 1.0";2009;"Condutor";"Ileso";50;"Masculino";1;0;0;0;"-15.89768344";"-48.11222929";"SR-DF";"DF";"UOP03/DF"
119117;259386;2018-01-12;"sexta-feira";"20:40:00";"DF";60;5,9;"BRASILIA";"Sim";"Ingestao de alcool";1;"Colisao traseira";"Sem Vitimas";"Plena Noite";"Crescente";"Ceu Claro";"Dupla";"Reta";"Sim";212745;"Automóvel";"GM/PRISMA MAXX";2007;"Condutor";"Ileso";42;"Masculino";1;0;0;0;"-15.89768344";"-48.11222929";"SR-DF";"DF";"UOP03/DF"
119120;261612;2018-03-18;"domingo";"05:50:00";"GO";153;506,5;"APARECIDA DE GOIANIA";"Sim";"Ingestao de alcool";1;"Saida de leito carrocavel";"Com Vitimas Feridas";"Amanhecer";"Crescente";"Ceu Claro";"Dupla";"Reta";"Sim";212789;"Motocicleta";"HONDA/CG 160 START";2016;"Condutor";"Lesoes Graves";21;"Masculino";0;0;1;0;"-16.7633";"-49.24";"SR-GO";"DEL1/1";"UOP01/GO"
119123;261320;2018-03-18;"domingo";"04:40:00";"RO";364;525;"ARIQUEMES";"Sim";"Ingestao de alcool e/ou substâncias psicoativas pelo pedestre";1;"Queda de ocupante de veiculo";"Com Vitimas Feridas";"Plena Noite";"Crescente";"Ceu Claro";"Simples";"Reta";"Nao";212826;"Motocicleta";"HONDA/CG 150 TITAN EX";2014;"Condutor";"Lesoes Leves";18;"Masculino";0;1;0;0;"-9.836729";"-63.065918";"SR-RO";"DEL21/3";"UOP01/RO"
119124;260166;2018-03-18;"domingo";"06:30:00";"PR";277;13;"PARANAGUA";"Nao";"Ingestao de alcool";1;"Colisao com objeto estatico";"Com Vitimas Feridas";"Amanhecer";"Decrescente";"Nublado";"Dupla";"Reta";"Nao";212792;"Automóvel";"HONDA/CIVIC LXS";2007;"Passageiro";"Lesoes Leves";28;"Masculino";0;1;0;0;"-25.5399633";"-48.71818542";"SR-PR";"DEL7/1";"UOP07/PR"
119124;260164;2018-03-18;"domingo";"06:30:00";"PR";277;13;"PARANAGUA";"Nao";"Ingestao de alcool";1;"Colisao com objeto estatico";"Com Vitimas Feridas";"Amanhecer";"Decrescente";"Nublado";"Dupla";"Reta";"Nao";212792;"Automóvel";"HONDA/CIVIC LXS";2007;"Condutor";"Lesoes Leves";23;"Feminino";0;1;0;0;"-25.5399633";"-48.71818542";"SR-PR";"DEL7/1";"UOP07/PR"
119137;261229;2018-03-18;"domingo";"06:00:00";"MS";163;380;"NOVA ALVORADA DO SUL";"Sim";"Ingestao de alcool";1;"Saida de leito carrocavel";"Com Vitimas Feridas";"Pleno dia";"Crescente";"Ceu Claro";"Simples";"Reta";"Nao";212853;"Automóvel";"FIAT/UNO MILLE FIRE";2001;"Condutor";"Lesoes Graves";25;"Masculino";0;0;1;0;"-21.33378";"-54.421099";"SR-MS";"DEL3/2";"UOP01/MS"
119143;259587;2018-03-18;"domingo";"07:15:00";"MG";40;563;"NOVA LIMA";"Sim";"Ingestao de alcool";1;"Saida de leito carrocavel";"Sem Vitimas";"Pleno dia";"Crescente";"Nublado";"Dupla";"Curva";"Sim";212860;"Automóvel";"VW/NOVO GOL 1.6";2012;"Condutor";"Ileso";50;"Masculino";1;0;0;0;"-20.1602";"-43.9646";"SR-MG";"DEL4/1";"UOP02/MG"
119149;259688;2018-03-18;"domingo";"08:15:00";"SC";282;0,2;"FLORIANOPOLIS";"Sim";"Ingestao de alcool";1;"Colisao traseira";"Com Vitimas Feridas";"Pleno dia";"Crescente";"Ceu Claro";"Dupla";"Curva";"Nao";212982;"Automóvel";"RENAULT/LOGAN EXPR 1016V";2016;"Condutor";"Lesoes Leves";37;"Masculino";0;1;0;0;"-27.598";"-48.579";"SR-SC";"DEL8/1";"UOP01/SC"
119149;259964;2018-03-18;"domingo";"08:15:00";"SC";282;0,2;"FLORIANOPOLIS";"Sim";"Ingestao de alcool";1;"Colisao traseira";"Com Vitimas Feridas";"Pleno dia";"Crescente";"Ceu Claro";"Dupla";"Curva";"Nao";212983;"Motocicleta";"TRIUMPH/TIGER XRX";2015;"Passageiro";"Lesoes Leves";31;"Feminino";0;1;0;0;"-27.598";"-48.579";"SR-SC";"DEL8/1";"UOP01/SC"
119149;259690;2018-03-18;"domingo";"08:15:00";"SC";282;0,2;"FLORIANOPOLIS";"Sim";"Ingestao de alcool";1;"Colisao traseira";"Com Vitimas Feridas";"Pleno dia";"Crescente";"Ceu Claro";"Dupla";"Curva";"Nao";212983;"Motocicleta";"TRIUMPH/TIGER XRX";2015;"Condutor";"Lesoes Leves";38;"Masculino";0;1;0;0;"-27.598";"-48.579";"SR-SC";"DEL8/1";"UOP01/SC"
119200;259583;2018-03-18;"domingo";"08:00:00";"PR";277;396;"CANDOI";"Sim";"Ingestao de alcool";1;"Saida de leito carrocavel";"Com Vitimas Feridas";"Pleno dia";"Decrescente";"Nublado";"Simples";"Reta";"Nao";212895;"Automóvel";"VW/GOL GL";1989;"Condutor";"Lesoes Leves";21;"Masculino";0;1;0;0;"-25.45249748";"-51.93634272";"SR-PR";"DEL7/3";"UOP02/PR"
119216;259720;2018-03-18;"domingo";"16:00:00";"PB";230;24;"JOAO PESSOA";"Sim";"Ingestao de alcool";1;"Colisao lateral";"Sem Vitimas";"Pleno dia";"Decrescente";"Ceu Claro";"Dupla";"Curva";"Sim";213008;"Automóvel";"GM/CORSA HATCH JOY";2007;"Condutor";"Ileso";35;"Masculino";1;0;0;0;"-7.169596";"-34.865192";"SR-PB";"DEL14/1";"UOP01/PB"
119216;259712;2018-03-18;"domingo";"16:00:00";"PB";230;24;"JOAO PESSOA";"Sim";"Ingestao de alcool";1;"Colisao lateral";"Sem Vitimas";"Pleno dia";"Decrescente";"Ceu Claro";"Dupla";"Curva";"Sim";213007;"Motocicleta";"HONDA/CG 150 FAN ESI";2011;"Condutor";"Ileso";37;"Masculino";1;0;0;0;"-7.169596";"-34.865192";"SR-PB";"DEL14/1";"UOP01/PB"
119232;259857;2018-03-18;"domingo";"17:05:00";"PR";476;119,5;"COLOMBO";"Sim";"Ingestao de alcool";2;"Colisao lateral";"Com Vitimas Feridas";"Pleno dia";"Crescente";"Ceu Claro";"Multipla";"Reta";"Sim";212958;"Automóvel";"GM/ZAFIRA ELITE";2006;"Condutor";"Ileso";29;"Masculino";1;0;0;0;"-25.3680848";"-49.1883173";"SR-PR";"DEL7/1";"UOP01/PR"
119232;261931;2018-03-18;"domingo";"17:05:00";"PR";476;119,5;"COLOMBO";"Sim";"Ingestao de alcool";2;"Colisao lateral";"Com Vitimas Feridas";"Pleno dia";"Crescente";"Ceu Claro";"Multipla";"Reta";"Sim";212960;"Automóvel";"PEUGEOT/208 ACTIVE";2014;"Condutor";"Ileso";50;"Masculino";1;0;0;0;"-25.3680848";"-49.1883173";"SR-PR";"DEL7/1";"UOP01/PR"
119232;259859;2018-03-18;"domingo";"17:05:00";"PR";476;119,5;"COLOMBO";"Sim";"Ingestao de alcool";2;"Colisao lateral";"Com Vitimas Feridas";"Pleno dia";"Crescente";"Ceu Claro";"Multipla";"Reta";"Sim";212959;"Automóvel";"FORD/FIESTA SEDAN1.6FLEX";2013;"Condutor";"Lesoes Leves";34;"Masculino";0;1;0;0;"-25.3680848";"-49.1883173";"SR-PR";"DEL7/1";"UOP01/PR"
119233;261188;2018-03-18;"domingo";"17:00:00";"MG";262;120,2;"RIO CASCA";"Sim";"Ingestao de alcool";1;"Capotamento";"Sem Vitimas";"Pleno dia";"Crescente";"Ceu Claro";"Simples";"Rotatória";"Sim";213072;"Automóvel";"GM/VECTRA HATCH 4P GT-X";2009;"Condutor";"Ileso";47;"Masculino";1;0;0;0;"-20.21840859";"-42.65102595";"SR-MG";"DEL4/3";"UOP03/MG"
119233;261189;2018-03-18;"domingo";"17:00:00";"MG";262;120,2;"RIO CASCA";"Sim";"Ingestao de alcool";1;"Capotamento";"Sem Vitimas";"Pleno dia";"Crescente";"Ceu Claro";"Simples";"Rotatória";"Sim";213072;"Automóvel";"GM/VECTRA HATCH 4P GT-X";2009;"Passageiro";"Ileso";22;"Feminino";1;0;0;0;"-20.21840859";"-42.65102595";"SR-MG";"DEL4/3";"UOP03/MG"
119233;261190;2018-03-18;"domingo";"17:00:00";"MG";262;120,2;"RIO CASCA";"Sim";"Ingestao de alcool";1;"Capotamento";"Sem Vitimas";"Pleno dia";"Crescente";"Ceu Claro";"Simples";"Rotatória";"Sim";213072;"Automóvel";"GM/VECTRA HATCH 4P GT-X";2009;"Passageiro";"Ileso";37;"Feminino";1;0;0;0;"-20.21840859";"-42.65102595";"SR-MG";"DEL4/3";"UOP03/MG"
119235;259806;2018-03-18;"domingo";"17:20:00";"SC";470;4,2;"NAVEGANTES";"Nao";"Ingestao de alcool";1;"Colisao transversal";"Com Vitimas Feridas";"Pleno dia";"Crescente";"Nublado";"Simples";"Nao Informado";"Sim";213014;"Caminhonete";"I/FORD RANGER XLS CD2 25";2012;"Condutor";"Ileso";47;"Masculino";1;0;0;0;"-26.858473";"-48.690788";"SR-SC";"DEL8/4";"UOP04/SC"
119235;261660;2018-03-18;"domingo";"17:20:00";"SC";470;4,2;"NAVEGANTES";"Nao";"Ingestao de alcool";1;"Colisao transversal";"Com Vitimas Feridas";"Pleno dia";"Crescente";"Nublado";"Simples";"Nao Informado";"Sim";213015;"Automóvel";"GM/CELTA";2001;"Passageiro";"Lesoes Leves";17;"Feminino";0;1;0;0;"-26.858473";"-48.690788";"SR-SC";"DEL8/4";"UOP04/SC"
119235;259810;2018-03-18;"domingo";"17:20:00";"SC";470;4,2;"NAVEGANTES";"Nao";"Ingestao de alcool";1;"Colisao transversal";"Com Vitimas Feridas";"Pleno dia";"Crescente";"Nublado";"Simples";"Nao Informado";"Sim";213015;"Automóvel";"GM/CELTA";2001;"Condutor";"Lesoes Leves";35;"Feminino";0;1;0;0;"-26.858473";"-48.690788";"SR-SC";"DEL8/4";"UOP04/SC"
119235;261659;2018-03-18;"domingo";"17:20:00";"SC";470;4,2;"NAVEGANTES";"Nao";"Ingestao de alcool";1;"Colisao transversal";"Com Vitimas Feridas";"Pleno dia";"Crescente";"Nublado";"Simples";"Nao Informado";"Sim";213015;"Automóvel";"GM/CELTA";2001;"Passageiro";"Lesoes Leves";13;"Masculino";0;1;0;0;"-26.858473";"-48.690788";"SR-SC";"DEL8/4";"UOP04/SC"
119235;261658;2018-03-18;"domingo";"17:20:00";"SC";470;4,2;"NAVEGANTES";"Nao";"Ingestao de alcool";1;"Colisao transversal";"Com Vitimas Feridas";"Pleno dia";"Crescente";"Nublado";"Simples";"Nao Informado";"Sim";213015;"Automóvel";"GM/CELTA";2001;"Passageiro";"Lesoes Leves";10;"Feminino";0;1;0;0;"-26.858473";"-48.690788";"SR-SC";"DEL8/4";"UOP04/SC"
119237;259652;2018-03-18;"domingo";"16:30:00";"PR";277;702,8;"SAO MIGUEL DO IGUACU";"Sim";"Ingestao de alcool";1;"Saida de leito carrocavel";"Sem Vitimas";"Pleno dia";"Crescente";"Ceu Claro";"Dupla";"Reta";"Nao";212955;"Automóvel";"FIAT/PALIO EDX";1997;"Condutor";"Ileso";42;"Masculino";1;0;0;0;"-25.415606";"-54.344807";"SR-PR";"DEL7/5";"UOP01/PR"
119238;259685;2018-03-18;"domingo";"16:13:00";"MS";163;306,4;"DOURADINA";"Sim";"Ingestao de alcool";1;"Saida de leito carrocavel";"Sem Vitimas";"Pleno dia";"Decrescente";"Ceu Claro";"Simples";"Reta";"Nao";212978;"Utilitario";"MMC/PAJERO DAKAR HPE D";2013;"Condutor";"Ileso";36;"Masculino";1;0;0;0;"-21.92812";"-54.53456";"SR-MS";"DEL3/2";"UOP02/MS"
119239;259748;2018-03-18;"domingo";"16:10:00";"MS";158;258;"TRES LAGOAS";"Sim";"Ingestao de alcool";1;"Capotamento";"Com Vitimas Feridas";"Pleno dia";"Crescente";"Ceu Claro";"Simples";"Reta";"Nao";213049;"Automóvel";"VW/SANTANA 2.0";2000;"Condutor";"Ileso";49;"Masculino";1;0;0;0;"-20.659103";"-51.795643";"SR-MS";"DEL3/7";"UOP01/MS"
119239;259756;2018-03-18;"domingo";"16:10:00";"MS";158;258;"TRES LAGOAS";"Sim";"Ingestao de alcool";1;"Capotamento";"Com Vitimas Feridas";"Pleno dia";"Crescente";"Ceu Claro";"Simples";"Reta";"Nao";213049;"Automóvel";"VW/SANTANA 2.0";2000;"Passageiro";"Lesoes Leves";16;"Masculino";0;1;0;0;"-20.659103";"-51.795643";"SR-MS";"DEL3/7";"UOP01/MS"
119244;261434;2018-03-18;"domingo";"17:25:00";"MG";381;887,9;"CAMBUI";"Nao";"Ingestao de alcool";1;"Saida de leito carrocavel";"Com Vitimas Feridas";"Pleno dia";"Decrescente";"Ceu Claro";"Dupla";"Curva";"Nao";212987;"Motocicleta";"HONDA/CG 125 TITAN";1994;"Condutor";"Lesoes Leves";17;"Masculino";0;1;0;0;"-22.524349";"-46.024502";"SR-MG";"DEL4/10";"UOP03/MG"
119256;259721;2018-03-18;"domingo";"18:30:00";"CE";222;3,4;"FORTALEZA";"Sim";"Ingestao de alcool";1;"Colisao lateral";"Com Vitimas Feridas";"Plena Noite";"Decrescente";"Ceu Claro";"Multipla";"Reta";"Sim";213020;"Motocicleta";"DAFRA/SPEED 150";2010;"Condutor";"Ileso";21;"Masculino";1;0;0;0;"-3.740385";"-38.595749";"SR-CE";"DEL16/1";"UOP01/CE"
119256;259723;2018-03-18;"domingo";"18:30:00";"CE";222;3,4;"FORTALEZA";"Sim";"Ingestao de alcool";1;"Colisao lateral";"Com Vitimas Feridas";"Plena Noite";"Decrescente";"Ceu Claro";"Multipla";"Reta";"Sim";213021;"Bicicleta";"";NA;"Condutor";"Lesoes Leves";49;"Masculino";0;1;0;0;"-3.740385";"-38.595749";"SR-CE";"DEL16/1";"UOP01/CE"
119267;261924;2018-03-18;"domingo";"17:20:00";"RJ";465;21,5;"RIO DE JANEIRO";"Sim";"Ingestao de alcool";1;"Colisao frontal";"Com Vitimas Feridas";"Pleno dia";"Crescente";"Ceu Claro";"Dupla";"Reta";"Nao";214742;"Automóvel";"VW/GOL CL";1992;"Condutor";"Nao Informado";NA;"Nao Informado";0;0;0;0;"-22.85972559";"-43.60336304";"SR-RJ";"DEL5/1";"UOP03/RJ"
119267;261925;2018-03-18;"domingo";"17:20:00";"RJ";465;21,5;"RIO DE JANEIRO";"Sim";"Ingestao de alcool";1;"Colisao frontal";"Com Vitimas Feridas";"Pleno dia";"Crescente";"Ceu Claro";"Dupla";"Reta";"Nao";214751;"Camioneta";"FORD/ECOSPORT XL 1.6L";2003;"Condutor";"Ileso";55;"Masculino";1;0;0;0;"-22.85972559";"-43.60336304";"SR-RJ";"DEL5/1";"UOP03/RJ"
119267;261946;2018-03-18;"domingo";"17:20:00";"RJ";465;21,5;"RIO DE JANEIRO";"Sim";"Ingestao de alcool";1;"Colisao frontal";"Com Vitimas Feridas";"Pleno dia";"Crescente";"Ceu Claro";"Dupla";"Reta";"Nao";214751;"Camioneta";"FORD/ECOSPORT XL 1.6L";2003;"Passageiro";"Lesoes Leves";41;"Feminino";0;1;0;0;"-22.85972559";"-43.60336304";"SR-RJ";"DEL5/1";"UOP03/RJ"
119267;261943;2018-03-18;"domingo";"17:20:00";"RJ";465;21,5;"RIO DE JANEIRO";"Sim";"Ingestao de alcool";1;"Colisao frontal";"Com Vitimas Feridas";"Pleno dia";"Crescente";"Ceu Claro";"Dupla";"Reta";"Nao";214751;"Camioneta";"FORD/ECOSPORT XL 1.6L";2003;"Passageiro";"Lesoes Leves";31;"Masculino";0;1;0;0;"-22.85972559";"-43.60336304";"SR-RJ";"DEL5/1";"UOP03/RJ"
119271;259718;2018-03-18;"domingo";"18:30:00";"GO";153;491,8;"GOIANIA";"Nao";"Ingestao de alcool";2;"Colisao com objeto estatico";"Com Vitimas Feridas";"Anoitecer";"Decrescente";"Ceu Claro";"Multipla";"Intersecao de vias";"Sim";213016;"Automóvel";"VW/GOL 1.0 PLUS";2001;"Condutor";"Lesoes Leves";24;"Masculino";0;1;0;0;"-16.639";"-49.2063";"SR-GO";"DEL1/1";"UOP01/GO"
119271;259722;2018-03-18;"domingo";"18:30:00";"GO";153;491,8;"GOIANIA";"Nao";"Ingestao de alcool";2;"Colisao com objeto estatico";"Com Vitimas Feridas";"Anoitecer";"Decrescente";"Ceu Claro";"Multipla";"Intersecao de vias";"Sim";213016;"Automóvel";"VW/GOL 1.0 PLUS";2001;"Passageiro";"Lesoes Leves";22;"Masculino";0;1;0;0;"-16.639";"-49.2063";"SR-GO";"DEL1/1";"UOP01/GO"
119277;259923;2018-03-18;"domingo";"19:45:00";"GO";20;1;"FORMOSA";"Sim";"Ingestao de alcool";1;"Colisao frontal";"Com Vitimas Feridas";"Plena Noite";"Crescente";"Nublado";"Simples";"Curva";"Nao";213171;"Automóvel";"FIAT/UNO VIVACE 1.0";2011;"Passageiro";"Lesoes Leves";39;"Feminino";0;1;0;0;"-15.579424";"-47.334297";"SR-DF";"GO";"UOP04/DF"
119277;259927;2018-03-18;"domingo";"19:45:00";"GO";20;1;"FORMOSA";"Sim";"Ingestao de alcool";1;"Colisao frontal";"Com Vitimas Feridas";"Plena Noite";"Crescente";"Nublado";"Simples";"Curva";"Nao";213172;"Caminhonete";"GM/S10 EXECUTIVE D";2010;"Condutor";"Ileso";54;"Masculino";1;0;0;0;"-15.579424";"-47.334297";"SR-DF";"GO";"UOP04/DF"
119277;259918;2018-03-18;"domingo";"19:45:00";"GO";20;1;"FORMOSA";"Sim";"Ingestao de alcool";1;"Colisao frontal";"Com Vitimas Feridas";"Plena Noite";"Crescente";"Nublado";"Simples";"Curva";"Nao";213171;"Automóvel";"FIAT/UNO VIVACE 1.0";2011;"Condutor";"Lesoes Graves";35;"Masculino";0;0;1;0;"-15.579424";"-47.334297";"SR-DF";"GO";"UOP04/DF"
119277;259924;2018-03-18;"domingo";"19:45:00";"GO";20;1;"FORMOSA";"Sim";"Ingestao de alcool";1;"Colisao frontal";"Com Vitimas Feridas";"Plena Noite";"Crescente";"Nublado";"Simples";"Curva";"Nao";213171;"Automóvel";"FIAT/UNO VIVACE 1.0";2011;"Passageiro";"Lesoes Leves";5;"Feminino";0;1;0;0;"-15.579424";"-47.334297";"SR-DF";"GO";"UOP04/DF"
119277;259922;2018-03-18;"domingo";"19:45:00";"GO";20;1;"FORMOSA";"Sim";"Ingestao de alcool";1;"Colisao frontal";"Com Vitimas Feridas";"Plena Noite";"Crescente";"Nublado";"Simples";"Curva";"Nao";213171;"Automóvel";"FIAT/UNO VIVACE 1.0";2011;"Passageiro";"Lesoes Graves";49;"Masculino";0;0;1;0;"-15.579424";"-47.334297";"SR-DF";"GO";"UOP04/DF"
119288;259719;2018-03-18;"domingo";"18:00:00";"SC";101;57,1;"ARAQUARI";"Sim";"Ingestao de alcool";1;"Capotamento";"Com Vitimas Feridas";"Anoitecer";"Decrescente";"Nublado";"Dupla";"Reta";"Sim";213018;"Motocicleta";"HONDA/CG 125 FAN KS";2011;"Condutor";"Lesoes Leves";60;"Masculino";0;1;0;0;"-26.4403";"-48.801";"SR-SC";"DEL8/3";"UOP01/SC"
119306;262743;2018-03-18;"domingo";"21:30:00";"PI";343;598;"FLORIANO";"Sim";"Ingestao de alcool";1;"Colisao transversal";"Sem Vitimas";"Plena Noite";"Decrescente";"Ceu Claro";"Dupla";"Reta";"Sim";215508;"Automóvel";"FORD/FIESTA SEDAN FLEX";2013;"Condutor";"Ileso";29;"Masculino";1;0;0;0;"-6.819801";"-43.060368";"SR-PI";"DEL17/3";"UOP01/PI"
119309;260128;2018-03-18;"domingo";"20:45:00";"RS";290;577;"ALEGRETE";"Sim";"Ingestao de alcool";1;"Saida de leito carrocavel";"Com Vitimas Feridas";"Plena Noite";"Crescente";"Nublado";"Simples";"Curva";"Sim";213284;"Automóvel";"GM/CORSA GL W";1997;"Passageiro";"Ileso";19;"Feminino";1;0;0;0;"-29.81085921";"-55.76042175";"SR-RS";"DEL9/13";"UOP02/RS"
119309;260132;2018-03-18;"domingo";"20:45:00";"RS";290;577;"ALEGRETE";"Sim";"Ingestao de alcool";1;"Saida de leito carrocavel";"Com Vitimas Feridas";"Plena Noite";"Crescente";"Nublado";"Simples";"Curva";"Sim";213284;"Automóvel";"GM/CORSA GL W";1997;"Passageiro";"Lesoes Leves";15;"Feminino";0;1;0;0;"-29.81085921";"-55.76042175";"SR-RS";"DEL9/13";"UOP02/RS"
119309;260126;2018-03-18;"domingo";"20:45:00";"RS";290;577;"ALEGRETE";"Sim";"Ingestao de alcool";1;"Saida de leito carrocavel";"Com Vitimas Feridas";"Plena Noite";"Crescente";"Nublado";"Simples";"Curva";"Sim";213284;"Automóvel";"GM/CORSA GL W";1997;"Condutor";"Ileso";33;"Masculino";1;0;0;0;"-29.81085921";"-55.76042175";"SR-RS";"DEL9/13";"UOP02/RS"
119314;259785;2018-03-18;"domingo";"16:40:00";"MG";262;424;"SAO GONCALO DO PARA";"Sim";"Ingestao de alcool";1;"Colisao lateral";"Com Vitimas Feridas";"Pleno dia";"Crescente";"Ceu Claro";"Dupla";"Reta";"Nao";213070;"Automóvel";"FIAT/UNO MILLE FIRE FLEX";2007;"Passageiro";"Ileso";22;"Feminino";1;0;0;0;"-19.8909";"-44.8191";"SR-MG";"DEL4/8";"UOP03/MG"
119314;259787;2018-03-18;"domingo";"16:40:00";"MG";262;424;"SAO GONCALO DO PARA";"Sim";"Ingestao de alcool";1;"Colisao lateral";"Com Vitimas Feridas";"Pleno dia";"Crescente";"Ceu Claro";"Dupla";"Reta";"Nao";213070;"Automóvel";"FIAT/UNO MILLE FIRE FLEX";2007;"Passageiro";"Lesoes Leves";29;"Feminino";0;1;0;0;"-19.8909";"-44.8191";"SR-MG";"DEL4/8";"UOP03/MG"
119314;259865;2018-03-18;"domingo";"16:40:00";"MG";262;424;"SAO GONCALO DO PARA";"Sim";"Ingestao de alcool";1;"Colisao lateral";"Com Vitimas Feridas";"Pleno dia";"Crescente";"Ceu Claro";"Dupla";"Reta";"Nao";213071;"Automóvel";"TOYOTA/COROLLA XEI18FLEX";2008;"Condutor";"Ileso";35;"Masculino";1;0;0;0;"-19.8909";"-44.8191";"SR-MG";"DEL4/8";"UOP03/MG"
119314;259951;2018-03-18;"domingo";"16:40:00";"MG";262;424;"SAO GONCALO DO PARA";"Sim";"Ingestao de alcool";1;"Colisao lateral";"Com Vitimas Feridas";"Pleno dia";"Crescente";"Ceu Claro";"Dupla";"Reta";"Nao";213070;"Automóvel";"FIAT/UNO MILLE FIRE FLEX";2007;"Passageiro";"Lesoes Leves";26;"Feminino";0;1;0;0;"-19.8909";"-44.8191";"SR-MG";"DEL4/8";"UOP03/MG"
119314;259783;2018-03-18;"domingo";"16:40:00";"MG";262;424;"SAO GONCALO DO PARA";"Sim";"Ingestao de alcool";1;"Colisao lateral";"Com Vitimas Feridas";"Pleno dia";"Crescente";"Ceu Claro";"Dupla";"Reta";"Nao";213070;"Automóvel";"FIAT/UNO MILLE FIRE FLEX";2007;"Condutor";"Lesoes Graves";25;"Feminino";0;0;1;0;"-19.8909";"-44.8191";"SR-MG";"DEL4/8";"UOP03/MG"
119314;259866;2018-03-18;"domingo";"16:40:00";"MG";262;424;"SAO GONCALO DO PARA";"Sim";"Ingestao de alcool";1;"Colisao lateral";"Com Vitimas Feridas";"Pleno dia";"Crescente";"Ceu Claro";"Dupla";"Reta";"Nao";213070;"Automóvel";"FIAT/UNO MILLE FIRE FLEX";2007;"Passageiro";"Lesoes Leves";4;"Feminino";0;1;0;0;"-19.8909";"-44.8191";"SR-MG";"DEL4/8";"UOP03/MG"
119318;261123;2018-03-18;"domingo";"22:15:00";"MG";116;277,5;"TEOFILO OTONI";"Sim";"Ingestao de alcool";1;"Colisao com objeto estatico";"Com Vitimas Feridas";"Plena Noite";"Decrescente";"Ceu Claro";"Simples";"Reta";"Sim";213141;"Automóvel";"VW/GOL 1.0 PLUS";2000;"Condutor";"Ileso";36;"Masculino";1;0;0;0;"-17.87028238";"-41.51596069";"SR-MG";"DEL4/11";"UOP01/MG"
119318;261125;2018-03-18;"domingo";"22:15:00";"MG";116;277,5;"TEOFILO OTONI";"Sim";"Ingestao de alcool";1;"Colisao com objeto estatico";"Com Vitimas Feridas";"Plena Noite";"Decrescente";"Ceu Claro";"Simples";"Reta";"Sim";213141;"Automóvel";"VW/GOL 1.0 PLUS";2000;"Passageiro";"Lesoes Leves";39;"Masculino";0;1;0;0;"-17.87028238";"-41.51596069";"SR-MG";"DEL4/11";"UOP01/MG"