"id";"pesid";"data_inversa";"dia_semana";"horario";"uf";"br";"km";"municipio";"causa_principal";"causa_acidente";"ordem_tipo_acidente";"tipo_acidente";"classificacao_acidente";"fase_dia";"sentido_via";"condicao_metereologica";"tipo_pista";"tracado_via";"uso_solo";"id_veiculo";"tipo_veiculo";"marca";"ano_fabricacao_veiculo";"tipo_envolvido";"estado_fisico";"idade";"sexo";"ilesos";"feridos_leves";"feridos_graves";"mortos";"latitude";"longitude";"regional";"delegacia";"uop"
119318;261128;2018-03-18;"domingo";"22:15:00";"MG";116;277,5;"TEOFILO OTONI";"Sim";"Ingestao de alcool";1;"Colisao com objeto estatico";"Com Vitimas Feridas";"Plena Noite";"Decrescente";"Ceu Claro";"Simples";"Reta";"Sim";213141;"Automóvel";"VW/GOL 1.0 PLUS";2000;"Passageiro";"Lesoes Leves";32;"Feminino";0;1;0;0;"-17.87028238";"-41.51596069";"SR-MG";"DEL4/11";"UOP01/MG"
119322;259955;2018-03-18;"domingo";"22:00:00";"PI";230;306;"FLORIANO";"Sim";"Ingestao de alcool";1;"Saida de leito carrocavel";"Com Vitimas Feridas";"Plena Noite";"Crescente";"Ceu Claro";"Dupla";"Reta";"Sim";213202;"Motocicleta";"YAMAHA/FACTOR YBR125 K";2009;"Condutor";"Lesoes Leves";21;"Masculino";0;1;0;0;"-6.7873531";"-42.9977417";"SR-PI";"DEL17/3";"UOP01/PI"
119328;262393;2018-03-18;"domingo";"20:30:00";"RJ";465;18;"NOVA IGUACU";"Sim";"Ingestao de alcool";1;"Colisao traseira";"Com Vitimas Feridas";"Plena Noite";"Decrescente";"Ceu Claro";"Simples";"Reta";"Sim";215145;"Automóvel";"FIAT/PALIO FIRE FLEX";2006;"Condutor";"Ileso";48;"Masculino";1;0;0;0;"-22.77238283";"-43.43582153";"SR-RJ";"DEL5/1";"UOP03/RJ"
119328;262403;2018-03-18;"domingo";"20:30:00";"RJ";465;18;"NOVA IGUACU";"Sim";"Ingestao de alcool";1;"Colisao traseira";"Com Vitimas Feridas";"Plena Noite";"Decrescente";"Ceu Claro";"Simples";"Reta";"Sim";215145;"Automóvel";"FIAT/PALIO FIRE FLEX";2006;"Passageiro";"Ileso";39;"Masculino";1;0;0;0;"-22.77238283";"-43.43582153";"SR-RJ";"DEL5/1";"UOP03/RJ"
119328;262400;2018-03-18;"domingo";"20:30:00";"RJ";465;18;"NOVA IGUACU";"Sim";"Ingestao de alcool";1;"Colisao traseira";"Com Vitimas Feridas";"Plena Noite";"Decrescente";"Ceu Claro";"Simples";"Reta";"Sim";215145;"Automóvel";"FIAT/PALIO FIRE FLEX";2006;"Passageiro";"Lesoes Leves";0;"Feminino";0;1;0;0;"-22.77238283";"-43.43582153";"SR-RJ";"DEL5/1";"UOP03/RJ"
119328;262396;2018-03-18;"domingo";"20:30:00";"RJ";465;18;"NOVA IGUACU";"Sim";"Ingestao de alcool";1;"Colisao traseira";"Com Vitimas Feridas";"Plena Noite";"Decrescente";"Ceu Claro";"Simples";"Reta";"Sim";215154;"Automóvel";"VW/NOVO FOX HL MD";2016;"Condutor";"Ileso";47;"Masculino";1;0;0;0;"-22.77238283";"-43.43582153";"SR-RJ";"DEL5/1";"UOP03/RJ"
119328;262421;2018-03-18;"domingo";"20:30:00";"RJ";465;18;"NOVA IGUACU";"Sim";"Ingestao de alcool";1;"Colisao traseira";"Com Vitimas Feridas";"Plena Noite";"Decrescente";"Ceu Claro";"Simples";"Reta";"Sim";215158;"Caminhao-trator";"VOLVO/FH 460 6X2T";2014;"Condutor";"Ileso";49;"Masculino";1;0;0;0;"-22.77238283";"-43.43582153";"SR-RJ";"DEL5/1";"UOP03/RJ"
119334;262269;2018-03-19;"segunda-feira";"00:15:00";"RS";386;42,6;"SEBERI";"Sim";"Ingestao de alcool";1;"Colisao transversal";"Com Vitimas Feridas";"Plena Noite";"Decrescente";"Garoa/Chuvisco";"Simples";"Reta";"Nao";213190;"Motocicleta";"HONDA/CG 150 TITAN KS";2006;"Condutor";"Lesoes Graves";47;"Masculino";0;0;1;0;"-27.420906";"-53.42049";"SR-RS";"DEL9/14";"UOP02/RS"
119334;262271;2018-03-19;"segunda-feira";"00:15:00";"RS";386;42,6;"SEBERI";"Sim";"Ingestao de alcool";1;"Colisao transversal";"Com Vitimas Feridas";"Plena Noite";"Decrescente";"Garoa/Chuvisco";"Simples";"Reta";"Nao";213190;"Motocicleta";"HONDA/CG 150 TITAN KS";2006;"Passageiro";"Ileso";50;"Feminino";1;0;0;0;"-27.420906";"-53.42049";"SR-RS";"DEL9/14";"UOP02/RS"
119334;262275;2018-03-19;"segunda-feira";"00:15:00";"RS";386;42,6;"SEBERI";"Sim";"Ingestao de alcool";1;"Colisao transversal";"Com Vitimas Feridas";"Plena Noite";"Decrescente";"Garoa/Chuvisco";"Simples";"Reta";"Nao";213191;"Caminhao-trator";"MAN/TGX 29.440 6X4 T";2012;"Condutor";"Ileso";37;"Masculino";1;0;0;0;"-27.420906";"-53.42049";"SR-RS";"DEL9/14";"UOP02/RS"
119342;261762;2018-03-18;"domingo";"22:30:00";"MG";40;688;"CARANDAI";"Sim";"Ingestao de alcool";1;"Colisao frontal";"Com Vitimas Feridas";"Plena Noite";"Crescente";"Nublado";"Simples";"Curva";"Sim";213143;"Automóvel";"GM/CORSA WIND";1996;"Condutor";"Lesoes Leves";53;"Masculino";0;1;0;0;"-20.95414574";"-43.79153073";"SR-MG";"DEL4/5";"UOP02/MG"
119342;261764;2018-03-18;"domingo";"22:30:00";"MG";40;688;"CARANDAI";"Sim";"Ingestao de alcool";1;"Colisao frontal";"Com Vitimas Feridas";"Plena Noite";"Crescente";"Nublado";"Simples";"Curva";"Sim";213144;"Automóvel";"I/PEUGEOT 308 FELINE";2012;"Condutor";"Lesoes Leves";38;"Masculino";0;1;0;0;"-20.95414574";"-43.79153073";"SR-MG";"DEL4/5";"UOP02/MG"
119342;261875;2018-03-18;"domingo";"22:30:00";"MG";40;688;"CARANDAI";"Sim";"Ingestao de alcool";1;"Colisao frontal";"Com Vitimas Feridas";"Plena Noite";"Crescente";"Nublado";"Simples";"Curva";"Sim";213144;"Automóvel";"I/PEUGEOT 308 FELINE";2012;"Testemunha";"Nao Informado";NA;"Nao Informado";0;0;0;0;"-20.95414574";"-43.79153073";"SR-MG";"DEL4/5";"UOP02/MG"
119342;261866;2018-03-18;"domingo";"22:30:00";"MG";40;688;"CARANDAI";"Sim";"Ingestao de alcool";1;"Colisao frontal";"Com Vitimas Feridas";"Plena Noite";"Crescente";"Nublado";"Simples";"Curva";"Sim";213143;"Automóvel";"GM/CORSA WIND";1996;"Passageiro";"Lesoes Leves";28;"Feminino";0;1;0;0;"-20.95414574";"-43.79153073";"SR-MG";"DEL4/5";"UOP02/MG"
119342;261874;2018-03-18;"domingo";"22:30:00";"MG";40;688;"CARANDAI";"Sim";"Ingestao de alcool";1;"Colisao frontal";"Com Vitimas Feridas";"Plena Noite";"Crescente";"Nublado";"Simples";"Curva";"Sim";213143;"Automóvel";"GM/CORSA WIND";1996;"Passageiro";"Lesoes Leves";6;"Masculino";0;1;0;0;"-20.95414574";"-43.79153073";"SR-MG";"DEL4/5";"UOP02/MG"
119343;259959;2018-03-19;"segunda-feira";"00:15:00";"RJ";101;193;"CASIMIRO DE ABREU";"Sim";"Ingestao de alcool e/ou substâncias psicoativas pelo pedestre";1;"Saida de leito carrocavel";"Com Vitimas Fatais";"Plena Noite";"Crescente";"Ceu Claro";"Dupla";"Reta";"Nao";213183;"Caminhao-trator";"VOLVO/FH 460 6X2T";2016;"Condutor";"Ileso";40;"Masculino";1;0;0;0;"-22.4836725";"-42.2015431";"SR-RJ";"DEL5/2";"UOP04/RJ"
119343;259960;2018-03-19;"segunda-feira";"00:15:00";"RJ";101;193;"CASIMIRO DE ABREU";"Sim";"Ingestao de alcool e/ou substâncias psicoativas pelo pedestre";1;"Saida de leito carrocavel";"Com Vitimas Fatais";"Plena Noite";"Crescente";"Ceu Claro";"Dupla";"Reta";"Nao";213184;"Automóvel";"TOYOTA/COROLLA GLI18 CVT";2015;"Condutor";"Ileso";46;"Masculino";1;0;0;0;"-22.4836725";"-42.2015431";"SR-RJ";"DEL5/2";"UOP04/RJ"
119343;259935;2018-03-19;"segunda-feira";"00:15:00";"RJ";101;193;"CASIMIRO DE ABREU";"Sim";"Ingestao de alcool e/ou substâncias psicoativas pelo pedestre";1;"Saida de leito carrocavel";"Com Vitimas Fatais";"Plena Noite";"Crescente";"Ceu Claro";"Dupla";"Reta";"Nao";213182;"Automóvel";"FIAT/UNO MILLE FIRE";2002;"Condutor";"Óbito";25;"Masculino";0;0;0;1;"-22.4836725";"-42.2015431";"SR-RJ";"DEL5/2";"UOP04/RJ"
119343;259954;2018-03-19;"segunda-feira";"00:15:00";"RJ";101;193;"CASIMIRO DE ABREU";"Sim";"Ingestao de alcool e/ou substâncias psicoativas pelo pedestre";1;"Saida de leito carrocavel";"Com Vitimas Fatais";"Plena Noite";"Crescente";"Ceu Claro";"Dupla";"Reta";"Nao";213182;"Automóvel";"FIAT/UNO MILLE FIRE";2002;"Passageiro";"Lesoes Leves";21;"Masculino";0;1;0;0;"-22.4836725";"-42.2015431";"SR-RJ";"DEL5/2";"UOP04/RJ"
119343;259956;2018-03-19;"segunda-feira";"00:15:00";"RJ";101;193;"CASIMIRO DE ABREU";"Sim";"Ingestao de alcool e/ou substâncias psicoativas pelo pedestre";1;"Saida de leito carrocavel";"Com Vitimas Fatais";"Plena Noite";"Crescente";"Ceu Claro";"Dupla";"Reta";"Nao";213182;"Automóvel";"FIAT/UNO MILLE FIRE";2002;"Passageiro";"Lesoes Leves";21;"Feminino";0;1;0;0;"-22.4836725";"-42.2015431";"SR-RJ";"DEL5/2";"UOP04/RJ"
119351;261774;2018-03-19;"segunda-feira";"04:00:00";"PR";373;400,5;"CANDOI";"Sim";"Ingestao de alcool";1;"Saida de leito carrocavel";"Com Vitimas Feridas";"Plena Noite";"Crescente";"Nublado";"Simples";"Reta";"Sim";214636;"Automóvel";"I/VW BORA";2000;"Condutor";"Lesoes Graves";25;"Masculino";0;0;1;0;"-25.57766728";"-52.05734253";"SR-PR";"DEL7/3";"UOP02/PR"
119356;259921;2018-03-19;"segunda-feira";"05:20:00";"PR";277;683,3;"SAO MIGUEL DO IGUACU";"Nao";"Ingestao de alcool";1;"Queda de ocupante de veiculo";"Com Vitimas Feridas";"Amanhecer";"Crescente";"Ceu Claro";"Dupla";"Curva";"Sim";213178;"Caminhao-trator";"M.BENZ/LS 1938";2001;"Condutor";"Ileso";62;"Masculino";1;0;0;0;"-25.332716";"-54.192101";"SR-PR";"DEL7/5";"UOP01/PR"
119356;259925;2018-03-19;"segunda-feira";"05:20:00";"PR";277;683,3;"SAO MIGUEL DO IGUACU";"Nao";"Ingestao de alcool";1;"Queda de ocupante de veiculo";"Com Vitimas Feridas";"Amanhecer";"Crescente";"Ceu Claro";"Dupla";"Curva";"Sim";213177;"Motocicleta";"YAMAHA/FACTOR YBR125 K";2012;"Condutor";"Lesoes Leves";25;"Masculino";0;1;0;0;"-25.332716";"-54.192101";"SR-PR";"DEL7/5";"UOP01/PR"
119357;261972;2018-03-19;"segunda-feira";"02:00:00";"SC";282;518,7;"XAXIM";"Sim";"Ingestao de alcool";1;"Capotamento";"Com Vitimas Feridas";"Plena Noite";"Decrescente";"Nublado";"Simples";"Reta";"Sim";213175;"Camioneta";"FORD/ECOSPORT XLS1.6FLEX";2008;"Condutor";"Lesoes Leves";20;"Feminino";0;1;0;0;"-26.94554741";"-52.51287818";"SR-SC";"DEL8/8";"UOP01/SC"
119437;260251;2018-03-19;"segunda-feira";"10:40:00";"RO";364;299;"PRESIDENTE MEDICI";"Sim";"Ingestao de alcool";1;"Saida de leito carrocavel";"Com Vitimas Feridas";"Pleno dia";"Decrescente";"Chuva";"Simples";"Reta";"Nao";213417;"Caminhao";"IMP/GMC 15.190";1997;"Condutor";"Lesoes Leves";55;"Masculino";0;1;0;0;"-11.2537";"-61.902061";"SR-RO";"DEL21/2";"UOP01/RO"
119437;260255;2018-03-19;"segunda-feira";"10:40:00";"RO";364;299;"PRESIDENTE MEDICI";"Sim";"Ingestao de alcool";1;"Saida de leito carrocavel";"Com Vitimas Feridas";"Pleno dia";"Decrescente";"Chuva";"Simples";"Reta";"Nao";213417;"Caminhao";"IMP/GMC 15.190";1997;"Passageiro";"Lesoes Leves";39;"Masculino";0;1;0;0;"-11.2537";"-61.902061";"SR-RO";"DEL21/2";"UOP01/RO"
119448;260168;2018-03-15;"quinta-feira";"22:50:00";"BA";324;623;"SALVADOR";"Nao";"Ingestao de alcool";1;"Colisao lateral";"Sem Vitimas";"Plena Noite";"Crescente";"Ceu Claro";"Multipla";"Reta";"Sim";213357;"Automóvel";"FIAT/UNO MILLE FIRE";2002;"Condutor";"Ileso";22;"Masculino";1;0;0;0;"-12.95638259";"-38.4727478";"SR-BA";"DEL10/1";"UOP01/BA"
119448;260167;2018-03-15;"quinta-feira";"22:50:00";"BA";324;623;"SALVADOR";"Nao";"Ingestao de alcool";1;"Colisao lateral";"Sem Vitimas";"Plena Noite";"Crescente";"Ceu Claro";"Multipla";"Reta";"Sim";213356;"Caminhonete";"I/PEUGEOT PARTNER FURG";2016;"Condutor";"Ileso";35;"Masculino";1;0;0;0;"-12.95638259";"-38.4727478";"SR-BA";"DEL10/1";"UOP01/BA"
119449;260266;2018-03-19;"segunda-feira";"14:40:00";"GO";50;101,1;"CRISTALINA";"Nao";"Ingestao de alcool e/ou substâncias psicoativas pelo pedestre";1;"Saida de leito carrocavel";"Sem Vitimas";"Pleno dia";"Decrescente";"Ceu Claro";"Dupla";"Reta";"Nao";213433;"Caminhonete";"FIAT/STRADA FIRE";2005;"Condutor";"Ileso";46;"Masculino";1;0;0;0;"-16.9309";"-47.7117";"SR-DF";"GO";"UOP02/DF"
119451;260198;2018-03-18;"domingo";"05:30:00";"AM";174;895,5;"MANAUS";"Sim";"Ingestao de alcool e/ou substâncias psicoativas pelo pedestre";1;"Atropelamento de Pedestre";"Com Vitimas Feridas";"Amanhecer";"Decrescente";"Nublado";"Simples";"Reta";"Nao";213420;"Automóvel";"";NA;"Pedestre";"Lesoes Graves";NA;"Masculino";0;0;1;0;"-2.94304091";"-60.03479004";"SR-AM";"UOP01/AM";""
119451;260246;2018-03-18;"domingo";"05:30:00";"AM";174;895,5;"MANAUS";"Sim";"Ingestao de alcool e/ou substâncias psicoativas pelo pedestre";1;"Atropelamento de Pedestre";"Com Vitimas Feridas";"Amanhecer";"Decrescente";"Nublado";"Simples";"Reta";"Nao";213420;"Automóvel";"";NA;"Condutor";"Nao Informado";NA;"Nao Informado";0;0;0;0;"-2.94304091";"-60.03479004";"SR-AM";"UOP01/AM";""
119480;261185;2018-03-19;"segunda-feira";"14:50:00";"SP";116;102,1;"PINDAMONHANGABA";"Sim";"Ingestao de alcool";1;"Colisao lateral";"Sem Vitimas";"Pleno dia";"Crescente";"Ceu Claro";"Dupla";"Reta";"Nao";213504;"Automóvel";"FIAT/SIENA FIRE";2003;"Condutor";"Ileso";45;"Masculino";1;0;0;0;"-22.994991";"-45.489536";"SR-SP";"DEL6/6";"UOP01/SP"
119480;261187;2018-03-19;"segunda-feira";"14:50:00";"SP";116;102,1;"PINDAMONHANGABA";"Sim";"Ingestao de alcool";1;"Colisao lateral";"Sem Vitimas";"Pleno dia";"Crescente";"Ceu Claro";"Dupla";"Reta";"Nao";213505;"Caminhao";"VOLVO/VM 270 6X2R";2013;"Condutor";"Ileso";54;"Masculino";1;0;0;0;"-22.994991";"-45.489536";"SR-SP";"DEL6/6";"UOP01/SP"
119535;260459;2018-03-19;"segunda-feira";"22:00:00";"BA";116;11;"VITORIA DA CONQUISTA";"Sim";"Ingestao de alcool";1;"Atropelamento de Pedestre";"Com Vitimas Feridas";"Plena Noite";"Crescente";"Ceu Claro";"Simples";"Reta";"Nao";213578;"Caminhao-trator";"I/M.BENZ";1987;"Condutor";"Ileso";49;"Masculino";1;0;0;0;"-14.87179633";"-40.87188721";"SR-BA";"DEL10/8";"UOP01/BA"
119535;260460;2018-03-19;"segunda-feira";"22:00:00";"BA";116;11;"VITORIA DA CONQUISTA";"Sim";"Ingestao de alcool";1;"Atropelamento de Pedestre";"Com Vitimas Feridas";"Plena Noite";"Crescente";"Ceu Claro";"Simples";"Reta";"Nao";213578;"Caminhao-trator";"I/M.BENZ";1987;"Pedestre";"Lesoes Graves";NA;"Feminino";0;0;1;0;"-14.87179633";"-40.87188721";"SR-BA";"DEL10/8";"UOP01/BA"
119535;260461;2018-03-19;"segunda-feira";"22:00:00";"BA";116;11;"VITORIA DA CONQUISTA";"Sim";"Ingestao de alcool";1;"Atropelamento de Pedestre";"Com Vitimas Feridas";"Plena Noite";"Crescente";"Ceu Claro";"Simples";"Reta";"Nao";213578;"Caminhao-trator";"I/M.BENZ";1987;"Testemunha";"Nao Informado";NA;"Nao Informado";0;0;0;0;"-14.87179633";"-40.87188721";"SR-BA";"DEL10/8";"UOP01/BA"
119550;262618;2018-03-20;"terca-feira";"00:20:00";"TO";153;153,4;"ARAGUAINA";"Sim";"Ingestao de alcool";1;"Colisao lateral";"Com Vitimas Feridas";"Plena Noite";"Decrescente";"Nublado";"Simples";"Curva";"Nao";215397;"Caminhao-trator";"VOLVO/FH 460 6X2T";2013;"Condutor";"Ileso";61;"Masculino";1;0;0;0;"-7.272882";"-48.266262";"SR-TO";"UOP04/TO";""
119550;262606;2018-03-20;"terca-feira";"00:20:00";"TO";153;153,4;"ARAGUAINA";"Sim";"Ingestao de alcool";1;"Colisao lateral";"Com Vitimas Feridas";"Plena Noite";"Decrescente";"Nublado";"Simples";"Curva";"Nao";215387;"Motocicleta";"HONDA/POP100";2008;"Condutor";"Lesoes Graves";42;"Masculino";0;0;1;0;"-7.272882";"-48.266262";"SR-TO";"UOP04/TO";""
119556;260464;2018-01-25;"quinta-feira";"23:00:00";"PB";230;3,2;"CABEDELO";"Sim";"Ingestao de alcool";1;"Colisao frontal";"Com Vitimas Feridas";"Plena Noite";"Crescente";"Nublado";"Dupla";"Reta";"Sim";213594;"Automóvel";"GM/CORSA HATCH MAXX";2012;"Passageiro";"Lesoes Leves";24;"Feminino";0;1;0;0;"-6.99595905";"-34.8282373";"SR-PB";"DEL14/1";"UOP01/PB"
119556;260465;2018-01-25;"quinta-feira";"23:00:00";"PB";230;3,2;"CABEDELO";"Sim";"Ingestao de alcool";1;"Colisao frontal";"Com Vitimas Feridas";"Plena Noite";"Crescente";"Nublado";"Dupla";"Reta";"Sim";213595;"Camioneta";"I/HYUNDAI TUCSON GL 20L";2007;"Condutor";"Lesoes Leves";70;"Masculino";0;1;0;0;"-6.99595905";"-34.8282373";"SR-PB";"DEL14/1";"UOP01/PB"
119556;260466;2018-01-25;"quinta-feira";"23:00:00";"PB";230;3,2;"CABEDELO";"Sim";"Ingestao de alcool";1;"Colisao frontal";"Com Vitimas Feridas";"Plena Noite";"Crescente";"Nublado";"Dupla";"Reta";"Sim";213596;"Motocicleta";"HONDA/XRE 300";2014;"Condutor";"Lesoes Leves";37;"Masculino";0;1;0;0;"-6.99595905";"-34.8282373";"SR-PB";"DEL14/1";"UOP01/PB"
119556;260467;2018-01-25;"quinta-feira";"23:00:00";"PB";230;3,2;"CABEDELO";"Sim";"Ingestao de alcool";1;"Colisao frontal";"Com Vitimas Feridas";"Plena Noite";"Crescente";"Nublado";"Dupla";"Reta";"Sim";213594;"Automóvel";"GM/CORSA HATCH MAXX";2012;"Condutor";"Lesoes Graves";23;"Masculino";0;0;1;0;"-6.99595905";"-34.8282373";"SR-PB";"DEL14/1";"UOP01/PB"
119584;260899;2018-03-20;"terca-feira";"07:30:00";"PE";232;8,5;"RECIFE";"Sim";"Ingestao de alcool";1;"Engavetamento";"Sem Vitimas";"Pleno dia";"Decrescente";"Sol";"Dupla";"Reta";"Sim";213765;"Automóvel";"FIAT/PALIO ATTRACTIV 1.0";2012;"Condutor";"Ileso";68;"Masculino";1;0;0;0;"-8.075855";"-34.970215";"SR-PE";"DEL11/1";"UOP01/PE"
119584;260903;2018-03-20;"terca-feira";"07:30:00";"PE";232;8,5;"RECIFE";"Sim";"Ingestao de alcool";1;"Engavetamento";"Sem Vitimas";"Pleno dia";"Decrescente";"Sol";"Dupla";"Reta";"Sim";213766;"Caminhonete";"IMP/TOYOTA";1992;"Condutor";"Ileso";44;"Masculino";1;0;0;0;"-8.075855";"-34.970215";"SR-PE";"DEL11/1";"UOP01/PE"
119584;260908;2018-03-20;"terca-feira";"07:30:00";"PE";232;8,5;"RECIFE";"Sim";"Ingestao de alcool";1;"Engavetamento";"Sem Vitimas";"Pleno dia";"Decrescente";"Sol";"Dupla";"Reta";"Sim";213767;"Automóvel";"I/CHEVROLET CLASSIC LS";2016;"Condutor";"Ileso";37;"Feminino";1;0;0;0;"-8.075855";"-34.970215";"SR-PE";"DEL11/1";"UOP01/PE"
119584;260911;2018-03-20;"terca-feira";"07:30:00";"PE";232;8,5;"RECIFE";"Sim";"Ingestao de alcool";1;"Engavetamento";"Sem Vitimas";"Pleno dia";"Decrescente";"Sol";"Dupla";"Reta";"Sim";213768;"Automóvel";"";NA;"Condutor";"Nao Informado";NA;"Nao Informado";0;0;0;0;"-8.075855";"-34.970215";"SR-PE";"DEL11/1";"UOP01/PE"
119713;260861;2018-03-20;"terca-feira";"16:50:00";"MT";70;4;"BARRA DO GARCAS";"Sim";"Ingestao de alcool";1;"Colisao com objeto estatico";"Com Vitimas Feridas";"Pleno dia";"Decrescente";"Ceu Claro";"Multipla";"Rotatória";"Sim";213863;"Motocicleta";"YAMAHA/YS150 FAZER SED";2016;"Condutor";"Lesoes Graves";50;"Masculino";0;0;1;0;"-15.879057";"-52.285675";"SR-MT";"DEL2/8";"UOP01/MT"
119730;260894;2018-03-20;"terca-feira";"18:05:00";"AL";423;94;"DELMIRO GOUVEIA";"Sim";"Ingestao de alcool";1;"Colisao com objeto estatico";"Sem Vitimas";"Plena Noite";"Decrescente";"Ceu Claro";"Simples";"Reta";"Nao";213889;"Caminhao";"GM/CHEVROLET D60";1973;"Condutor";"Ileso";34;"Masculino";1;0;0;0;"-9.372638";"-38.105953";"SR-BA";"DEL10/7";"UOP01/BA"
119744;260930;2018-03-20;"terca-feira";"17:45:00";"MA";135;236,5;"PERITORO";"Sim";"Ingestao de alcool";1;"Colisao transversal";"Com Vitimas Fatais";"Anoitecer";"Crescente";"Ceu Claro";"Simples";"Curva";"Nao";213947;"Caminhonete";"FIAT/STRADA WORKING CD";2014;"Condutor";"Óbito";57;"Masculino";0;0;0;1;"-4.467181";"-44.371997";"SR-MA";"DEL18/3";"UOP01/MA"
119744;260959;2018-03-20;"terca-feira";"17:45:00";"MA";135;236,5;"PERITORO";"Sim";"Ingestao de alcool";1;"Colisao transversal";"Com Vitimas Fatais";"Anoitecer";"Crescente";"Ceu Claro";"Simples";"Curva";"Nao";213948;"Automóvel";"NISSAN/MARCH 16SL";2015;"Condutor";"Lesoes Graves";34;"Masculino";0;0;1;0;"-4.467181";"-44.371997";"SR-MA";"DEL18/3";"UOP01/MA"
119767;261089;2018-03-20;"terca-feira";"23:00:00";"SC";101;189,7;"BIGUACU";"Sim";"Ingestao de alcool";1;"Colisao com objeto estatico";"Com Vitimas Feridas";"Plena Noite";"Crescente";"Nublado";"Multipla";"Reta";"Nao";214070;"Automóvel";"RENAULT/KWID INTENS 10MT";2017;"Condutor";"Lesoes Leves";34;"Masculino";0;1;0;0;"-27.4683";"-48.6415";"SR-SC";"DEL8/1";"UOP01/SC"
119774;262742;2018-03-21;"quarta-feira";"00:40:00";"SC";101;158;"PORTO BELO";"Sim";"Ingestao de alcool";1;"Colisao com objeto estatico";"Sem Vitimas";"Plena Noite";"Crescente";"Nublado";"Dupla";"Reta";"Nao";214061;"Automóvel";"RENAULT/LOGAN EXP 1016V";2012;"Condutor";"Ileso";46;"Masculino";1;0;0;0;"-27.199";"-48.6146";"SR-SC";"DEL8/4";"UOP03/SC"
119774;262744;2018-03-21;"quarta-feira";"00:40:00";"SC";101;158;"PORTO BELO";"Sim";"Ingestao de alcool";1;"Colisao com objeto estatico";"Sem Vitimas";"Plena Noite";"Crescente";"Nublado";"Dupla";"Reta";"Nao";214062;"Caminhao";"M.BENZ/ATEGO 2425";2007;"Condutor";"Ileso";29;"Masculino";1;0;0;0;"-27.199";"-48.6146";"SR-SC";"DEL8/4";"UOP03/SC"
119774;262745;2018-03-21;"quarta-feira";"00:40:00";"SC";101;158;"PORTO BELO";"Sim";"Ingestao de alcool";1;"Colisao com objeto estatico";"Sem Vitimas";"Plena Noite";"Crescente";"Nublado";"Dupla";"Reta";"Nao";214064;"Caminhao";"VW/13.150";2001;"Condutor";"Ileso";25;"Masculino";1;0;0;0;"-27.199";"-48.6146";"SR-SC";"DEL8/4";"UOP03/SC"
119774;262740;2018-03-21;"quarta-feira";"00:40:00";"SC";101;158;"PORTO BELO";"Sim";"Ingestao de alcool";1;"Colisao com objeto estatico";"Sem Vitimas";"Plena Noite";"Crescente";"Nublado";"Dupla";"Reta";"Nao";214060;"Automóvel";"RENAULT/LOGAN EXP 1016V";2007;"Condutor";"Ileso";31;"Masculino";1;0;0;0;"-27.199";"-48.6146";"SR-SC";"DEL8/4";"UOP03/SC"
119802;261234;2018-03-21;"quarta-feira";"06:45:00";"RN";101;106,4;"PARNAMIRIM";"Sim";"Ingestao de alcool";1;"Colisao frontal";"Sem Vitimas";"Pleno dia";"Decrescente";"Ceu Claro";"Dupla";"Reta";"Sim";214177;"Automóvel";"FIAT/DOBLO ATTRACTIV 1.4";2013;"Condutor";"Ileso";39;"Masculino";1;0;0;0;"-5.910553";"-35.261307";"SR-RN";"DEL15/1";"UOP01/RN"
119802;261235;2018-03-21;"quarta-feira";"06:45:00";"RN";101;106,4;"PARNAMIRIM";"Sim";"Ingestao de alcool";1;"Colisao frontal";"Sem Vitimas";"Pleno dia";"Decrescente";"Ceu Claro";"Dupla";"Reta";"Sim";214178;"Caminhonete";"FIAT/DUCATO MAXICARGO";2014;"Condutor";"Ileso";32;"Masculino";1;0;0;0;"-5.910553";"-35.261307";"SR-RN";"DEL15/1";"UOP01/RN"
119802;261236;2018-03-21;"quarta-feira";"06:45:00";"RN";101;106,4;"PARNAMIRIM";"Sim";"Ingestao de alcool";1;"Colisao frontal";"Sem Vitimas";"Pleno dia";"Decrescente";"Ceu Claro";"Dupla";"Reta";"Sim";214179;"Caminhao";"FORD/F4000 TURBO 4BT";1998;"Condutor";"Ileso";54;"Masculino";1;0;0;0;"-5.910553";"-35.261307";"SR-RN";"DEL15/1";"UOP01/RN"
119837;261140;2018-03-14;"quarta-feira";"05:15:00";"SC";101;116,3;"ITAJAI";"Sim";"Ingestao de alcool";1;"Saida de leito carrocavel";"Sem Vitimas";"Amanhecer";"Crescente";"Garoa/Chuvisco";"Dupla";"Reta";"Sim";214106;"Automóvel";"RENAULT/SANDERO EXP 16";2010;"Condutor";"Ileso";23;"Masculino";1;0;0;0;"-26.8877";"-48.7222";"SR-SC";"DEL8/4";"UOP04/SC"
119915;262114;2018-03-21;"quarta-feira";"17:20:00";"MG";40;745,7;"SANTOS DUMONT";"Sim";"Ingestao de alcool";1;"Tombamento";"Com Vitimas Feridas";"Pleno dia";"Crescente";"Chuva";"Simples";"Reta";"Sim";214423;"Caminhao-trator";"M.BENZ/ATRON 1635 S";2012;"Condutor";"Lesoes Leves";66;"Masculino";0;1;0;0;"-21.46217514";"-43.56224477";"SR-MG";"DEL4/5";"UOP01/MG"