"id";"pesid";"data_inversa";"dia_semana";"horario";"uf";"br";"km";"municipio";"causa_principal";"causa_acidente";"ordem_tipo_acidente";"tipo_acidente";"classificacao_acidente";"fase_dia";"sentido_via";"condicao_metereologica";"tipo_pista";"tracado_via";"uso_solo";"id_veiculo";"tipo_veiculo";"marca";"ano_fabricacao_veiculo";"tipo_envolvido";"estado_fisico";"idade";"sexo";"ilesos";"feridos_leves";"feridos_graves";"mortos";"latitude";"longitude";"regional";"delegacia";"uop"
119952;263320;2018-03-21;"quarta-feira";"16:40:00";"PR";373;174,1;"PONTA GROSSA";"Sim";"Ingestao de alcool";1;"Colisao com objeto estatico";"Sem Vitimas";"Pleno dia";"Decrescente";"Chuva";"Dupla";"Reta";"Sim";214352;"Automóvel";"VW/GOL 16V";1999;"Condutor";"Ileso";59;"Masculino";1;0;0;0;"-25.076578";"-50.20958";"SR-PR";"DEL7/3";"UOP01/PR"
119978;274554;2018-03-21;"quarta-feira";"22:20:00";"PA";316;15;"MARITUBA";"Sim";"Ingestao de alcool";1;"Colisao traseira";"Sem Vitimas";"Plena Noite";"Decrescente";"Ceu Claro";"Dupla";"Reta";"Sim";214440;"Automóvel";"CHEVROLET/ONIX 1.4MT LT";2014;"Condutor";"Ileso";31;"Masculino";1;0;0;0;"-1.36729255";"-48.32567096";"SR-PA";"DEL19/1";"UOP01/PA"
119978;274559;2018-03-21;"quarta-feira";"22:20:00";"PA";316;15;"MARITUBA";"Sim";"Ingestao de alcool";1;"Colisao traseira";"Sem Vitimas";"Plena Noite";"Decrescente";"Ceu Claro";"Dupla";"Reta";"Sim";214441;"Automóvel";"CHEVROLET/ONIX 1.0MT LT";2017;"Condutor";"Ileso";34;"Masculino";1;0;0;0;"-1.36729255";"-48.32567096";"SR-PA";"DEL19/1";"UOP01/PA"
119992;263261;2018-03-21;"quarta-feira";"23:15:00";"PR";369;155;"LONDRINA";"Nao";"Ingestao de alcool";1;"Colisao traseira";"Com Vitimas Feridas";"Plena Noite";"Crescente";"Ceu Claro";"Dupla";"Reta";"Sim";214431;"Automóvel";"FORD/FIESTA FLEX";2008;"Passageiro";"Lesoes Leves";24;"Feminino";0;1;0;0;"-23.2930719";"-51.2210083";"SR-PR";"DEL7/7";"UOP01/PR"
119992;263244;2018-03-21;"quarta-feira";"23:15:00";"PR";369;155;"LONDRINA";"Nao";"Ingestao de alcool";1;"Colisao traseira";"Com Vitimas Feridas";"Plena Noite";"Crescente";"Ceu Claro";"Dupla";"Reta";"Sim";214430;"Automóvel";"PEUGEOT/207HB XR";2011;"Condutor";"Lesoes Leves";43;"Masculino";0;1;0;0;"-23.2930719";"-51.2210083";"SR-PR";"DEL7/7";"UOP01/PR"
119992;263257;2018-03-21;"quarta-feira";"23:15:00";"PR";369;155;"LONDRINA";"Nao";"Ingestao de alcool";1;"Colisao traseira";"Com Vitimas Feridas";"Plena Noite";"Crescente";"Ceu Claro";"Dupla";"Reta";"Sim";214431;"Automóvel";"FORD/FIESTA FLEX";2008;"Condutor";"Lesoes Leves";36;"Masculino";0;1;0;0;"-23.2930719";"-51.2210083";"SR-PR";"DEL7/7";"UOP01/PR"
119992;263260;2018-03-21;"quarta-feira";"23:15:00";"PR";369;155;"LONDRINA";"Nao";"Ingestao de alcool";1;"Colisao traseira";"Com Vitimas Feridas";"Plena Noite";"Crescente";"Ceu Claro";"Dupla";"Reta";"Sim";214431;"Automóvel";"FORD/FIESTA FLEX";2008;"Passageiro";"Lesoes Leves";18;"Feminino";0;1;0;0;"-23.2930719";"-51.2210083";"SR-PR";"DEL7/7";"UOP01/PR"
120008;263133;2018-03-22;"quinta-feira";"06:00:00";"RS";116;308,9;"GUAIBA";"Nao";"Ingestao de alcool";1;"Colisao frontal";"Com Vitimas Feridas";"Amanhecer";"Decrescente";"Ceu Claro";"Simples";"Nao Informado";"Nao";214497;"Automóvel";"CHEVROLET/CLASSIC LS";2012;"Condutor";"Lesoes Leves";42;"Masculino";0;1;0;0;"-30.2018538";"-51.3999753";"SR-RS";"DEL9/2";"UOP01/RS"
120008;263136;2018-03-22;"quinta-feira";"06:00:00";"RS";116;308,9;"GUAIBA";"Nao";"Ingestao de alcool";1;"Colisao frontal";"Com Vitimas Feridas";"Amanhecer";"Decrescente";"Ceu Claro";"Simples";"Nao Informado";"Nao";214498;"Caminhao-trator";"DAF/CF85 FTS 410A";2017;"Testemunha";"Nao Informado";NA;"Nao Informado";0;0;0;0;"-30.2018538";"-51.3999753";"SR-RS";"DEL9/2";"UOP01/RS"
120008;263134;2018-03-22;"quinta-feira";"06:00:00";"RS";116;308,9;"GUAIBA";"Nao";"Ingestao de alcool";1;"Colisao frontal";"Com Vitimas Feridas";"Amanhecer";"Decrescente";"Ceu Claro";"Simples";"Nao Informado";"Nao";214498;"Caminhao-trator";"DAF/CF85 FTS 410A";2017;"Condutor";"Ileso";57;"Masculino";1;0;0;0;"-30.2018538";"-51.3999753";"SR-RS";"DEL9/2";"UOP01/RS"
120014;261744;2018-03-22;"quinta-feira";"06:47:00";"PB";230;27;"JOAO PESSOA";"Sim";"Ingestao de alcool";1;"Colisao com objeto estatico";"Com Vitimas Feridas";"Pleno dia";"Crescente";"Ceu Claro";"Dupla";"Reta";"Sim";214618;"Motocicleta";"HONDA/NXR160 BROS ESDD";2016;"Condutor";"Lesoes Leves";30;"Feminino";0;1;0;0;"-7.1677";"-34.8855";"SR-PB";"DEL14/1";"UOP01/PB"
120117;261800;2018-02-17;"sabado";"17:35:00";"RR";174;450;"MUCAJAI";"Sim";"Ingestao de alcool";1;"Colisao transversal";"Sem Vitimas";"Pleno dia";"Crescente";"Ceu Claro";"Simples";"Intersecao de vias";"Sim";214652;"Caminhonete";"MMC/L200 TRITON GLX D";2016;"Condutor";"Ileso";36;"Masculino";1;0;0;0;"2.4563";"-60.9184";"SR-RR";"UOP01/RR";""
120117;261801;2018-02-17;"sabado";"17:35:00";"RR";174;450;"MUCAJAI";"Sim";"Ingestao de alcool";1;"Colisao transversal";"Sem Vitimas";"Pleno dia";"Crescente";"Ceu Claro";"Simples";"Intersecao de vias";"Sim";214653;"Automóvel";"VW/GOL 1.0 GIV";2009;"Condutor";"Ileso";26;"Masculino";1;0;0;0;"2.4563";"-60.9184";"SR-RR";"UOP01/RR";""
120129;261810;2018-02-10;"sabado";"16:45:00";"PB";230;156,8;"CAMPINA GRANDE";"Sim";"Ingestao de alcool";1;"Colisao com objeto estatico";"Com Vitimas Feridas";"Pleno dia";"Crescente";"Nublado";"Simples";"Reta";"Sim";214660;"Motocicleta";"I/SHINERAY";NA;"Passageiro";"Lesoes Leves";51;"Masculino";0;1;0;0;"-7.26505993";"-35.91868008";"SR-PB";"DEL14/2";"UOP01/PB"
120129;261809;2018-02-10;"sabado";"16:45:00";"PB";230;156,8;"CAMPINA GRANDE";"Sim";"Ingestao de alcool";1;"Colisao com objeto estatico";"Com Vitimas Feridas";"Pleno dia";"Crescente";"Nublado";"Simples";"Reta";"Sim";214660;"Motocicleta";"I/SHINERAY";NA;"Condutor";"Lesoes Leves";28;"Masculino";0;1;0;0;"-7.26505993";"-35.91868008";"SR-PB";"DEL14/2";"UOP01/PB"
120208;263846;2018-03-22;"quinta-feira";"22:15:00";"SC";101;217;"PALHOCA";"Sim";"Ingestao de alcool";1;"Colisao traseira";"Sem Vitimas";"Plena Noite";"Decrescente";"Ceu Claro";"Multipla";"Reta";"Sim";214866;"Automóvel";"I/HYUNDAI I30 2.0";2010;"Condutor";"Ileso";24;"Masculino";1;0;0;0;"-27.6771";"-48.67";"SR-SC";"DEL8/1";"UOP02/SC"
120208;263849;2018-03-22;"quinta-feira";"22:15:00";"SC";101;217;"PALHOCA";"Sim";"Ingestao de alcool";1;"Colisao traseira";"Sem Vitimas";"Plena Noite";"Decrescente";"Ceu Claro";"Multipla";"Reta";"Sim";214870;"Automóvel";"FORD/ESCORT L";1992;"Condutor";"Ileso";25;"Masculino";1;0;0;0;"-27.6771";"-48.67";"SR-SC";"DEL8/1";"UOP02/SC"
120226;262075;2018-03-23;"sexta-feira";"04:40:00";"SC";101;211;"PALHOCA";"Sim";"Ingestao de alcool";1;"Colisao com objeto estatico";"Com Vitimas Fatais";"Plena Noite";"Crescente";"Ceu Claro";"Dupla";"Reta";"Nao";214907;"Automóvel";"RENAULT/CLIO RT 1.6 16V";2001;"Condutor";"Óbito";24;"Masculino";0;0;0;1;"-27.6301";"-48.659";"SR-SC";"DEL8/1";"UOP02/SC"
120227;265403;2018-03-23;"sexta-feira";"05:00:00";"PR";369;37,5;"ANDIRA";"Sim";"Ingestao de alcool";1;"Colisao traseira";"Com Vitimas Feridas";"Plena Noite";"Crescente";"Ceu Claro";"Dupla";"Reta";"Sim";217653;"Caminhonete";"PEUGEOT/BOXER RONTAN AMB";2012;"Condutor";"Ileso";30;"Masculino";1;0;0;0;"-23.06457043";"-50.25283813";"SR-PR";"DEL7/7";"UOP06/PR"
120227;265404;2018-03-23;"sexta-feira";"05:00:00";"PR";369;37,5;"ANDIRA";"Sim";"Ingestao de alcool";1;"Colisao traseira";"Com Vitimas Feridas";"Plena Noite";"Crescente";"Ceu Claro";"Dupla";"Reta";"Sim";217646;"Automóvel";"VW/GOL CL";1989;"Passageiro";"Ileso";28;"Feminino";1;0;0;0;"-23.06457043";"-50.25283813";"SR-PR";"DEL7/7";"UOP06/PR"
120227;265409;2018-03-23;"sexta-feira";"05:00:00";"PR";369;37,5;"ANDIRA";"Sim";"Ingestao de alcool";1;"Colisao traseira";"Com Vitimas Feridas";"Plena Noite";"Crescente";"Ceu Claro";"Dupla";"Reta";"Sim";217646;"Automóvel";"VW/GOL CL";1989;"Passageiro";"Ileso";NA;"Ignorado";1;0;0;0;"-23.06457043";"-50.25283813";"SR-PR";"DEL7/7";"UOP06/PR"
120227;265399;2018-03-23;"sexta-feira";"05:00:00";"PR";369;37,5;"ANDIRA";"Sim";"Ingestao de alcool";1;"Colisao traseira";"Com Vitimas Feridas";"Plena Noite";"Crescente";"Ceu Claro";"Dupla";"Reta";"Sim";217646;"Automóvel";"VW/GOL CL";1989;"Condutor";"Lesoes Leves";26;"Masculino";0;1;0;0;"-23.06457043";"-50.25283813";"SR-PR";"DEL7/7";"UOP06/PR"
120260;263987;2018-03-23;"sexta-feira";"06:30:00";"MT";163;873;"SINOP";"Sim";"Ingestao de alcool";1;"Saida de leito carrocavel";"Sem Vitimas";"Amanhecer";"Crescente";"Ceu Claro";"Simples";"Desvio Temporario";"Nao";216550;"Caminhao-trator";"SCANIA/R 480 A6X4";2012;"Condutor";"Ileso";44;"Masculino";1;0;0;0;"-11.54234591";"-55.39450407";"SR-MT";"DEL2/6";"UOP02/MT"
120292;262291;2018-03-23;"sexta-feira";"09:30:00";"RO";364;335;"JI-PARANA";"Sim";"Ingestao de alcool";1;"Colisao traseira";"Sem Vitimas";"Pleno dia";"Crescente";"Sol";"Simples";"Reta";"Nao";215082;"Automóvel";"TOYOTA/COROLLA XLI16VVT";2003;"Condutor";"Ileso";33;"Masculino";1;0;0;0;"-10.944271";"-61.929101";"SR-RO";"DEL21/2";"UOP01/RO"
120292;262293;2018-03-23;"sexta-feira";"09:30:00";"RO";364;335;"JI-PARANA";"Sim";"Ingestao de alcool";1;"Colisao traseira";"Sem Vitimas";"Pleno dia";"Crescente";"Sol";"Simples";"Reta";"Nao";215082;"Automóvel";"TOYOTA/COROLLA XLI16VVT";2003;"Passageiro";"Ileso";20;"Feminino";1;0;0;0;"-10.944271";"-61.929101";"SR-RO";"DEL21/2";"UOP01/RO"
120292;262296;2018-03-23;"sexta-feira";"09:30:00";"RO";364;335;"JI-PARANA";"Sim";"Ingestao de alcool";1;"Colisao traseira";"Sem Vitimas";"Pleno dia";"Crescente";"Sol";"Simples";"Reta";"Nao";215083;"Motocicleta";"HONDA/NXR150 BROS ES";2006;"Condutor";"Ileso";47;"Masculino";1;0;0;0;"-10.944271";"-61.929101";"SR-RO";"DEL21/2";"UOP01/RO"
120406;264189;2018-03-23;"sexta-feira";"19:00:00";"SC";101;197;"BIGUACU";"Nao";"Ingestao de alcool";1;"Colisao traseira";"Com Vitimas Feridas";"Plena Noite";"Crescente";"Chuva";"Dupla";"Nao Informado";"Sim";215362;"Automóvel";"I/VW GOLF VARIANT HL AA";2015;"Condutor";"Ileso";44;"Masculino";1;0;0;0;"-27.51885732";"-48.63822249";"SR-SC";"DEL8/1";"UOP01/SC"
120406;264196;2018-03-23;"sexta-feira";"19:00:00";"SC";101;197;"BIGUACU";"Nao";"Ingestao de alcool";1;"Colisao traseira";"Com Vitimas Feridas";"Plena Noite";"Crescente";"Chuva";"Dupla";"Nao Informado";"Sim";215363;"Motocicleta";"HONDA/CG 150 TITAN KS";2004;"Condutor";"Lesoes Leves";44;"Masculino";0;1;0;0;"-27.51885732";"-48.63822249";"SR-SC";"DEL8/1";"UOP01/SC"
120418;262687;2018-03-23;"sexta-feira";"18:30:00";"MT";163;840;"SINOP";"Sim";"Ingestao de alcool";1;"Queda de ocupante de veiculo";"Com Vitimas Feridas";"Plena Noite";"Crescente";"Nublado";"Simples";"Reta";"Sim";215414;"Motocicleta";"YAMAHA/YBR125 FACTOR E";2015;"Condutor";"Lesoes Graves";55;"Masculino";0;0;1;0;"-11.82177919";"-55.48496962";"SR-MT";"DEL2/6";"UOP02/MT"
120423;264706;2018-03-23;"sexta-feira";"20:40:00";"RN";304;36,9;"MOSSORO";"Sim";"Ingestao de alcool";1;"Colisao lateral";"Com Vitimas Feridas";"Plena Noite";"Crescente";"Ceu Claro";"Dupla";"Reta";"Sim";215305;"Motoneta";"HONDA/BIZ 125 ES";2008;"Condutor";"Ileso";26;"Feminino";1;0;0;0;"-5.168547";"-37.355415";"SR-RN";"DEL15/4";"UOP02/RN"
120423;264707;2018-03-23;"sexta-feira";"20:40:00";"RN";304;36,9;"MOSSORO";"Sim";"Ingestao de alcool";1;"Colisao lateral";"Com Vitimas Feridas";"Plena Noite";"Crescente";"Ceu Claro";"Dupla";"Reta";"Sim";217052;"Bicicleta";"";NA;"Condutor";"Lesoes Leves";39;"Masculino";0;1;0;0;"-5.168547";"-37.355415";"SR-RN";"DEL15/4";"UOP02/RN"
120436;264426;2018-03-23;"sexta-feira";"21:10:00";"MG";381;858,8;"POUSO ALEGRE";"Nao";"Ingestao de alcool";1;"Saida de leito carrocavel";"Com Vitimas Feridas";"Plena Noite";"Decrescente";"Ceu Claro";"Dupla";"Reta";"Nao";215341;"Caminhonete";"FIAT/FIORINO FLEX";2012;"Condutor";"Lesoes Leves";45;"Masculino";0;1;0;0;"-22.3129147";"-45.90365499";"SR-MG";"DEL4/10";"UOP01/MG"
120440;264617;2018-03-23;"sexta-feira";"21:35:00";"GO";40;32;"LUZIANIA";"Sim";"Ingestao de alcool";1;"Capotamento";"Com Vitimas Feridas";"Plena Noite";"Crescente";"Nublado";"Dupla";"Reta";"Nao";216362;"Automóvel";"VW/FOX 1.0";2009;"Condutor";"Lesoes Leves";54;"Masculino";0;1;0;0;"-16.291947";"-47.852139";"SR-DF";"GO";"UOP01/DF"
120451;264236;2018-03-23;"sexta-feira";"19:30:00";"RO";319;62;"PORTO VELHO";"Nao";"Ingestao de alcool";1;"Atropelamento de Pedestre";"Com Vitimas Feridas";"Plena Noite";"Crescente";"Ceu Claro";"Dupla";"Reta";"Sim";216759;"Ônibus";"IVECO/COMIL SVELTO U";2015;"Pedestre";"Lesoes Leves";26;"Masculino";0;1;0;0;"-8.74365662";"-63.8848114";"SR-RO";"DEL21/1";"UOP01/RO"
120451;264249;2018-03-23;"sexta-feira";"19:30:00";"RO";319;62;"PORTO VELHO";"Nao";"Ingestao de alcool";1;"Atropelamento de Pedestre";"Com Vitimas Feridas";"Plena Noite";"Crescente";"Ceu Claro";"Dupla";"Reta";"Sim";216759;"Ônibus";"IVECO/COMIL SVELTO U";2015;"Testemunha";"Nao Informado";NA;"Nao Informado";0;0;0;0;"-8.74365662";"-63.8848114";"SR-RO";"DEL21/1";"UOP01/RO"
120451;264250;2018-03-23;"sexta-feira";"19:30:00";"RO";319;62;"PORTO VELHO";"Nao";"Ingestao de alcool";1;"Atropelamento de Pedestre";"Com Vitimas Feridas";"Plena Noite";"Crescente";"Ceu Claro";"Dupla";"Reta";"Sim";216759;"Ônibus";"IVECO/COMIL SVELTO U";2015;"Condutor";"Ileso";46;"Masculino";1;0;0;0;"-8.74365662";"-63.8848114";"SR-RO";"DEL21/1";"UOP01/RO"
120453;264535;2018-03-24;"sabado";"02:15:00";"MG";381;921;"CAMANDUCAIA";"Sim";"Ingestao de alcool";1;"Saida de leito carrocavel";"Com Vitimas Feridas";"Plena Noite";"Crescente";"Nublado";"Dupla";"Curva";"Nao";215267;"Motoneta";"HONDA/BIZ 125 ES";2012;"Condutor";"Lesoes Leves";42;"Masculino";0;1;0;0;"-22.7658";"-46.1763";"SR-MG";"DEL4/10";"UOP03/MG"
120453;264540;2018-03-24;"sabado";"02:15:00";"MG";381;921;"CAMANDUCAIA";"Sim";"Ingestao de alcool";1;"Saida de leito carrocavel";"Com Vitimas Feridas";"Plena Noite";"Crescente";"Nublado";"Dupla";"Curva";"Nao";215267;"Motoneta";"HONDA/BIZ 125 ES";2012;"Testemunha";"Nao Informado";NA;"Nao Informado";0;0;0;0;"-22.7658";"-46.1763";"SR-MG";"DEL4/10";"UOP03/MG"
120453;264546;2018-03-24;"sabado";"02:15:00";"MG";381;921;"CAMANDUCAIA";"Sim";"Ingestao de alcool";1;"Saida de leito carrocavel";"Com Vitimas Feridas";"Plena Noite";"Crescente";"Nublado";"Dupla";"Curva";"Nao";215267;"Motoneta";"HONDA/BIZ 125 ES";2012;"Testemunha";"Nao Informado";NA;"Nao Informado";0;0;0;0;"-22.7658";"-46.1763";"SR-MG";"DEL4/10";"UOP03/MG"
120453;264536;2018-03-24;"sabado";"02:15:00";"MG";381;921;"CAMANDUCAIA";"Sim";"Ingestao de alcool";1;"Saida de leito carrocavel";"Com Vitimas Feridas";"Plena Noite";"Crescente";"Nublado";"Dupla";"Curva";"Nao";215267;"Motoneta";"HONDA/BIZ 125 ES";2012;"Passageiro";"Lesoes Leves";27;"Masculino";0;1;0;0;"-22.7658";"-46.1763";"SR-MG";"DEL4/10";"UOP03/MG"
120465;263669;2018-03-24;"sabado";"02:40:00";"MS";163;600,1;"SAO GABRIEL DO OESTE";"Sim";"Ingestao de alcool";1;"Saida de leito carrocavel";"Com Vitimas Feridas";"Plena Noite";"Decrescente";"Ceu Claro";"Dupla";"Reta";"Nao";216329;"Caminhao-trator";"SCANIA/R 420 A6X4";2011;"Condutor";"Lesoes Leves";32;"Masculino";0;1;0;0;"-19.497798";"-54.478866";"SR-MS";"DEL3/6";"UOP02/MS"
120465;263672;2018-03-24;"sabado";"02:40:00";"MS";163;600,1;"SAO GABRIEL DO OESTE";"Sim";"Ingestao de alcool";1;"Saida de leito carrocavel";"Com Vitimas Feridas";"Plena Noite";"Decrescente";"Ceu Claro";"Dupla";"Reta";"Nao";216329;"Caminhao-trator";"SCANIA/R 420 A6X4";2011;"Passageiro";"Lesoes Leves";28;"Feminino";0;1;0;0;"-19.497798";"-54.478866";"SR-MS";"DEL3/6";"UOP02/MS"
120467;265947;2018-03-24;"sabado";"03:30:00";"SC";101;219,5;"PALHOCA";"Sim";"Ingestao de alcool";1;"Colisao com objeto estatico";"Sem Vitimas";"Plena Noite";"Crescente";"Chuva";"Multipla";"Reta";"Nao";215383;"Automóvel";"FIAT/UNO ELECTRONIC";1994;"Condutor";"Nao Informado";NA;"Nao Informado";0;0;0;0;"-27.693";"-48.6631";"SR-SC";"DEL8/1";"UOP02/SC"
120469;264681;2018-03-24;"sabado";"03:30:00";"SC";101;216,9;"PALHOCA";"Sim";"Ingestao de alcool";1;"Colisao com objeto estatico";"Sem Vitimas";"Plena Noite";"Crescente";"Chuva";"Multipla";"Reta";"Nao";215386;"Automóvel";"I/FORD FIESTA SE";2010;"Condutor";"Ileso";30;"Masculino";1;0;0;0;"-27.659815";"-48.677479";"SR-SC";"DEL8/1";"UOP02/SC"
120474;264220;2018-03-24;"sabado";"00:25:00";"PR";116;106;"SAO JOSE DOS PINHAIS";"Sim";"Ingestao de alcool";1;"Saida de leito carrocavel";"Sem Vitimas";"Plena Noite";"Decrescente";"Chuva";"Dupla";"Reta";"Sim";215276;"Automóvel";"GM/CORSA CLASSIC";2002;"Condutor";"Ileso";40;"Masculino";1;0;0;0;"-25.5684592";"-49.18692827";"SR-PR";"DEL7/1";"UOP06/PR"
120475;264599;2018-03-24;"sabado";"03:25:00";"MS";163;284,5;"DOURADINA";"Sim";"Ingestao de alcool";1;"Saida de leito carrocavel";"Sem Vitimas";"Plena Noite";"Crescente";"Ceu Claro";"Simples";"Curva";"Nao";216969;"Automóvel";"I/GM CORSA SUPER";2000;"Passageiro";"Ileso";19;"Masculino";1;0;0;0;"-22.111024";"-54.585253";"SR-MS";"DEL3/4";"UOP01/MS"
120475;264598;2018-03-24;"sabado";"03:25:00";"MS";163;284,5;"DOURADINA";"Sim";"Ingestao de alcool";1;"Saida de leito carrocavel";"Sem Vitimas";"Plena Noite";"Crescente";"Ceu Claro";"Simples";"Curva";"Nao";216969;"Automóvel";"I/GM CORSA SUPER";2000;"Condutor";"Ileso";22;"Masculino";1;0;0;0;"-22.111024";"-54.585253";"SR-MS";"DEL3/4";"UOP01/MS"
120477;264184;2018-03-24;"sabado";"03:25:00";"PR";476;122;"CURITIBA";"Sim";"Ingestao de alcool";1;"Colisao com objeto estatico";"Com Vitimas Feridas";"Plena Noite";"Crescente";"Nublado";"Multipla";"Reta";"Sim";216720;"Motocicleta";"HONDA/CG 160 START";2017;"Condutor";"Lesoes Leves";24;"Masculino";0;1;0;0;"-25.38373525";"-49.24003601";"SR-PR";"DEL7/1";"UOP01/PR"
120477;264186;2018-03-24;"sabado";"03:25:00";"PR";476;122;"CURITIBA";"Sim";"Ingestao de alcool";1;"Colisao com objeto estatico";"Com Vitimas Feridas";"Plena Noite";"Crescente";"Nublado";"Multipla";"Reta";"Sim";216720;"Motocicleta";"HONDA/CG 160 START";2017;"Passageiro";"Lesoes Leves";20;"Feminino";0;1;0;0;"-25.38373525";"-49.24003601";"SR-PR";"DEL7/1";"UOP01/PR"
120481;266692;2018-03-24;"sabado";"01:00:00";"SC";470;121,9;"IBIRAMA";"Sim";"Ingestao de alcool";1;"Colisao frontal";"Com Vitimas Feridas";"Plena Noite";"Decrescente";"Nublado";"Simples";"Curva";"Nao";215287;"Automóvel";"GM/VECTRA GLS";1999;"Passageiro";"Lesoes Leves";49;"Masculino";0;1;0;0;"-27.09229386";"-49.52142119";"SR-SC";"DEL8/4";"UOP02/SC"
120481;266693;2018-03-24;"sabado";"01:00:00";"SC";470;121,9;"IBIRAMA";"Sim";"Ingestao de alcool";1;"Colisao frontal";"Com Vitimas Feridas";"Plena Noite";"Decrescente";"Nublado";"Simples";"Curva";"Nao";218706;"Caminhao";"SCANIA/P 250 B6X2";2012;"Condutor";"Ileso";51;"Masculino";1;0;0;0;"-27.09229386";"-49.52142119";"SR-SC";"DEL8/4";"UOP02/SC"
120481;266690;2018-03-24;"sabado";"01:00:00";"SC";470;121,9;"IBIRAMA";"Sim";"Ingestao de alcool";1;"Colisao frontal";"Com Vitimas Feridas";"Plena Noite";"Decrescente";"Nublado";"Simples";"Curva";"Nao";215287;"Automóvel";"GM/VECTRA GLS";1999;"Condutor";"Lesoes Leves";35;"Masculino";0;1;0;0;"-27.09229386";"-49.52142119";"SR-SC";"DEL8/4";"UOP02/SC"
120487;263653;2018-03-23;"sexta-feira";"22:40:00";"MG";364;21,8;"FRUTAL";"Sim";"Ingestao de alcool";1;"Saida de leito carrocavel";"Com Vitimas Feridas";"Plena Noite";"Decrescente";"Ceu Claro";"Simples";"Desvio Temporario";"Nao";215361;"Automóvel";"FIAT/UNO MILLE SX";1996;"Condutor";"Lesoes Leves";31;"Masculino";0;1;0;0;"-20.04499601";"-48.84743571";"SR-MG";"DEL4/18";"UOP01/MG"
120487;263673;2018-03-23;"sexta-feira";"22:40:00";"MG";364;21,8;"FRUTAL";"Sim";"Ingestao de alcool";1;"Saida de leito carrocavel";"Com Vitimas Feridas";"Plena Noite";"Decrescente";"Ceu Claro";"Simples";"Desvio Temporario";"Nao";215361;"Automóvel";"FIAT/UNO MILLE SX";1996;"Passageiro";"Lesoes Leves";22;"Feminino";0;1;0;0;"-20.04499601";"-48.84743571";"SR-MG";"DEL4/18";"UOP01/MG"
120492;262786;2018-03-24;"sabado";"05:00:00";"SP";116;219;"GUARULHOS";"Sim";"Ingestao de alcool";1;"Atropelamento de Pedestre";"Sem Vitimas";"Amanhecer";"Crescente";"Nublado";"Dupla";"Curva";"Sim";215561;"Automóvel";"GM/PRISMA JOY";2009;"Condutor";"Ileso";23;"Masculino";1;0;0;0;"-23.4981809";"-46.4099407";"SR-SP";"DEL6/1";"UOP01/SP"
120499;263345;2018-03-24;"sabado";"05:30:00";"MT";364;502,2;"JANGADA";"Sim";"Ingestao de alcool";1;"Colisao traseira";"Com Vitimas Feridas";"Amanhecer";"Crescente";"Ceu Claro";"Dupla";"Reta";"Sim";215644;"Caminhao-trator";"IVECO/STRALIS 800S48TZ";2013;"Condutor";"Ileso";58;"Masculino";1;0;0;0;"-15.241585";"-56.483437";"SR-MT";"DEL2/4";"UOP02/MT"
120499;263350;2018-03-24;"sabado";"05:30:00";"MT";364;502,2;"JANGADA";"Sim";"Ingestao de alcool";1;"Colisao traseira";"Com Vitimas Feridas";"Amanhecer";"Crescente";"Ceu Claro";"Dupla";"Reta";"Sim";215645;"Automóvel";"I/BMW 320I 3B11";2013;"Condutor";"Lesoes Leves";31;"Masculino";0;1;0;0;"-15.241585";"-56.483437";"SR-MT";"DEL2/4";"UOP02/MT"
120502;264025;2018-03-24;"sabado";"01:05:00";"PR";277;344,1;"GUARAPUAVA";"Sim";"Ingestao de alcool";1;"Saida de leito carrocavel";"Sem Vitimas";"Plena Noite";"Crescente";"Nublado";"Simples";"Intersecao de vias";"Sim";216582;"Automóvel";"GM/CORSA CLASSIC";2002;"Condutor";"Ileso";39;"Masculino";1;0;0;0;"-25.36552066";"-51.47880077";"SR-PR";"DEL7/3";"UOP02/PR"
120517;262589;2018-03-24;"sabado";"05:00:00";"RJ";116;318;"ITATIAIA";"Sim";"Ingestao de alcool";1;"Colisao traseira";"Sem Vitimas";"Amanhecer";"Crescente";"Sol";"Simples";"Reta";"Sim";215357;"Ônibus";"VW/COMIL VERSATILE R";2013;"Condutor";"Ileso";62;"Masculino";1;0;0;0;"-22.467085";"-44.500671";"SR-RJ";"DEL5/7";"UOP03/RJ"
120517;262588;2018-03-24;"sabado";"05:00:00";"RJ";116;318;"ITATIAIA";"Sim";"Ingestao de alcool";1;"Colisao traseira";"Sem Vitimas";"Amanhecer";"Crescente";"Sol";"Simples";"Reta";"Sim";215351;"Automóvel";"FORD/KA";2007;"Condutor";"Ileso";20;"Masculino";1;0;0;0;"-22.467085";"-44.500671";"SR-RJ";"DEL5/7";"UOP03/RJ"
120538;265352;2018-03-24;"sabado";"05:40:00";"PE";423;83,2;"JUCATI";"Sim";"Ingestao de alcool";1;"Colisao frontal";"Sem Vitimas";"Amanhecer";"Crescente";"Ceu Claro";"Simples";"Reta";"Nao";215390;"Caminhonete";"FIAT/STRADA ADVENT FLEX";2006;"Condutor";"Ileso";27;"Masculino";1;0;0;0;"-8.79152067";"-36.43498778";"SR-PE";"DEL11/3";"UOP01/PE"