"id";"pesid";"data_inversa";"dia_semana";"horario";"uf";"br";"km";"municipio";"causa_principal";"causa_acidente";"ordem_tipo_acidente";"tipo_acidente";"classificacao_acidente";"fase_dia";"sentido_via";"condicao_metereologica";"tipo_pista";"tracado_via";"uso_solo";"id_veiculo";"tipo_veiculo";"marca";"ano_fabricacao_veiculo";"tipo_envolvido";"estado_fisico";"idade";"sexo";"ilesos";"feridos_leves";"feridos_graves";"mortos";"latitude";"longitude";"regional";"delegacia";"uop"
120538;265353;2018-03-24;"sabado";"05:40:00";"PE";423;83,2;"JUCATI";"Sim";"Ingestao de alcool";1;"Colisao frontal";"Sem Vitimas";"Amanhecer";"Crescente";"Ceu Claro";"Simples";"Reta";"Nao";215391;"Caminhonete";"FIAT/FIORINO FLEX";2013;"Condutor";"Ileso";45;"Masculino";1;0;0;0;"-8.79152067";"-36.43498778";"SR-PE";"DEL11/3";"UOP01/PE"
120547;262847;2018-03-24;"sabado";"09:00:00";"PE";101;132;"ESCADA";"Sim";"Ingestao de alcool";1;"Capotamento";"Sem Vitimas";"Pleno dia";"Crescente";"Ceu Claro";"Simples";"Reta";"Nao";215631;"Automóvel";"VW/GOL 1.6 POWER";2010;"Condutor";"Nao Informado";NA;"Nao Informado";0;0;0;0;"-8.408";"-35.2755";"SR-PE";"DEL11/1";"UOP03/PE"
120595;262816;2018-03-24;"sabado";"14:00:00";"SC";470;175;"POUSO REDONDO";"Sim";"Ingestao de alcool";1;"Colisao transversal";"Com Vitimas Feridas";"Pleno dia";"Crescente";"Sol";"Simples";"Reta";"Sim";215593;"Automóvel";"I/RENAULT CLIO AUT 10H3P";2012;"Condutor";"Ileso";70;"Masculino";1;0;0;0;"-27.2589512";"-49.9246177";"SR-SC";"DEL8/4";"UOP02/SC"
120595;264928;2018-03-24;"sabado";"14:00:00";"SC";470;175;"POUSO REDONDO";"Sim";"Ingestao de alcool";1;"Colisao transversal";"Com Vitimas Feridas";"Pleno dia";"Crescente";"Sol";"Simples";"Reta";"Sim";215591;"Motocicleta";"HONDA/XRE 300";2012;"Condutor";"Lesoes Leves";21;"Masculino";0;1;0;0;"-27.2589512";"-49.9246177";"SR-SC";"DEL8/4";"UOP02/SC"
120636;262837;2018-03-24;"sabado";"16:35:00";"RS";116;241;"NOVO HAMBURGO";"Nao";"Ingestao de alcool";1;"Colisao com objeto estatico";"Sem Vitimas";"Pleno dia";"Crescente";"Chuva";"Dupla";"Reta";"Sim";215612;"Automóvel";"FIAT/PALIO EDX";1996;"Condutor";"Ileso";47;"Masculino";1;0;0;0;"-29.70692502";"-51.14708662";"SR-RS";"DEL9/1";"UOP02/RS"
120636;262839;2018-03-24;"sabado";"16:35:00";"RS";116;241;"NOVO HAMBURGO";"Nao";"Ingestao de alcool";1;"Colisao com objeto estatico";"Sem Vitimas";"Pleno dia";"Crescente";"Chuva";"Dupla";"Reta";"Sim";215613;"Automóvel";"VW/QUANTUM GL 2000";1993;"Condutor";"Ileso";25;"Masculino";1;0;0;0;"-29.70692502";"-51.14708662";"SR-RS";"DEL9/1";"UOP02/RS"
120641;262815;2018-03-24;"sabado";"15:15:00";"SC";163;82,6;"GUARACIABA";"Sim";"Ingestao de alcool e/ou substâncias psicoativas pelo pedestre";1;"Saida de leito carrocavel";"Com Vitimas Feridas";"Pleno dia";"Crescente";"Chuva";"Simples";"Curva";"Nao";215587;"Motocicleta";"HONDA/CG 125 TITAN";1997;"Condutor";"Lesoes Leves";36;"Masculino";0;1;0;0;"-26.632759";"-53.51857";"SR-SC";"DEL8/8";"UOP03/SC"
120645;262851;2018-03-24;"sabado";"17:30:00";"DF";70;17;"BRASILIA";"Sim";"Ingestao de alcool";1;"Colisao com objeto estatico";"Sem Vitimas";"Pleno dia";"Crescente";"Nublado";"Dupla";"Reta";"Nao";215635;"Automóvel";"CHEV/PRISMA 1.4MT LTZ";2013;"Condutor";"Ileso";54;"Masculino";1;0;0;0;"-15.794133";"-48.202095";"SR-DF";"DF";"UOP06/DF"
120645;262858;2018-03-24;"sabado";"17:30:00";"DF";70;17;"BRASILIA";"Sim";"Ingestao de alcool";1;"Colisao com objeto estatico";"Sem Vitimas";"Pleno dia";"Crescente";"Nublado";"Dupla";"Reta";"Nao";215635;"Automóvel";"CHEV/PRISMA 1.4MT LTZ";2013;"Passageiro";"Ileso";20;"Feminino";1;0;0;0;"-15.794133";"-48.202095";"SR-DF";"DF";"UOP06/DF"
120645;262856;2018-03-24;"sabado";"17:30:00";"DF";70;17;"BRASILIA";"Sim";"Ingestao de alcool";1;"Colisao com objeto estatico";"Sem Vitimas";"Pleno dia";"Crescente";"Nublado";"Dupla";"Reta";"Nao";215635;"Automóvel";"CHEV/PRISMA 1.4MT LTZ";2013;"Passageiro";"Ileso";44;"Feminino";1;0;0;0;"-15.794133";"-48.202095";"SR-DF";"DF";"UOP06/DF"
120653;262932;2018-03-24;"sabado";"18:20:00";"PE";407;124,1;"PETROLINA";"Sim";"Ingestao de alcool";1;"Atropelamento de Pedestre";"Com Vitimas Feridas";"Plena Noite";"Crescente";"Nublado";"Dupla";"Curva";"Sim";215693;"Automóvel";"GM/CELTA 4P SUPER";2006;"Condutor";"Ileso";27;"Masculino";1;0;0;0;"-9.37861241";"-40.53131104";"SR-PE";"DEL11/6";"UOP01/PE"
120653;264040;2018-03-24;"sabado";"18:20:00";"PE";407;124,1;"PETROLINA";"Sim";"Ingestao de alcool";1;"Atropelamento de Pedestre";"Com Vitimas Feridas";"Plena Noite";"Crescente";"Nublado";"Dupla";"Curva";"Sim";215693;"Automóvel";"GM/CELTA 4P SUPER";2006;"Pedestre";"Lesoes Leves";30;"Masculino";0;1;0;0;"-9.37861241";"-40.53131104";"SR-PE";"DEL11/6";"UOP01/PE"
120675;262993;2018-03-24;"sabado";"18:20:00";"MT";163;797,9;"SINOP";"Sim";"Ingestao de alcool";1;"Queda de ocupante de veiculo";"Com Vitimas Feridas";"Plena Noite";"Crescente";"Ceu Claro";"Simples";"Reta";"Nao";215731;"Motocicleta";"DAFRA/SPEED 150";2008;"Condutor";"Lesoes Leves";45;"Masculino";0;1;0;0;"-11.98290507";"-55.51254272";"SR-MT";"DEL2/6";"UOP01/MT"
120676;263013;2018-03-24;"sabado";"19:30:00";"SE";235;30,1;"AREIA BRANCA";"Sim";"Ingestao de alcool";1;"Colisao frontal";"Sem Vitimas";"Plena Noite";"Crescente";"Chuva";"Simples";"Curva";"Nao";215767;"Automóvel";"HYUNDAI/HB20 1.0M COMFOR";2015;"Condutor";"Ileso";27;"Masculino";1;0;0;0;"-10.77934847";"-37.2958374";"SR-SE";"DEL20/1";"UOP01/SE"
120676;263014;2018-03-24;"sabado";"19:30:00";"SE";235;30,1;"AREIA BRANCA";"Sim";"Ingestao de alcool";1;"Colisao frontal";"Sem Vitimas";"Plena Noite";"Crescente";"Chuva";"Simples";"Curva";"Nao";215768;"Automóvel";"GM/CORSA GL";1998;"Condutor";"Ileso";36;"Masculino";1;0;0;0;"-10.77934847";"-37.2958374";"SR-SE";"DEL20/1";"UOP01/SE"
120691;267005;2018-03-24;"sabado";"15:28:00";"MG";262;46,2;"MANHUACU";"Sim";"Ingestao de alcool";1;"Saida de leito carrocavel";"Com Vitimas Feridas";"Pleno dia";"Decrescente";"Ceu Claro";"Simples";"Curva";"Nao";215699;"Automóvel";"GM/KADETT SL EFI";1992;"Passageiro";"Lesoes Leves";1;"Feminino";0;1;0;0;"-20.263256";"-42.105717";"SR-MG";"DEL4/6";"UOP04/MG"
120691;267009;2018-03-24;"sabado";"15:28:00";"MG";262;46,2;"MANHUACU";"Sim";"Ingestao de alcool";1;"Saida de leito carrocavel";"Com Vitimas Feridas";"Pleno dia";"Decrescente";"Ceu Claro";"Simples";"Curva";"Nao";215699;"Automóvel";"GM/KADETT SL EFI";1992;"Passageiro";"Lesoes Leves";9;"Masculino";0;1;0;0;"-20.263256";"-42.105717";"SR-MG";"DEL4/6";"UOP04/MG"
120691;266998;2018-03-24;"sabado";"15:28:00";"MG";262;46,2;"MANHUACU";"Sim";"Ingestao de alcool";1;"Saida de leito carrocavel";"Com Vitimas Feridas";"Pleno dia";"Decrescente";"Ceu Claro";"Simples";"Curva";"Nao";215699;"Automóvel";"GM/KADETT SL EFI";1992;"Passageiro";"Lesoes Leves";0;"Feminino";0;1;0;0;"-20.263256";"-42.105717";"SR-MG";"DEL4/6";"UOP04/MG"
120691;267010;2018-03-24;"sabado";"15:28:00";"MG";262;46,2;"MANHUACU";"Sim";"Ingestao de alcool";1;"Saida de leito carrocavel";"Com Vitimas Feridas";"Pleno dia";"Decrescente";"Ceu Claro";"Simples";"Curva";"Nao";215699;"Automóvel";"GM/KADETT SL EFI";1992;"Passageiro";"Lesoes Leves";7;"Masculino";0;1;0;0;"-20.263256";"-42.105717";"SR-MG";"DEL4/6";"UOP04/MG"
120691;267000;2018-03-24;"sabado";"15:28:00";"MG";262;46,2;"MANHUACU";"Sim";"Ingestao de alcool";1;"Saida de leito carrocavel";"Com Vitimas Feridas";"Pleno dia";"Decrescente";"Ceu Claro";"Simples";"Curva";"Nao";215699;"Automóvel";"GM/KADETT SL EFI";1992;"Passageiro";"Lesoes Leves";11;"Feminino";0;1;0;0;"-20.263256";"-42.105717";"SR-MG";"DEL4/6";"UOP04/MG"
120691;267012;2018-03-24;"sabado";"15:28:00";"MG";262;46,2;"MANHUACU";"Sim";"Ingestao de alcool";1;"Saida de leito carrocavel";"Com Vitimas Feridas";"Pleno dia";"Decrescente";"Ceu Claro";"Simples";"Curva";"Nao";215699;"Automóvel";"GM/KADETT SL EFI";1992;"Passageiro";"Lesoes Leves";5;"Masculino";0;1;0;0;"-20.263256";"-42.105717";"SR-MG";"DEL4/6";"UOP04/MG"
120691;266995;2018-03-24;"sabado";"15:28:00";"MG";262;46,2;"MANHUACU";"Sim";"Ingestao de alcool";1;"Saida de leito carrocavel";"Com Vitimas Feridas";"Pleno dia";"Decrescente";"Ceu Claro";"Simples";"Curva";"Nao";215699;"Automóvel";"GM/KADETT SL EFI";1992;"Condutor";"Lesoes Leves";33;"Masculino";0;1;0;0;"-20.263256";"-42.105717";"SR-MG";"DEL4/6";"UOP04/MG"
120696;262925;2018-03-24;"sabado";"19:40:00";"SC";470;49,8;"BLUMENAU";"Sim";"Ingestao de alcool";1;"Colisao traseira";"Sem Vitimas";"Plena Noite";"Decrescente";"Ceu Claro";"Simples";"Reta";"Nao";215685;"Caminhonete";"FIAT/STRADA WORKING";2013;"Condutor";"Ileso";71;"Masculino";1;0;0;0;"-26.860709";"-49.053454";"SR-SC";"DEL8/4";"UOP01/SC"
120696;262926;2018-03-24;"sabado";"19:40:00";"SC";470;49,8;"BLUMENAU";"Sim";"Ingestao de alcool";1;"Colisao traseira";"Sem Vitimas";"Plena Noite";"Decrescente";"Ceu Claro";"Simples";"Reta";"Nao";215686;"Automóvel";"HYUNDAI/CRETA 16A PULSE";2018;"Condutor";"Ileso";37;"Masculino";1;0;0;0;"-26.860709";"-49.053454";"SR-SC";"DEL8/4";"UOP01/SC"
120706;263021;2018-03-24;"sabado";"21:00:00";"ES";101;294;"CARIACICA";"Nao";"Ingestao de alcool";1;"Colisao com objeto estatico";"Com Vitimas Feridas";"Plena Noite";"Decrescente";"Chuva";"Dupla";"Nao Informado";"Sim";215783;"Automóvel";"FORD/FIESTA SEDAN";2004;"Condutor";"Lesoes Leves";36;"Masculino";0;1;0;0;"-20.31243302";"-40.39672852";"SR-ES";"DEL12/1";"UOP01/ES"
120706;263025;2018-03-24;"sabado";"21:00:00";"ES";101;294;"CARIACICA";"Nao";"Ingestao de alcool";1;"Colisao com objeto estatico";"Com Vitimas Feridas";"Plena Noite";"Decrescente";"Chuva";"Dupla";"Nao Informado";"Sim";215783;"Automóvel";"FORD/FIESTA SEDAN";2004;"Passageiro";"Lesoes Leves";13;"Masculino";0;1;0;0;"-20.31243302";"-40.39672852";"SR-ES";"DEL12/1";"UOP01/ES"
120706;263028;2018-03-24;"sabado";"21:00:00";"ES";101;294;"CARIACICA";"Nao";"Ingestao de alcool";1;"Colisao com objeto estatico";"Com Vitimas Feridas";"Plena Noite";"Decrescente";"Chuva";"Dupla";"Nao Informado";"Sim";215783;"Automóvel";"FORD/FIESTA SEDAN";2004;"Passageiro";"Lesoes Leves";34;"Feminino";0;1;0;0;"-20.31243302";"-40.39672852";"SR-ES";"DEL12/1";"UOP01/ES"
120706;263026;2018-03-24;"sabado";"21:00:00";"ES";101;294;"CARIACICA";"Nao";"Ingestao de alcool";1;"Colisao com objeto estatico";"Com Vitimas Feridas";"Plena Noite";"Decrescente";"Chuva";"Dupla";"Nao Informado";"Sim";215783;"Automóvel";"FORD/FIESTA SEDAN";2004;"Passageiro";"Lesoes Leves";4;"Masculino";0;1;0;0;"-20.31243302";"-40.39672852";"SR-ES";"DEL12/1";"UOP01/ES"
120707;264903;2018-03-24;"sabado";"21:20:00";"GO";60;91;"ANAPOLIS";"Sim";"Ingestao de alcool";1;"Colisao traseira";"Com Vitimas Fatais";"Plena Noite";"Crescente";"Nublado";"Dupla";"Nao Informado";"Sim";215764;"Automóvel";"FIAT/UNO S";1985;"Condutor";"Lesoes Leves";31;"Masculino";0;1;0;0;"-16.35257085";"-48.9181602";"SR-GO";"DEL1/2";"UOP01/GO"
120707;264901;2018-03-24;"sabado";"21:20:00";"GO";60;91;"ANAPOLIS";"Sim";"Ingestao de alcool";1;"Colisao traseira";"Com Vitimas Fatais";"Plena Noite";"Crescente";"Nublado";"Dupla";"Nao Informado";"Sim";215764;"Automóvel";"FIAT/UNO S";1985;"Passageiro";"Lesoes Leves";3;"Masculino";0;1;0;0;"-16.35257085";"-48.9181602";"SR-GO";"DEL1/2";"UOP01/GO"
120707;263007;2018-03-24;"sabado";"21:20:00";"GO";60;91;"ANAPOLIS";"Sim";"Ingestao de alcool";1;"Colisao traseira";"Com Vitimas Fatais";"Plena Noite";"Crescente";"Nublado";"Dupla";"Nao Informado";"Sim";215764;"Automóvel";"FIAT/UNO S";1985;"Passageiro";"Óbito";51;"Feminino";0;0;0;1;"-16.35257085";"-48.9181602";"SR-GO";"DEL1/2";"UOP01/GO"
120707;264896;2018-03-24;"sabado";"21:20:00";"GO";60;91;"ANAPOLIS";"Sim";"Ingestao de alcool";1;"Colisao traseira";"Com Vitimas Fatais";"Plena Noite";"Crescente";"Nublado";"Dupla";"Nao Informado";"Sim";215765;"Automóvel";"FIAT/PALIO 1.8 R FLEX";2006;"Condutor";"Lesoes Graves";44;"Masculino";0;0;1;0;"-16.35257085";"-48.9181602";"SR-GO";"DEL1/2";"UOP01/GO"
120711;264091;2018-03-24;"sabado";"20:25:00";"BA";116;422,2;"FEIRA DE SANTANA";"Sim";"Ingestao de alcool";1;"Colisao frontal";"Sem Vitimas";"Plena Noite";"Crescente";"Ceu Claro";"Simples";"Reta";"Sim";215800;"Automóvel";"VW/FUSCA 1600";1994;"Condutor";"Ileso";39;"Masculino";1;0;0;0;"-12.23070164";"-38.96634651";"SR-BA";"DEL10/2";"UOP01/BA"
120711;264093;2018-03-24;"sabado";"20:25:00";"BA";116;422,2;"FEIRA DE SANTANA";"Sim";"Ingestao de alcool";1;"Colisao frontal";"Sem Vitimas";"Plena Noite";"Crescente";"Ceu Claro";"Simples";"Reta";"Sim";215799;"Automóvel";"FIAT/SIENA 1.4 TETRAFUEL";2007;"Condutor";"Ileso";54;"Masculino";1;0;0;0;"-12.23070164";"-38.96634651";"SR-BA";"DEL10/2";"UOP01/BA"
120712;264958;2018-03-24;"sabado";"20:25:00";"MS";163;533;"JARAGUARI";"Sim";"Ingestao de alcool";1;"Colisao transversal";"Com Vitimas Feridas";"Plena Noite";"Decrescente";"Ceu Claro";"Dupla";"Reta";"Nao";215709;"Automóvel";"TOYOTA/COROLLA XEI18FLEX";2009;"Condutor";"Ileso";50;"Masculino";1;0;0;0;"-20.06183699";"-54.42212015";"SR-MS";"DEL3/1";"UOP02/MS"
120712;264959;2018-03-24;"sabado";"20:25:00";"MS";163;533;"JARAGUARI";"Sim";"Ingestao de alcool";1;"Colisao transversal";"Com Vitimas Feridas";"Plena Noite";"Decrescente";"Ceu Claro";"Dupla";"Reta";"Nao";215710;"Bicicleta";"";NA;"Condutor";"Lesoes Leves";56;"Masculino";0;1;0;0;"-20.06183699";"-54.42212015";"SR-MS";"DEL3/1";"UOP02/MS"
120722;263022;2018-03-24;"sabado";"21:40:00";"PB";230;25,5;"JOAO PESSOA";"Sim";"Ingestao de alcool";1;"Colisao lateral";"Sem Vitimas";"Plena Noite";"Decrescente";"Chuva";"Multipla";"Nao Informado";"Sim";215789;"Caminhonete";"FIAT/STRADA WORKING CD";2014;"Condutor";"Ileso";32;"Masculino";1;0;0;0;"-7.1707";"-34.8684";"SR-PB";"DEL14/1";"UOP01/PB"
120722;264747;2018-03-24;"sabado";"21:40:00";"PB";230;25,5;"JOAO PESSOA";"Sim";"Ingestao de alcool";1;"Colisao lateral";"Sem Vitimas";"Plena Noite";"Decrescente";"Chuva";"Multipla";"Nao Informado";"Sim";215789;"Caminhonete";"FIAT/STRADA WORKING CD";2014;"Testemunha";"Nao Informado";NA;"Nao Informado";0;0;0;0;"-7.1707";"-34.8684";"SR-PB";"DEL14/1";"UOP01/PB"
120722;263020;2018-03-24;"sabado";"21:40:00";"PB";230;25,5;"JOAO PESSOA";"Sim";"Ingestao de alcool";1;"Colisao lateral";"Sem Vitimas";"Plena Noite";"Decrescente";"Chuva";"Multipla";"Nao Informado";"Sim";215788;"Automóvel";"I/FIAT SIENA FIRE FLEX";2010;"Condutor";"Ileso";47;"Masculino";1;0;0;0;"-7.1707";"-34.8684";"SR-PB";"DEL14/1";"UOP01/PB"
120725;263010;2018-03-24;"sabado";"22:20:00";"PE";101;50;"ABREU E LIMA";"Sim";"Ingestao de alcool";1;"Colisao traseira";"Sem Vitimas";"Plena Noite";"Decrescente";"Nublado";"Multipla";"Reta";"Sim";215769;"Automóvel";"RENAULT/LOGAN AUT 1016V";2010;"Condutor";"Ileso";47;"Masculino";1;0;0;0;"-7.9148";"-34.8984";"SR-PE";"DEL11/1";"UOP02/PE"
120725;263011;2018-03-24;"sabado";"22:20:00";"PE";101;50;"ABREU E LIMA";"Sim";"Ingestao de alcool";1;"Colisao traseira";"Sem Vitimas";"Plena Noite";"Decrescente";"Nublado";"Multipla";"Reta";"Sim";215770;"Automóvel";"";NA;"Condutor";"Nao Informado";NA;"Nao Informado";0;0;0;0;"-7.9148";"-34.8984";"SR-PE";"DEL11/1";"UOP02/PE"
120731;263121;2018-03-24;"sabado";"22:50:00";"RJ";116;221,1;"PIRAI";"Sim";"Ingestao de alcool";1;"Colisao frontal";"Com Vitimas Feridas";"Plena Noite";"Crescente";"Ceu Claro";"Simples";"Curva";"Nao";215778;"Caminhao-trator";"IVECO/STRALIS 570S46T";2011;"Condutor";"Ileso";40;"Masculino";1;0;0;0;"-22.6663924";"-43.8434267";"SR-RJ";"DEL5/7";"UOP01/RJ"
120731;263112;2018-03-24;"sabado";"22:50:00";"RJ";116;221,1;"PIRAI";"Sim";"Ingestao de alcool";1;"Colisao frontal";"Com Vitimas Feridas";"Plena Noite";"Crescente";"Ceu Claro";"Simples";"Curva";"Nao";215777;"Automóvel";"VW/GOL 1.0";2010;"Condutor";"Lesoes Leves";60;"Masculino";0;1;0;0;"-22.6663924";"-43.8434267";"SR-RJ";"DEL5/7";"UOP01/RJ"
120734;263086;2018-03-24;"sabado";"23:55:00";"GO";153;437,5;"ANAPOLIS";"Sim";"Ingestao de alcool";1;"Queda de ocupante de veiculo";"Com Vitimas Feridas";"Pleno dia";"Crescente";"Garoa/Chuvisco";"Dupla";"Reta";"Sim";215838;"Motocicleta";"HONDA/CG 125 FAN ES";2011;"Condutor";"Lesoes Leves";31;"Masculino";0;1;0;0;"-16.280523";"-48.960049";"SR-GO";"DEL1/2";"UOP01/GO"
120734;263088;2018-03-24;"sabado";"23:55:00";"GO";153;437,5;"ANAPOLIS";"Sim";"Ingestao de alcool";1;"Queda de ocupante de veiculo";"Com Vitimas Feridas";"Pleno dia";"Crescente";"Garoa/Chuvisco";"Dupla";"Reta";"Sim";215838;"Motocicleta";"HONDA/CG 125 FAN ES";2011;"Testemunha";"Nao Informado";NA;"Nao Informado";0;0;0;0;"-16.280523";"-48.960049";"SR-GO";"DEL1/2";"UOP01/GO"
120742;263029;2018-03-24;"sabado";"22:20:00";"PR";277;309;"GUARAPUAVA";"Sim";"Ingestao de alcool";1;"Colisao traseira";"Com Vitimas Feridas";"Plena Noite";"Decrescente";"Garoa/Chuvisco";"Simples";"Reta";"Nao";215774;"Automóvel";"FIAT/PALIO FIRE";2002;"Condutor";"Lesoes Leves";48;"Masculino";0;1;0;0;"-25.30810587";"-51.21173859";"SR-PR";"DEL7/3";"UOP02/PR"
120742;263030;2018-03-24;"sabado";"22:20:00";"PR";277;309;"GUARAPUAVA";"Sim";"Ingestao de alcool";1;"Colisao traseira";"Com Vitimas Feridas";"Plena Noite";"Decrescente";"Garoa/Chuvisco";"Simples";"Reta";"Nao";215775;"Automóvel";"I/CHEVROLET MALIBU LTZ";2010;"Condutor";"Ileso";33;"Masculino";1;0;0;0;"-25.30810587";"-51.21173859";"SR-PR";"DEL7/3";"UOP02/PR"
120749;263208;2018-03-25;"domingo";"00:40:00";"MT";163;664,9;"LUCAS DO RIO VERDE";"Sim";"Ingestao de alcool";1;"Colisao frontal";"Com Vitimas Fatais";"Plena Noite";"Crescente";"Nublado";"Simples";"Reta";"Nao";215944;"Motocicleta";"HONDA/NXR150 BROS ESD";2009;"Condutor";"Óbito";33;"Masculino";0;0;0;1;"-13.3214759";"-56.04537964";"SR-MT";"DEL2/6";"UOP01/MT"
120749;265729;2018-03-25;"domingo";"00:40:00";"MT";163;664,9;"LUCAS DO RIO VERDE";"Sim";"Ingestao de alcool";1;"Colisao frontal";"Com Vitimas Fatais";"Plena Noite";"Crescente";"Nublado";"Simples";"Reta";"Nao";215945;"Caminhao-trator";"VOLVO/FH 540 6X4T";2013;"Condutor";"Ileso";42;"Masculino";1;0;0;0;"-13.3214759";"-56.04537964";"SR-MT";"DEL2/6";"UOP01/MT"
120753;263023;2018-03-25;"domingo";"00:45:00";"SC";101;142;"BALNEARIO CAMBORIU";"Sim";"Ingestao de alcool";1;"Colisao traseira";"Com Vitimas Feridas";"Plena Noite";"Decrescente";"Nublado";"Simples";"Reta";"Nao";215786;"Automóvel";"FORD/KA SE 1.5 HA";2015;"Condutor";"Ileso";28;"Feminino";1;0;0;0;"-27.0645";"-48.5958";"SR-SC";"DEL8/4";"UOP03/SC"
120753;263024;2018-03-25;"domingo";"00:45:00";"SC";101;142;"BALNEARIO CAMBORIU";"Sim";"Ingestao de alcool";1;"Colisao traseira";"Com Vitimas Feridas";"Plena Noite";"Decrescente";"Nublado";"Simples";"Reta";"Nao";215787;"Automóvel";"CHEV/PRISMA 1.4MT LT";2015;"Condutor";"Ileso";24;"Feminino";1;0;0;0;"-27.0645";"-48.5958";"SR-SC";"DEL8/4";"UOP03/SC"
120753;263027;2018-03-25;"domingo";"00:45:00";"SC";101;142;"BALNEARIO CAMBORIU";"Sim";"Ingestao de alcool";1;"Colisao traseira";"Com Vitimas Feridas";"Plena Noite";"Decrescente";"Nublado";"Simples";"Reta";"Nao";215787;"Automóvel";"CHEV/PRISMA 1.4MT LT";2015;"Passageiro";"Lesoes Leves";0;"Feminino";0;1;0;0;"-27.0645";"-48.5958";"SR-SC";"DEL8/4";"UOP03/SC"
120755;263932;2018-03-25;"domingo";"02:00:00";"PA";230;117;"MARABA";"Sim";"Ingestao de alcool";1;"Colisao transversal";"Com Vitimas Feridas";"Plena Noite";"Crescente";"Ceu Claro";"Dupla";"Reta";"Sim";215860;"Automóvel";"FORD/KA SE 1.0 HA B";2017;"Condutor";"Ileso";51;"Masculino";1;0;0;0;"-5.355693";"-49.090485";"SR-PA";"DEL19/3";"UOP01/PA"
120755;263938;2018-03-25;"domingo";"02:00:00";"PA";230;117;"MARABA";"Sim";"Ingestao de alcool";1;"Colisao transversal";"Com Vitimas Feridas";"Plena Noite";"Crescente";"Ceu Claro";"Dupla";"Reta";"Sim";215862;"Automóvel";"GM/ASTRA SEDAN CD";2002;"Condutor";"Nao Informado";NA;"Nao Informado";0;0;0;0;"-5.355693";"-49.090485";"SR-PA";"DEL19/3";"UOP01/PA"
120755;263937;2018-03-25;"domingo";"02:00:00";"PA";230;117;"MARABA";"Sim";"Ingestao de alcool";1;"Colisao transversal";"Com Vitimas Feridas";"Plena Noite";"Crescente";"Ceu Claro";"Dupla";"Reta";"Sim";215861;"Motoneta";"HONDA/BIZ 125 EX";2015;"Condutor";"Lesoes Leves";24;"Feminino";0;1;0;0;"-5.355693";"-49.090485";"SR-PA";"DEL19/3";"UOP01/PA"
120756;264974;2018-03-25;"domingo";"02:10:00";"MG";381;489;"BETIM";"Sim";"Ingestao de alcool";1;"Atropelamento de Pedestre";"Com Vitimas Feridas";"Plena Noite";"Decrescente";"Ceu Claro";"Multipla";"Reta";"Sim";215801;"Caminhonete";"CHEVROLET/MONTANA LS";2011;"Condutor";"Ileso";27;"Masculino";1;0;0;0;"-19.9563";"-44.1428";"SR-MG";"DEL4/1";"UOP03/MG"
120756;264962;2018-03-25;"domingo";"02:10:00";"MG";381;489;"BETIM";"Sim";"Ingestao de alcool";1;"Atropelamento de Pedestre";"Com Vitimas Feridas";"Plena Noite";"Decrescente";"Ceu Claro";"Multipla";"Reta";"Sim";215801;"Caminhonete";"CHEVROLET/MONTANA LS";2011;"Pedestre";"Lesoes Graves";30;"Masculino";0;0;1;0;"-19.9563";"-44.1428";"SR-MG";"DEL4/1";"UOP03/MG"
120757;265431;2018-03-25;"domingo";"01:50:00";"PR";277;71,9;"SAO JOSE DOS PINHAIS";"Sim";"Ingestao de alcool";1;"Saida de leito carrocavel";"Sem Vitimas";"Plena Noite";"Decrescente";"Nublado";"Dupla";"Reta";"Nao";215837;"Automóvel";"FIAT/PALIO FIRE";2003;"Condutor";"Ileso";39;"Masculino";1;0;0;0;"-25.50562903";"-49.14137363";"SR-PR";"DEL7/1";"UOP06/PR"
120758;263095;2018-03-25;"domingo";"02:40:00";"ES";101;68;"SAO MATEUS";"Sim";"Ingestao de alcool";1;"Queda de ocupante de veiculo";"Com Vitimas Feridas";"Plena Noite";"Decrescente";"Nublado";"Multipla";"Reta";"Sim";215848;"Motocicleta";"HONDA/CG 160 START";2016;"Condutor";"Lesoes Leves";20;"Masculino";0;1;0;0;"-18.720545";"-39.865883";"SR-ES";"DEL12/4";"UOP02/ES"
120762;264337;2018-03-25;"domingo";"01:30:00";"RO";364;341,5;"JI-PARANA";"Sim";"Ingestao de alcool";1;"Capotamento";"Sem Vitimas";"Plena Noite";"Decrescente";"Ceu Claro";"Simples";"Reta";"Sim";216210;"Automóvel";"FIAT/SIENA FIRE FLEX";2008;"Testemunha";"Nao Informado";NA;"Nao Informado";0;0;0;0;"-10.889981";"-61.931229";"SR-RO";"DEL21/2";"UOP01/RO"
120762;264340;2018-03-25;"domingo";"01:30:00";"RO";364;341,5;"JI-PARANA";"Sim";"Ingestao de alcool";1;"Capotamento";"Sem Vitimas";"Plena Noite";"Decrescente";"Ceu Claro";"Simples";"Reta";"Sim";216210;"Automóvel";"FIAT/SIENA FIRE FLEX";2008;"Testemunha";"Nao Informado";NA;"Nao Informado";0;0;0;0;"-10.889981";"-61.931229";"SR-RO";"DEL21/2";"UOP01/RO"
120762;264336;2018-03-25;"domingo";"01:30:00";"RO";364;341,5;"JI-PARANA";"Sim";"Ingestao de alcool";1;"Capotamento";"Sem Vitimas";"Plena Noite";"Decrescente";"Ceu Claro";"Simples";"Reta";"Sim";216210;"Automóvel";"FIAT/SIENA FIRE FLEX";2008;"Condutor";"Ileso";22;"Masculino";1;0;0;0;"-10.889981";"-61.931229";"SR-RO";"DEL21/2";"UOP01/RO"