"id";"pesid";"data_inversa";"dia_semana";"horario";"uf";"br";"km";"municipio";"causa_principal";"causa_acidente";"ordem_tipo_acidente";"tipo_acidente";"classificacao_acidente";"fase_dia";"sentido_via";"condicao_metereologica";"tipo_pista";"tracado_via";"uso_solo";"id_veiculo";"tipo_veiculo";"marca";"ano_fabricacao_veiculo";"tipo_envolvido";"estado_fisico";"idade";"sexo";"ilesos";"feridos_leves";"feridos_graves";"mortos";"latitude";"longitude";"regional";"delegacia";"uop"
122179;267228;2018-03-30;"sexta-feira";"20:30:00";"TO";226;12;"PALMEIRAS DO TOCANTINS";"Sim";"Ingestao de alcool";1;"Colisao frontal";"Sem Vitimas";"Plena Noite";"Crescente";"Nublado";"Simples";"Ponte";"Nao";218466;"Automóvel";"I/FIAT SIENA EL FLEX";2011;"Condutor";"Ileso";54;"Masculino";1;0;0;0;"-6.614072";"-47.545609";"SR-TO";"UOP05/TO";""
122187;268176;2018-03-30;"sexta-feira";"21:20:00";"ES";262;5;"CARIACICA";"Sim";"Ingestao de alcool";1;"Capotamento";"Sem Vitimas";"Plena Noite";"Decrescente";"Ceu Claro";"Multipla";"Nao Informado";"Sim";218463;"Automóvel";"GM/VECTRA SEDAN ELEGANCE";2006;"Condutor";"Ileso";25;"Masculino";1;0;0;0;"-20.37166466";"-40.44043779";"SR-ES";"DEL12/1";"UOP01/ES"
122191;266410;2018-03-30;"sexta-feira";"22:20:00";"SC";101;243;"PALHOCA";"Sim";"Ingestao de alcool";1;"Colisao traseira";"Com Vitimas Feridas";"Plena Noite";"Crescente";"Nublado";"Dupla";"Reta";"Nao";218500;"Automóvel";"VW/VOYAGE 1.0";2009;"Condutor";"Ileso";35;"Masculino";1;0;0;0;"-27.90802922";"-48.65075683";"SR-SC";"DEL8/1";"UOP02/SC"
122191;266411;2018-03-30;"sexta-feira";"22:20:00";"SC";101;243;"PALHOCA";"Sim";"Ingestao de alcool";1;"Colisao traseira";"Com Vitimas Feridas";"Plena Noite";"Crescente";"Nublado";"Dupla";"Reta";"Nao";218498;"Motocicleta";"HONDA/CG 150 TITAN KS";2006;"Condutor";"Lesoes Leves";22;"Masculino";0;1;0;0;"-27.90802922";"-48.65075683";"SR-SC";"DEL8/1";"UOP02/SC"
122198;267537;2018-03-30;"sexta-feira";"22:50:00";"CE";116;3;"FORTALEZA";"Sim";"Ingestao de alcool";1;"Atropelamento de Pedestre";"Com Vitimas Feridas";"Plena Noite";"Decrescente";"Ceu Claro";"Multipla";"Reta";"Sim";218482;"Automóvel";"CHEVROLET/COBALT 1.4 LTZ";2012;"Condutor";"Ileso";31;"Masculino";1;0;0;0;"-3.7753867";"-38.5155512";"SR-CE";"DEL16/1";"UOP02/CE"
122198;267542;2018-03-30;"sexta-feira";"22:50:00";"CE";116;3;"FORTALEZA";"Sim";"Ingestao de alcool";1;"Atropelamento de Pedestre";"Com Vitimas Feridas";"Plena Noite";"Decrescente";"Ceu Claro";"Multipla";"Reta";"Sim";218482;"Automóvel";"CHEVROLET/COBALT 1.4 LTZ";2012;"Pedestre";"Lesoes Graves";47;"Masculino";0;0;1;0;"-3.7753867";"-38.5155512";"SR-CE";"DEL16/1";"UOP02/CE"
122208;267069;2018-03-31;"sabado";"00:15:00";"PA";163;1003;"SANTAREM";"Nao";"Ingestao de alcool";1;"Colisao traseira";"Com Vitimas Feridas";"Plena Noite";"Crescente";"Nublado";"Dupla";"Reta";"Sim";218518;"Motocicleta";"HONDA/CG 150 TITAN EX";2014;"Condutor";"Lesoes Leves";33;"Masculino";0;1;0;0;"-2.43960064";"-54.73526001";"SR-PA";"DEL19/5";"UOP01/PA"
122208;267081;2018-03-31;"sabado";"00:15:00";"PA";163;1003;"SANTAREM";"Nao";"Ingestao de alcool";1;"Colisao traseira";"Com Vitimas Feridas";"Plena Noite";"Crescente";"Nublado";"Dupla";"Reta";"Sim";218519;"Utilitario";"CHEV/TRAILBLAZER LTZ AG4";2014;"Condutor";"Ileso";43;"Masculino";1;0;0;0;"-2.43960064";"-54.73526001";"SR-PA";"DEL19/5";"UOP01/PA"
122214;266443;2018-03-31;"sabado";"02:00:00";"PB";230;25;"JOAO PESSOA";"Sim";"Ingestao de alcool";1;"Colisao com objeto estatico";"Com Vitimas Feridas";"Plena Noite";"Decrescente";"Ceu Claro";"Dupla";"Curva";"Sim";218525;"Automóvel";"FORD/FIESTA FLEX";2009;"Condutor";"Lesoes Graves";24;"Masculino";0;0;1;0;"-7.169604";"-34.873794";"SR-PB";"DEL14/1";"UOP01/PB"
122217;266465;2018-03-31;"sabado";"04:00:00";"SC";101;211;"SAO JOSE";"Sim";"Ingestao de alcool";1;"Colisao com objeto estatico";"Sem Vitimas";"Plena Noite";"Decrescente";"Chuva";"Dupla";"Reta";"Sim";218544;"Automóvel";"I/PEUGEOT 308 ALLURE";2012;"Condutor";"Ileso";37;"Masculino";1;0;0;0;"-27.6301";"-48.659";"SR-SC";"DEL8/1";"UOP02/SC"
122218;268702;2018-03-31;"sabado";"04:55:00";"PR";116;106;"CURITIBA";"Nao";"Ingestao de alcool";1;"Colisao traseira";"Com Vitimas Feridas";"Plena Noite";"Crescente";"Ceu Claro";"Dupla";"Nao Informado";"Nao";218567;"Automóvel";"GM/CELTA 2P LIFE";2010;"Condutor";"Ileso";21;"Masculino";1;0;0;0;"-25.56986736";"-49.21947956";"SR-PR";"DEL7/1";"UOP06/PR"
122218;266512;2018-03-31;"sabado";"04:55:00";"PR";116;106;"CURITIBA";"Nao";"Ingestao de alcool";1;"Colisao traseira";"Com Vitimas Feridas";"Plena Noite";"Crescente";"Ceu Claro";"Dupla";"Nao Informado";"Nao";218566;"Motocicleta";"HONDA/CG 150 TITAN KS";2004;"Condutor";"Lesoes Graves";45;"Masculino";0;0;1;0;"-25.56986736";"-49.21947956";"SR-PR";"DEL7/1";"UOP06/PR"
122226;268140;2018-03-31;"sabado";"06:20:00";"SC";101;186;"BIGUACU";"Sim";"Ingestao de alcool";1;"Capotamento";"Com Vitimas Feridas";"Amanhecer";"Crescente";"Nublado";"Dupla";"Curva";"Sim";218583;"Caminhonete";"I/VW AMAROK CD 4X4";2011;"Condutor";"Lesoes Leves";38;"Masculino";0;1;0;0;"-27.4432";"-48.6284";"SR-SC";"DEL8/1";"UOP01/SC"
122285;266938;2018-03-31;"sabado";"13:50:00";"PI";343;341,1;"TERESINA";"Sim";"Ingestao de alcool";1;"Colisao lateral";"Com Vitimas Feridas";"Pleno dia";"Decrescente";"Ceu Claro";"Simples";"Curva";"Nao";218733;"Bicicleta";"";NA;"Condutor";"Lesoes Leves";66;"Masculino";0;1;0;0;"-5.077812";"-42.744255";"SR-PI";"DEL17/1";"UOP01/PI"
122285;266932;2018-03-31;"sabado";"13:50:00";"PI";343;341,1;"TERESINA";"Sim";"Ingestao de alcool";1;"Colisao lateral";"Com Vitimas Feridas";"Pleno dia";"Decrescente";"Ceu Claro";"Simples";"Curva";"Nao";218732;"Caminhao";"";NA;"Condutor";"Ileso";NA;"Masculino";1;0;0;0;"-5.077812";"-42.744255";"SR-PI";"DEL17/1";"UOP01/PI"
122297;266713;2018-03-31;"sabado";"14:05:00";"SP";153;61,5;"SAO JOSE DO RIO PRETO";"Sim";"Ingestao de alcool";1;"Colisao lateral";"Com Vitimas Feridas";"Pleno dia";"Crescente";"Nublado";"Dupla";"Desvio Temporario";"Sim";218646;"Motocicleta";"HONDA/CG 125 CARGO KS";2009;"Condutor";"Lesoes Leves";36;"Masculino";0;1;0;0;"-20.80949965";"-49.35650541";"SR-SP";"DEL6/9";"UOP01/SP"
122297;266715;2018-03-31;"sabado";"14:05:00";"SP";153;61,5;"SAO JOSE DO RIO PRETO";"Sim";"Ingestao de alcool";1;"Colisao lateral";"Com Vitimas Feridas";"Pleno dia";"Crescente";"Nublado";"Dupla";"Desvio Temporario";"Sim";218647;"Automóvel";"GM/CORSA WIND";1995;"Condutor";"Ileso";36;"Masculino";1;0;0;0;"-20.80949965";"-49.35650541";"SR-SP";"DEL6/9";"UOP01/SP"
122304;266615;2018-03-31;"sabado";"14:00:00";"GO";153;615;"MORRINHOS";"Sim";"Ingestao de alcool";1;"Saida de leito carrocavel";"Sem Vitimas";"Pleno dia";"Crescente";"Nublado";"Dupla";"Reta";"Nao";218661;"Automóvel";"FIAT/ELBA WEEKEND IE";1995;"Condutor";"Ileso";63;"Masculino";1;0;0;0;"-17.6778";"-49.1621";"SR-GO";"DEL1/3";"UOP01/GO"
122342;266892;2018-03-31;"sabado";"18:15:00";"MS";163;80;"ITAQUIRAI";"Nao";"Ingestao de alcool";1;"Atropelamento de Pedestre";"Com Vitimas Feridas";"Plena Noite";"Crescente";"Nublado";"Simples";"Reta";"Nao";218866;"Bicicleta";"";NA;"Condutor";"Lesoes Graves";70;"Masculino";0;0;1;0;"-23.453745";"-54.197492";"SR-MS";"DEL3/09";"UOP01/MS"
122357;266904;2018-03-31;"sabado";"19:30:00";"SC";101;417,5;"ARARANGUA";"Nao";"Ingestao de alcool";1;"Colisao frontal";"Com Vitimas Feridas";"Plena Noite";"Crescente";"Chuva";"Dupla";"Reta";"Sim";218810;"Automóvel";"GM/CORSA WIND";1997;"Condutor";"Ileso";29;"Masculino";1;0;0;0;"-28.9696351";"-49.52564299";"SR-SC";"DEL8/2";"UOP02/SC"
122357;266903;2018-03-31;"sabado";"19:30:00";"SC";101;417,5;"ARARANGUA";"Nao";"Ingestao de alcool";1;"Colisao frontal";"Com Vitimas Feridas";"Plena Noite";"Crescente";"Chuva";"Dupla";"Reta";"Sim";218809;"Automóvel";"FIAT/UNO ELECTRONIC";1995;"Condutor";"Ileso";37;"Masculino";1;0;0;0;"-28.9696351";"-49.52564299";"SR-SC";"DEL8/2";"UOP02/SC"
122357;268274;2018-03-31;"sabado";"19:30:00";"SC";101;417,5;"ARARANGUA";"Nao";"Ingestao de alcool";1;"Colisao frontal";"Com Vitimas Feridas";"Plena Noite";"Crescente";"Chuva";"Dupla";"Reta";"Sim";218810;"Automóvel";"GM/CORSA WIND";1997;"Passageiro";"Lesoes Leves";24;"Feminino";0;1;0;0;"-28.9696351";"-49.52564299";"SR-SC";"DEL8/2";"UOP02/SC"
122359;266775;2018-03-31;"sabado";"15:20:00";"MT";364;277,3;"JACIARA";"Sim";"Ingestao de alcool";1;"Colisao lateral";"Sem Vitimas";"Pleno dia";"Crescente";"Ceu Claro";"Dupla";"Reta";"Nao";218758;"Caminhonete";"GM/CHEVROLET D20 CUSTOM";1988;"Condutor";"Ileso";57;"Masculino";1;0;0;0;"-15.950761";"-54.999538";"SR-MT";"DEL2/1";"UOP02/MT"
122359;266777;2018-03-31;"sabado";"15:20:00";"MT";364;277,3;"JACIARA";"Sim";"Ingestao de alcool";1;"Colisao lateral";"Sem Vitimas";"Pleno dia";"Crescente";"Ceu Claro";"Dupla";"Reta";"Nao";218759;"Caminhao-trator";"VOLVO/FH 500 6X4T";2014;"Condutor";"Ileso";54;"Masculino";1;0;0;0;"-15.950761";"-54.999538";"SR-MT";"DEL2/1";"UOP02/MT"
122382;266865;2018-03-31;"sabado";"21:00:00";"RS";470;162;"NOVA PRATA";"Sim";"Ingestao de alcool";1;"Saida de leito carrocavel";"Com Vitimas Feridas";"Plena Noite";"Decrescente";"Nublado";"Simples";"Reta";"Sim";218846;"Automóvel";"I/CHEVROLET CLASSIC LS";2016;"Condutor";"Lesoes Leves";39;"Masculino";0;1;0;0;"-28.82019915";"-51.58983886";"SR-RS";"DEL9/6";"UOP02/RS"
122382;266897;2018-03-31;"sabado";"21:00:00";"RS";470;162;"NOVA PRATA";"Sim";"Ingestao de alcool";1;"Saida de leito carrocavel";"Com Vitimas Feridas";"Plena Noite";"Decrescente";"Nublado";"Simples";"Reta";"Sim";218846;"Automóvel";"I/CHEVROLET CLASSIC LS";2016;"Passageiro";"Lesoes Leves";34;"Masculino";0;1;0;0;"-28.82019915";"-51.58983886";"SR-RS";"DEL9/6";"UOP02/RS"
122385;268786;2018-03-31;"sabado";"21:55:00";"DF";60;20;"BRASILIA";"Sim";"Ingestao de alcool";1;"Capotamento";"Sem Vitimas";"Plena Noite";"Decrescente";"Chuva";"Simples";"Curva";"Sim";218888;"Automóvel";"I/GM CLASSIC LIFE";2006;"Condutor";"Ileso";30;"Masculino";1;0;0;0;"-15.976206";"-48.198563";"SR-DF";"DF";"UOP03/DF"
122401;269004;2018-03-31;"sabado";"23:50:00";"PR";277;114;"CAMPO LARGO";"Sim";"Ingestao de alcool";1;"Colisao traseira";"Com Vitimas Feridas";"Plena Noite";"Decrescente";"Nublado";"Dupla";"Reta";"Sim";220538;"Automóvel";"FORD/KA FLEX";2010;"Condutor";"Lesoes Leves";44;"Masculino";0;1;0;0;"-25.44559008";"-49.49638453";"SR-PR";"DEL7/1";"UOP05/PR"
122401;269007;2018-03-31;"sabado";"23:50:00";"PR";277;114;"CAMPO LARGO";"Sim";"Ingestao de alcool";1;"Colisao traseira";"Com Vitimas Feridas";"Plena Noite";"Decrescente";"Nublado";"Dupla";"Reta";"Sim";220539;"Caminhonete";"FIAT/DUCATO MC RONTANAMB";2014;"Condutor";"Ileso";43;"Masculino";1;0;0;0;"-25.44559008";"-49.49638453";"SR-PR";"DEL7/1";"UOP05/PR"
122403;268855;2018-04-01;"domingo";"00:50:00";"PR";277;75;"SAO JOSE DOS PINHAIS";"Sim";"Ingestao de alcool";1;"Colisao lateral";"Com Vitimas Feridas";"Plena Noite";"Crescente";"Ceu Claro";"Dupla";"Reta";"Sim";218870;"Automóvel";"GM/MONZA SL";1990;"Condutor";"Lesoes Graves";43;"Masculino";0;0;1;0;"-25.49782651";"-49.16519165";"SR-PR";"DEL7/1";"UOP06/PR"
122403;268859;2018-04-01;"domingo";"00:50:00";"PR";277;75;"SAO JOSE DOS PINHAIS";"Sim";"Ingestao de alcool";1;"Colisao lateral";"Com Vitimas Feridas";"Plena Noite";"Crescente";"Ceu Claro";"Dupla";"Reta";"Sim";218871;"Automóvel";"GM/VECTRA CD";1996;"Condutor";"Ileso";33;"Masculino";1;0;0;0;"-25.49782651";"-49.16519165";"SR-PR";"DEL7/1";"UOP06/PR"
122403;268976;2018-04-01;"domingo";"00:50:00";"PR";277;75;"SAO JOSE DOS PINHAIS";"Sim";"Ingestao de alcool";1;"Colisao lateral";"Com Vitimas Feridas";"Plena Noite";"Crescente";"Ceu Claro";"Dupla";"Reta";"Sim";218870;"Automóvel";"GM/MONZA SL";1990;"Passageiro";"Lesoes Leves";14;"Feminino";0;1;0;0;"-25.49782651";"-49.16519165";"SR-PR";"DEL7/1";"UOP06/PR"
122403;268975;2018-04-01;"domingo";"00:50:00";"PR";277;75;"SAO JOSE DOS PINHAIS";"Sim";"Ingestao de alcool";1;"Colisao lateral";"Com Vitimas Feridas";"Plena Noite";"Crescente";"Ceu Claro";"Dupla";"Reta";"Sim";218870;"Automóvel";"GM/MONZA SL";1990;"Passageiro";"Lesoes Leves";7;"Masculino";0;1;0;0;"-25.49782651";"-49.16519165";"SR-PR";"DEL7/1";"UOP06/PR"
122403;268968;2018-04-01;"domingo";"00:50:00";"PR";277;75;"SAO JOSE DOS PINHAIS";"Sim";"Ingestao de alcool";1;"Colisao lateral";"Com Vitimas Feridas";"Plena Noite";"Crescente";"Ceu Claro";"Dupla";"Reta";"Sim";218870;"Automóvel";"GM/MONZA SL";1990;"Passageiro";"Lesoes Leves";20;"Masculino";0;1;0;0;"-25.49782651";"-49.16519165";"SR-PR";"DEL7/1";"UOP06/PR"
122412;266934;2018-04-01;"domingo";"02:15:00";"SC";101;152;"ITAPEMA";"Sim";"Ingestao de alcool";1;"Colisao traseira";"Com Vitimas Fatais";"Plena Noite";"Crescente";"Ceu Claro";"Dupla";"Reta";"Nao";218898;"Motoneta";"HONDA/BIZ 125 ES";2007;"Condutor";"Óbito";34;"Feminino";0;0;0;1;"-27.0662995";"-48.5958942";"SR-SC";"DEL8/4";"UOP03/SC"
122412;268672;2018-04-01;"domingo";"02:15:00";"SC";101;152;"ITAPEMA";"Sim";"Ingestao de alcool";1;"Colisao traseira";"Com Vitimas Fatais";"Plena Noite";"Crescente";"Ceu Claro";"Dupla";"Reta";"Nao";218899;"Automóvel";"I/M.BENZ A250TURBOSPORT";2015;"Condutor";"Ileso";22;"Masculino";1;0;0;0;"-27.0662995";"-48.5958942";"SR-SC";"DEL8/4";"UOP03/SC"
122416;268749;2018-04-01;"domingo";"02:25:00";"PE";424;89,8;"GARANHUNS";"Sim";"Ingestao de alcool";1;"Saida de leito carrocavel";"Com Vitimas Feridas";"Plena Noite";"Decrescente";"Nublado";"Simples";"Curva";"Sim";218874;"Motocicleta";"HONDA/CG150 TITAN MIX KS";2010;"Condutor";"Lesoes Leves";36;"Masculino";0;1;0;0;"-8.89344034";"-36.50056779";"SR-PE";"DEL11/3";"UOP01/PE"
122419;267007;2018-04-01;"domingo";"03:20:00";"CE";116;507,5;"BREJO SANTO";"Sim";"Ingestao de alcool";1;"Colisao frontal";"Com Vitimas Feridas";"Plena Noite";"Crescente";"Ceu Claro";"Simples";"Reta";"Sim";218939;"Automóvel";"FORD/KA FLEX";2010;"Condutor";"Ileso";42;"Masculino";1;0;0;0;"-7.530668";"-39.00248";"SR-CE";"DEL16/5";"UOP03/CE"
122419;268632;2018-04-01;"domingo";"03:20:00";"CE";116;507,5;"BREJO SANTO";"Sim";"Ingestao de alcool";1;"Colisao frontal";"Com Vitimas Feridas";"Plena Noite";"Crescente";"Ceu Claro";"Simples";"Reta";"Sim";218939;"Automóvel";"FORD/KA FLEX";2010;"Passageiro";"Lesoes Leves";23;"Feminino";0;1;0;0;"-7.530668";"-39.00248";"SR-CE";"DEL16/5";"UOP03/CE"
122419;268633;2018-04-01;"domingo";"03:20:00";"CE";116;507,5;"BREJO SANTO";"Sim";"Ingestao de alcool";1;"Colisao frontal";"Com Vitimas Feridas";"Plena Noite";"Crescente";"Ceu Claro";"Simples";"Reta";"Sim";218939;"Automóvel";"FORD/KA FLEX";2010;"Passageiro";"Ileso";20;"Masculino";1;0;0;0;"-7.530668";"-39.00248";"SR-CE";"DEL16/5";"UOP03/CE"
122419;268635;2018-04-01;"domingo";"03:20:00";"CE";116;507,5;"BREJO SANTO";"Sim";"Ingestao de alcool";1;"Colisao frontal";"Com Vitimas Feridas";"Plena Noite";"Crescente";"Ceu Claro";"Simples";"Reta";"Sim";218939;"Automóvel";"FORD/KA FLEX";2010;"Passageiro";"Ileso";18;"Feminino";1;0;0;0;"-7.530668";"-39.00248";"SR-CE";"DEL16/5";"UOP03/CE"
122419;267004;2018-04-01;"domingo";"03:20:00";"CE";116;507,5;"BREJO SANTO";"Sim";"Ingestao de alcool";1;"Colisao frontal";"Com Vitimas Feridas";"Plena Noite";"Crescente";"Ceu Claro";"Simples";"Reta";"Sim";218938;"Automóvel";"GM/CELTA 4P SUPER";2004;"Condutor";"Lesoes Leves";42;"Masculino";0;1;0;0;"-7.530668";"-39.00248";"SR-CE";"DEL16/5";"UOP03/CE"
122421;266917;2018-03-31;"sabado";"19:30:00";"MA";10;368;"ITINGA DO MARANHAO";"Nao";"Ingestao de alcool";1;"Colisao traseira";"Com Vitimas Fatais";"Plena Noite";"Decrescente";"Ceu Claro";"Simples";"Reta";"Nao";218887;"Motocicleta";"HONDA/NXR150 BROS ES";2011;"Condutor";"Óbito";43;"Masculino";0;0;0;1;"-4.531491";"-47.501308";"SR-MA";"DEL18/4";"UOP03/MA"
122421;268205;2018-03-31;"sabado";"19:30:00";"MA";10;368;"ITINGA DO MARANHAO";"Nao";"Ingestao de alcool";1;"Colisao traseira";"Com Vitimas Fatais";"Plena Noite";"Decrescente";"Ceu Claro";"Simples";"Reta";"Nao";219834;"Outros";"";NA;"Condutor";"Nao Informado";NA;"Nao Informado";0;0;0;0;"-4.531491";"-47.501308";"SR-MA";"DEL18/4";"UOP03/MA"
122424;267050;2018-04-01;"domingo";"02:20:00";"MT";364;0,5;"ALTO ARAGUAIA";"Sim";"Ingestao de alcool";1;"Colisao com objeto estatico";"Com Vitimas Feridas";"Plena Noite";"Decrescente";"Nublado";"Dupla";"Reta";"Sim";218977;"Automóvel";"HONDA/FIT LX CVT";2016;"Condutor";"Ileso";28;"Masculino";1;0;0;0;"-17.31871";"-53.211903";"SR-MT";"DEL2/2";"UOP04/MT"
122424;267049;2018-04-01;"domingo";"02:20:00";"MT";364;0,5;"ALTO ARAGUAIA";"Sim";"Ingestao de alcool";1;"Colisao com objeto estatico";"Com Vitimas Feridas";"Plena Noite";"Decrescente";"Nublado";"Dupla";"Reta";"Sim";218973;"Motocicleta";"HONDA/CG150 TITAN MIX ES";2010;"Condutor";"Ileso";30;"Masculino";1;0;0;0;"-17.31871";"-53.211903";"SR-MT";"DEL2/2";"UOP04/MT"
122424;267066;2018-04-01;"domingo";"02:20:00";"MT";364;0,5;"ALTO ARAGUAIA";"Sim";"Ingestao de alcool";1;"Colisao com objeto estatico";"Com Vitimas Feridas";"Plena Noite";"Decrescente";"Nublado";"Dupla";"Reta";"Sim";218973;"Motocicleta";"HONDA/CG150 TITAN MIX ES";2010;"Passageiro";"Lesoes Leves";26;"Feminino";0;1;0;0;"-17.31871";"-53.211903";"SR-MT";"DEL2/2";"UOP04/MT"
122425;268608;2018-04-01;"domingo";"05:00:00";"SC";470;159;"TROMBUDO CENTRAL";"Sim";"Ingestao de alcool";1;"Colisao lateral";"Sem Vitimas";"Amanhecer";"Crescente";"Ceu Claro";"Simples";"Reta";"Nao";220193;"Automóvel";"VW/FOX 1.0";2006;"Condutor";"Ileso";29;"Feminino";1;0;0;0;"-27.28706158";"-49.77851987";"SR-SC";"DEL8/4";"UOP02/SC"
122425;268621;2018-04-01;"domingo";"05:00:00";"SC";470;159;"TROMBUDO CENTRAL";"Sim";"Ingestao de alcool";1;"Colisao lateral";"Sem Vitimas";"Amanhecer";"Crescente";"Ceu Claro";"Simples";"Reta";"Nao";220189;"Automóvel";"GM/CORSA MILENIUM";2001;"Condutor";"Ileso";65;"Masculino";1;0;0;0;"-27.28706158";"-49.77851987";"SR-SC";"DEL8/4";"UOP02/SC"
122425;268620;2018-04-01;"domingo";"05:00:00";"SC";470;159;"TROMBUDO CENTRAL";"Sim";"Ingestao de alcool";1;"Colisao lateral";"Sem Vitimas";"Amanhecer";"Crescente";"Ceu Claro";"Simples";"Reta";"Nao";220174;"Automóvel";"AUDI/A3 1.6";1999;"Condutor";"Ileso";32;"Masculino";1;0;0;0;"-27.28706158";"-49.77851987";"SR-SC";"DEL8/4";"UOP02/SC"
122442;267107;2018-04-01;"domingo";"07:40:00";"SC";101;203;"SAO JOSE";"Sim";"Ingestao de alcool";1;"Colisao com objeto estatico";"Com Vitimas Feridas";"Pleno dia";"Decrescente";"Sol";"Multipla";"Curva";"Sim";219004;"Caminhonete";"VW/SAVEIRO 1.6 CE";2010;"Condutor";"Lesoes Leves";33;"Masculino";0;1;0;0;"-27.56458148";"-48.61466733";"SR-SC";"DEL8/1";"UOP01/SC"
122492;267132;2018-04-01;"domingo";"14:30:00";"DF";60;4,5;"BRASILIA";"Sim";"Ingestao de alcool";1;"Atropelamento de Pedestre";"Com Vitimas Feridas";"Pleno dia";"Decrescente";"Nublado";"Dupla";"Reta";"Sim";219026;"Motocicleta";"KAWASAKI/VULCAN S ABS";2015;"Condutor";"Ileso";60;"Masculino";1;0;0;0;"-15.89464046";"-48.10074359";"SR-DF";"DF";"UOP03/DF"
122492;267134;2018-04-01;"domingo";"14:30:00";"DF";60;4,5;"BRASILIA";"Sim";"Ingestao de alcool";1;"Atropelamento de Pedestre";"Com Vitimas Feridas";"Pleno dia";"Decrescente";"Nublado";"Dupla";"Reta";"Sim";219026;"Motocicleta";"KAWASAKI/VULCAN S ABS";2015;"Pedestre";"Lesoes Graves";27;"Masculino";0;0;1;0;"-15.89464046";"-48.10074359";"SR-DF";"DF";"UOP03/DF"
122493;267113;2018-04-01;"domingo";"12:50:00";"MG";50;182;"UBERABA";"Sim";"Ingestao de alcool";1;"Colisao frontal";"Sem Vitimas";"Pleno dia";"Decrescente";"Ceu Claro";"Dupla";"Reta";"Nao";219005;"Automóvel";"FORD/FIESTA SEDAN1.6FLEX";2012;"Condutor";"Ileso";39;"Masculino";1;0;0;0;"-19.8009";"-47.9065";"SR-MG";"DEL4/15";"UOP01/MG"
122493;267114;2018-04-01;"domingo";"12:50:00";"MG";50;182;"UBERABA";"Sim";"Ingestao de alcool";1;"Colisao frontal";"Sem Vitimas";"Pleno dia";"Decrescente";"Ceu Claro";"Dupla";"Reta";"Nao";219006;"Automóvel";"TOYOTA/COROLLA XEI20FLEX";2010;"Condutor";"Ileso";37;"Masculino";1;0;0;0;"-19.8009";"-47.9065";"SR-MG";"DEL4/15";"UOP01/MG"
122493;267116;2018-04-01;"domingo";"12:50:00";"MG";50;182;"UBERABA";"Sim";"Ingestao de alcool";1;"Colisao frontal";"Sem Vitimas";"Pleno dia";"Decrescente";"Ceu Claro";"Dupla";"Reta";"Nao";219007;"Automóvel";"I/FIAT SIENA ELX FLEX";2008;"Condutor";"Ileso";54;"Masculino";1;0;0;0;"-19.8009";"-47.9065";"SR-MG";"DEL4/15";"UOP01/MG"
122516;267199;2018-04-01;"domingo";"15:35:00";"RS";470;222;"SAO MARCOS";"Nao";"Ingestao de alcool";1;"Saida de leito carrocavel";"Sem Vitimas";"Pleno dia";"Decrescente";"Nublado";"Multipla";"Intersecao de vias";"Nao";219069;"Automóvel";"AUDI/A3 1.8T";2001;"Condutor";"Ileso";38;"Masculino";1;0;0;0;"-29.0";"-51.0";"SR-RS";"DEL9/6";"UOP01/RS"
122519;269750;2018-04-01;"domingo";"15:45:00";"PA";316;9,8;"MARITUBA";"Sim";"Ingestao de alcool";1;"Colisao traseira";"Com Vitimas Feridas";"Pleno dia";"Crescente";"Garoa/Chuvisco";"Multipla";"Reta";"Sim";219211;"Ônibus";"M.BENZ/MPOLO SENIOR ON";2009;"Condutor";"Ileso";28;"Masculino";1;0;0;0;"-1.36629505";"-48.36044312";"SR-PA";"DEL19/1";"UOP01/PA"
122519;269749;2018-04-01;"domingo";"15:45:00";"PA";316;9,8;"MARITUBA";"Sim";"Ingestao de alcool";1;"Colisao traseira";"Com Vitimas Feridas";"Pleno dia";"Crescente";"Garoa/Chuvisco";"Multipla";"Reta";"Sim";219210;"Automóvel";"VW/GOL MI";1997;"Condutor";"Ileso";34;"Masculino";1;0;0;0;"-1.36629505";"-48.36044312";"SR-PA";"DEL19/1";"UOP01/PA"
122519;274315;2018-04-01;"domingo";"15:45:00";"PA";316;9,8;"MARITUBA";"Sim";"Ingestao de alcool";1;"Colisao traseira";"Com Vitimas Feridas";"Pleno dia";"Crescente";"Garoa/Chuvisco";"Multipla";"Reta";"Sim";219210;"Automóvel";"VW/GOL MI";1997;"Passageiro";"Lesoes Graves";13;"Feminino";0;0;1;0;"-1.36629505";"-48.36044312";"SR-PA";"DEL19/1";"UOP01/PA"
122522;267266;2018-04-01;"domingo";"15:50:00";"SC";101;187;"BIGUACU";"Sim";"Ingestao de alcool";1;"Colisao com objeto estatico";"Sem Vitimas";"Pleno dia";"Decrescente";"Ceu Claro";"Multipla";"Reta";"Nao";219128;"Caminhao-trator";"SCANIA/R124 GA4X2NZ 360";2003;"Condutor";"Ileso";43;"Masculino";1;0;0;0;"-27.4514";"-48.6336";"SR-SC";"DEL8/1";"UOP01/SC"
122525;267237;2018-04-01;"domingo";"16:00:00";"BA";135;154;"RIACHAO DAS NEVES";"Sim";"Ingestao de alcool";1;"Saida de leito carrocavel";"Com Vitimas Feridas";"Pleno dia";"Crescente";"Ceu Claro";"Simples";"Reta";"Nao";219101;"Automóvel";"FIAT/PALIO EX";1999;"Passageiro";"Lesoes Leves";23;"Masculino";0;1;0;0;"-11.98693514";"-44.93751526";"SR-BA";"DEL10/10";"UOP01/BA"