"id";"pesid";"data_inversa";"dia_semana";"horario";"uf";"br";"km";"municipio";"causa_principal";"causa_acidente";"ordem_tipo_acidente";"tipo_acidente";"classificacao_acidente";"fase_dia";"sentido_via";"condicao_metereologica";"tipo_pista";"tracado_via";"uso_solo";"id_veiculo";"tipo_veiculo";"marca";"ano_fabricacao_veiculo";"tipo_envolvido";"estado_fisico";"idade";"sexo";"ilesos";"feridos_leves";"feridos_graves";"mortos";"latitude";"longitude";"regional";"delegacia";"uop"
122525;267392;2018-04-01;"domingo";"16:00:00";"BA";135;154;"RIACHAO DAS NEVES";"Sim";"Ingestao de alcool";1;"Saida de leito carrocavel";"Com Vitimas Feridas";"Pleno dia";"Crescente";"Ceu Claro";"Simples";"Reta";"Nao";219101;"Automóvel";"FIAT/PALIO EX";1999;"Condutor";"Lesoes Leves";37;"Masculino";0;1;0;0;"-11.98693514";"-44.93751526";"SR-BA";"DEL10/10";"UOP01/BA"
122525;267236;2018-04-01;"domingo";"16:00:00";"BA";135;154;"RIACHAO DAS NEVES";"Sim";"Ingestao de alcool";1;"Saida de leito carrocavel";"Com Vitimas Feridas";"Pleno dia";"Crescente";"Ceu Claro";"Simples";"Reta";"Nao";219101;"Automóvel";"FIAT/PALIO EX";1999;"Passageiro";"Lesoes Leves";25;"Masculino";0;1;0;0;"-11.98693514";"-44.93751526";"SR-BA";"DEL10/10";"UOP01/BA"
122532;269540;2018-04-01;"domingo";"16:00:00";"GO";40;8;"LUZIANIA";"Sim";"Ingestao de alcool";1;"Saida de leito carrocavel";"Sem Vitimas";"Pleno dia";"Decrescente";"Ceu Claro";"Dupla";"Reta";"Sim";219281;"Automóvel";"IMP/CITROEN XANTIA 1816V";1996;"Condutor";"Ileso";22;"Masculino";1;0;0;0;"-16.120353";"-47.964663";"SR-DF";"GO";"UOP01/DF"
122536;267432;2018-04-01;"domingo";"16:50:00";"GO";60;113,1;"TEREZOPOLIS DE GOIAS";"Sim";"Ingestao de alcool";1;"Colisao transversal";"Sem Vitimas";"Pleno dia";"Crescente";"Nublado";"Dupla";"Reta";"Nao";219155;"Automóvel";"TOYOTA/COROLLA XEI18FLEX";2008;"Condutor";"Ileso";23;"Masculino";1;0;0;0;"-16.4572";"-49.0567";"SR-GO";"DEL1/1";"UOP01/GO"
122536;267427;2018-04-01;"domingo";"16:50:00";"GO";60;113,1;"TEREZOPOLIS DE GOIAS";"Sim";"Ingestao de alcool";1;"Colisao transversal";"Sem Vitimas";"Pleno dia";"Crescente";"Nublado";"Dupla";"Reta";"Nao";219154;"Motocicleta";"HONDA/NXR150 BROS ESD";2008;"Condutor";"Ileso";55;"Masculino";1;0;0;0;"-16.4572";"-49.0567";"SR-GO";"DEL1/1";"UOP01/GO"
122551;268402;2018-04-01;"domingo";"17:40:00";"MG";116;684,5;"MURIAE";"Sim";"Ingestao de alcool";1;"Colisao frontal";"Com Vitimas Feridas";"Anoitecer";"Crescente";"Ceu Claro";"Simples";"Reta";"Nao";219182;"Motocicleta";"HONDA/CG150 FAN ESDI";2013;"Testemunha";"Nao Informado";NA;"Nao Informado";0;0;0;0;"-20.98323897";"-42.35778809";"SR-MG";"DEL4/7";"UOP02/MG"
122551;268405;2018-04-01;"domingo";"17:40:00";"MG";116;684,5;"MURIAE";"Sim";"Ingestao de alcool";1;"Colisao frontal";"Com Vitimas Feridas";"Anoitecer";"Crescente";"Ceu Claro";"Simples";"Reta";"Nao";219182;"Motocicleta";"HONDA/CG150 FAN ESDI";2013;"Testemunha";"Nao Informado";NA;"Nao Informado";0;0;0;0;"-20.98323897";"-42.35778809";"SR-MG";"DEL4/7";"UOP02/MG"
122551;268409;2018-04-01;"domingo";"17:40:00";"MG";116;684,5;"MURIAE";"Sim";"Ingestao de alcool";1;"Colisao frontal";"Com Vitimas Feridas";"Anoitecer";"Crescente";"Ceu Claro";"Simples";"Reta";"Nao";219182;"Motocicleta";"HONDA/CG150 FAN ESDI";2013;"Condutor";"Lesoes Graves";32;"Masculino";0;0;1;0;"-20.98323897";"-42.35778809";"SR-MG";"DEL4/7";"UOP02/MG"
122551;268406;2018-04-01;"domingo";"17:40:00";"MG";116;684,5;"MURIAE";"Sim";"Ingestao de alcool";1;"Colisao frontal";"Com Vitimas Feridas";"Anoitecer";"Crescente";"Ceu Claro";"Simples";"Reta";"Nao";219181;"Caminhonete";"FIAT/STRADA FIRE CE FLEX";2005;"Condutor";"Ileso";38;"Masculino";1;0;0;0;"-20.98323897";"-42.35778809";"SR-MG";"DEL4/7";"UOP02/MG"
122558;267428;2018-04-01;"domingo";"17:04:00";"PB";230;29;"JOAO PESSOA";"Sim";"Ingestao de alcool";1;"Queda de ocupante de veiculo";"Sem Vitimas";"Anoitecer";"Decrescente";"Ignorado";"Dupla";"Retorno Regulamentado";"Nao";219307;"Motocicleta";"HONDA/CG 150 TITAN ESD";2004;"Condutor";"Nao Informado";NA;"Nao Informado";0;0;0;0;"-7.150375";"-34.91074";"SR-PB";"DEL14/1";"UOP01/PB"
122558;267431;2018-04-01;"domingo";"17:04:00";"PB";230;29;"JOAO PESSOA";"Sim";"Ingestao de alcool";1;"Queda de ocupante de veiculo";"Sem Vitimas";"Anoitecer";"Decrescente";"Ignorado";"Dupla";"Retorno Regulamentado";"Nao";219307;"Motocicleta";"HONDA/CG 150 TITAN ESD";2004;"Testemunha";"Nao Informado";NA;"Nao Informado";0;0;0;0;"-7.150375";"-34.91074";"SR-PB";"DEL14/1";"UOP01/PB"
122562;268645;2018-04-01;"domingo";"17:30:00";"PA";308;10;"MARITUBA";"Sim";"Ingestao de alcool";1;"Colisao traseira";"Sem Vitimas";"Pleno dia";"Decrescente";"Chuva";"Dupla";"Reta";"Sim";220229;"Automóvel";"FIAT/PALIO ELX FLEX";2005;"Condutor";"Ileso";28;"Masculino";1;0;0;0;"-1.365636";"-48.358788";"SR-PA";"DEL19/1";"UOP01/PA"
122562;274662;2018-04-01;"domingo";"17:30:00";"PA";308;10;"MARITUBA";"Sim";"Ingestao de alcool";1;"Colisao traseira";"Sem Vitimas";"Pleno dia";"Decrescente";"Chuva";"Dupla";"Reta";"Sim";220228;"Automóvel";"GM/CELTA 2P LIFE";2010;"Condutor";"Ileso";64;"Masculino";1;0;0;0;"-1.365636";"-48.358788";"SR-PA";"DEL19/1";"UOP01/PA"
122566;267301;2018-04-01;"domingo";"17:20:00";"RN";427;99;"CAICO";"Sim";"Ingestao de alcool";1;"Colisao lateral";"Sem Vitimas";"Anoitecer";"Crescente";"Nublado";"Simples";"Curva";"Sim";219141;"Caminhao";"VW/13.180 E";2006;"Condutor";"Ileso";39;"Masculino";1;0;0;0;"-6.459299";"-37.09848";"SR-RN";"DEL15/3";"UOP01/RN"
122566;267297;2018-04-01;"domingo";"17:20:00";"RN";427;99;"CAICO";"Sim";"Ingestao de alcool";1;"Colisao lateral";"Sem Vitimas";"Anoitecer";"Crescente";"Nublado";"Simples";"Curva";"Sim";219140;"Caminhonete";"GM/S10 2.8 D";2001;"Condutor";"Ileso";37;"Masculino";1;0;0;0;"-6.459299";"-37.09848";"SR-RN";"DEL15/3";"UOP01/RN"
122575;267399;2018-04-01;"domingo";"18:30:00";"CE";222;26;"CAUCAIA";"Nao";"Ingestao de alcool";1;"Colisao traseira";"Com Vitimas Feridas";"Plena Noite";"Decrescente";"Ceu Claro";"Simples";"Reta";"Nao";219248;"Automóvel";"FIAT/PALIO FIRE";2003;"Condutor";"Ileso";52;"Masculino";1;0;0;0;"-3.723467";"-38.785534";"SR-CE";"DEL16/1";"UOP01/CE"
122575;267398;2018-04-01;"domingo";"18:30:00";"CE";222;26;"CAUCAIA";"Nao";"Ingestao de alcool";1;"Colisao traseira";"Com Vitimas Feridas";"Plena Noite";"Decrescente";"Ceu Claro";"Simples";"Reta";"Nao";219247;"Motocicleta";"HONDA/NXR160 BROS ESDD";2015;"Condutor";"Lesoes Leves";64;"Masculino";0;1;0;0;"-3.723467";"-38.785534";"SR-CE";"DEL16/1";"UOP01/CE"
122583;269832;2018-04-01;"domingo";"19:30:00";"PE";104;74;"CARUARU";"Sim";"Ingestao de alcool";1;"Colisao frontal";"Com Vitimas Feridas";"Plena Noite";"Crescente";"Chuva";"Simples";"Reta";"Nao";219243;"Automóvel";"VW/GOL 1.0";2011;"Condutor";"Lesoes Leves";35;"Masculino";0;1;0;0;"-8.358562";"-35.985699";"SR-PE";"DEL11/2";"UOP01/PE"
122583;273242;2018-04-01;"domingo";"19:30:00";"PE";104;74;"CARUARU";"Sim";"Ingestao de alcool";1;"Colisao frontal";"Com Vitimas Feridas";"Plena Noite";"Crescente";"Chuva";"Simples";"Reta";"Nao";221178;"Automóvel";"VW/VOYAGE 1.6";2012;"Condutor";"Lesoes Leves";26;"Masculino";0;1;0;0;"-8.358562";"-35.985699";"SR-PE";"DEL11/2";"UOP01/PE"
122593;267263;2018-03-28;"quarta-feira";"09:20:00";"PR";277;721,3;"FOZ DO IGUACU";"Sim";"Ingestao de alcool";1;"Colisao traseira";"Sem Vitimas";"Pleno dia";"Decrescente";"Chuva";"Dupla";"Reta";"Sim";219126;"Automóvel";"GM/CELTA 4P SPIRIT";2005;"Condutor";"Ileso";38;"Masculino";1;0;0;0;"-25.491169";"-54.511887";"SR-PR";"DEL7/5";"UOP01/PR"
122593;267265;2018-03-28;"quarta-feira";"09:20:00";"PR";277;721,3;"FOZ DO IGUACU";"Sim";"Ingestao de alcool";1;"Colisao traseira";"Sem Vitimas";"Pleno dia";"Decrescente";"Chuva";"Dupla";"Reta";"Sim";219127;"Caminhonete";"FIAT/STRADA ADVENTURE CD";2014;"Condutor";"Ileso";37;"Masculino";1;0;0;0;"-25.491169";"-54.511887";"SR-PR";"DEL7/5";"UOP01/PR"
122594;267367;2018-04-01;"domingo";"17:30:00";"MT";174;98;"CACERES";"Sim";"Ingestao de alcool";1;"Colisao transversal";"Com Vitimas Feridas";"Anoitecer";"Decrescente";"Ceu Claro";"Simples";"Reta";"Sim";219169;"Caminhao-trator";"SCANIA/G 400 A6X2";2012;"Condutor";"Ileso";43;"Masculino";1;0;0;0;"-15.848042";"-57.85099";"SR-MT";"DEL2/3";"UOP01/MT"
122594;267381;2018-04-01;"domingo";"17:30:00";"MT";174;98;"CACERES";"Sim";"Ingestao de alcool";1;"Colisao transversal";"Com Vitimas Feridas";"Anoitecer";"Decrescente";"Ceu Claro";"Simples";"Reta";"Sim";219233;"Bicicleta";"";NA;"Condutor";"Lesoes Leves";53;"Masculino";0;1;0;0;"-15.848042";"-57.85099";"SR-MT";"DEL2/3";"UOP01/MT"
122598;267312;2018-04-01;"domingo";"18:00:00";"ES";101;174;"ARACRUZ";"Sim";"Ingestao de alcool";1;"Colisao traseira";"Com Vitimas Feridas";"Anoitecer";"Decrescente";"Ceu Claro";"Simples";"Reta";"Sim";219156;"Bicicleta";"";NA;"Condutor";"Lesoes Leves";65;"Masculino";0;1;0;0;"-19.60233693";"-40.19258881";"SR-ES";"DEL12/4";"UOP01/ES"
122598;267308;2018-04-01;"domingo";"18:00:00";"ES";101;174;"ARACRUZ";"Sim";"Ingestao de alcool";1;"Colisao traseira";"Com Vitimas Feridas";"Anoitecer";"Decrescente";"Ceu Claro";"Simples";"Reta";"Sim";219153;"Motoneta";"";NA;"Condutor";"Lesoes Leves";62;"Masculino";0;1;0;0;"-19.60233693";"-40.19258881";"SR-ES";"DEL12/4";"UOP01/ES"
122604;267325;2018-04-01;"domingo";"19:40:00";"PB";230;0,5;"CABEDELO";"Sim";"Ingestao de alcool";1;"Atropelamento de Pedestre";"Com Vitimas Feridas";"Plena Noite";"Decrescente";"Nublado";"Simples";"Reta";"Sim";219183;"Motocicleta";"HONDA/MOTOCICLETA";NA;"Pedestre";"Lesoes Leves";30;"Masculino";0;1;0;0;"-6.9711";"-34.8382";"SR-PB";"DEL14/1";"UOP01/PB"
122604;267395;2018-04-01;"domingo";"19:40:00";"PB";230;0,5;"CABEDELO";"Sim";"Ingestao de alcool";1;"Atropelamento de Pedestre";"Com Vitimas Feridas";"Plena Noite";"Decrescente";"Nublado";"Simples";"Reta";"Sim";219183;"Motocicleta";"HONDA/MOTOCICLETA";NA;"Condutor";"Nao Informado";NA;"Nao Informado";0;0;0;0;"-6.9711";"-34.8382";"SR-PB";"DEL14/1";"UOP01/PB"
122613;267528;2018-04-01;"domingo";"20:30:00";"MG";381;357;"JOAO MONLEVADE";"Sim";"Ingestao de alcool";1;"Colisao traseira";"Com Vitimas Feridas";"Plena Noite";"Crescente";"Ceu Claro";"Simples";"Reta";"Nao";219377;"Automóvel";"GM/MERIVA JOY";2007;"Condutor";"Ileso";NA;"Masculino";1;0;0;0;"-19.84810225";"-43.12339783";"SR-MG";"DEL4/3";"UOP01/MG"
122613;267527;2018-04-01;"domingo";"20:30:00";"MG";381;357;"JOAO MONLEVADE";"Sim";"Ingestao de alcool";1;"Colisao traseira";"Com Vitimas Feridas";"Plena Noite";"Crescente";"Ceu Claro";"Simples";"Reta";"Nao";219376;"Automóvel";"I/MMC LANCER 2.0";2012;"Condutor";"Lesoes Leves";42;"Masculino";0;1;0;0;"-19.84810225";"-43.12339783";"SR-MG";"DEL4/3";"UOP01/MG"
122615;267402;2018-04-01;"domingo";"20:10:00";"PR";376;492,3;"PONTA GROSSA";"Sim";"Ingestao de alcool";1;"Saida de leito carrocavel";"Sem Vitimas";"Plena Noite";"Decrescente";"Nublado";"Dupla";"Reta";"Nao";219272;"Caminhao";"FORD/F350 G";2006;"Condutor";"Ileso";26;"Masculino";1;0;0;0;"-25.10674092";"-50.19447327";"SR-PR";"DEL7/3";"UOP03/PR"
122616;267671;2018-04-01;"domingo";"19:30:00";"MT";163;88,4;"RONDONOPOLIS";"Sim";"Ingestao de alcool";1;"Saida de leito carrocavel";"Com Vitimas Feridas";"Plena Noite";"Crescente";"Chuva";"Dupla";"Reta";"Nao";219225;"Caminhonete";"FIAT/STRADA WORKING CD";2014;"Condutor";"Lesoes Leves";45;"Masculino";0;1;0;0;"-16.756453";"-54.654209";"SR-MT";"DEL2/2";"UOP02/MT"
122616;267675;2018-04-01;"domingo";"19:30:00";"MT";163;88,4;"RONDONOPOLIS";"Sim";"Ingestao de alcool";1;"Saida de leito carrocavel";"Com Vitimas Feridas";"Plena Noite";"Crescente";"Chuva";"Dupla";"Reta";"Nao";219225;"Caminhonete";"FIAT/STRADA WORKING CD";2014;"Passageiro";"Lesoes Leves";30;"Feminino";0;1;0;0;"-16.756453";"-54.654209";"SR-MT";"DEL2/2";"UOP02/MT"
122616;267684;2018-04-01;"domingo";"19:30:00";"MT";163;88,4;"RONDONOPOLIS";"Sim";"Ingestao de alcool";1;"Saida de leito carrocavel";"Com Vitimas Feridas";"Plena Noite";"Crescente";"Chuva";"Dupla";"Reta";"Nao";219225;"Caminhonete";"FIAT/STRADA WORKING CD";2014;"Passageiro";"Lesoes Leves";13;"Feminino";0;1;0;0;"-16.756453";"-54.654209";"SR-MT";"DEL2/2";"UOP02/MT"
122616;267687;2018-04-01;"domingo";"19:30:00";"MT";163;88,4;"RONDONOPOLIS";"Sim";"Ingestao de alcool";1;"Saida de leito carrocavel";"Com Vitimas Feridas";"Plena Noite";"Crescente";"Chuva";"Dupla";"Reta";"Nao";219225;"Caminhonete";"FIAT/STRADA WORKING CD";2014;"Passageiro";"Lesoes Leves";8;"Masculino";0;1;0;0;"-16.756453";"-54.654209";"SR-MT";"DEL2/2";"UOP02/MT"
122620;269355;2018-04-01;"domingo";"20:30:00";"RS";158;187;"CRUZ ALTA";"Sim";"Ingestao de alcool";1;"Colisao frontal";"Com Vitimas Feridas";"Plena Noite";"Crescente";"Ceu Claro";"Simples";"Reta";"Nao";220727;"Automóvel";"VW/LOGUS 1.8I";1996;"Condutor";"Nao Informado";NA;"Nao Informado";0;0;0;0;"-28.586942";"-53.569306";"SR-RS";"DEL9/10";"UOP02/RS"
122620;269373;2018-04-01;"domingo";"20:30:00";"RS";158;187;"CRUZ ALTA";"Sim";"Ingestao de alcool";1;"Colisao frontal";"Com Vitimas Feridas";"Plena Noite";"Crescente";"Ceu Claro";"Simples";"Reta";"Nao";220728;"Automóvel";"VW/GOL CL 1.8 MI";1997;"Condutor";"Ileso";22;"Masculino";1;0;0;0;"-28.586942";"-53.569306";"SR-RS";"DEL9/10";"UOP02/RS"
122620;269380;2018-04-01;"domingo";"20:30:00";"RS";158;187;"CRUZ ALTA";"Sim";"Ingestao de alcool";1;"Colisao frontal";"Com Vitimas Feridas";"Plena Noite";"Crescente";"Ceu Claro";"Simples";"Reta";"Nao";220728;"Automóvel";"VW/GOL CL 1.8 MI";1997;"Passageiro";"Lesoes Leves";22;"Masculino";0;1;0;0;"-28.586942";"-53.569306";"SR-RS";"DEL9/10";"UOP02/RS"
122620;269398;2018-04-01;"domingo";"20:30:00";"RS";158;187;"CRUZ ALTA";"Sim";"Ingestao de alcool";1;"Colisao frontal";"Com Vitimas Feridas";"Plena Noite";"Crescente";"Ceu Claro";"Simples";"Reta";"Nao";220728;"Automóvel";"VW/GOL CL 1.8 MI";1997;"Passageiro";"Ileso";NA;"Masculino";1;0;0;0;"-28.586942";"-53.569306";"SR-RS";"DEL9/10";"UOP02/RS"
122621;267364;2018-04-01;"domingo";"20:15:00";"SP";116;212;"GUARULHOS";"Sim";"Ingestao de alcool";1;"Colisao traseira";"Sem Vitimas";"Plena Noite";"Crescente";"Nublado";"Multipla";"Reta";"Nao";219188;"Camioneta";"I/MMC OUTLANDER 3.0 V6";2008;"Condutor";"Ileso";52;"Masculino";1;0;0;0;"-23.43810816";"-46.43352807";"SR-SP";"DEL6/1";"UOP01/SP"
122621;267363;2018-04-01;"domingo";"20:15:00";"SP";116;212;"GUARULHOS";"Sim";"Ingestao de alcool";1;"Colisao traseira";"Sem Vitimas";"Plena Noite";"Crescente";"Nublado";"Multipla";"Reta";"Nao";219187;"Automóvel";"GM/CELTA 4P LIFE";2009;"Condutor";"Ileso";45;"Masculino";1;0;0;0;"-23.43810816";"-46.43352807";"SR-SP";"DEL6/1";"UOP01/SP"
122643;268234;2018-04-01;"domingo";"22:00:00";"PI";316;308;"PICOS";"Nao";"Ingestao de alcool";1;"Colisao frontal";"Com Vitimas Feridas";"Plena Noite";"Decrescente";"Ceu Claro";"Simples";"Reta";"Sim";219322;"Caminhonete";"VW/SAVEIRO CS TL MB";2014;"Condutor";"Nao Informado";NA;"Nao Informado";0;0;0;0;"-7.077188";"-41.479562";"SR-PI";"DEL17/4";"UOP01/PI"
122643;268238;2018-04-01;"domingo";"22:00:00";"PI";316;308;"PICOS";"Nao";"Ingestao de alcool";1;"Colisao frontal";"Com Vitimas Feridas";"Plena Noite";"Decrescente";"Ceu Claro";"Simples";"Reta";"Sim";219323;"Automóvel";"VW/GOL 1.0";2009;"Condutor";"Nao Informado";NA;"Nao Informado";0;0;0;0;"-7.077188";"-41.479562";"SR-PI";"DEL17/4";"UOP01/PI"
122643;268237;2018-04-01;"domingo";"22:00:00";"PI";316;308;"PICOS";"Nao";"Ingestao de alcool";1;"Colisao frontal";"Com Vitimas Feridas";"Plena Noite";"Decrescente";"Ceu Claro";"Simples";"Reta";"Sim";219322;"Caminhonete";"VW/SAVEIRO CS TL MB";2014;"Passageiro";"Lesoes Leves";36;"Masculino";0;1;0;0;"-7.077188";"-41.479562";"SR-PI";"DEL17/4";"UOP01/PI"
122645;269546;2018-04-01;"domingo";"23:20:00";"MG";381;801,9;"SAO GONCALO DO SAPUCAI";"Sim";"Ingestao de alcool";1;"Colisao lateral";"Com Vitimas Feridas";"Plena Noite";"Crescente";"Ceu Claro";"Dupla";"Reta";"Nao";220951;"Automóvel";"GM/CLASSIC LIFE";2009;"Condutor";"Ileso";54;"Masculino";1;0;0;0;"-21.94470744";"-45.61980486";"SR-MG";"DEL4/10";"UOP02/MG"
122645;269542;2018-04-01;"domingo";"23:20:00";"MG";381;801,9;"SAO GONCALO DO SAPUCAI";"Sim";"Ingestao de alcool";1;"Colisao lateral";"Com Vitimas Feridas";"Plena Noite";"Crescente";"Ceu Claro";"Dupla";"Reta";"Nao";220935;"Caminhao-trator";"M.BENZ/AXOR 2035 S";2006;"Condutor";"Ileso";36;"Masculino";1;0;0;0;"-21.94470744";"-45.61980486";"SR-MG";"DEL4/10";"UOP02/MG"
122645;269558;2018-04-01;"domingo";"23:20:00";"MG";381;801,9;"SAO GONCALO DO SAPUCAI";"Sim";"Ingestao de alcool";1;"Colisao lateral";"Com Vitimas Feridas";"Plena Noite";"Crescente";"Ceu Claro";"Dupla";"Reta";"Nao";220951;"Automóvel";"GM/CLASSIC LIFE";2009;"Passageiro";"Lesoes Leves";37;"Masculino";0;1;0;0;"-21.94470744";"-45.61980486";"SR-MG";"DEL4/10";"UOP02/MG"
122645;269553;2018-04-01;"domingo";"23:20:00";"MG";381;801,9;"SAO GONCALO DO SAPUCAI";"Sim";"Ingestao de alcool";1;"Colisao lateral";"Com Vitimas Feridas";"Plena Noite";"Crescente";"Ceu Claro";"Dupla";"Reta";"Nao";220951;"Automóvel";"GM/CLASSIC LIFE";2009;"Passageiro";"Lesoes Leves";29;"Masculino";0;1;0;0;"-21.94470744";"-45.61980486";"SR-MG";"DEL4/10";"UOP02/MG"
122653;267615;2018-04-02;"segunda-feira";"00:20:00";"GO";60;179;"ABADIA DE GOIAS";"Sim";"Ingestao de alcool";1;"Saida de leito carrocavel";"Com Vitimas Feridas";"Plena Noite";"Decrescente";"Ceu Claro";"Dupla";"Nao Informado";"Nao";219271;"Camioneta";"FORD/ECOSPORT XLS1.6FLEX";2005;"Condutor";"Lesoes Leves";36;"Masculino";0;1;0;0;"-16.7638";"-49.466";"SR-GO";"DEL1/1";"UOP02/GO"
122662;267494;2018-04-02;"segunda-feira";"03:30:00";"PR";369;147,5;"LONDRINA";"Sim";"Ingestao de alcool";1;"Colisao lateral";"Com Vitimas Feridas";"Plena Noite";"Decrescente";"Ceu Claro";"Dupla";"Reta";"Sim";219327;"Automóvel";"FORD/KA FLEX";2008;"Condutor";"Ileso";54;"Masculino";1;0;0;0;"-23.29333304";"-51.12721589";"SR-PR";"DEL7/7";"UOP01/PR"
122662;267480;2018-04-02;"segunda-feira";"03:30:00";"PR";369;147,5;"LONDRINA";"Sim";"Ingestao de alcool";1;"Colisao lateral";"Com Vitimas Feridas";"Plena Noite";"Decrescente";"Ceu Claro";"Dupla";"Reta";"Sim";219327;"Automóvel";"FORD/KA FLEX";2008;"Passageiro";"Lesoes Leves";22;"Masculino";0;1;0;0;"-23.29333304";"-51.12721589";"SR-PR";"DEL7/7";"UOP01/PR"
122662;269238;2018-04-02;"segunda-feira";"03:30:00";"PR";369;147,5;"LONDRINA";"Sim";"Ingestao de alcool";1;"Colisao lateral";"Com Vitimas Feridas";"Plena Noite";"Decrescente";"Ceu Claro";"Dupla";"Reta";"Sim";219328;"Automóvel";"VW/GOL 16V";1998;"Condutor";"Ileso";26;"Masculino";1;0;0;0;"-23.29333304";"-51.12721589";"SR-PR";"DEL7/7";"UOP01/PR"
122684;267535;2018-04-01;"domingo";"20:00:00";"MT";364;958,3;"BRASNORTE";"Sim";"Ingestao de alcool";1;"Colisao traseira";"Sem Vitimas";"Plena Noite";"Decrescente";"Garoa/Chuvisco";"Simples";"Reta";"Nao";219350;"Caminhonete";"GM/D20 CUSTOM S";1994;"Condutor";"Ileso";22;"Masculino";1;0;0;0;"-12.98983855";"-58.04626465";"SR-MT";"DEL2/4";"UOP01/MT"
122684;267536;2018-04-01;"domingo";"20:00:00";"MT";364;958,3;"BRASNORTE";"Sim";"Ingestao de alcool";1;"Colisao traseira";"Sem Vitimas";"Plena Noite";"Decrescente";"Garoa/Chuvisco";"Simples";"Reta";"Nao";219350;"Caminhonete";"GM/D20 CUSTOM S";1994;"Passageiro";"Ileso";19;"Feminino";1;0;0;0;"-12.98983855";"-58.04626465";"SR-MT";"DEL2/4";"UOP01/MT"
122684;267539;2018-04-01;"domingo";"20:00:00";"MT";364;958,3;"BRASNORTE";"Sim";"Ingestao de alcool";1;"Colisao traseira";"Sem Vitimas";"Plena Noite";"Decrescente";"Garoa/Chuvisco";"Simples";"Reta";"Nao";219351;"Automóvel";"VW/GOL 1.0";2005;"Condutor";"Ileso";46;"Masculino";1;0;0;0;"-12.98983855";"-58.04626465";"SR-MT";"DEL2/4";"UOP01/MT"
122709;267559;2018-01-24;"quarta-feira";"21:10:00";"RS";480;72,4;"ERECHIM";"Sim";"Ingestao de alcool";1;"Colisao frontal";"Com Vitimas Feridas";"Plena Noite";"Decrescente";"Chuva";"Simples";"Reta";"Nao";219395;"Automóvel";"VW/FUSCA 1300";1979;"Condutor";"Ileso";66;"Masculino";1;0;0;0;"-27.64035798";"-52.30252862";"SR-RS";"DEL9/8";"UOP02/RS"
122709;267560;2018-01-24;"quarta-feira";"21:10:00";"RS";480;72,4;"ERECHIM";"Sim";"Ingestao de alcool";1;"Colisao frontal";"Com Vitimas Feridas";"Plena Noite";"Decrescente";"Chuva";"Simples";"Reta";"Nao";219396;"Motocicleta";"HONDA/CBX 250 TWISTER";2008;"Condutor";"Lesoes Graves";23;"Masculino";0;0;1;0;"-27.64035798";"-52.30252862";"SR-RS";"DEL9/8";"UOP02/RS"
122709;267561;2018-01-24;"quarta-feira";"21:10:00";"RS";480;72,4;"ERECHIM";"Sim";"Ingestao de alcool";1;"Colisao frontal";"Com Vitimas Feridas";"Plena Noite";"Decrescente";"Chuva";"Simples";"Reta";"Nao";219397;"Motocicleta";"SUNDOWN/WEB 100";2007;"Condutor";"Ileso";24;"Masculino";1;0;0;0;"-27.64035798";"-52.30252862";"SR-RS";"DEL9/8";"UOP02/RS"
122712;271447;2018-04-02;"segunda-feira";"06:00:00";"PI";316;159;"ELESBAO VELOSO";"Nao";"Ingestao de alcool";1;"Colisao traseira";"Sem Vitimas";"Amanhecer";"Crescente";"Nublado";"Simples";"Reta";"Sim";219474;"Utilitario";"I/TOYOTA LAND CRUISER PR";2005;"Condutor";"Ileso";56;"Feminino";1;0;0;0;"-6.185015";"-42.124121";"SR-PI";"DEL17/4";"UOP02/PI"
122712;271455;2018-04-02;"segunda-feira";"06:00:00";"PI";316;159;"ELESBAO VELOSO";"Nao";"Ingestao de alcool";1;"Colisao traseira";"Sem Vitimas";"Amanhecer";"Crescente";"Nublado";"Simples";"Reta";"Sim";219475;"Automóvel";"FIAT/PALIO FIRE ECONOMY";2011;"Condutor";"Ileso";31;"Masculino";1;0;0;0;"-6.185015";"-42.124121";"SR-PI";"DEL17/4";"UOP02/PI"
122860;268059;2018-04-02;"segunda-feira";"19:35:00";"SC";101;273;"IMBITUBA";"Sim";"Ingestao de alcool";1;"Colisao lateral";"Com Vitimas Feridas";"Plena Noite";"Decrescente";"Nublado";"Dupla";"Reta";"Sim";219741;"Automóvel";"IMP/NISSAN PATHFINDER";1994;"Condutor";"Ileso";50;"Masculino";1;0;0;0;"-28.146";"-48.6919";"SR-SC";"DEL8/2";"UOP03/SC"
122860;268061;2018-04-02;"segunda-feira";"19:35:00";"SC";101;273;"IMBITUBA";"Sim";"Ingestao de alcool";1;"Colisao lateral";"Com Vitimas Feridas";"Plena Noite";"Decrescente";"Nublado";"Dupla";"Reta";"Sim";219742;"Automóvel";"I/FIAT PALIO ATTRACT 1.0";2013;"Condutor";"Ileso";51;"Masculino";1;0;0;0;"-28.146";"-48.6919";"SR-SC";"DEL8/2";"UOP03/SC"
122860;268064;2018-04-02;"segunda-feira";"19:35:00";"SC";101;273;"IMBITUBA";"Sim";"Ingestao de alcool";1;"Colisao lateral";"Com Vitimas Feridas";"Plena Noite";"Decrescente";"Nublado";"Dupla";"Reta";"Sim";219742;"Automóvel";"I/FIAT PALIO ATTRACT 1.0";2013;"Passageiro";"Lesoes Leves";47;"Feminino";0;1;0;0;"-28.146";"-48.6919";"SR-SC";"DEL8/2";"UOP03/SC"