"id";"pesid";"data_inversa";"dia_semana";"horario";"uf";"br";"km";"municipio";"causa_principal";"causa_acidente";"ordem_tipo_acidente";"tipo_acidente";"classificacao_acidente";"fase_dia";"sentido_via";"condicao_metereologica";"tipo_pista";"tracado_via";"uso_solo";"id_veiculo";"tipo_veiculo";"marca";"ano_fabricacao_veiculo";"tipo_envolvido";"estado_fisico";"idade";"sexo";"ilesos";"feridos_leves";"feridos_graves";"mortos";"latitude";"longitude";"regional";"delegacia";"uop"
122869;270832;2018-04-02;"segunda-feira";"19:30:00";"RJ";101;217;"SILVA JARDIM";"Sim";"Ingestao de alcool";1;"Colisao lateral";"Sem Vitimas";"Plena Noite";"Decrescente";"Ceu Claro";"Simples";"Reta";"Nao";219807;"Caminhao";"M.BENZ/ACCELO 1016";2017;"Condutor";"Ileso";52;"Masculino";1;0;0;0;"-22.50766";"-42.291695";"SR-RJ";"DEL5/2";"UOP03/RJ"
122869;270829;2018-04-02;"segunda-feira";"19:30:00";"RJ";101;217;"SILVA JARDIM";"Sim";"Ingestao de alcool";1;"Colisao lateral";"Sem Vitimas";"Plena Noite";"Decrescente";"Ceu Claro";"Simples";"Reta";"Nao";219806;"Camioneta";"I/TOYOTA RAV4";2010;"Condutor";"Ileso";64;"Masculino";1;0;0;0;"-22.50766";"-42.291695";"SR-RJ";"DEL5/2";"UOP03/RJ"
122887;272245;2018-04-02;"segunda-feira";"23:50:00";"SC";280;125,9;"RIO NEGRINHO";"Sim";"Ingestao de alcool";1;"Atropelamento de Pedestre";"Com Vitimas Feridas";"Plena Noite";"Decrescente";"Nublado";"Simples";"Reta";"Nao";223160;"Caminhao-trator";"IVECO/STRALIS 600S44T";2014;"Condutor";"Ileso";33;"Masculino";1;0;0;0;"-26.237638";"-49.484337";"SR-SC";"DEL8/6";"UOP03/SC"
122887;272247;2018-04-02;"segunda-feira";"23:50:00";"SC";280;125,9;"RIO NEGRINHO";"Sim";"Ingestao de alcool";1;"Atropelamento de Pedestre";"Com Vitimas Feridas";"Plena Noite";"Decrescente";"Nublado";"Simples";"Reta";"Nao";223163;"Semireboque";"SR/GUERRA CHARGER CS";2003;"Pedestre";"Lesoes Leves";43;"Masculino";0;1;0;0;"-26.237638";"-49.484337";"SR-SC";"DEL8/6";"UOP03/SC"
122960;272170;2018-04-03;"terca-feira";"10:30:00";"PA";155;255;"ELDORADO DO CARAJAS";"Nao";"Ingestao de alcool";1;"Colisao transversal";"Sem Vitimas";"Pleno dia";"Decrescente";"Ceu Claro";"Simples";"Desvio Temporario";"Nao";220053;"Caminhonete";"I/TOYOTA HILUX CDSRVA4FD";2017;"Condutor";"Nao Informado";NA;"Nao Informado";0;0;0;0;"-6.085102";"-49.318726";"SR-PA";"DEL19/3";"UOP01/PA"
122960;272164;2018-04-03;"terca-feira";"10:30:00";"PA";155;255;"ELDORADO DO CARAJAS";"Nao";"Ingestao de alcool";1;"Colisao transversal";"Sem Vitimas";"Pleno dia";"Decrescente";"Ceu Claro";"Simples";"Desvio Temporario";"Nao";220052;"Caminhao";"VW/13.190 CRM 4X2";2013;"Condutor";"Ileso";25;"Masculino";1;0;0;0;"-6.085102";"-49.318726";"SR-PA";"DEL19/3";"UOP01/PA"
123013;268446;2018-04-03;"terca-feira";"18:00:00";"RN";304;38,7;"MOSSORO";"Sim";"Ingestao de alcool";1;"Colisao transversal";"Com Vitimas Feridas";"Plena Noite";"Decrescente";"Ignorado";"Dupla";"Retorno Regulamentado";"Sim";220038;"Automóvel";"I/VW JETTA";2011;"Condutor";"Ileso";31;"Masculino";1;0;0;0;"-5.181406";"-37.36834";"SR-RN";"DEL15/4";"UOP02/RN"
123013;268524;2018-04-03;"terca-feira";"18:00:00";"RN";304;38,7;"MOSSORO";"Sim";"Ingestao de alcool";1;"Colisao transversal";"Com Vitimas Feridas";"Plena Noite";"Decrescente";"Ignorado";"Dupla";"Retorno Regulamentado";"Sim";220111;"Motocicleta";"I/JIALING TRAXXJH125 35A";2008;"Condutor";"Lesoes Graves";48;"Masculino";0;0;1;0;"-5.181406";"-37.36834";"SR-RN";"DEL15/4";"UOP02/RN"
123038;268452;2018-04-03;"terca-feira";"19:45:00";"RS";116;237,3;"NOVO HAMBURGO";"Nao";"Ingestao de alcool e/ou substâncias psicoativas pelo pedestre";1;"Atropelamento de Pedestre";"Com Vitimas Feridas";"Plena Noite";"Crescente";"Nublado";"Dupla";"Nao Informado";"Sim";220044;"Camioneta";"FORD/ECOSPORT XLT";2008;"Condutor";"Ileso";47;"Masculino";1;0;0;0;"-29.67786025";"-51.14244103";"SR-RS";"DEL9/1";"UOP02/RS"
123038;268453;2018-04-03;"terca-feira";"19:45:00";"RS";116;237,3;"NOVO HAMBURGO";"Nao";"Ingestao de alcool e/ou substâncias psicoativas pelo pedestre";1;"Atropelamento de Pedestre";"Com Vitimas Feridas";"Plena Noite";"Crescente";"Nublado";"Dupla";"Nao Informado";"Sim";220044;"Camioneta";"FORD/ECOSPORT XLT";2008;"Pedestre";"Lesoes Leves";43;"Masculino";0;1;0;0;"-29.67786025";"-51.14244103";"SR-RS";"DEL9/1";"UOP02/RS"
123046;268505;2018-04-03;"terca-feira";"20:30:00";"SC";470;81,8;"ASCURRA";"Nao";"Ingestao de alcool";1;"Colisao transversal";"Com Vitimas Feridas";"Plena Noite";"Crescente";"Ceu Claro";"Simples";"Reta";"Nao";220102;"Motocicleta";"HONDA/CG 150 TITAN KS";2004;"Condutor";"Lesoes Leves";32;"Masculino";0;1;0;0;"-26.94954991";"-49.32336956";"SR-SC";"DEL8/4";"UOP01/SC"
123046;271363;2018-04-03;"terca-feira";"20:30:00";"SC";470;81,8;"ASCURRA";"Nao";"Ingestao de alcool";1;"Colisao transversal";"Com Vitimas Feridas";"Plena Noite";"Crescente";"Ceu Claro";"Simples";"Reta";"Nao";220105;"Bicicleta";"";NA;"Condutor";"Lesoes Graves";61;"Masculino";0;0;1;0;"-26.94954991";"-49.32336956";"SR-SC";"DEL8/4";"UOP01/SC"
123049;268454;2018-04-03;"terca-feira";"18:50:00";"CE";304;40,1;"ARACATI";"Nao";"Ingestao de alcool";1;"Saida de leito carrocavel";"Com Vitimas Feridas";"Plena Noite";"Crescente";"Ignorado";"Simples";"Intersecao de vias";"Nao";220054;"Motocicleta";"HONDA/CG 125 FAN KS";2009;"Condutor";"Lesoes Leves";40;"Masculino";0;1;0;0;"-4.57779385";"-37.84927368";"SR-CE";"DEL16/3";"UOP03/CE"
123113;268602;2018-01-25;"quinta-feira";"23:35:00";"PR";153;373,1;"RIO AZUL";"Sim";"Ingestao de alcool";1;"Colisao frontal";"Com Vitimas Feridas";"Plena Noite";"Crescente";"Garoa/Chuvisco";"Simples";"Reta";"Nao";220185;"Automóvel";"FIAT/PALIO ELX FLEX";2007;"Passageiro";"Lesoes Leves";31;"Masculino";0;1;0;0;"-25.82894304";"-50.83992004";"SR-PR";"DEL7/3";"UOP04/PR"
123113;268603;2018-01-25;"quinta-feira";"23:35:00";"PR";153;373,1;"RIO AZUL";"Sim";"Ingestao de alcool";1;"Colisao frontal";"Com Vitimas Feridas";"Plena Noite";"Crescente";"Garoa/Chuvisco";"Simples";"Reta";"Nao";220186;"Caminhao-trator";"SCANIA/R113 H 4X2 320";1997;"Condutor";"Ileso";39;"Masculino";1;0;0;0;"-25.82894304";"-50.83992004";"SR-PR";"DEL7/3";"UOP04/PR"
123113;268601;2018-01-25;"quinta-feira";"23:35:00";"PR";153;373,1;"RIO AZUL";"Sim";"Ingestao de alcool";1;"Colisao frontal";"Com Vitimas Feridas";"Plena Noite";"Crescente";"Garoa/Chuvisco";"Simples";"Reta";"Nao";220185;"Automóvel";"FIAT/PALIO ELX FLEX";2007;"Condutor";"Lesoes Leves";40;"Masculino";0;1;0;0;"-25.82894304";"-50.83992004";"SR-PR";"DEL7/3";"UOP04/PR"
123114;268609;2018-04-04;"quarta-feira";"08:20:00";"RJ";40;121;"DUQUE DE CAXIAS";"Sim";"Ingestao de alcool";1;"Queda de ocupante de veiculo";"Com Vitimas Feridas";"Pleno dia";"Crescente";"Ceu Claro";"Dupla";"Reta";"Sim";220191;"Bicicleta";"";NA;"Condutor";"Lesoes Leves";59;"Masculino";0;1;0;0;"-22.7884";"-43.2853";"SR-RJ";"DEL5/1";"UOP01/RJ"
123141;268653;2018-04-03;"terca-feira";"13:50:00";"DF";20;22;"BRASILIA";"Sim";"Ingestao de alcool";1;"Colisao traseira";"Sem Vitimas";"Pleno dia";"Crescente";"Ceu Claro";"Dupla";"Reta";"Sim";220241;"Automóvel";"FIAT/UNO MILLE WAY ECON";2012;"Condutor";"Ileso";31;"Feminino";1;0;0;0;"-15.59834";"-47.676186";"SR-DF";"DF";"UOP04/DF"
123141;268654;2018-04-03;"terca-feira";"13:50:00";"DF";20;22;"BRASILIA";"Sim";"Ingestao de alcool";1;"Colisao traseira";"Sem Vitimas";"Pleno dia";"Crescente";"Ceu Claro";"Dupla";"Reta";"Sim";220242;"Automóvel";"FIAT/UNO MILLE FIRE FLEX";2008;"Condutor";"Ileso";44;"Masculino";1;0;0;0;"-15.59834";"-47.676186";"SR-DF";"DF";"UOP04/DF"
123209;269048;2018-04-04;"quarta-feira";"13:50:00";"MA";10;319;"ACAILANDIA";"Nao";"Ingestao de alcool";1;"Colisao lateral";"Com Vitimas Feridas";"Pleno dia";"Crescente";"Ceu Claro";"Simples";"Rotatória";"Sim";220355;"Automóvel";"CHEVROLET/CLASSIC";2009;"Condutor";"Ileso";48;"Masculino";1;0;0;0;"-4.960145";"-47.507481";"SR-MA";"DEL18/4";"UOP03/MA"
123209;269049;2018-04-04;"quarta-feira";"13:50:00";"MA";10;319;"ACAILANDIA";"Nao";"Ingestao de alcool";1;"Colisao lateral";"Com Vitimas Feridas";"Pleno dia";"Crescente";"Ceu Claro";"Simples";"Rotatória";"Sim";220356;"Caminhao-trator";"M.BENZ/AXOR 2540 S";2008;"Condutor";"Lesoes Leves";49;"Masculino";0;1;0;0;"-4.960145";"-47.507481";"SR-MA";"DEL18/4";"UOP03/MA"
123217;269003;2018-04-04;"quarta-feira";"18:34:00";"RN";304;47;"MOSSORO";"Sim";"Ingestao de alcool";1;"Tombamento";"Com Vitimas Feridas";"Plena Noite";"Crescente";"Ceu Claro";"Dupla";"Reta";"Sim";220450;"Ciclomotor";"TRAXX/JL50Q-9";2013;"Condutor";"Lesoes Leves";39;"Masculino";0;1;0;0;"-5.22596998";"-37.33402938";"SR-RN";"DEL15/4";"UOP01/RN"
123217;270042;2018-04-04;"quarta-feira";"18:34:00";"RN";304;47;"MOSSORO";"Sim";"Ingestao de alcool";1;"Tombamento";"Com Vitimas Feridas";"Plena Noite";"Crescente";"Ceu Claro";"Dupla";"Reta";"Sim";220450;"Ciclomotor";"TRAXX/JL50Q-9";2013;"Testemunha";"Nao Informado";NA;"Nao Informado";0;0;0;0;"-5.22596998";"-37.33402938";"SR-RN";"DEL15/4";"UOP01/RN"
123286;269070;2018-04-05;"quinta-feira";"04:00:00";"MS";163;511,6;"JARAGUARI";"Sim";"Ingestao de alcool";1;"Saida de leito carrocavel";"Sem Vitimas";"Amanhecer";"Decrescente";"Ceu Claro";"Simples";"Reta";"Nao";220581;"Automóvel";"CHEVROLET/PRISMA 1.4L LT";2012;"Condutor";"Ileso";43;"Masculino";1;0;0;0;"-20.35106492";"-54.5148468";"SR-MS";"DEL3/1";"UOP02/MS"
123289;271506;2018-04-05;"quinta-feira";"05:20:00";"PR";277;121,8;"CAMPO LARGO";"Sim";"Ingestao de alcool";1;"Saida de leito carrocavel";"Com Vitimas Feridas";"Pleno dia";"Decrescente";"Ignorado";"Simples";"Curva";"Sim";220679;"Automóvel";"GM/PRISMA MAXX";2010;"Passageiro";"Lesoes Leves";36;"Feminino";0;1;0;0;"-25.44079439";"-49.55932617";"SR-PR";"DEL7/1";"UOP05/PR"
123289;271516;2018-04-05;"quinta-feira";"05:20:00";"PR";277;121,8;"CAMPO LARGO";"Sim";"Ingestao de alcool";1;"Saida de leito carrocavel";"Com Vitimas Feridas";"Pleno dia";"Decrescente";"Ignorado";"Simples";"Curva";"Sim";220679;"Automóvel";"GM/PRISMA MAXX";2010;"Passageiro";"Ileso";36;"Feminino";1;0;0;0;"-25.44079439";"-49.55932617";"SR-PR";"DEL7/1";"UOP05/PR"
123289;271504;2018-04-05;"quinta-feira";"05:20:00";"PR";277;121,8;"CAMPO LARGO";"Sim";"Ingestao de alcool";1;"Saida de leito carrocavel";"Com Vitimas Feridas";"Pleno dia";"Decrescente";"Ignorado";"Simples";"Curva";"Sim";220679;"Automóvel";"GM/PRISMA MAXX";2010;"Condutor";"Lesoes Leves";42;"Masculino";0;1;0;0;"-25.44079439";"-49.55932617";"SR-PR";"DEL7/1";"UOP05/PR"
123301;269214;2018-04-05;"quinta-feira";"07:30:00";"RS";290;80;"GRAVATAI";"Sim";"Ingestao de alcool";1;"Colisao traseira";"Sem Vitimas";"Pleno dia";"Decrescente";"Nublado";"Dupla";"Reta";"Sim";220677;"Automóvel";"VW/POLO CL AD";2018;"Condutor";"Ileso";41;"Masculino";1;0;0;0;"-29.95323343";"-51.05415964";"SR-RS";"DEL9/1";"UOP01/RS"
123301;269193;2018-04-05;"quinta-feira";"07:30:00";"RS";290;80;"GRAVATAI";"Sim";"Ingestao de alcool";1;"Colisao traseira";"Sem Vitimas";"Pleno dia";"Decrescente";"Nublado";"Dupla";"Reta";"Sim";220676;"Automóvel";"FORD/FIESTA STREET";2001;"Condutor";"Ileso";38;"Masculino";1;0;0;0;"-29.95323343";"-51.05415964";"SR-RS";"DEL9/1";"UOP01/RS"
123368;270621;2018-04-05;"quinta-feira";"08:50:00";"MG";50;57,9;"UBERLANDIA";"Nao";"Ingestao de alcool";1;"Saida de leito carrocavel";"Com Vitimas Feridas";"Pleno dia";"Decrescente";"Sol";"Dupla";"Nao Informado";"Nao";220825;"Camioneta";"FORD/ECOSPORT FSL 1.6";2012;"Condutor";"Lesoes Leves";40;"Masculino";0;1;0;0;"-18.79496987";"-48.23484331";"SR-MG";"DEL4/15";"UOP02/MG"
123368;270638;2018-04-05;"quinta-feira";"08:50:00";"MG";50;57,9;"UBERLANDIA";"Nao";"Ingestao de alcool";1;"Saida de leito carrocavel";"Com Vitimas Feridas";"Pleno dia";"Decrescente";"Sol";"Dupla";"Nao Informado";"Nao";220825;"Camioneta";"FORD/ECOSPORT FSL 1.6";2012;"Passageiro";"Lesoes Graves";35;"Feminino";0;0;1;0;"-18.79496987";"-48.23484331";"SR-MG";"DEL4/15";"UOP02/MG"
123417;269445;2018-04-05;"quinta-feira";"12:30:00";"SC";282;2,1;"FLORIANOPOLIS";"Sim";"Ingestao de alcool";1;"Colisao transversal";"Com Vitimas Feridas";"Pleno dia";"Decrescente";"Sol";"Dupla";"Reta";"Sim";220899;"Automóvel";"HYUNDAI/HB20X 1.6A PREMI";2015;"Condutor";"Ileso";82;"Masculino";1;0;0;0;"-27.603289";"-48.590416";"SR-SC";"DEL8/1";"UOP01/SC"
123417;269452;2018-04-05;"quinta-feira";"12:30:00";"SC";282;2,1;"FLORIANOPOLIS";"Sim";"Ingestao de alcool";1;"Colisao transversal";"Com Vitimas Feridas";"Pleno dia";"Decrescente";"Sol";"Dupla";"Reta";"Sim";220899;"Automóvel";"HYUNDAI/HB20X 1.6A PREMI";2015;"Testemunha";"Nao Informado";NA;"Nao Informado";0;0;0;0;"-27.603289";"-48.590416";"SR-SC";"DEL8/1";"UOP01/SC"
123417;269449;2018-04-05;"quinta-feira";"12:30:00";"SC";282;2,1;"FLORIANOPOLIS";"Sim";"Ingestao de alcool";1;"Colisao transversal";"Com Vitimas Feridas";"Pleno dia";"Decrescente";"Sol";"Dupla";"Reta";"Sim";220901;"Bicicleta";"";NA;"Condutor";"Lesoes Leves";41;"Masculino";0;1;0;0;"-27.603289";"-48.590416";"SR-SC";"DEL8/1";"UOP01/SC"
123534;269740;2018-04-05;"quinta-feira";"19:00:00";"GO";70;6;"AGUAS LINDAS DE GOIAS";"Sim";"Ingestao de alcool";1;"Colisao lateral";"Com Vitimas Feridas";"Plena Noite";"Crescente";"Nublado";"Dupla";"Reta";"Sim";221101;"Caminhao-trator";"VOLVO/FH 440 4X2T";2008;"Condutor";"Ileso";33;"Masculino";1;0;0;0;"-15.7481";"-48.2635";"SR-DF";"GO";"UOP06/DF"
123534;269741;2018-04-05;"quinta-feira";"19:00:00";"GO";70;6;"AGUAS LINDAS DE GOIAS";"Sim";"Ingestao de alcool";1;"Colisao lateral";"Com Vitimas Feridas";"Plena Noite";"Crescente";"Nublado";"Dupla";"Reta";"Sim";221116;"Automóvel";"FIAT/PALIO EL";1996;"Condutor";"Lesoes Leves";24;"Masculino";0;1;0;0;"-15.7481";"-48.2635";"SR-DF";"GO";"UOP06/DF"
123534;269754;2018-04-05;"quinta-feira";"19:00:00";"GO";70;6;"AGUAS LINDAS DE GOIAS";"Sim";"Ingestao de alcool";1;"Colisao lateral";"Com Vitimas Feridas";"Plena Noite";"Crescente";"Nublado";"Dupla";"Reta";"Sim";221101;"Caminhao-trator";"VOLVO/FH 440 4X2T";2008;"Testemunha";"Nao Informado";NA;"Nao Informado";0;0;0;0;"-15.7481";"-48.2635";"SR-DF";"GO";"UOP06/DF"
123534;269742;2018-04-05;"quinta-feira";"19:00:00";"GO";70;6;"AGUAS LINDAS DE GOIAS";"Sim";"Ingestao de alcool";1;"Colisao lateral";"Com Vitimas Feridas";"Plena Noite";"Crescente";"Nublado";"Dupla";"Reta";"Sim";221116;"Automóvel";"FIAT/PALIO EL";1996;"Passageiro";"Lesoes Leves";22;"Masculino";0;1;0;0;"-15.7481";"-48.2635";"SR-DF";"GO";"UOP06/DF"
123545;273167;2018-04-05;"quinta-feira";"17:30:00";"RJ";101;508;"ANGRA DOS REIS";"Sim";"Ingestao de alcool";1;"Colisao lateral";"Sem Vitimas";"Plena Noite";"Decrescente";"Chuva";"Simples";"Reta";"Sim";223872;"Automóvel";"CHEVROLET/CRUZE LT NB";2011;"Condutor";"Ileso";38;"Feminino";1;0;0;0;"-23.042783";"-44.5646561";"SR-RJ";"DEL5/3";"UOP03/RJ"
123545;273164;2018-04-05;"quinta-feira";"17:30:00";"RJ";101;508;"ANGRA DOS REIS";"Sim";"Ingestao de alcool";1;"Colisao lateral";"Sem Vitimas";"Plena Noite";"Decrescente";"Chuva";"Simples";"Reta";"Sim";221065;"Automóvel";"FIAT/UNO MILLE";1992;"Condutor";"Ileso";60;"Masculino";1;0;0;0;"-23.042783";"-44.5646561";"SR-RJ";"DEL5/3";"UOP03/RJ"
123568;271369;2018-04-05;"quinta-feira";"21:20:00";"RR";174;505,1;"BOA VISTA";"Sim";"Ingestao de alcool";1;"Tombamento";"Com Vitimas Feridas";"Plena Noite";"Decrescente";"Ceu Claro";"Dupla";"Rotatória";"Sim";221195;"Motocicleta";"YAMAHA/YBR125 FACTOR ED";2014;"Condutor";"Lesoes Leves";57;"Masculino";0;1;0;0;"2.80690264";"-60.68987668";"SR-RR";"UOP01/RR";""
123591;273465;2018-04-06;"sexta-feira";"00:00:00";"BA";324;518;"FEIRA DE SANTANA";"Nao";"Ingestao de alcool";1;"Colisao frontal";"Com Vitimas Feridas";"Plena Noite";"Crescente";"Ceu Claro";"Simples";"Reta";"Sim";224086;"Automóvel";"VW/GOL 1.0 GIV";2008;"Condutor";"Ileso";22;"Masculino";1;0;0;0;"-12.23668114";"-38.94241333";"SR-BA";"DEL10/1";"UOP01/BA"
123591;273475;2018-04-06;"sexta-feira";"00:00:00";"BA";324;518;"FEIRA DE SANTANA";"Nao";"Ingestao de alcool";1;"Colisao frontal";"Com Vitimas Feridas";"Plena Noite";"Crescente";"Ceu Claro";"Simples";"Reta";"Sim";224089;"Motocicleta";"JTA/SUZUKI GSX650F";2010;"Condutor";"Lesoes Graves";37;"Masculino";0;0;1;0;"-12.23668114";"-38.94241333";"SR-BA";"DEL10/1";"UOP01/BA"
123598;269768;2018-04-06;"sexta-feira";"00:30:00";"RO";364;426,2;"JARU";"Sim";"Ingestao de alcool";1;"Saida de leito carrocavel";"Com Vitimas Feridas";"Plena Noite";"Crescente";"Nublado";"Simples";"Reta";"Sim";221134;"Motocicleta";"HONDA/CG 150 TITAN EX";2015;"Condutor";"Lesoes Leves";38;"Masculino";0;1;0;0;"-10.432428";"-62.479607";"SR-RO";"DEL21/3";"UOP02/RO"
123605;269805;2018-04-06;"sexta-feira";"03:50:00";"PR";476;273,9;"SAO MATEUS DO SUL";"Sim";"Ingestao de alcool";1;"Colisao frontal";"Sem Vitimas";"Plena Noite";"Crescente";"Ceu Claro";"Simples";"Curva";"Sim";221153;"Automóvel";"FIAT/PALIO FIRE ECONOMY";2009;"Condutor";"Ileso";37;"Masculino";1;0;0;0;"-25.894287";"-50.368565";"SR-PR";"DEL7/2";"UOP03/PR"
123605;271490;2018-04-06;"sexta-feira";"03:50:00";"PR";476;273,9;"SAO MATEUS DO SUL";"Sim";"Ingestao de alcool";1;"Colisao frontal";"Sem Vitimas";"Plena Noite";"Crescente";"Ceu Claro";"Simples";"Curva";"Sim";221152;"Ônibus";"VW/COMIL CAMPIONE R";2013;"Condutor";"Ileso";29;"Masculino";1;0;0;0;"-25.894287";"-50.368565";"SR-PR";"DEL7/2";"UOP03/PR"
123607;270574;2018-04-06;"sexta-feira";"04:00:00";"RR";174;508;"BOA VISTA";"Sim";"Ingestao de alcool";1;"Saida de leito carrocavel";"Sem Vitimas";"Plena Noite";"Crescente";"Ceu Claro";"Simples";"Reta";"Sim";221743;"Automóvel";"FIAT/PALIO FIRE FLEX";2006;"Condutor";"Ileso";38;"Masculino";1;0;0;0;"2.833387";"-60.69979";"SR-RR";"UOP01/RR";""
123633;269883;2018-04-06;"sexta-feira";"03:00:00";"RS";287;373,7;"SANTIAGO";"Sim";"Ingestao de alcool";1;"Saida de leito carrocavel";"Sem Vitimas";"Plena Noite";"Decrescente";"Ceu Claro";"Simples";"Curva";"Nao";221209;"Automóvel";"FORD/FIESTA GL";2000;"Passageiro";"Ileso";37;"Masculino";1;0;0;0;"-29.35345167";"-54.76409912";"SR-RS";"DEL9/12";"UOP02/RS"
123633;269884;2018-04-06;"sexta-feira";"03:00:00";"RS";287;373,7;"SANTIAGO";"Sim";"Ingestao de alcool";1;"Saida de leito carrocavel";"Sem Vitimas";"Plena Noite";"Decrescente";"Ceu Claro";"Simples";"Curva";"Nao";221209;"Automóvel";"FORD/FIESTA GL";2000;"Passageiro";"Ileso";39;"Masculino";1;0;0;0;"-29.35345167";"-54.76409912";"SR-RS";"DEL9/12";"UOP02/RS"
123633;269882;2018-04-06;"sexta-feira";"03:00:00";"RS";287;373,7;"SANTIAGO";"Sim";"Ingestao de alcool";1;"Saida de leito carrocavel";"Sem Vitimas";"Plena Noite";"Decrescente";"Ceu Claro";"Simples";"Curva";"Nao";221209;"Automóvel";"FORD/FIESTA GL";2000;"Condutor";"Ileso";46;"Masculino";1;0;0;0;"-29.35345167";"-54.76409912";"SR-RS";"DEL9/12";"UOP02/RS"
123795;270573;2018-04-06;"sexta-feira";"12:30:00";"PR";277;593;"CASCAVEL";"Sim";"Ingestao de alcool";1;"Colisao transversal";"Sem Vitimas";"Pleno dia";"Decrescente";"Ceu Claro";"Simples";"Reta";"Nao";221741;"Motoneta";"SUNDOWN/WEB 100";2007;"Condutor";"Ileso";53;"Masculino";1;0;0;0;"-24.979589";"-53.491376";"SR-PR";"DEL7/4";"UOP01/PR"
123795;270572;2018-04-06;"sexta-feira";"12:30:00";"PR";277;593;"CASCAVEL";"Sim";"Ingestao de alcool";1;"Colisao transversal";"Sem Vitimas";"Pleno dia";"Decrescente";"Ceu Claro";"Simples";"Reta";"Nao";221742;"Automóvel";"I/VW PASSAT VAR 2.0T FSI";2006;"Condutor";"Ileso";30;"Masculino";1;0;0;0;"-24.979589";"-53.491376";"SR-PR";"DEL7/4";"UOP01/PR"
123797;270962;2018-04-06;"sexta-feira";"12:40:00";"MG";365;632;"UBERLANDIA";"Sim";"Ingestao de alcool";1;"Saida de leito carrocavel";"Sem Vitimas";"Pleno dia";"Decrescente";"Ceu Claro";"Dupla";"Reta";"Nao";222085;"Automóvel";"GM/VECTRA GLS";1995;"Condutor";"Ileso";29;"Masculino";1;0;0;0;"-18.904";"-48.3429";"SR-MG";"DEL4/15";"UOP01/MG"
123904;270833;2018-04-06;"sexta-feira";"16:30:00";"SC";101;192;"BIGUACU";"Sim";"Ingestao de alcool";1;"Colisao lateral";"Sem Vitimas";"Pleno dia";"Decrescente";"Ceu Claro";"Dupla";"Reta";"Sim";221962;"Caminhonete";"FIAT/STRADA WORKING CD";2011;"Condutor";"Ileso";59;"Masculino";1;0;0;0;"-27.4897";"-48.6559";"SR-SC";"DEL8/1";"UOP01/SC"
123904;270835;2018-04-06;"sexta-feira";"16:30:00";"SC";101;192;"BIGUACU";"Sim";"Ingestao de alcool";1;"Colisao lateral";"Sem Vitimas";"Pleno dia";"Decrescente";"Ceu Claro";"Dupla";"Reta";"Sim";221963;"Automóvel";"VW/VOYAGE TL MA S";2014;"Condutor";"Ileso";37;"Masculino";1;0;0;0;"-27.4897";"-48.6559";"SR-SC";"DEL8/1";"UOP01/SC"
124022;270836;2018-04-06;"sexta-feira";"20:30:00";"RJ";101;394;"ITAGUAI";"Sim";"Ingestao de alcool e/ou substâncias psicoativas pelo pedestre";1;"Colisao com objeto em movimento";"Com Vitimas Feridas";"Plena Noite";"Decrescente";"Ceu Claro";"Simples";"Reta";"Nao";221916;"Outros";"";NA;"Condutor";"Nao Informado";NA;"Nao Informado";0;0;0;0;"-22.88228";"-43.72296";"SR-RJ";"DEL5/3";"UOP01/RJ"
124022;270804;2018-04-06;"sexta-feira";"20:30:00";"RJ";101;394;"ITAGUAI";"Sim";"Ingestao de alcool e/ou substâncias psicoativas pelo pedestre";1;"Colisao com objeto em movimento";"Com Vitimas Feridas";"Plena Noite";"Decrescente";"Ceu Claro";"Simples";"Reta";"Nao";221932;"Bicicleta";"";NA;"Condutor";"Lesoes Graves";NA;"Masculino";0;0;1;0;"-22.88228";"-43.72296";"SR-RJ";"DEL5/3";"UOP01/RJ"
124040;274353;2018-04-06;"sexta-feira";"22:45:00";"SP";116;219;"GUARULHOS";"Sim";"Ingestao de alcool";1;"Tombamento";"Com Vitimas Feridas";"Plena Noite";"Decrescente";"Ceu Claro";"Multipla";"Curva";"Nao";224695;"Caminhonete";"HYUNDAI/HR HDB";2011;"Passageiro";"Lesoes Leves";52;"Masculino";0;1;0;0;"-23.46297937";"-46.49240941";"SR-SP";"DEL6/1";"UOP01/SP"
124040;274345;2018-04-06;"sexta-feira";"22:45:00";"SP";116;219;"GUARULHOS";"Sim";"Ingestao de alcool";1;"Tombamento";"Com Vitimas Feridas";"Plena Noite";"Decrescente";"Ceu Claro";"Multipla";"Curva";"Nao";224695;"Caminhonete";"HYUNDAI/HR HDB";2011;"Condutor";"Lesoes Leves";44;"Masculino";0;1;0;0;"-23.46297937";"-46.49240941";"SR-SP";"DEL6/1";"UOP01/SP"
124052;273386;2018-04-06;"sexta-feira";"22:45:00";"MG";116;417;"GOVERNADOR VALADARES";"Sim";"Ingestao de alcool";1;"Tombamento";"Com Vitimas Feridas";"Plena Noite";"Decrescente";"Nublado";"Simples";"Reta";"Sim";222004;"Motoneta";"HONDA/BIZ 125 EX";2011;"Condutor";"Lesoes Leves";40;"Masculino";0;1;0;0;"-18.89477598";"-41.94774538";"SR-MG";"DEL4/6";"UOP01/MG"