"id";"pesid";"data_inversa";"dia_semana";"horario";"uf";"br";"km";"municipio";"causa_principal";"causa_acidente";"ordem_tipo_acidente";"tipo_acidente";"classificacao_acidente";"fase_dia";"sentido_via";"condicao_metereologica";"tipo_pista";"tracado_via";"uso_solo";"id_veiculo";"tipo_veiculo";"marca";"ano_fabricacao_veiculo";"tipo_envolvido";"estado_fisico";"idade";"sexo";"ilesos";"feridos_leves";"feridos_graves";"mortos";"latitude";"longitude";"regional";"delegacia";"uop"
126963;274780;2018-04-09;"segunda-feira";"17:40:00";"PE";424;95,2;"GARANHUNS";"Sim";"Ingestao de alcool";1;"Colisao frontal";"Com Vitimas Feridas";"Anoitecer";"Crescente";"Ceu Claro";"Simples";"Curva";"Nao";224121;"Automóvel";"FIAT/PALIO YOUNG";2000;"Passageiro";"Lesoes Leves";6;"Feminino";0;1;0;0;"-8.92621361";"-36.4898631";"SR-PE";"DEL11/3";"UOP01/PE"
126963;274482;2018-04-09;"segunda-feira";"17:40:00";"PE";424;95,2;"GARANHUNS";"Sim";"Ingestao de alcool";1;"Colisao frontal";"Com Vitimas Feridas";"Anoitecer";"Crescente";"Ceu Claro";"Simples";"Curva";"Nao";224121;"Automóvel";"FIAT/PALIO YOUNG";2000;"Passageiro";"Lesoes Leves";16;"Feminino";0;1;0;0;"-8.92621361";"-36.4898631";"SR-PE";"DEL11/3";"UOP01/PE"
126963;274487;2018-04-09;"segunda-feira";"17:40:00";"PE";424;95,2;"GARANHUNS";"Sim";"Ingestao de alcool";1;"Colisao frontal";"Com Vitimas Feridas";"Anoitecer";"Crescente";"Ceu Claro";"Simples";"Curva";"Nao";224121;"Automóvel";"FIAT/PALIO YOUNG";2000;"Passageiro";"Lesoes Leves";14;"Masculino";0;1;0;0;"-8.92621361";"-36.4898631";"SR-PE";"DEL11/3";"UOP01/PE"
126963;273560;2018-04-09;"segunda-feira";"17:40:00";"PE";424;95,2;"GARANHUNS";"Sim";"Ingestao de alcool";1;"Colisao frontal";"Com Vitimas Feridas";"Anoitecer";"Crescente";"Ceu Claro";"Simples";"Curva";"Nao";224121;"Automóvel";"FIAT/PALIO YOUNG";2000;"Condutor";"Ileso";29;"Masculino";1;0;0;0;"-8.92621361";"-36.4898631";"SR-PE";"DEL11/3";"UOP01/PE"
126963;274226;2018-04-09;"segunda-feira";"17:40:00";"PE";424;95,2;"GARANHUNS";"Sim";"Ingestao de alcool";1;"Colisao frontal";"Com Vitimas Feridas";"Anoitecer";"Crescente";"Ceu Claro";"Simples";"Curva";"Nao";224121;"Automóvel";"FIAT/PALIO YOUNG";2000;"Passageiro";"Lesoes Graves";25;"Feminino";0;0;1;0;"-8.92621361";"-36.4898631";"SR-PE";"DEL11/3";"UOP01/PE"
126963;274779;2018-04-09;"segunda-feira";"17:40:00";"PE";424;95,2;"GARANHUNS";"Sim";"Ingestao de alcool";1;"Colisao frontal";"Com Vitimas Feridas";"Anoitecer";"Crescente";"Ceu Claro";"Simples";"Curva";"Nao";224121;"Automóvel";"FIAT/PALIO YOUNG";2000;"Passageiro";"Lesoes Leves";4;"Feminino";0;1;0;0;"-8.92621361";"-36.4898631";"SR-PE";"DEL11/3";"UOP01/PE"
126963;274484;2018-04-09;"segunda-feira";"17:40:00";"PE";424;95,2;"GARANHUNS";"Sim";"Ingestao de alcool";1;"Colisao frontal";"Com Vitimas Feridas";"Anoitecer";"Crescente";"Ceu Claro";"Simples";"Curva";"Nao";224121;"Automóvel";"FIAT/PALIO YOUNG";2000;"Passageiro";"Lesoes Leves";32;"Masculino";0;1;0;0;"-8.92621361";"-36.4898631";"SR-PE";"DEL11/3";"UOP01/PE"
126989;275541;2018-04-10;"terca-feira";"13:20:00";"SC";101;143;"ITAPEMA";"Sim";"Ingestao de alcool e/ou substâncias psicoativas pelo pedestre";1;"Colisao traseira";"Sem Vitimas";"Pleno dia";"Decrescente";"Ceu Claro";"Dupla";"Reta";"Nao";224211;"Utilitario";"MMC/PAJERO TR4 FLEX HP";2011;"Condutor";"Ileso";34;"Masculino";1;0;0;0;"-27.0734";"-48.5966";"SR-SC";"DEL8/4";"UOP03/SC"
126989;275544;2018-04-10;"terca-feira";"13:20:00";"SC";101;143;"ITAPEMA";"Sim";"Ingestao de alcool e/ou substâncias psicoativas pelo pedestre";1;"Colisao traseira";"Sem Vitimas";"Pleno dia";"Decrescente";"Ceu Claro";"Dupla";"Reta";"Nao";224212;"Camioneta";"RENAULT/DUSTER 20 D 4X2";2013;"Condutor";"Ileso";36;"Masculino";1;0;0;0;"-27.0734";"-48.5966";"SR-SC";"DEL8/4";"UOP03/SC"
127054;273807;2018-04-10;"terca-feira";"19:40:00";"RS";116;145;"CAXIAS DO SUL";"Sim";"Ingestao de alcool";1;"Atropelamento de Pedestre";"Com Vitimas Feridas";"Plena Noite";"Decrescente";"Ceu Claro";"Dupla";"Reta";"Sim";224327;"Motocicleta";"JTA-SUZUKI/GSR150I";2012;"Condutor";"Lesoes Leves";47;"Masculino";0;1;0;0;"-29.135021";"-51.13028";"SR-RS";"DEL9/5";"UOP01/RS"
127054;273810;2018-04-10;"terca-feira";"19:40:00";"RS";116;145;"CAXIAS DO SUL";"Sim";"Ingestao de alcool";1;"Atropelamento de Pedestre";"Com Vitimas Feridas";"Plena Noite";"Decrescente";"Ceu Claro";"Dupla";"Reta";"Sim";224327;"Motocicleta";"JTA-SUZUKI/GSR150I";2012;"Pedestre";"Lesoes Leves";48;"Masculino";0;1;0;0;"-29.135021";"-51.13028";"SR-RS";"DEL9/5";"UOP01/RS"
127058;275322;2018-04-10;"terca-feira";"18:30:00";"RJ";116;272;"BARRA MANSA";"Sim";"Ingestao de alcool";1;"Colisao traseira";"Sem Vitimas";"Anoitecer";"Decrescente";"Ceu Claro";"Dupla";"Curva";"Nao";225597;"Caminhao";"M.BENZ/LK 1313";1979;"Condutor";"Ileso";71;"Masculino";1;0;0;0;"-22.55275114";"-44.18031693";"SR-RJ";"DEL5/7";"UOP02/RJ"
127058;275325;2018-04-10;"terca-feira";"18:30:00";"RJ";116;272;"BARRA MANSA";"Sim";"Ingestao de alcool";1;"Colisao traseira";"Sem Vitimas";"Anoitecer";"Decrescente";"Ceu Claro";"Dupla";"Curva";"Nao";225601;"Automóvel";"FIAT/UNO MILLE FIRE";2003;"Condutor";"Ileso";57;"Masculino";1;0;0;0;"-22.55275114";"-44.18031693";"SR-RJ";"DEL5/7";"UOP02/RJ"
127072;273921;2018-04-10;"terca-feira";"16:35:00";"MA";10;212,2;"RIBAMAR FIQUENE";"Sim";"Ingestao de alcool";1;"Colisao transversal";"Com Vitimas Feridas";"Anoitecer";"Decrescente";"Nublado";"Simples";"Reta";"Nao";224412;"Ônibus";"VOLVO/COMIL CAMPIONE DD";2015;"Condutor";"Ileso";29;"Masculino";1;0;0;0;"-5.86108521";"-47.35845566";"SR-MA";"DEL18/4";"UOP01/MA"
127072;273916;2018-04-10;"terca-feira";"16:35:00";"MA";10;212,2;"RIBAMAR FIQUENE";"Sim";"Ingestao de alcool";1;"Colisao transversal";"Com Vitimas Feridas";"Anoitecer";"Decrescente";"Nublado";"Simples";"Reta";"Nao";224411;"Automóvel";"VW/VOYAGE CL";1989;"Condutor";"Lesoes Graves";39;"Masculino";0;0;1;0;"-5.86108521";"-47.35845566";"SR-MA";"DEL18/4";"UOP01/MA"
127073;277473;2018-04-10;"terca-feira";"20:00:00";"MA";10;253;"IMPERATRIZ";"Sim";"Ingestao de alcool";1;"Colisao transversal";"Com Vitimas Feridas";"Plena Noite";"Crescente";"Chuva";"Simples";"Retorno Regulamentado";"Sim";224307;"Ônibus";"M.BENZ/MPOLO TORINO U";2008;"Condutor";"Ileso";34;"Masculino";1;0;0;0;"-5.53124433";"-47.47145176";"SR-MA";"DEL18/4";"UOP01/MA"
127073;277475;2018-04-10;"terca-feira";"20:00:00";"MA";10;253;"IMPERATRIZ";"Sim";"Ingestao de alcool";1;"Colisao transversal";"Com Vitimas Feridas";"Plena Noite";"Crescente";"Chuva";"Simples";"Retorno Regulamentado";"Sim";224308;"Motoneta";"HONDA/BIZ 125 ES";2007;"Condutor";"Lesoes Graves";30;"Masculino";0;0;1;0;"-5.53124433";"-47.47145176";"SR-MA";"DEL18/4";"UOP01/MA"
127092;275656;2018-04-11;"quarta-feira";"02:50:00";"SP";116;64,4;"GUARATINGUETA";"Sim";"Ingestao de alcool";1;"Colisao traseira";"Sem Vitimas";"Plena Noite";"Crescente";"Ceu Claro";"Dupla";"Reta";"Nao";224428;"Automóvel";"CHEV/PRISMA 10MT JOYE";2017;"Condutor";"Ileso";36;"Masculino";1;0;0;0;"-22.820558";"-45.187911";"SR-SP";"DEL6/8";"UOP02/SP"
127092;275658;2018-04-11;"quarta-feira";"02:50:00";"SP";116;64,4;"GUARATINGUETA";"Sim";"Ingestao de alcool";1;"Colisao traseira";"Sem Vitimas";"Plena Noite";"Crescente";"Ceu Claro";"Dupla";"Reta";"Nao";224429;"Caminhao";"VW/23.220";2004;"Condutor";"Ileso";55;"Masculino";1;0;0;0;"-22.820558";"-45.187911";"SR-SP";"DEL6/8";"UOP02/SP"
127093;273927;2018-04-11;"quarta-feira";"04:20:00";"PR";277;610,1;"SANTA TEREZA DO OESTE";"Nao";"Ingestao de alcool e/ou substâncias psicoativas pelo pedestre";1;"Atropelamento de Pedestre";"Com Vitimas Feridas";"Plena Noite";"Crescente";"Ceu Claro";"Simples";"Reta";"Sim";224417;"Ônibus";"MBENZ/MPOLO PARADISO LDR";2001;"Condutor";"Ileso";36;"Masculino";1;0;0;0;"-25.051109";"-53.622143";"SR-PR";"DEL7/5";"UOP02/PR"
127093;273933;2018-04-11;"quarta-feira";"04:20:00";"PR";277;610,1;"SANTA TEREZA DO OESTE";"Nao";"Ingestao de alcool e/ou substâncias psicoativas pelo pedestre";1;"Atropelamento de Pedestre";"Com Vitimas Feridas";"Plena Noite";"Crescente";"Ceu Claro";"Simples";"Reta";"Sim";224417;"Ônibus";"MBENZ/MPOLO PARADISO LDR";2001;"Pedestre";"Lesoes Graves";35;"Masculino";0;0;1;0;"-25.051109";"-53.622143";"SR-PR";"DEL7/5";"UOP02/PR"
127097;273944;2018-04-11;"quarta-feira";"05:00:00";"RS";116;516,5;"PELOTAS";"Sim";"Ingestao de alcool";1;"Saida de leito carrocavel";"Sem Vitimas";"Plena Noite";"Decrescente";"Ceu Claro";"Simples";"Nao Informado";"Sim";224427;"Automóvel";"VW/POLO 1.6";2006;"Condutor";"Ileso";24;"Masculino";1;0;0;0;"-31.67529753";"-52.34127045";"SR-RS";"DEL9/7";"UOP01/RS"
127186;274201;2018-01-14;"domingo";"14:10:00";"SE";101;98,2;"SAO CRISTOVAO";"Sim";"Ingestao de alcool";1;"Colisao com objeto em movimento";"Com Vitimas Feridas";"Pleno dia";"Crescente";"Ceu Claro";"Dupla";"Reta";"Nao";224583;"Caminhao-trator";"IVECO/STRALIS 600S44T";2013;"Condutor";"Ileso";49;"Masculino";1;0;0;0;"-10.93641972";"-37.19055979";"SR-SE";"DEL20/2";"UOP01/SE"
127186;274202;2018-01-14;"domingo";"14:10:00";"SE";101;98,2;"SAO CRISTOVAO";"Sim";"Ingestao de alcool";1;"Colisao com objeto em movimento";"Com Vitimas Feridas";"Pleno dia";"Crescente";"Ceu Claro";"Dupla";"Reta";"Nao";224585;"Semireboque";"SR/FACCHINI SRF CF";2015;"Testemunha";"Nao Informado";NA;"Nao Informado";0;0;0;0;"-10.93641972";"-37.19055979";"SR-SE";"DEL20/2";"UOP01/SE"
127186;274203;2018-01-14;"domingo";"14:10:00";"SE";101;98,2;"SAO CRISTOVAO";"Sim";"Ingestao de alcool";1;"Colisao com objeto em movimento";"Com Vitimas Feridas";"Pleno dia";"Crescente";"Ceu Claro";"Dupla";"Reta";"Nao";224584;"Bicicleta";"";NA;"Condutor";"Lesoes Graves";45;"Masculino";0;0;1;0;"-10.93641972";"-37.19055979";"SR-SE";"DEL20/2";"UOP01/SE"
127228;274395;2018-04-11;"quarta-feira";"20:00:00";"RS";116;375,1;"TAPES";"Sim";"Ingestao de alcool";1;"Tombamento";"Sem Vitimas";"Plena Noite";"Decrescente";"Ceu Claro";"Simples";"Reta";"Nao";224729;"Caminhao-trator";"SCANIA/LK 141";1981;"Condutor";"Ileso";64;"Masculino";1;0;0;0;"-30.753981";"-51.637945";"SR-RS";"DEL9/2";"UOP02/RS"
127250;275829;2018-04-11;"quarta-feira";"22:25:00";"MG";116;527,3;"CARATINGA";"Nao";"Ingestao de alcool";1;"Colisao com objeto estatico";"Sem Vitimas";"Plena Noite";"Decrescente";"Ceu Claro";"Simples";"Curva";"Sim";224726;"Caminhao";"M.BENZ/L 608 E";1986;"Condutor";"Nao Informado";NA;"Nao Informado";0;0;0;0;"-19.776563";"-42.133251";"SR-MG";"DEL4/6";"UOP02/MG"
127256;275111;2018-04-12;"quinta-feira";"00:30:00";"MS";267;36;"BATAGUASSU";"Sim";"Ingestao de alcool";1;"Saida de leito carrocavel";"Com Vitimas Feridas";"Plena Noite";"Crescente";"Ceu Claro";"Dupla";"Reta";"Nao";225404;"Motocicleta";"HONDA/CG 125 TITAN KS";2000;"Condutor";"Lesoes Leves";39;"Masculino";0;1;0;0;"-21.749823";"-52.475986";"SR-MS";"DEL3/7";"UOP01/MS"
127268;277930;2018-04-12;"quinta-feira";"04:30:00";"PR";116;137,9;"MANDIRITUBA";"Sim";"Ingestao de alcool";1;"Saida de leito carrocavel";"Sem Vitimas";"Plena Noite";"Crescente";"Ceu Claro";"Dupla";"Reta";"Nao";227608;"Automóvel";"GM/KADETT GLS";1998;"Condutor";"Ileso";37;"Masculino";1;0;0;0;"-25.76464852";"-49.32106018";"SR-PR";"DEL7/1";"UOP03/PR"
127271;275914;2018-04-12;"quinta-feira";"06:30:00";"SC";470;11,9;"NAVEGANTES";"Nao";"Ingestao de alcool";1;"Colisao com objeto estatico";"Com Vitimas Feridas";"Amanhecer";"Decrescente";"Nublado";"Simples";"Intersecao de vias";"Sim";224795;"Automóvel";"PEUGEOT/207PASSION XR";2011;"Passageiro";"Lesoes Leves";21;"Masculino";0;1;0;0;"-26.83360646";"-48.73633862";"SR-SC";"DEL8/4";"UOP04/SC"
127271;275917;2018-04-12;"quinta-feira";"06:30:00";"SC";470;11,9;"NAVEGANTES";"Nao";"Ingestao de alcool";1;"Colisao com objeto estatico";"Com Vitimas Feridas";"Amanhecer";"Decrescente";"Nublado";"Simples";"Intersecao de vias";"Sim";224795;"Automóvel";"PEUGEOT/207PASSION XR";2011;"Passageiro";"Lesoes Graves";27;"Masculino";0;0;1;0;"-26.83360646";"-48.73633862";"SR-SC";"DEL8/4";"UOP04/SC"
127271;275835;2018-04-12;"quinta-feira";"06:30:00";"SC";470;11,9;"NAVEGANTES";"Nao";"Ingestao de alcool";1;"Colisao com objeto estatico";"Com Vitimas Feridas";"Amanhecer";"Decrescente";"Nublado";"Simples";"Intersecao de vias";"Sim";224795;"Automóvel";"PEUGEOT/207PASSION XR";2011;"Condutor";"Lesoes Leves";31;"Masculino";0;1;0;0;"-26.83360646";"-48.73633862";"SR-SC";"DEL8/4";"UOP04/SC"
127271;275836;2018-04-12;"quinta-feira";"06:30:00";"SC";470;11,9;"NAVEGANTES";"Nao";"Ingestao de alcool";1;"Colisao com objeto estatico";"Com Vitimas Feridas";"Amanhecer";"Decrescente";"Nublado";"Simples";"Intersecao de vias";"Sim";224796;"Caminhao";"FORD/CARGO 816 S";2017;"Condutor";"Ileso";33;"Masculino";1;0;0;0;"-26.83360646";"-48.73633862";"SR-SC";"DEL8/4";"UOP04/SC"
127271;275838;2018-04-12;"quinta-feira";"06:30:00";"SC";470;11,9;"NAVEGANTES";"Nao";"Ingestao de alcool";1;"Colisao com objeto estatico";"Com Vitimas Feridas";"Amanhecer";"Decrescente";"Nublado";"Simples";"Intersecao de vias";"Sim";224797;"Caminhao-trator";"M.BENZ/AXOR 2544 S";2013;"Condutor";"Ileso";30;"Feminino";1;0;0;0;"-26.83360646";"-48.73633862";"SR-SC";"DEL8/4";"UOP04/SC"
127314;274540;2018-04-12;"quinta-feira";"10:40:00";"PR";467;92;"CASCAVEL";"Sim";"Ingestao de alcool";1;"Saida de leito carrocavel";"Com Vitimas Feridas";"Pleno dia";"Decrescente";"Ceu Claro";"Dupla";"Curva";"Nao";224854;"Motocicleta";"HONDA/CG 125 FAN";2005;"Condutor";"Lesoes Graves";41;"Masculino";0;0;1;0;"-24.9473348";"-53.4861499";"SR-PR";"DEL7/4";"UOP01/PR"
127473;276765;2018-04-12;"quinta-feira";"22:00:00";"MT";163;835;"NOVA SANTA HELENA";"Sim";"Ingestao de alcool";1;"Queda de ocupante de veiculo";"Com Vitimas Feridas";"Plena Noite";"Decrescente";"Garoa/Chuvisco";"Dupla";"Reta";"Sim";226754;"Motoneta";"HONDA/BIZ 125";2017;"Condutor";"Lesoes Leves";35;"Feminino";0;1;0;0;"-11.0";"-55.0";"SR-MT";"DEL2/6";"UOP01/MT"
127514;275217;2018-04-13;"sexta-feira";"11:25:00";"MA";10;324;"ACAILANDIA";"Sim";"Ingestao de alcool";1;"Colisao traseira";"Com Vitimas Feridas";"Pleno dia";"Crescente";"Ceu Claro";"Simples";"Reta";"Sim";225157;"Utilitario";"MMC/PAJERO DAKAR D";2013;"Passageiro";"Ileso";54;"Feminino";1;0;0;0;"-4.916717";"-47.505856";"SR-MA";"DEL18/4";"UOP03/MA"
127514;275216;2018-04-13;"sexta-feira";"11:25:00";"MA";10;324;"ACAILANDIA";"Sim";"Ingestao de alcool";1;"Colisao traseira";"Com Vitimas Feridas";"Pleno dia";"Crescente";"Ceu Claro";"Simples";"Reta";"Sim";225157;"Utilitario";"MMC/PAJERO DAKAR D";2013;"Condutor";"Ileso";42;"Masculino";1;0;0;0;"-4.916717";"-47.505856";"SR-MA";"DEL18/4";"UOP03/MA"
127514;275218;2018-04-13;"sexta-feira";"11:25:00";"MA";10;324;"ACAILANDIA";"Sim";"Ingestao de alcool";1;"Colisao traseira";"Com Vitimas Feridas";"Pleno dia";"Crescente";"Ceu Claro";"Simples";"Reta";"Sim";225157;"Utilitario";"MMC/PAJERO DAKAR D";2013;"Passageiro";"Ileso";49;"Masculino";1;0;0;0;"-4.916717";"-47.505856";"SR-MA";"DEL18/4";"UOP03/MA"
127514;275220;2018-04-13;"sexta-feira";"11:25:00";"MA";10;324;"ACAILANDIA";"Sim";"Ingestao de alcool";1;"Colisao traseira";"Com Vitimas Feridas";"Pleno dia";"Crescente";"Ceu Claro";"Simples";"Reta";"Sim";225158;"Automóvel";"VW/GOL 1.0 ECOMOTION GIV";2011;"Condutor";"Lesoes Graves";30;"Masculino";0;0;1;0;"-4.916717";"-47.505856";"SR-MA";"DEL18/4";"UOP03/MA"
127589;275000;2018-04-13;"sexta-feira";"16:25:00";"AL";104;34,3;"UNIAO DOS PALMARES";"Nao";"Ingestao de alcool";1;"Colisao transversal";"Com Vitimas Feridas";"Anoitecer";"Crescente";"Nublado";"Simples";"Reta";"Sim";225279;"Caminhonete";"I/VW AMAROK CD 4X4 TREND";2013;"Condutor";"Ileso";37;"Masculino";1;0;0;0;"-9.15816";"-36.01418948";"SR-AL";"DEL13/1";"UOP02/AL"
127589;275001;2018-04-13;"sexta-feira";"16:25:00";"AL";104;34,3;"UNIAO DOS PALMARES";"Nao";"Ingestao de alcool";1;"Colisao transversal";"Com Vitimas Feridas";"Anoitecer";"Crescente";"Nublado";"Simples";"Reta";"Sim";225280;"Motocicleta";"HONDA/POP100";2012;"Condutor";"Lesoes Leves";NA;"Masculino";0;1;0;0;"-9.15816";"-36.01418948";"SR-AL";"DEL13/1";"UOP02/AL"
127618;275834;2018-04-13;"sexta-feira";"19:03:00";"PR";277;584,3;"CASCAVEL";"Sim";"Ingestao de alcool e/ou substâncias psicoativas pelo pedestre";1;"Colisao traseira";"Sem Vitimas";"Pleno dia";"Crescente";"Ceu Claro";"Dupla";"Reta";"Sim";226026;"Automóvel";"FIAT/UNO MILLE FIRE FLEX";2008;"Condutor";"Ileso";48;"Masculino";1;0;0;0;"-25.02817";"-53.55983";"SR-PR";"DEL7/4";"UOP01/PR"
127618;275837;2018-04-13;"sexta-feira";"19:03:00";"PR";277;584,3;"CASCAVEL";"Sim";"Ingestao de alcool e/ou substâncias psicoativas pelo pedestre";1;"Colisao traseira";"Sem Vitimas";"Pleno dia";"Crescente";"Ceu Claro";"Dupla";"Reta";"Sim";226030;"Motocicleta";"YAMAHA/YBR125 FACTOR ED";2013;"Condutor";"Ileso";23;"Masculino";1;0;0;0;"-25.02817";"-53.55983";"SR-PR";"DEL7/4";"UOP01/PR"
127636;275465;2018-04-13;"sexta-feira";"18:30:00";"MT";163;990;"TERRA NOVA DO NORTE";"Sim";"Ingestao de alcool";1;"Colisao traseira";"Com Vitimas Feridas";"Anoitecer";"Decrescente";"Nublado";"Simples";"Reta";"Nao";225719;"Bicicleta";"";NA;"Testemunha";"Nao Informado";NA;"Nao Informado";0;0;0;0;"-10.60092404";"-55.10344416";"SR-MT";"DEL2/6";"UOP02/MT"
127636;275462;2018-04-13;"sexta-feira";"18:30:00";"MT";163;990;"TERRA NOVA DO NORTE";"Sim";"Ingestao de alcool";1;"Colisao traseira";"Com Vitimas Feridas";"Anoitecer";"Decrescente";"Nublado";"Simples";"Reta";"Nao";225719;"Bicicleta";"";NA;"Condutor";"Lesoes Graves";45;"Masculino";0;0;1;0;"-10.60092404";"-55.10344416";"SR-MT";"DEL2/6";"UOP02/MT"
127636;275461;2018-04-13;"sexta-feira";"18:30:00";"MT";163;990;"TERRA NOVA DO NORTE";"Sim";"Ingestao de alcool";1;"Colisao traseira";"Com Vitimas Feridas";"Anoitecer";"Decrescente";"Nublado";"Simples";"Reta";"Nao";225717;"Caminhonete";"GM/CHEVROLET D20 CUSTOM L";1988;"Condutor";"Ileso";39;"Masculino";1;0;0;0;"-10.60092404";"-55.10344416";"SR-MT";"DEL2/6";"UOP02/MT"
127657;275881;2018-04-13;"sexta-feira";"21:00:00";"SP";116;193,8;"SANTA ISABEL";"Sim";"Ingestao de alcool";1;"Colisao traseira";"Sem Vitimas";"Plena Noite";"Crescente";"Ceu Claro";"Dupla";"Reta";"Nao";225536;"Automóvel";"GM/ASTRA HB 4P ADVANTAGE";2008;"Condutor";"Ileso";42;"Masculino";1;0;0;0;"-23.383577";"-46.264642";"SR-SP";"DEL6/2";"UOP01/SP"
127657;275882;2018-04-13;"sexta-feira";"21:00:00";"SP";116;193,8;"SANTA ISABEL";"Sim";"Ingestao de alcool";1;"Colisao traseira";"Sem Vitimas";"Plena Noite";"Crescente";"Ceu Claro";"Dupla";"Reta";"Nao";225537;"Automóvel";"VW/FUSCA 1300";1976;"Condutor";"Ileso";54;"Masculino";1;0;0;0;"-23.383577";"-46.264642";"SR-SP";"DEL6/2";"UOP01/SP"
127678;277201;2018-04-14;"sabado";"00:01:00";"ES";262;107;"VENDA NOVA DO IMIGRANTE";"Sim";"Ingestao de alcool";1;"Colisao traseira";"Com Vitimas Feridas";"Plena Noite";"Crescente";"Nublado";"Simples";"Reta";"Sim";225550;"Caminhonete";"VW/NOVA SAVEIRO CE CROSS";2013;"Condutor";"Ileso";20;"Masculino";1;0;0;0;"-20.3308";"-41.1555";"SR-ES";"DEL12/1";"UOP02/ES"
127678;277203;2018-04-14;"sabado";"00:01:00";"ES";262;107;"VENDA NOVA DO IMIGRANTE";"Sim";"Ingestao de alcool";1;"Colisao traseira";"Com Vitimas Feridas";"Plena Noite";"Crescente";"Nublado";"Simples";"Reta";"Sim";225551;"Automóvel";"I/CHEVROLET AGILE LTZ";2012;"Condutor";"Ileso";23;"Feminino";1;0;0;0;"-20.3308";"-41.1555";"SR-ES";"DEL12/1";"UOP02/ES"
127678;277207;2018-04-14;"sabado";"00:01:00";"ES";262;107;"VENDA NOVA DO IMIGRANTE";"Sim";"Ingestao de alcool";1;"Colisao traseira";"Com Vitimas Feridas";"Plena Noite";"Crescente";"Nublado";"Simples";"Reta";"Sim";225551;"Automóvel";"I/CHEVROLET AGILE LTZ";2012;"Passageiro";"Lesoes Leves";24;"Feminino";0;1;0;0;"-20.3308";"-41.1555";"SR-ES";"DEL12/1";"UOP02/ES"
127679;275228;2018-04-13;"sexta-feira";"23:50:00";"DF";70;3;"BRASILIA";"Sim";"Ingestao de alcool";1;"Colisao traseira";"Com Vitimas Feridas";"Plena Noite";"Decrescente";"Garoa/Chuvisco";"Dupla";"Reta";"Nao";225489;"Motocicleta";"HONDA/CG 160 FAN ESDI";2017;"Condutor";"Lesoes Leves";43;"Masculino";0;1;0;0;"-15.802453";"-48.080387";"SR-DF";"DF";"UOP06/DF"
127679;275227;2018-04-13;"sexta-feira";"23:50:00";"DF";70;3;"BRASILIA";"Sim";"Ingestao de alcool";1;"Colisao traseira";"Com Vitimas Feridas";"Plena Noite";"Decrescente";"Garoa/Chuvisco";"Dupla";"Reta";"Nao";225488;"Automóvel";"FORD/FIESTA SEDAN FLEX";2006;"Condutor";"Ileso";62;"Masculino";1;0;0;0;"-15.802453";"-48.080387";"SR-DF";"DF";"UOP06/DF"
127679;276956;2018-04-13;"sexta-feira";"23:50:00";"DF";70;3;"BRASILIA";"Sim";"Ingestao de alcool";1;"Colisao traseira";"Com Vitimas Feridas";"Plena Noite";"Decrescente";"Garoa/Chuvisco";"Dupla";"Reta";"Nao";225489;"Motocicleta";"HONDA/CG 160 FAN ESDI";2017;"Testemunha";"Nao Informado";NA;"Nao Informado";0;0;0;0;"-15.802453";"-48.080387";"SR-DF";"DF";"UOP06/DF"
127679;276957;2018-04-13;"sexta-feira";"23:50:00";"DF";70;3;"BRASILIA";"Sim";"Ingestao de alcool";1;"Colisao traseira";"Com Vitimas Feridas";"Plena Noite";"Decrescente";"Garoa/Chuvisco";"Dupla";"Reta";"Nao";225489;"Motocicleta";"HONDA/CG 160 FAN ESDI";2017;"Testemunha";"Nao Informado";NA;"Nao Informado";0;0;0;0;"-15.802453";"-48.080387";"SR-DF";"DF";"UOP06/DF"
127691;277356;2018-04-14;"sabado";"03:05:00";"RJ";116;177;"NOVA IGUACU";"Sim";"Ingestao de alcool";1;"Colisao lateral";"Sem Vitimas";"Plena Noite";"Crescente";"Ceu Claro";"Dupla";"Reta";"Sim";225498;"Automóvel";"NISSAN/LIVINA 18SL";2011;"Condutor";"Ileso";44;"Masculino";1;0;0;0;"-22.780552";"-43.392086";"SR-RJ";"DEL5/1";"UOP02/RJ"
127691;277357;2018-04-14;"sabado";"03:05:00";"RJ";116;177;"NOVA IGUACU";"Sim";"Ingestao de alcool";1;"Colisao lateral";"Sem Vitimas";"Plena Noite";"Crescente";"Ceu Claro";"Dupla";"Reta";"Sim";226854;"Automóvel";"FIAT/PALIO ELX FLEX";2007;"Condutor";"Ileso";40;"Masculino";1;0;0;0;"-22.780552";"-43.392086";"SR-RJ";"DEL5/1";"UOP02/RJ"
127691;277359;2018-04-14;"sabado";"03:05:00";"RJ";116;177;"NOVA IGUACU";"Sim";"Ingestao de alcool";1;"Colisao lateral";"Sem Vitimas";"Plena Noite";"Crescente";"Ceu Claro";"Dupla";"Reta";"Sim";226855;"Caminhao";"VW/13.190 CRM 4X2";2013;"Condutor";"Ileso";48;"Masculino";1;0;0;0;"-22.780552";"-43.392086";"SR-RJ";"DEL5/1";"UOP02/RJ"
127691;277362;2018-04-14;"sabado";"03:05:00";"RJ";116;177;"NOVA IGUACU";"Sim";"Ingestao de alcool";1;"Colisao lateral";"Sem Vitimas";"Plena Noite";"Crescente";"Ceu Claro";"Dupla";"Reta";"Sim";226857;"Caminhao-trator";"M.BENZ/ATRON 1635 S";2016;"Condutor";"Ileso";36;"Masculino";1;0;0;0;"-22.780552";"-43.392086";"SR-RJ";"DEL5/1";"UOP02/RJ"