"id";"pesid";"data_inversa";"dia_semana";"horario";"uf";"br";"km";"municipio";"causa_principal";"causa_acidente";"ordem_tipo_acidente";"tipo_acidente";"classificacao_acidente";"fase_dia";"sentido_via";"condicao_metereologica";"tipo_pista";"tracado_via";"uso_solo";"id_veiculo";"tipo_veiculo";"marca";"ano_fabricacao_veiculo";"tipo_envolvido";"estado_fisico";"idade";"sexo";"ilesos";"feridos_leves";"feridos_graves";"mortos";"latitude";"longitude";"regional";"delegacia";"uop"
128145;276146;2018-04-15;"domingo";"19:40:00";"RJ";101;81;"CAMPOS DOS GOYTACAZES";"Sim";"Ingestao de alcool";1;"Colisao traseira";"Com Vitimas Feridas";"Plena Noite";"Crescente";"Chuva";"Simples";"Reta";"Nao";226305;"Automóvel";"GM/CORSA MILENIUM";2002;"Passageiro";"Lesoes Leves";51;"Masculino";0;1;0;0;"-21.83263959";"-41.44539714";"SR-RJ";"DEL5/8";"UOP02/RJ"
128145;276147;2018-04-15;"domingo";"19:40:00";"RJ";101;81;"CAMPOS DOS GOYTACAZES";"Sim";"Ingestao de alcool";1;"Colisao traseira";"Com Vitimas Feridas";"Plena Noite";"Crescente";"Chuva";"Simples";"Reta";"Nao";226305;"Automóvel";"GM/CORSA MILENIUM";2002;"Passageiro";"Lesoes Leves";39;"Masculino";0;1;0;0;"-21.83263959";"-41.44539714";"SR-RJ";"DEL5/8";"UOP02/RJ"
128145;276148;2018-04-15;"domingo";"19:40:00";"RJ";101;81;"CAMPOS DOS GOYTACAZES";"Sim";"Ingestao de alcool";1;"Colisao traseira";"Com Vitimas Feridas";"Plena Noite";"Crescente";"Chuva";"Simples";"Reta";"Nao";226305;"Automóvel";"GM/CORSA MILENIUM";2002;"Passageiro";"Ileso";44;"Feminino";1;0;0;0;"-21.83263959";"-41.44539714";"SR-RJ";"DEL5/8";"UOP02/RJ"
128145;276144;2018-04-15;"domingo";"19:40:00";"RJ";101;81;"CAMPOS DOS GOYTACAZES";"Sim";"Ingestao de alcool";1;"Colisao traseira";"Com Vitimas Feridas";"Plena Noite";"Crescente";"Chuva";"Simples";"Reta";"Nao";226304;"Automóvel";"NISSAN/MARCH 16S";2015;"Condutor";"Lesoes Leves";40;"Feminino";0;1;0;0;"-21.83263959";"-41.44539714";"SR-RJ";"DEL5/8";"UOP02/RJ"
128151;278237;2018-04-15;"domingo";"20:00:00";"CE";116;3;"FORTALEZA";"Sim";"Ingestao de alcool";1;"Colisao lateral";"Sem Vitimas";"Plena Noite";"Decrescente";"Ceu Claro";"Dupla";"Reta";"Sim";226262;"Automóvel";"CHEVROLET/CLASSIC LS";2010;"Condutor";"Ileso";29;"Masculino";1;0;0;0;"-3.778126";"-38.514751";"SR-CE";"DEL16/1";"UOP02/CE"
128151;278240;2018-04-15;"domingo";"20:00:00";"CE";116;3;"FORTALEZA";"Sim";"Ingestao de alcool";1;"Colisao lateral";"Sem Vitimas";"Plena Noite";"Decrescente";"Ceu Claro";"Dupla";"Reta";"Sim";226263;"Automóvel";"CHEVROLET/CRUZE LTZ NB";2012;"Testemunha";"Nao Informado";NA;"Nao Informado";0;0;0;0;"-3.778126";"-38.514751";"SR-CE";"DEL16/1";"UOP02/CE"
128151;278238;2018-04-15;"domingo";"20:00:00";"CE";116;3;"FORTALEZA";"Sim";"Ingestao de alcool";1;"Colisao lateral";"Sem Vitimas";"Plena Noite";"Decrescente";"Ceu Claro";"Dupla";"Reta";"Sim";226263;"Automóvel";"CHEVROLET/CRUZE LTZ NB";2012;"Condutor";"Ileso";69;"Masculino";1;0;0;0;"-3.778126";"-38.514751";"SR-CE";"DEL16/1";"UOP02/CE"
128160;278211;2018-04-15;"domingo";"18:20:00";"PR";153;24,3;"JACAREZINHO";"Sim";"Ingestao de alcool";1;"Saida de leito carrocavel";"Sem Vitimas";"Plena Noite";"Decrescente";"Ceu Claro";"Simples";"Intersecao de vias";"Nao";227823;"Automóvel";"VW/GOLF";2004;"Passageiro";"Ileso";56;"Feminino";1;0;0;0;"-23.183662";"-49.982449";"SR-PR";"DEL7/7";"UOP07/PR"
128160;278210;2018-04-15;"domingo";"18:20:00";"PR";153;24,3;"JACAREZINHO";"Sim";"Ingestao de alcool";1;"Saida de leito carrocavel";"Sem Vitimas";"Plena Noite";"Decrescente";"Ceu Claro";"Simples";"Intersecao de vias";"Nao";227823;"Automóvel";"VW/GOLF";2004;"Condutor";"Ileso";60;"Masculino";1;0;0;0;"-23.183662";"-49.982449";"SR-PR";"DEL7/7";"UOP07/PR"
128171;276133;2018-04-15;"domingo";"20:13:00";"MS";262;380,4;"TERENOS";"Sim";"Ingestao de alcool";1;"Colisao lateral";"Com Vitimas Feridas";"Plena Noite";"Decrescente";"Ceu Claro";"Simples";"Reta";"Nao";226298;"Automóvel";"FORD/VERONA GLX";1992;"Passageiro";"Ileso";43;"Feminino";1;0;0;0;"-20.45157";"-54.846596";"SR-MS";"DEL3/1";"UOP03/MS"
128171;276136;2018-04-15;"domingo";"20:13:00";"MS";262;380,4;"TERENOS";"Sim";"Ingestao de alcool";1;"Colisao lateral";"Com Vitimas Feridas";"Plena Noite";"Decrescente";"Ceu Claro";"Simples";"Reta";"Nao";226298;"Automóvel";"FORD/VERONA GLX";1992;"Passageiro";"Ileso";38;"Masculino";1;0;0;0;"-20.45157";"-54.846596";"SR-MS";"DEL3/1";"UOP03/MS"
128171;276137;2018-04-15;"domingo";"20:13:00";"MS";262;380,4;"TERENOS";"Sim";"Ingestao de alcool";1;"Colisao lateral";"Com Vitimas Feridas";"Plena Noite";"Decrescente";"Ceu Claro";"Simples";"Reta";"Nao";226299;"Automóvel";"GM/CLASSIC LIFE";2008;"Condutor";"Ileso";29;"Masculino";1;0;0;0;"-20.45157";"-54.846596";"SR-MS";"DEL3/1";"UOP03/MS"
128171;276138;2018-04-15;"domingo";"20:13:00";"MS";262;380,4;"TERENOS";"Sim";"Ingestao de alcool";1;"Colisao lateral";"Com Vitimas Feridas";"Plena Noite";"Decrescente";"Ceu Claro";"Simples";"Reta";"Nao";226299;"Automóvel";"GM/CLASSIC LIFE";2008;"Passageiro";"Ileso";30;"Feminino";1;0;0;0;"-20.45157";"-54.846596";"SR-MS";"DEL3/1";"UOP03/MS"
128171;276139;2018-04-15;"domingo";"20:13:00";"MS";262;380,4;"TERENOS";"Sim";"Ingestao de alcool";1;"Colisao lateral";"Com Vitimas Feridas";"Plena Noite";"Decrescente";"Ceu Claro";"Simples";"Reta";"Nao";226299;"Automóvel";"GM/CLASSIC LIFE";2008;"Passageiro";"Ileso";15;"Masculino";1;0;0;0;"-20.45157";"-54.846596";"SR-MS";"DEL3/1";"UOP03/MS"
128171;276140;2018-04-15;"domingo";"20:13:00";"MS";262;380,4;"TERENOS";"Sim";"Ingestao de alcool";1;"Colisao lateral";"Com Vitimas Feridas";"Plena Noite";"Decrescente";"Ceu Claro";"Simples";"Reta";"Nao";226299;"Automóvel";"GM/CLASSIC LIFE";2008;"Passageiro";"Ileso";17;"Feminino";1;0;0;0;"-20.45157";"-54.846596";"SR-MS";"DEL3/1";"UOP03/MS"
128171;276135;2018-04-15;"domingo";"20:13:00";"MS";262;380,4;"TERENOS";"Sim";"Ingestao de alcool";1;"Colisao lateral";"Com Vitimas Feridas";"Plena Noite";"Decrescente";"Ceu Claro";"Simples";"Reta";"Nao";226298;"Automóvel";"FORD/VERONA GLX";1992;"Passageiro";"Ileso";NA;"Masculino";1;0;0;0;"-20.45157";"-54.846596";"SR-MS";"DEL3/1";"UOP03/MS"
128171;276141;2018-04-15;"domingo";"20:13:00";"MS";262;380,4;"TERENOS";"Sim";"Ingestao de alcool";1;"Colisao lateral";"Com Vitimas Feridas";"Plena Noite";"Decrescente";"Ceu Claro";"Simples";"Reta";"Nao";226299;"Automóvel";"GM/CLASSIC LIFE";2008;"Passageiro";"Ileso";3;"Feminino";1;0;0;0;"-20.45157";"-54.846596";"SR-MS";"DEL3/1";"UOP03/MS"
128171;276130;2018-04-15;"domingo";"20:13:00";"MS";262;380,4;"TERENOS";"Sim";"Ingestao de alcool";1;"Colisao lateral";"Com Vitimas Feridas";"Plena Noite";"Decrescente";"Ceu Claro";"Simples";"Reta";"Nao";226298;"Automóvel";"FORD/VERONA GLX";1992;"Condutor";"Lesoes Leves";57;"Masculino";0;1;0;0;"-20.45157";"-54.846596";"SR-MS";"DEL3/1";"UOP03/MS"
128189;276175;2018-04-15;"domingo";"21:59:00";"AL";101;172;"TEOTONIO VILELA";"Sim";"Ingestao de alcool";2;"Queda de ocupante de veiculo";"Com Vitimas Feridas";"Plena Noite";"Decrescente";"Ceu Claro";"Dupla";"Reta";"Nao";226318;"Motoneta";"HONDA/BIZ 125 ES";2006;"Condutor";"Lesoes Leves";29;"Masculino";0;1;0;0;"-9.899678";"-36.283047";"SR-AL";"DEL13/2";"UOP02/AL"
128189;276177;2018-04-15;"domingo";"21:59:00";"AL";101;172;"TEOTONIO VILELA";"Sim";"Ingestao de alcool";2;"Queda de ocupante de veiculo";"Com Vitimas Feridas";"Plena Noite";"Decrescente";"Ceu Claro";"Dupla";"Reta";"Nao";226318;"Motoneta";"HONDA/BIZ 125 ES";2006;"Passageiro";"Lesoes Leves";32;"Masculino";0;1;0;0;"-9.899678";"-36.283047";"SR-AL";"DEL13/2";"UOP02/AL"
128211;277051;2018-04-16;"segunda-feira";"05:00:00";"SP";153;257,1;"MARILIA";"Sim";"Ingestao de alcool";1;"Colisao lateral";"Com Vitimas Feridas";"Plena Noite";"Crescente";"Nublado";"Dupla";"Rotatória";"Sim";226482;"Caminhao";"FORD/CARGO 815 E";2010;"Condutor";"Ileso";42;"Masculino";1;0;0;0;"-22.239838";"-49.919655";"SR-SP";"DEL6/07";"UOP02/SP"
128211;277050;2018-04-16;"segunda-feira";"05:00:00";"SP";153;257,1;"MARILIA";"Sim";"Ingestao de alcool";1;"Colisao lateral";"Com Vitimas Feridas";"Plena Noite";"Crescente";"Nublado";"Dupla";"Rotatória";"Sim";226481;"Motocicleta";"YAMAHA/YBR 125K";2004;"Condutor";"Lesoes Leves";33;"Masculino";0;1;0;0;"-22.239838";"-49.919655";"SR-SP";"DEL6/07";"UOP02/SP"
128232;276754;2018-04-16;"segunda-feira";"07:10:00";"PB";230;25;"JOAO PESSOA";"Nao";"Ingestao de alcool";1;"Colisao traseira";"Com Vitimas Feridas";"Pleno dia";"Decrescente";"Chuva";"Multipla";"Reta";"Sim";226632;"Motocicleta";"YAMAHA/YBR125I FACTOR ED";2016;"Condutor";"Lesoes Graves";43;"Masculino";0;0;1;0;"-7.1707";"-34.8684";"SR-PB";"DEL14/1";"UOP01/PB"
128232;276752;2018-04-16;"segunda-feira";"07:10:00";"PB";230;25;"JOAO PESSOA";"Nao";"Ingestao de alcool";1;"Colisao traseira";"Com Vitimas Feridas";"Pleno dia";"Decrescente";"Chuva";"Multipla";"Reta";"Sim";226631;"Automóvel";"VW/GOL 1.0";2009;"Condutor";"Ileso";36;"Feminino";1;0;0;0;"-7.1707";"-34.8684";"SR-PB";"DEL14/1";"UOP01/PB"
128279;276369;2018-04-16;"segunda-feira";"12:25:00";"GO";60;46;"APARECIDA DE GOIANIA";"Sim";"Ingestao de alcool e/ou substâncias psicoativas pelo pedestre";1;"Colisao transversal";"Com Vitimas Feridas";"Pleno dia";"Decrescente";"Ceu Claro";"Dupla";"Retorno Regulamentado";"Sim";226483;"Motocicleta";"HONDA/CB 300R";2011;"Condutor";"Lesoes Leves";43;"Feminino";0;1;0;0;"-16.78110194";"-49.28186238";"SR-GO";"DEL1/1";"UOP03/GO"
128279;276420;2018-04-16;"segunda-feira";"12:25:00";"GO";60;46;"APARECIDA DE GOIANIA";"Sim";"Ingestao de alcool e/ou substâncias psicoativas pelo pedestre";1;"Colisao transversal";"Com Vitimas Feridas";"Pleno dia";"Decrescente";"Ceu Claro";"Dupla";"Retorno Regulamentado";"Sim";226515;"Bicicleta";"MONARK/";NA;"Condutor";"Lesoes Leves";51;"Masculino";0;1;0;0;"-16.78110194";"-49.28186238";"SR-GO";"DEL1/1";"UOP03/GO"
128314;276431;2018-03-24;"sabado";"05:15:00";"MG";262;478,7;"BOM DESPACHO";"Sim";"Ingestao de alcool";1;"Colisao com objeto estatico";"Com Vitimas Feridas";"Amanhecer";"Crescente";"Ceu Claro";"Simples";"Reta";"Sim";226538;"Camioneta";"RENAULT/DUSTER 20 D 4X4";2012;"Condutor";"Lesoes Leves";23;"Masculino";0;1;0;0;"-19.783918";"-45.25713";"SR-MG";"DEL4/8";"UOP03/MG"
128314;276444;2018-03-24;"sabado";"05:15:00";"MG";262;478,7;"BOM DESPACHO";"Sim";"Ingestao de alcool";1;"Colisao com objeto estatico";"Com Vitimas Feridas";"Amanhecer";"Crescente";"Ceu Claro";"Simples";"Reta";"Sim";226540;"Caminhao-trator";"M.BENZ/ACTROS 2646LS6X4";2013;"Condutor";"Ileso";39;"Masculino";1;0;0;0;"-19.783918";"-45.25713";"SR-MG";"DEL4/8";"UOP03/MG"
128363;276582;2018-04-13;"sexta-feira";"00:20:00";"RJ";101;295,8;"ITABORAI";"Nao";"Ingestao de alcool";1;"Queda de ocupante de veiculo";"Com Vitimas Fatais";"Plena Noite";"Decrescente";"Nublado";"Multipla";"Reta";"Sim";226645;"Motoneta";"YAMAHA/T115 CRYPTON K";2014;"Passageiro";"Óbito";NA;"Masculino";0;0;0;1;"-22.763668";"-42.90226";"SR-RJ";"DEL5/2";"UOP02/RJ"
128363;276713;2018-04-13;"sexta-feira";"00:20:00";"RJ";101;295,8;"ITABORAI";"Nao";"Ingestao de alcool";1;"Queda de ocupante de veiculo";"Com Vitimas Fatais";"Plena Noite";"Decrescente";"Nublado";"Multipla";"Reta";"Sim";226645;"Motoneta";"YAMAHA/T115 CRYPTON K";2014;"Condutor";"Óbito";19;"Masculino";0;0;0;1;"-22.763668";"-42.90226";"SR-RJ";"DEL5/2";"UOP02/RJ"
128409;276782;2018-04-16;"segunda-feira";"17:30:00";"RS";285;68,4;"BOM JESUS";"Sim";"Ingestao de alcool";1;"Saida de leito carrocavel";"Com Vitimas Feridas";"Pleno dia";"Crescente";"Nublado";"Simples";"Curva";"Nao";226764;"Automóvel";"GM/ASTRA HB 4P ADVANTAGE";2011;"Condutor";"Lesoes Leves";57;"Masculino";0;1;0;0;"-28.63655112";"-50.49231648";"SR-RS";"DEL9/5";"UOP03/RS"
128411;276818;2018-04-17;"terca-feira";"03:10:00";"PR";277;728,3;"FOZ DO IGUACU";"Sim";"Ingestao de alcool";1;"Saida de leito carrocavel";"Sem Vitimas";"Plena Noite";"Decrescente";"Ceu Claro";"Dupla";"Reta";"Sim";226800;"Automóvel";"I/KIA SORENTO";2014;"Condutor";"Ileso";40;"Masculino";1;0;0;0;"-25.50932313";"-54.57865387";"SR-PR";"DEL7/5";"UOP03/PR"
128493;277302;2018-04-17;"terca-feira";"14:40:00";"MG";153;58;"MONTE ALEGRE DE MINAS";"Sim";"Ingestao de alcool";1;"Colisao traseira";"Com Vitimas Feridas";"Pleno dia";"Crescente";"Ceu Claro";"Simples";"Reta";"Nao";227077;"Caminhonete";"I/MMC L200 4X4";1997;"Condutor";"Lesoes Leves";50;"Masculino";0;1;0;0;"-18.8878";"-49.051";"SR-MG";"DEL4/15";"UOP03/MG"
128493;277301;2018-04-17;"terca-feira";"14:40:00";"MG";153;58;"MONTE ALEGRE DE MINAS";"Sim";"Ingestao de alcool";1;"Colisao traseira";"Com Vitimas Feridas";"Pleno dia";"Crescente";"Ceu Claro";"Simples";"Reta";"Nao";227063;"Automóvel";"VW/GOL 16V";1998;"Condutor";"Ileso";47;"Feminino";1;0;0;0;"-18.8878";"-49.051";"SR-MG";"DEL4/15";"UOP03/MG"
128505;278464;2018-04-17;"terca-feira";"15:30:00";"MS";163;549,3;"BANDEIRANTES";"Sim";"Ingestao de alcool";1;"Colisao transversal";"Com Vitimas Feridas";"Pleno dia";"Decrescente";"Ceu Claro";"Simples";"Reta";"Sim";227026;"Motocicleta";"HONDA/CG 125 FAN KS";2009;"Condutor";"Ileso";52;"Masculino";1;0;0;0;"-19.915662";"-54.369507";"SR-MS";"DEL3/1";"UOP02/MS"
128505;278460;2018-04-17;"terca-feira";"15:30:00";"MS";163;549,3;"BANDEIRANTES";"Sim";"Ingestao de alcool";1;"Colisao transversal";"Com Vitimas Feridas";"Pleno dia";"Decrescente";"Ceu Claro";"Simples";"Reta";"Sim";228000;"Bicicleta";"MONARK/";NA;"Condutor";"Lesoes Graves";53;"Masculino";0;0;1;0;"-19.915662";"-54.369507";"SR-MS";"DEL3/1";"UOP02/MS"
128507;279999;2018-04-17;"terca-feira";"17:15:00";"GO";452;0;"RIO VERDE";"Sim";"Ingestao de alcool";1;"Saida de leito carrocavel";"Sem Vitimas";"Pleno dia";"Crescente";"Ceu Claro";"Multipla";"Reta";"Sim";227173;"Caminhao-trator";"SCANIA/T142 H 4X2 S";1988;"Condutor";"Ileso";52;"Masculino";1;0;0;0;"-17.786345";"-50.901516";"SR-GO";"DEL1/4";"UOP01/GO"
128522;278041;2018-04-17;"terca-feira";"17:45:00";"PE";232;256,1;"ARCOVERDE";"Sim";"Ingestao de alcool";1;"Colisao traseira";"Com Vitimas Feridas";"Anoitecer";"Decrescente";"Nublado";"Simples";"Reta";"Sim";227699;"Automóvel";"VW/GOL 1.0";2003;"Condutor";"Ileso";50;"Masculino";1;0;0;0;"-8.41433436";"-37.08272544";"SR-PE";"DEL11/3";"UOP02/PE"
128522;278063;2018-04-17;"terca-feira";"17:45:00";"PE";232;256,1;"ARCOVERDE";"Sim";"Ingestao de alcool";1;"Colisao traseira";"Com Vitimas Feridas";"Anoitecer";"Decrescente";"Nublado";"Simples";"Reta";"Sim";227712;"Bicicleta";"";NA;"Testemunha";"Nao Informado";NA;"Nao Informado";0;0;0;0;"-8.41433436";"-37.08272544";"SR-PE";"DEL11/3";"UOP02/PE"
128522;278068;2018-04-17;"terca-feira";"17:45:00";"PE";232;256,1;"ARCOVERDE";"Sim";"Ingestao de alcool";1;"Colisao traseira";"Com Vitimas Feridas";"Anoitecer";"Decrescente";"Nublado";"Simples";"Reta";"Sim";227712;"Bicicleta";"";NA;"Testemunha";"Nao Informado";NA;"Nao Informado";0;0;0;0;"-8.41433436";"-37.08272544";"SR-PE";"DEL11/3";"UOP02/PE"
128522;278056;2018-04-17;"terca-feira";"17:45:00";"PE";232;256,1;"ARCOVERDE";"Sim";"Ingestao de alcool";1;"Colisao traseira";"Com Vitimas Feridas";"Anoitecer";"Decrescente";"Nublado";"Simples";"Reta";"Sim";227712;"Bicicleta";"";NA;"Condutor";"Lesoes Graves";34;"Masculino";0;0;1;0;"-8.41433436";"-37.08272544";"SR-PE";"DEL11/3";"UOP02/PE"
128538;277210;2018-04-17;"terca-feira";"19:00:00";"RS";116;27;"VACARIA";"Sim";"Ingestao de alcool e/ou substâncias psicoativas pelo pedestre";1;"Colisao lateral";"Com Vitimas Feridas";"Plena Noite";"Crescente";"Ceu Claro";"Simples";"Reta";"Nao";227091;"Caminhao-trator";"M.BENZ/AXOR 2544 S";2015;"Condutor";"Ileso";42;"Masculino";1;0;0;0;"-28.422174";"-50.86562";"SR-RS";"DEL9/5";"UOP03/RS"
128538;277324;2018-04-17;"terca-feira";"19:00:00";"RS";116;27;"VACARIA";"Sim";"Ingestao de alcool e/ou substâncias psicoativas pelo pedestre";1;"Colisao lateral";"Com Vitimas Feridas";"Plena Noite";"Crescente";"Ceu Claro";"Simples";"Reta";"Nao";227091;"Caminhao-trator";"M.BENZ/AXOR 2544 S";2015;"Testemunha";"Nao Informado";NA;"Nao Informado";0;0;0;0;"-28.422174";"-50.86562";"SR-RS";"DEL9/5";"UOP03/RS"
128538;277223;2018-04-17;"terca-feira";"19:00:00";"RS";116;27;"VACARIA";"Sim";"Ingestao de alcool e/ou substâncias psicoativas pelo pedestre";1;"Colisao lateral";"Com Vitimas Feridas";"Plena Noite";"Crescente";"Ceu Claro";"Simples";"Reta";"Nao";227093;"Motoneta";"HONDA/C100 BIZ";2003;"Condutor";"Lesoes Leves";58;"Masculino";0;1;0;0;"-28.422174";"-50.86562";"SR-RS";"DEL9/5";"UOP03/RS"
128553;277266;2018-04-17;"terca-feira";"19:50:00";"GO";40;28;"LUZIANIA";"Nao";"Ingestao de alcool";1;"Atropelamento de Pedestre";"Com Vitimas Feridas";"Plena Noite";"Crescente";"Nublado";"Dupla";"Reta";"Nao";227084;"Ciclomotor";"KASINSKI/SOFT";2011;"Condutor";"Ileso";27;"Masculino";1;0;0;0;"-16.269812";"-47.880496";"SR-DF";"GO";"UOP01/DF"
128553;277252;2018-04-17;"terca-feira";"19:50:00";"GO";40;28;"LUZIANIA";"Nao";"Ingestao de alcool";1;"Atropelamento de Pedestre";"Com Vitimas Feridas";"Plena Noite";"Crescente";"Nublado";"Dupla";"Reta";"Nao";227084;"Ciclomotor";"KASINSKI/SOFT";2011;"Pedestre";"Lesoes Graves";61;"Masculino";0;0;1;0;"-16.269812";"-47.880496";"SR-DF";"GO";"UOP01/DF"
128555;277216;2018-04-17;"terca-feira";"18:45:00";"BA";324;526;"FEIRA DE SANTANA";"Sim";"Ingestao de alcool";1;"Atropelamento de Pedestre";"Com Vitimas Feridas";"Plena Noite";"Crescente";"Ceu Claro";"Dupla";"Reta";"Sim";227104;"Motocicleta";"HONDA/CG 125 FAN";2006;"Condutor";"Lesoes Leves";30;"Masculino";0;1;0;0;"-12.315988";"-38.877952";"SR-BA";"DEL10/1";"UOP01/BA"
128555;277218;2018-04-17;"terca-feira";"18:45:00";"BA";324;526;"FEIRA DE SANTANA";"Sim";"Ingestao de alcool";1;"Atropelamento de Pedestre";"Com Vitimas Feridas";"Plena Noite";"Crescente";"Ceu Claro";"Dupla";"Reta";"Sim";227104;"Motocicleta";"HONDA/CG 125 FAN";2006;"Pedestre";"Lesoes Graves";NA;"Masculino";0;0;1;0;"-12.315988";"-38.877952";"SR-BA";"DEL10/1";"UOP01/BA"
128579;277269;2018-04-17;"terca-feira";"22:30:00";"PR";376;176;"MARINGA";"Nao";"Ingestao de alcool";1;"Colisao traseira";"Sem Vitimas";"Plena Noite";"Crescente";"Ceu Claro";"Dupla";"Reta";"Sim";227140;"Camioneta";"FORD/ECOSPORT XLT1.6FLEX";2009;"Condutor";"Ileso";48;"Masculino";1;0;0;0;"-23.41253201";"-51.9328022";"SR-PR";"DEL7/7";"UOP04/PR"
128579;277270;2018-04-17;"terca-feira";"22:30:00";"PR";376;176;"MARINGA";"Nao";"Ingestao de alcool";1;"Colisao traseira";"Sem Vitimas";"Plena Noite";"Crescente";"Ceu Claro";"Dupla";"Reta";"Sim";227144;"Automóvel";"FORD/FIESTA FLEX";2006;"Condutor";"Ileso";32;"Masculino";1;0;0;0;"-23.41253201";"-51.9328022";"SR-PR";"DEL7/7";"UOP04/PR"
128579;277272;2018-04-17;"terca-feira";"22:30:00";"PR";376;176;"MARINGA";"Nao";"Ingestao de alcool";1;"Colisao traseira";"Sem Vitimas";"Plena Noite";"Crescente";"Ceu Claro";"Dupla";"Reta";"Sim";227144;"Automóvel";"FORD/FIESTA FLEX";2006;"Passageiro";"Ileso";29;"Feminino";1;0;0;0;"-23.41253201";"-51.9328022";"SR-PR";"DEL7/7";"UOP04/PR"
128632;278895;2018-04-17;"terca-feira";"23:15:00";"MG";381;857,4;"POUSO ALEGRE";"Sim";"Ingestao de alcool";1;"Colisao com objeto estatico";"Com Vitimas Feridas";"Plena Noite";"Decrescente";"Ceu Claro";"Simples";"Nao Informado";"Nao";227139;"Caminhonete";"FIAT/STRADA WORKING";2001;"Condutor";"Lesoes Leves";43;"Masculino";0;1;0;0;"-22.3045";"-45.9014";"SR-MG";"DEL4/10";"UOP01/MG"
128639;277292;2018-04-17;"terca-feira";"23:20:00";"MT";70;515;"VARZEA GRANDE";"Sim";"Ingestao de alcool";1;"Colisao transversal";"Sem Vitimas";"Plena Noite";"Crescente";"Ceu Claro";"Simples";"Reta";"Sim";227151;"Caminhao";"M.BENZ/L 1313";1977;"Condutor";"Ileso";29;"Masculino";1;0;0;0;"-15.70229205";"-56.15493178";"SR-MT";"DEL2/4";"UOP02/MT"
128639;278489;2018-04-17;"terca-feira";"23:20:00";"MT";70;515;"VARZEA GRANDE";"Sim";"Ingestao de alcool";1;"Colisao transversal";"Sem Vitimas";"Plena Noite";"Crescente";"Ceu Claro";"Simples";"Reta";"Sim";227150;"Caminhonete";"I/CHANGAN CHANA SC1026W";2011;"Condutor";"Ileso";48;"Masculino";1;0;0;0;"-15.70229205";"-56.15493178";"SR-MT";"DEL2/4";"UOP02/MT"
128768;277688;2018-04-18;"quarta-feira";"18:45:00";"PR";277;0,2;"FOZ DO IGUACU";"Sim";"Ingestao de alcool";1;"Colisao traseira";"Sem Vitimas";"Plena Noite";"Crescente";"Ceu Claro";"Dupla";"Nao Informado";"Sim";227416;"Motocicleta";"I/LEOPARD MD 125";2008;"Condutor";"Ileso";38;"Masculino";1;0;0;0;"-25.5045333";"-54.5842457";"SR-PR";"DEL7/5";"UOP03/PR"
128768;277689;2018-04-18;"quarta-feira";"18:45:00";"PR";277;0,2;"FOZ DO IGUACU";"Sim";"Ingestao de alcool";1;"Colisao traseira";"Sem Vitimas";"Plena Noite";"Crescente";"Ceu Claro";"Dupla";"Nao Informado";"Sim";227417;"Camioneta";"GM/BLAZER COLINA 4X4";2005;"Condutor";"Ileso";26;"Masculino";1;0;0;0;"-25.5045333";"-54.5842457";"SR-PR";"DEL7/5";"UOP03/PR"
128769;280896;2018-04-18;"quarta-feira";"14:45:00";"MT";364;539;"ROSARIO OESTE";"Sim";"Ingestao de alcool";1;"Colisao lateral";"Sem Vitimas";"Pleno dia";"Crescente";"Ceu Claro";"Simples";"Reta";"Nao";227364;"Caminhao-trator";"SCANIA/R 440 A6X4";2013;"Condutor";"Ileso";49;"Masculino";1;0;0;0;"-14.84724009";"-56.44397736";"SR-MT";"DEL2/4";"UOP01/MT"
128769;280899;2018-04-18;"quarta-feira";"14:45:00";"MT";364;539;"ROSARIO OESTE";"Sim";"Ingestao de alcool";1;"Colisao lateral";"Sem Vitimas";"Pleno dia";"Crescente";"Ceu Claro";"Simples";"Reta";"Nao";227365;"Caminhao-trator";"M.BENZ/LS 1929";1986;"Condutor";"Ileso";30;"Masculino";1;0;0;0;"-14.84724009";"-56.44397736";"SR-MT";"DEL2/4";"UOP01/MT"
128781;277706;2018-04-18;"quarta-feira";"21:30:00";"RJ";116;109,9;"GUAPIMIRIM";"Sim";"Ingestao de alcool";1;"Colisao transversal";"Com Vitimas Feridas";"Plena Noite";"Decrescente";"Ceu Claro";"Simples";"Intersecao de vias";"Nao";227450;"Automóvel";"GM/CELTA";2002;"Condutor";"Ileso";34;"Masculino";1;0;0;0;"-22.55011549";"-42.98909426";"SR-RJ";"DEL5/4";"UOP02/RJ"
128781;277825;2018-04-18;"quarta-feira";"21:30:00";"RJ";116;109,9;"GUAPIMIRIM";"Sim";"Ingestao de alcool";1;"Colisao transversal";"Com Vitimas Feridas";"Plena Noite";"Decrescente";"Ceu Claro";"Simples";"Intersecao de vias";"Nao";227451;"Bicicleta";"CALOI/MONDO";2000;"Condutor";"Lesoes Graves";47;"Masculino";0;0;1;0;"-22.55011549";"-42.98909426";"SR-RJ";"DEL5/4";"UOP02/RJ"
128800;277758;2018-04-19;"quinta-feira";"00:15:00";"RS";158;277,5;"JULIO DE CASTILHOS";"Sim";"Ingestao de alcool";1;"Colisao lateral";"Sem Vitimas";"Plena Noite";"Crescente";"Ceu Claro";"Simples";"Reta";"Nao";227498;"Caminhonete";"VW/SAVEIRO 1.6 CS TROOP.";2010;"Condutor";"Nao Informado";NA;"Nao Informado";0;0;0;0;"-29.352226";"-53.672852";"SR-RS";"DEL9/9";"UOP01/RS"