"id";"pesid";"data_inversa";"dia_semana";"horario";"uf";"br";"km";"municipio";"causa_principal";"causa_acidente";"ordem_tipo_acidente";"tipo_acidente";"classificacao_acidente";"fase_dia";"sentido_via";"condicao_metereologica";"tipo_pista";"tracado_via";"uso_solo";"id_veiculo";"tipo_veiculo";"marca";"ano_fabricacao_veiculo";"tipo_envolvido";"estado_fisico";"idade";"sexo";"ilesos";"feridos_leves";"feridos_graves";"mortos";"latitude";"longitude";"regional";"delegacia";"uop"
128974;278276;2018-04-19;"quinta-feira";"18:20:00";"MG";262;37,9;"MANHUACU";"Nao";"Ingestao de alcool";1;"Colisao transversal";"Com Vitimas Feridas";"Plena Noite";"Crescente";"Ceu Claro";"Simples";"Reta";"Sim";227867;"Motocicleta";"HONDA/CG 125 FAN ES";2013;"Condutor";"Lesoes Leves";30;"Masculino";0;1;0;0;"-20.25749";"-42.030487";"SR-MG";"DEL4/6";"UOP04/MG"
128974;278277;2018-04-19;"quinta-feira";"18:20:00";"MG";262;37,9;"MANHUACU";"Nao";"Ingestao de alcool";1;"Colisao transversal";"Com Vitimas Feridas";"Plena Noite";"Crescente";"Ceu Claro";"Simples";"Reta";"Sim";227870;"Motocicleta";"HONDA/CG 150 TITAN ES";2008;"Condutor";"Lesoes Leves";29;"Masculino";0;1;0;0;"-20.25749";"-42.030487";"SR-MG";"DEL4/6";"UOP04/MG"
128994;278251;2018-04-20;"sexta-feira";"02:50:00";"SC";282;0,5;"FLORIANOPOLIS";"Sim";"Ingestao de alcool";1;"Capotamento";"Com Vitimas Feridas";"Plena Noite";"Crescente";"Ceu Claro";"Dupla";"Reta";"Nao";227852;"Automóvel";"GM/VECTRA GLS";1998;"Condutor";"Lesoes Graves";23;"Masculino";0;0;1;0;"-27.59845";"-48.571995";"SR-SC";"DEL8/1";"UOP01/SC"
128994;278252;2018-04-20;"sexta-feira";"02:50:00";"SC";282;0,5;"FLORIANOPOLIS";"Sim";"Ingestao de alcool";1;"Capotamento";"Com Vitimas Feridas";"Plena Noite";"Crescente";"Ceu Claro";"Dupla";"Reta";"Nao";227853;"Automóvel";"I/RENAULT CLIO CAM1016VH";2011;"Condutor";"Ileso";36;"Masculino";1;0;0;0;"-27.59845";"-48.571995";"SR-SC";"DEL8/1";"UOP01/SC"
128994;278254;2018-04-20;"sexta-feira";"02:50:00";"SC";282;0,5;"FLORIANOPOLIS";"Sim";"Ingestao de alcool";1;"Capotamento";"Com Vitimas Feridas";"Plena Noite";"Crescente";"Ceu Claro";"Dupla";"Reta";"Nao";227852;"Automóvel";"GM/VECTRA GLS";1998;"Passageiro";"Lesoes Graves";31;"Masculino";0;0;1;0;"-27.59845";"-48.571995";"SR-SC";"DEL8/1";"UOP01/SC"
128994;278256;2018-04-20;"sexta-feira";"02:50:00";"SC";282;0,5;"FLORIANOPOLIS";"Sim";"Ingestao de alcool";1;"Capotamento";"Com Vitimas Feridas";"Plena Noite";"Crescente";"Ceu Claro";"Dupla";"Reta";"Nao";227852;"Automóvel";"GM/VECTRA GLS";1998;"Passageiro";"Lesoes Leves";18;"Masculino";0;1;0;0;"-27.59845";"-48.571995";"SR-SC";"DEL8/1";"UOP01/SC"
128994;278259;2018-04-20;"sexta-feira";"02:50:00";"SC";282;0,5;"FLORIANOPOLIS";"Sim";"Ingestao de alcool";1;"Capotamento";"Com Vitimas Feridas";"Plena Noite";"Crescente";"Ceu Claro";"Dupla";"Reta";"Nao";227852;"Automóvel";"GM/VECTRA GLS";1998;"Passageiro";"Lesoes Leves";23;"Masculino";0;1;0;0;"-27.59845";"-48.571995";"SR-SC";"DEL8/1";"UOP01/SC"
128994;279753;2018-04-20;"sexta-feira";"02:50:00";"SC";282;0,5;"FLORIANOPOLIS";"Sim";"Ingestao de alcool";1;"Capotamento";"Com Vitimas Feridas";"Plena Noite";"Crescente";"Ceu Claro";"Dupla";"Reta";"Nao";227852;"Automóvel";"GM/VECTRA GLS";1998;"Passageiro";"Lesoes Leves";18;"Masculino";0;1;0;0;"-27.59845";"-48.571995";"SR-SC";"DEL8/1";"UOP01/SC"
128994;278261;2018-04-20;"sexta-feira";"02:50:00";"SC";282;0,5;"FLORIANOPOLIS";"Sim";"Ingestao de alcool";1;"Capotamento";"Com Vitimas Feridas";"Plena Noite";"Crescente";"Ceu Claro";"Dupla";"Reta";"Nao";227852;"Automóvel";"GM/VECTRA GLS";1998;"Passageiro";"Lesoes Graves";34;"Masculino";0;0;1;0;"-27.59845";"-48.571995";"SR-SC";"DEL8/1";"UOP01/SC"
129025;280584;2018-04-20;"sexta-feira";"09:00:00";"PI";343;3,9;"TERESINA";"Nao";"Ingestao de alcool";1;"Colisao traseira";"Sem Vitimas";"Pleno dia";"Crescente";"Ceu Claro";"Multipla";"Reta";"Sim";228161;"Automóvel";"GM/CELTA";2002;"Condutor";"Ileso";37;"Masculino";1;0;0;0;"-5.089569";"-42.802288";"SR-PI";"DEL17/1";"UOP01/PI"
129025;280583;2018-04-20;"sexta-feira";"09:00:00";"PI";343;3,9;"TERESINA";"Nao";"Ingestao de alcool";1;"Colisao traseira";"Sem Vitimas";"Pleno dia";"Crescente";"Ceu Claro";"Multipla";"Reta";"Sim";228160;"Automóvel";"FIAT/MOBI LIKE";2018;"Condutor";"Ileso";25;"Masculino";1;0;0;0;"-5.089569";"-42.802288";"SR-PI";"DEL17/1";"UOP01/PI"
129069;279259;2018-04-20;"sexta-feira";"11:30:00";"PA";155;311;"MARABA";"Sim";"Ingestao de alcool";1;"Colisao lateral";"Sem Vitimas";"Pleno dia";"Decrescente";"Nublado";"Simples";"Reta";"Nao";228067;"Caminhonete";"FIAT/STRADA FIRE FLEX";2007;"Condutor";"Ileso";44;"Masculino";1;0;0;0;"-5.43393041";"-49.0758419";"SR-PA";"DEL19/3";"UOP01/PA"
129069;279262;2018-04-20;"sexta-feira";"11:30:00";"PA";155;311;"MARABA";"Sim";"Ingestao de alcool";1;"Colisao lateral";"Sem Vitimas";"Pleno dia";"Decrescente";"Nublado";"Simples";"Reta";"Nao";228068;"Automóvel";"VW/POLO SEDAN 1.6";2008;"Passageiro";"Ileso";25;"Masculino";1;0;0;0;"-5.43393041";"-49.0758419";"SR-PA";"DEL19/3";"UOP01/PA"
129069;279261;2018-04-20;"sexta-feira";"11:30:00";"PA";155;311;"MARABA";"Sim";"Ingestao de alcool";1;"Colisao lateral";"Sem Vitimas";"Pleno dia";"Decrescente";"Nublado";"Simples";"Reta";"Nao";228068;"Automóvel";"VW/POLO SEDAN 1.6";2008;"Condutor";"Ileso";36;"Masculino";1;0;0;0;"-5.43393041";"-49.0758419";"SR-PA";"DEL19/3";"UOP01/PA"
129074;278524;2018-04-20;"sexta-feira";"13:55:00";"PE";407;10;"AFRANIO";"Sim";"Ingestao de alcool";1;"Atropelamento de Pedestre";"Com Vitimas Feridas";"Pleno dia";"Decrescente";"Ceu Claro";"Simples";"Ponte";"Nao";228039;"Motocicleta";"";NA;"Condutor";"Lesoes Leves";44;"Masculino";0;1;0;0;"-8.509351";"-41.008175";"SR-PE";"DEL11/6";"UOP02/PE"
129074;278527;2018-04-20;"sexta-feira";"13:55:00";"PE";407;10;"AFRANIO";"Sim";"Ingestao de alcool";1;"Atropelamento de Pedestre";"Com Vitimas Feridas";"Pleno dia";"Decrescente";"Ceu Claro";"Simples";"Ponte";"Nao";228039;"Motocicleta";"";NA;"Pedestre";"Lesoes Leves";NA;"Masculino";0;1;0;0;"-8.509351";"-41.008175";"SR-PE";"DEL11/6";"UOP02/PE"
129078;278495;2018-04-20;"sexta-feira";"09:20:00";"MG";50;121,1;"UBERABA";"Sim";"Ingestao de alcool";1;"Colisao com objeto estatico";"Com Vitimas Feridas";"Pleno dia";"Crescente";"Nublado";"Dupla";"Reta";"Nao";228020;"Motocicleta";"HONDA/CG 150 FAN ESI";2011;"Condutor";"Lesoes Leves";27;"Masculino";0;1;0;0;"-19.3254";"-48.1026";"SR-MG";"DEL4/15";"UOP01/MG"
129128;280178;2018-04-20;"sexta-feira";"19:00:00";"SC";470;175;"POUSO REDONDO";"Sim";"Ingestao de alcool";1;"Colisao transversal";"Com Vitimas Feridas";"Plena Noite";"Decrescente";"Ceu Claro";"Simples";"Reta";"Nao";228168;"Automóvel";"VW/GOL SPECIAL";1999;"Condutor";"Ileso";43;"Masculino";1;0;0;0;"-27.25910119";"-49.92449021";"SR-SC";"DEL8/4";"UOP02/SC"
129128;280180;2018-04-20;"sexta-feira";"19:00:00";"SC";470;175;"POUSO REDONDO";"Sim";"Ingestao de alcool";1;"Colisao transversal";"Com Vitimas Feridas";"Plena Noite";"Decrescente";"Ceu Claro";"Simples";"Reta";"Nao";228169;"Motocicleta";"HONDA/CBX 250 TWISTER";2008;"Condutor";"Lesoes Leves";21;"Masculino";0;1;0;0;"-27.25910119";"-49.92449021";"SR-SC";"DEL8/4";"UOP02/SC"
129140;278698;2018-04-20;"sexta-feira";"19:50:00";"SC";101;430;"SOMBRIO";"Sim";"Ingestao de alcool";1;"Colisao traseira";"Com Vitimas Feridas";"Plena Noite";"Crescente";"Nublado";"Simples";"Reta";"Nao";228153;"Motocicleta";"HONDA/CG150 TITAN MIX ES";2008;"Condutor";"Lesoes Leves";47;"Masculino";0;1;0;0;"-29.05900667";"-49.62276042";"SR-SC";"DEL8/2";"UOP02/SC"
129140;278699;2018-04-20;"sexta-feira";"19:50:00";"SC";101;430;"SOMBRIO";"Sim";"Ingestao de alcool";1;"Colisao traseira";"Com Vitimas Feridas";"Plena Noite";"Crescente";"Nublado";"Simples";"Reta";"Nao";228222;"Bicicleta";"";NA;"Condutor";"Lesoes Leves";17;"Masculino";0;1;0;0;"-29.05900667";"-49.62276042";"SR-SC";"DEL8/2";"UOP02/SC"
129176;280488;2018-04-20;"sexta-feira";"21:20:00";"CE";116;42;"HORIZONTE";"Sim";"Ingestao de alcool";1;"Colisao com objeto estatico";"Sem Vitimas";"Plena Noite";"Decrescente";"Ceu Claro";"Multipla";"Reta";"Sim";228279;"Automóvel";"FORD/BELINA";1989;"Condutor";"Ileso";53;"Masculino";1;0;0;0;"-4.1108484";"-38.49206507";"SR-CE";"DEL16/1";"UOP02/CE"
129180;278704;2018-04-20;"sexta-feira";"19:00:00";"RS";285;55,6;"BOM JESUS";"Sim";"Ingestao de alcool";1;"Colisao traseira";"Com Vitimas Feridas";"Plena Noite";"Crescente";"Ceu Claro";"Simples";"Curva";"Nao";228226;"Automóvel";"FIAT/SIENA FIRE FLEX";2007;"Condutor";"Lesoes Leves";28;"Masculino";0;1;0;0;"-28.64969567";"-50.37617683";"SR-RS";"DEL9/5";"UOP03/RS"
129180;278705;2018-04-20;"sexta-feira";"19:00:00";"RS";285;55,6;"BOM JESUS";"Sim";"Ingestao de alcool";1;"Colisao traseira";"Com Vitimas Feridas";"Plena Noite";"Crescente";"Ceu Claro";"Simples";"Curva";"Nao";228227;"Automóvel";"VW/GOL I";1996;"Condutor";"Ileso";38;"Masculino";1;0;0;0;"-28.64969567";"-50.37617683";"SR-RS";"DEL9/5";"UOP03/RS"
129180;278707;2018-04-20;"sexta-feira";"19:00:00";"RS";285;55,6;"BOM JESUS";"Sim";"Ingestao de alcool";1;"Colisao traseira";"Com Vitimas Feridas";"Plena Noite";"Crescente";"Ceu Claro";"Simples";"Curva";"Nao";228227;"Automóvel";"VW/GOL I";1996;"Passageiro";"Ileso";20;"Feminino";1;0;0;0;"-28.64969567";"-50.37617683";"SR-RS";"DEL9/5";"UOP03/RS"
129180;278706;2018-04-20;"sexta-feira";"19:00:00";"RS";285;55,6;"BOM JESUS";"Sim";"Ingestao de alcool";1;"Colisao traseira";"Com Vitimas Feridas";"Plena Noite";"Crescente";"Ceu Claro";"Simples";"Curva";"Nao";228226;"Automóvel";"FIAT/SIENA FIRE FLEX";2007;"Passageiro";"Lesoes Leves";16;"Feminino";0;1;0;0;"-28.64969567";"-50.37617683";"SR-RS";"DEL9/5";"UOP03/RS"
129180;278708;2018-04-20;"sexta-feira";"19:00:00";"RS";285;55,6;"BOM JESUS";"Sim";"Ingestao de alcool";1;"Colisao traseira";"Com Vitimas Feridas";"Plena Noite";"Crescente";"Ceu Claro";"Simples";"Curva";"Nao";228227;"Automóvel";"VW/GOL I";1996;"Passageiro";"Lesoes Leves";6;"Feminino";0;1;0;0;"-28.64969567";"-50.37617683";"SR-RS";"DEL9/5";"UOP03/RS"
129180;278710;2018-04-20;"sexta-feira";"19:00:00";"RS";285;55,6;"BOM JESUS";"Sim";"Ingestao de alcool";1;"Colisao traseira";"Com Vitimas Feridas";"Plena Noite";"Crescente";"Ceu Claro";"Simples";"Curva";"Nao";228227;"Automóvel";"VW/GOL I";1996;"Passageiro";"Lesoes Leves";3;"Masculino";0;1;0;0;"-28.64969567";"-50.37617683";"SR-RS";"DEL9/5";"UOP03/RS"
129180;278709;2018-04-20;"sexta-feira";"19:00:00";"RS";285;55,6;"BOM JESUS";"Sim";"Ingestao de alcool";1;"Colisao traseira";"Com Vitimas Feridas";"Plena Noite";"Crescente";"Ceu Claro";"Simples";"Curva";"Nao";228227;"Automóvel";"VW/GOL I";1996;"Passageiro";"Lesoes Leves";14;"Feminino";0;1;0;0;"-28.64969567";"-50.37617683";"SR-RS";"DEL9/5";"UOP03/RS"
129183;278655;2018-04-20;"sexta-feira";"21:50:00";"PR";373;172,7;"PONTA GROSSA";"Sim";"Ingestao de alcool";1;"Atropelamento de Pedestre";"Com Vitimas Feridas";"Plena Noite";"Crescente";"Ceu Claro";"Dupla";"Reta";"Sim";228180;"Outros";"";NA;"Condutor";"Nao Informado";NA;"Nao Informado";0;0;0;0;"-25.08038967";"-50.19961506";"SR-PR";"DEL7/3";"UOP01/PR"
129183;278663;2018-04-20;"sexta-feira";"21:50:00";"PR";373;172,7;"PONTA GROSSA";"Sim";"Ingestao de alcool";1;"Atropelamento de Pedestre";"Com Vitimas Feridas";"Plena Noite";"Crescente";"Ceu Claro";"Dupla";"Reta";"Sim";228180;"Outros";"";NA;"Pedestre";"Lesoes Leves";43;"Masculino";0;1;0;0;"-25.08038967";"-50.19961506";"SR-PR";"DEL7/3";"UOP01/PR"
129187;280436;2018-04-20;"sexta-feira";"21:20:00";"MG";116;701,1;"MURIAE";"Sim";"Ingestao de alcool e/ou substâncias psicoativas pelo pedestre";1;"Atropelamento de Pedestre";"Com Vitimas Feridas";"Plena Noite";"Crescente";"Nublado";"Simples";"Nao Informado";"Nao";228186;"Motocicleta";"HONDA/CG 150 TITAN EX";2012;"Pedestre";"Lesoes Graves";21;"Masculino";0;0;1;0;"-21.096564";"-42.374737";"SR-MG";"DEL4/7";"UOP02/MG"
129187;280442;2018-04-20;"sexta-feira";"21:20:00";"MG";116;701,1;"MURIAE";"Sim";"Ingestao de alcool e/ou substâncias psicoativas pelo pedestre";1;"Atropelamento de Pedestre";"Com Vitimas Feridas";"Plena Noite";"Crescente";"Nublado";"Simples";"Nao Informado";"Nao";228186;"Motocicleta";"HONDA/CG 150 TITAN EX";2012;"Testemunha";"Nao Informado";NA;"Nao Informado";0;0;0;0;"-21.096564";"-42.374737";"SR-MG";"DEL4/7";"UOP02/MG"
129187;280430;2018-04-20;"sexta-feira";"21:20:00";"MG";116;701,1;"MURIAE";"Sim";"Ingestao de alcool e/ou substâncias psicoativas pelo pedestre";1;"Atropelamento de Pedestre";"Com Vitimas Feridas";"Plena Noite";"Crescente";"Nublado";"Simples";"Nao Informado";"Nao";228186;"Motocicleta";"HONDA/CG 150 TITAN EX";2012;"Condutor";"Lesoes Graves";46;"Masculino";0;0;1;0;"-21.096564";"-42.374737";"SR-MG";"DEL4/7";"UOP02/MG"
129188;278776;2018-04-20;"sexta-feira";"23:00:00";"RN";101;120,9;"SAO JOSE DE MIPIBU";"Sim";"Ingestao de alcool";1;"Atropelamento de Pedestre";"Com Vitimas Feridas";"Plena Noite";"Decrescente";"Ceu Claro";"Dupla";"Reta";"Nao";228305;"Automóvel";"CHEVROLET/COBALT 1.4 LT";2012;"Condutor";"Ileso";31;"Masculino";1;0;0;0;"-6.039258";"-35.247229";"SR-RN";"DEL15/1";"UOP01/RN"
129188;278772;2018-04-20;"sexta-feira";"23:00:00";"RN";101;120,9;"SAO JOSE DE MIPIBU";"Sim";"Ingestao de alcool";1;"Atropelamento de Pedestre";"Com Vitimas Feridas";"Plena Noite";"Decrescente";"Ceu Claro";"Dupla";"Reta";"Nao";228305;"Automóvel";"CHEVROLET/COBALT 1.4 LT";2012;"Pedestre";"Lesoes Graves";33;"Masculino";0;0;1;0;"-6.039258";"-35.247229";"SR-RN";"DEL15/1";"UOP01/RN"
129192;278672;2018-04-20;"sexta-feira";"22:50:00";"SC";282;504,5;"XANXERE";"Sim";"Ingestao de alcool";1;"Queda de ocupante de veiculo";"Com Vitimas Feridas";"Plena Noite";"Crescente";"Ceu Claro";"Dupla";"Reta";"Nao";228199;"Motocicleta";"HONDA/CBX 250 TWISTER";2007;"Condutor";"Lesoes Leves";41;"Masculino";0;1;0;0;"-26.88471777";"-52.41021931";"SR-SC";"DEL8/8";"UOP01/SC"
129197;280740;2018-04-20;"sexta-feira";"23:50:00";"PR";376;182;"MARINGA";"Sim";"Ingestao de alcool";1;"Colisao lateral";"Com Vitimas Feridas";"Plena Noite";"Crescente";"Ceu Claro";"Dupla";"Rotatória";"Sim";228229;"Automóvel";"RENAULT/SANDERO EXPR 10";2015;"Passageiro";"Ileso";20;"Masculino";1;0;0;0;"-23.4321428";"-51.88717246";"SR-PR";"DEL7/7";"UOP04/PR"
129197;280736;2018-04-20;"sexta-feira";"23:50:00";"PR";376;182;"MARINGA";"Sim";"Ingestao de alcool";1;"Colisao lateral";"Com Vitimas Feridas";"Plena Noite";"Crescente";"Ceu Claro";"Dupla";"Rotatória";"Sim";228228;"Motocicleta";"HONDA/CG 150 TITAN KS";2006;"Condutor";"Lesoes Leves";26;"Masculino";0;1;0;0;"-23.4321428";"-51.88717246";"SR-PR";"DEL7/7";"UOP04/PR"
129197;280741;2018-04-20;"sexta-feira";"23:50:00";"PR";376;182;"MARINGA";"Sim";"Ingestao de alcool";1;"Colisao lateral";"Com Vitimas Feridas";"Plena Noite";"Crescente";"Ceu Claro";"Dupla";"Rotatória";"Sim";228229;"Automóvel";"RENAULT/SANDERO EXPR 10";2015;"Passageiro";"Ileso";19;"Masculino";1;0;0;0;"-23.4321428";"-51.88717246";"SR-PR";"DEL7/7";"UOP04/PR"
129197;280743;2018-04-20;"sexta-feira";"23:50:00";"PR";376;182;"MARINGA";"Sim";"Ingestao de alcool";1;"Colisao lateral";"Com Vitimas Feridas";"Plena Noite";"Crescente";"Ceu Claro";"Dupla";"Rotatória";"Sim";228229;"Automóvel";"RENAULT/SANDERO EXPR 10";2015;"Passageiro";"Ileso";25;"Masculino";1;0;0;0;"-23.4321428";"-51.88717246";"SR-PR";"DEL7/7";"UOP04/PR"
129197;280737;2018-04-20;"sexta-feira";"23:50:00";"PR";376;182;"MARINGA";"Sim";"Ingestao de alcool";1;"Colisao lateral";"Com Vitimas Feridas";"Plena Noite";"Crescente";"Ceu Claro";"Dupla";"Rotatória";"Sim";228229;"Automóvel";"RENAULT/SANDERO EXPR 10";2015;"Condutor";"Ileso";24;"Feminino";1;0;0;0;"-23.4321428";"-51.88717246";"SR-PR";"DEL7/7";"UOP04/PR"
129198;281010;2018-04-20;"sexta-feira";"23:44:00";"AL";104;90,2;"RIO LARGO";"Nao";"Ingestao de alcool";1;"Colisao lateral";"Com Vitimas Fatais";"Plena Noite";"Decrescente";"Nublado";"Dupla";"Reta";"Sim";229437;"Motoneta";"I/SHINERAY";NA;"Condutor";"Lesoes Graves";23;"Masculino";0;0;1;0;"-9.49964612";"-35.81124544";"SR-AL";"DEL13/1";"UOP01/AL"
129198;281018;2018-04-20;"sexta-feira";"23:44:00";"AL";104;90,2;"RIO LARGO";"Nao";"Ingestao de alcool";1;"Colisao lateral";"Com Vitimas Fatais";"Plena Noite";"Decrescente";"Nublado";"Dupla";"Reta";"Sim";229437;"Motoneta";"I/SHINERAY";NA;"Pedestre";"Óbito";37;"Masculino";0;0;0;1;"-9.49964612";"-35.81124544";"SR-AL";"DEL13/1";"UOP01/AL"
129198;281014;2018-04-20;"sexta-feira";"23:44:00";"AL";104;90,2;"RIO LARGO";"Nao";"Ingestao de alcool";1;"Colisao lateral";"Com Vitimas Fatais";"Plena Noite";"Decrescente";"Nublado";"Dupla";"Reta";"Sim";229590;"Caminhao";"M.BENZ/ATEGO 1518";2007;"Condutor";"Ileso";39;"Masculino";1;0;0;0;"-9.49964612";"-35.81124544";"SR-AL";"DEL13/1";"UOP01/AL"
129205;278766;2018-04-20;"sexta-feira";"23:20:00";"MG";381;584,5;"CARMOPOLIS DE MINAS";"Sim";"Ingestao de alcool";1;"Queda de ocupante de veiculo";"Com Vitimas Feridas";"Plena Noite";"Crescente";"Nublado";"Dupla";"Reta";"Nao";228240;"Motocicleta";"YAMAHA/LANDER XTZ250";2008;"Condutor";"Lesoes Leves";40;"Masculino";0;1;0;0;"-20.5177";"-44.6187";"SR-MG";"DEL4/4";"UOP01/MG"
129207;280302;2018-04-21;"sabado";"00:10:00";"PR";277;594,4;"CASCAVEL";"Sim";"Ingestao de alcool";1;"Colisao frontal";"Sem Vitimas";"Plena Noite";"Crescente";"Ceu Claro";"Simples";"Reta";"Sim";229514;"Ônibus";"SCANIA/MPOLO PARADISO DD";2014;"Condutor";"Ileso";47;"Masculino";1;0;0;0;"-24.97983404";"-53.49243164";"SR-PR";"DEL7/4";"UOP01/PR"
129207;280290;2018-04-21;"sabado";"00:10:00";"PR";277;594,4;"CASCAVEL";"Sim";"Ingestao de alcool";1;"Colisao frontal";"Sem Vitimas";"Plena Noite";"Crescente";"Ceu Claro";"Simples";"Reta";"Sim";228303;"Caminhao-trator";"SCANIA/R124 GA6X4NZ 420";2001;"Condutor";"Ileso";34;"Masculino";1;0;0;0;"-24.97983404";"-53.49243164";"SR-PR";"DEL7/4";"UOP01/PR"
129207;281403;2018-04-21;"sabado";"00:10:00";"PR";277;594,4;"CASCAVEL";"Sim";"Ingestao de alcool";1;"Colisao frontal";"Sem Vitimas";"Plena Noite";"Crescente";"Ceu Claro";"Simples";"Reta";"Sim";228303;"Caminhao-trator";"SCANIA/R124 GA6X4NZ 420";2001;"Passageiro";"Ileso";14;"Masculino";1;0;0;0;"-24.97983404";"-53.49243164";"SR-PR";"DEL7/4";"UOP01/PR"
129208;280204;2018-04-21;"sabado";"00:05:00";"RS";290;79;"GRAVATAI";"Sim";"Ingestao de alcool";1;"Colisao com objeto estatico";"Sem Vitimas";"Plena Noite";"Crescente";"Chuva";"Multipla";"Reta";"Sim";229444;"Automóvel";"HYUNDAI/HB20S 1.6M COMF";2015;"Condutor";"Ileso";37;"Masculino";1;0;0;0;"-29.95790912";"-51.02291107";"SR-RS";"DEL9/1";"UOP01/RS"
129215;278726;2018-04-21;"sabado";"00:50:00";"RS";392;351,2;"SANTA MARIA";"Sim";"Ingestao de alcool";1;"Saida de leito carrocavel";"Com Vitimas Feridas";"Plena Noite";"Decrescente";"Nublado";"Simples";"Reta";"Sim";228255;"Automóvel";"VW/GOL 1000";1994;"Condutor";"Lesoes Leves";32;"Masculino";0;1;0;0;"-29.72732172";"-53.80451202";"SR-RS";"DEL9/9";"UOP01/RS"
129216;280420;2018-04-21;"sabado";"02:30:00";"MG";381;913;"CAMANDUCAIA";"Sim";"Ingestao de alcool";1;"Colisao com objeto estatico";"Com Vitimas Feridas";"Plena Noite";"Crescente";"Ceu Claro";"Dupla";"Reta";"Nao";228267;"Automóvel";"VW/LOGUS CLI 1.8";1994;"Condutor";"Ileso";52;"Masculino";1;0;0;0;"-22.71477569";"-46.12389913";"SR-MG";"DEL4/10";"UOP03/MG"
129216;280425;2018-04-21;"sabado";"02:30:00";"MG";381;913;"CAMANDUCAIA";"Sim";"Ingestao de alcool";1;"Colisao com objeto estatico";"Com Vitimas Feridas";"Plena Noite";"Crescente";"Ceu Claro";"Dupla";"Reta";"Nao";228267;"Automóvel";"VW/LOGUS CLI 1.8";1994;"Passageiro";"Lesoes Leves";21;"Feminino";0;1;0;0;"-22.71477569";"-46.12389913";"SR-MG";"DEL4/10";"UOP03/MG"
129220;282318;2018-04-21;"sabado";"01:30:00";"SC";280;226;"TRES BARRAS";"Sim";"Ingestao de alcool e/ou substâncias psicoativas pelo pedestre";1;"Capotamento";"Com Vitimas Feridas";"Plena Noite";"Crescente";"Ceu Claro";"Simples";"Reta";"Nao";231113;"Automóvel";"FIAT/PALIO ELX FLEX";2006;"Condutor";"Ileso";41;"Masculino";1;0;0;0;"-26.189184";"-50.367389";"SR-SC";"DEL8/6";"UOP04/SC"
129220;282323;2018-04-21;"sabado";"01:30:00";"SC";280;226;"TRES BARRAS";"Sim";"Ingestao de alcool e/ou substâncias psicoativas pelo pedestre";1;"Capotamento";"Com Vitimas Feridas";"Plena Noite";"Crescente";"Ceu Claro";"Simples";"Reta";"Nao";231113;"Automóvel";"FIAT/PALIO ELX FLEX";2006;"Passageiro";"Lesoes Leves";NA;"Masculino";0;1;0;0;"-26.189184";"-50.367389";"SR-SC";"DEL8/6";"UOP04/SC"
129224;278735;2018-04-21;"sabado";"02:50:00";"BA";116;826;"VITORIA DA CONQUISTA";"Sim";"Ingestao de alcool";1;"Colisao com objeto estatico";"Com Vitimas Feridas";"Plena Noite";"Decrescente";"Ceu Claro";"Simples";"Curva";"Sim";228268;"Motocicleta";"HONDA/CG 125 FAN";2006;"Condutor";"Lesoes Leves";27;"Masculino";0;1;0;0;"-14.877707";"-40.854126";"SR-BA";"DEL10/8";"UOP01/BA"
129228;278807;2018-04-21;"sabado";"04:28:00";"SC";101;199,2;"SAO JOSE";"Sim";"Ingestao de alcool";1;"Colisao transversal";"Com Vitimas Feridas";"Plena Noite";"Crescente";"Ceu Claro";"Dupla";"Reta";"Sim";228291;"Automóvel";"HONDA/HR-V EX CVT";2017;"Condutor";"Ileso";36;"Masculino";1;0;0;0;"-27.5402";"-48.6226";"SR-SC";"DEL8/1";"UOP01/SC"
129228;278808;2018-04-21;"sabado";"04:28:00";"SC";101;199,2;"SAO JOSE";"Sim";"Ingestao de alcool";1;"Colisao transversal";"Com Vitimas Feridas";"Plena Noite";"Crescente";"Ceu Claro";"Dupla";"Reta";"Sim";228292;"Automóvel";"RENAULT/MEGANESD DYN 16";2008;"Condutor";"Lesoes Leves";46;"Masculino";0;1;0;0;"-27.5402";"-48.6226";"SR-SC";"DEL8/1";"UOP01/SC"
129228;278811;2018-04-21;"sabado";"04:28:00";"SC";101;199,2;"SAO JOSE";"Sim";"Ingestao de alcool";1;"Colisao transversal";"Com Vitimas Feridas";"Plena Noite";"Crescente";"Ceu Claro";"Dupla";"Reta";"Sim";228292;"Automóvel";"RENAULT/MEGANESD DYN 16";2008;"Passageiro";"Lesoes Graves";37;"Feminino";0;0;1;0;"-27.5402";"-48.6226";"SR-SC";"DEL8/1";"UOP01/SC"
129236;280191;2018-04-21;"sabado";"05:45:00";"PR";163;137,2;"CAPITAO LEONIDAS MARQUES";"Sim";"Ingestao de alcool";1;"Colisao frontal";"Com Vitimas Feridas";"Amanhecer";"Crescente";"Ceu Claro";"Simples";"Reta";"Nao";228378;"Automóvel";"I/M.BENZ A200FF";2017;"Condutor";"Lesoes Leves";39;"Masculino";0;1;0;0;"-25.5319";"-53.598";"SR-PR";"DEL7/4";"UOP06/PR"