"id";"pesid";"data_inversa";"dia_semana";"horario";"uf";"br";"km";"municipio";"causa_principal";"causa_acidente";"ordem_tipo_acidente";"tipo_acidente";"classificacao_acidente";"fase_dia";"sentido_via";"condicao_metereologica";"tipo_pista";"tracado_via";"uso_solo";"id_veiculo";"tipo_veiculo";"marca";"ano_fabricacao_veiculo";"tipo_envolvido";"estado_fisico";"idade";"sexo";"ilesos";"feridos_leves";"feridos_graves";"mortos";"latitude";"longitude";"regional";"delegacia";"uop"
129236;280192;2018-04-21;"sabado";"05:45:00";"PR";163;137,2;"CAPITAO LEONIDAS MARQUES";"Sim";"Ingestao de alcool";1;"Colisao frontal";"Com Vitimas Feridas";"Amanhecer";"Crescente";"Ceu Claro";"Simples";"Reta";"Nao";228379;"Caminhao-trator";"M.BENZ/AXOR 2644S6X4";2014;"Condutor";"Lesoes Leves";30;"Masculino";0;1;0;0;"-25.5319";"-53.598";"SR-PR";"DEL7/4";"UOP06/PR"
129239;279934;2018-04-21;"sabado";"03:48:00";"RO";364;13,1;"VILHENA";"Sim";"Ingestao de alcool";1;"Colisao com objeto estatico";"Sem Vitimas";"Plena Noite";"Crescente";"Nublado";"Dupla";"Rotatória";"Sim";229227;"Caminhonete";"FIAT/STRADA ADVENT FLEX";2010;"Condutor";"Ileso";23;"Masculino";1;0;0;0;"-12.74092694";"-60.13223791";"SR-RO";"DEL21/4";"UOP01/RO"
129246;280382;2018-04-21;"sabado";"04:50:00";"PB";230;404;"POMBAL";"Sim";"Ingestao de alcool";1;"Atropelamento de Pedestre";"Com Vitimas Feridas";"Amanhecer";"Crescente";"Ceu Claro";"Simples";"Reta";"Sim";228748;"Ônibus";"SCANIA/MPOLO PARADISO DD";2017;"Condutor";"Ileso";44;"Masculino";1;0;0;0;"-6.78801221";"-37.78033446";"SR-PB";"DEL14/3";"UOP02/PB"
129246;279344;2018-04-21;"sabado";"04:50:00";"PB";230;404;"POMBAL";"Sim";"Ingestao de alcool";1;"Atropelamento de Pedestre";"Com Vitimas Feridas";"Amanhecer";"Crescente";"Ceu Claro";"Simples";"Reta";"Sim";228748;"Ônibus";"SCANIA/MPOLO PARADISO DD";2017;"Pedestre";"Lesoes Leves";21;"Masculino";0;1;0;0;"-6.78801221";"-37.78033446";"SR-PB";"DEL14/3";"UOP02/PB"
129259;278898;2018-04-21;"sabado";"08:15:00";"GO";60;180,1;"ABADIA DE GOIAS";"Nao";"Ingestao de alcool";1;"Saida de leito carrocavel";"Sem Vitimas";"Pleno dia";"Decrescente";"Sol";"Dupla";"Desvio Temporario";"Nao";228405;"Caminhonete";"FIAT/STRADA ADVENTURE CD";2009;"Condutor";"Ileso";34;"Masculino";1;0;0;0;"-16.7666";"-49.4751";"SR-GO";"DEL1/1";"UOP02/GO"
129330;278941;2018-04-21;"sabado";"13:00:00";"SC";153;106,4;"CONCORDIA";"Sim";"Ingestao de alcool";1;"Saida de leito carrocavel";"Com Vitimas Feridas";"Pleno dia";"Crescente";"Ceu Claro";"Simples";"Curva";"Nao";228431;"Motocicleta";"HONDA/CBX 250 TWISTER";2004;"Condutor";"Lesoes Leves";34;"Masculino";0;1;0;0;"-27.29201116";"-51.97477341";"SR-SC";"DEL8/7";"UOP03/SC"
129362;281015;2018-04-21;"sabado";"16:20:00";"RN";226;4,3;"NATAL";"Nao";"Ingestao de alcool";1;"Colisao frontal";"Sem Vitimas";"Pleno dia";"Crescente";"Ceu Claro";"Simples";"Reta";"Sim";228529;"Automóvel";"FIAT/PALIO WEEKEND ELX";2001;"Condutor";"Ileso";29;"Masculino";1;0;0;0;"-5.819569";"-35.259762";"SR-RN";"DEL15/1";"UOP02/RN"
129362;281017;2018-04-21;"sabado";"16:20:00";"RN";226;4,3;"NATAL";"Nao";"Ingestao de alcool";1;"Colisao frontal";"Sem Vitimas";"Pleno dia";"Crescente";"Ceu Claro";"Simples";"Reta";"Sim";228530;"Automóvel";"I/FIAT PALIO SPORTIN 1.6";2016;"Condutor";"Ileso";25;"Masculino";1;0;0;0;"-5.819569";"-35.259762";"SR-RN";"DEL15/1";"UOP02/RN"
129367;280848;2018-04-21;"sabado";"18:15:00";"PB";104;156,5;"QUEIMADAS";"Sim";"Ingestao de alcool e/ou substâncias psicoativas pelo pedestre";1;"Queda de ocupante de veiculo";"Com Vitimas Feridas";"Plena Noite";"Decrescente";"Ceu Claro";"Simples";"Reta";"Nao";228524;"Motoneta";"";NA;"Condutor";"Lesoes Graves";NA;"Masculino";0;0;1;0;"-7.485684";"-35.943093";"SR-PB";"DEL14/2";"UOP03/PB"
129384;280960;2018-04-21;"sabado";"19:00:00";"PA";316;3,1;"ANANINDEUA";"Sim";"Ingestao de alcool";1;"Colisao traseira";"Sem Vitimas";"Plena Noite";"Decrescente";"Chuva";"Dupla";"Reta";"Sim";228659;"Automóvel";"FIAT/PALIO WEEKEND";1998;"Condutor";"Ileso";44;"Masculino";1;0;0;0;"-1.38989166";"-48.41407657";"SR-PA";"DEL19/1";"UOP01/PA"
129384;280962;2018-04-21;"sabado";"19:00:00";"PA";316;3,1;"ANANINDEUA";"Sim";"Ingestao de alcool";1;"Colisao traseira";"Sem Vitimas";"Plena Noite";"Decrescente";"Chuva";"Dupla";"Reta";"Sim";228660;"Caminhonete";"VW/SAVEIRO CD HL MB";2015;"Condutor";"Ileso";21;"Masculino";1;0;0;0;"-1.38989166";"-48.41407657";"SR-PA";"DEL19/1";"UOP01/PA"
129387;279188;2018-04-21;"sabado";"19:10:00";"PI";316;6,4;"TERESINA";"Sim";"Ingestao de alcool";1;"Colisao frontal";"Com Vitimas Feridas";"Plena Noite";"Crescente";"Nublado";"Simples";"Reta";"Nao";228666;"Automóvel";"FIAT/SIENA EL 1.4 FLEX";2013;"Condutor";"Ileso";34;"Masculino";1;0;0;0;"-5.147021";"-42.774391";"SR-PI";"DEL17/1";"UOP02/PI"
129387;279187;2018-04-21;"sabado";"19:10:00";"PI";316;6,4;"TERESINA";"Sim";"Ingestao de alcool";1;"Colisao frontal";"Com Vitimas Feridas";"Plena Noite";"Crescente";"Nublado";"Simples";"Reta";"Nao";228665;"Automóvel";"VW/PARATI CL";1988;"Condutor";"Lesoes Graves";33;"Masculino";0;0;1;0;"-5.147021";"-42.774391";"SR-PI";"DEL17/1";"UOP02/PI"
129393;281719;2018-04-21;"sabado";"19:40:00";"BA";101;262,5;"SANTO ANTONIO DE JESUS";"Sim";"Ingestao de alcool";1;"Colisao com objeto estatico";"Sem Vitimas";"Plena Noite";"Crescente";"Nublado";"Multipla";"Reta";"Sim";230192;"Automóvel";"FIAT/PALIO ELX FLEX";2009;"Condutor";"Nao Informado";NA;"Nao Informado";0;0;0;0;"-12.9727";"-39.2756";"SR-BA";"DEL10/1";"UOP02/BA"
129396;279170;2018-04-21;"sabado";"20:15:00";"GO";60;210;"VARJAO";"Sim";"Ingestao de alcool";1;"Saida de leito carrocavel";"Com Vitimas Feridas";"Plena Noite";"Decrescente";"Ceu Claro";"Dupla";"Intersecao de vias";"Nao";228582;"Automóvel";"VW/GOL 1.6 POWER";2007;"Passageiro";"Lesoes Leves";26;"Masculino";0;1;0;0;"-16.95262735";"-49.6833837";"SR-GO";"DEL1/1";"UOP02/GO"
129396;279169;2018-04-21;"sabado";"20:15:00";"GO";60;210;"VARJAO";"Sim";"Ingestao de alcool";1;"Saida de leito carrocavel";"Com Vitimas Feridas";"Plena Noite";"Decrescente";"Ceu Claro";"Dupla";"Intersecao de vias";"Nao";228582;"Automóvel";"VW/GOL 1.6 POWER";2007;"Condutor";"Lesoes Leves";28;"Masculino";0;1;0;0;"-16.95262735";"-49.6833837";"SR-GO";"DEL1/1";"UOP02/GO"
129398;280238;2018-04-21;"sabado";"19:15:00";"AM";174;943,9;"MANAUS";"Sim";"Ingestao de alcool";1;"Colisao com objeto estatico";"Sem Vitimas";"Plena Noite";"Decrescente";"Nublado";"Simples";"Reta";"Nao";228649;"Automóvel";"FIAT/SIENA ELX FLEX";2006;"Condutor";"Ileso";68;"Masculino";1;0;0;0;"-2.44423129";"-60.02586365";"SR-AM";"UOP01/AM";""
129399;281350;2018-04-21;"sabado";"19:40:00";"MT";163;830;"SINOP";"Sim";"Ingestao de alcool";1;"Colisao traseira";"Com Vitimas Feridas";"Plena Noite";"Crescente";"Ceu Claro";"Simples";"Reta";"Sim";228684;"Automóvel";"FIAT/UNO ELECTRONIC";1995;"Condutor";"Ileso";23;"Masculino";1;0;0;0;"-11.89492126";"-55.50401866";"SR-MT";"DEL2/6";"UOP01/MT"
129399;281348;2018-04-21;"sabado";"19:40:00";"MT";163;830;"SINOP";"Sim";"Ingestao de alcool";1;"Colisao traseira";"Com Vitimas Feridas";"Plena Noite";"Crescente";"Ceu Claro";"Simples";"Reta";"Sim";228683;"Motocicleta";"YAMAHA/MT07 ABS";2015;"Condutor";"Lesoes Leves";29;"Masculino";0;1;0;0;"-11.89492126";"-55.50401866";"SR-MT";"DEL2/6";"UOP01/MT"
129402;279110;2018-04-21;"sabado";"20:40:00";"GO";153;510;"APARECIDA DE GOIANIA";"Sim";"Ingestao de alcool";1;"Colisao traseira";"Com Vitimas Feridas";"Plena Noite";"Decrescente";"Ceu Claro";"Multipla";"Viaduto";"Sim";228604;"Automóvel";"GM/VECTRA HATCH 4P GT";2009;"Condutor";"Ileso";44;"Masculino";1;0;0;0;"-16.7875218";"-49.2375201";"SR-GO";"DEL1/1";"UOP03/GO"
129402;279109;2018-04-21;"sabado";"20:40:00";"GO";153;510;"APARECIDA DE GOIANIA";"Sim";"Ingestao de alcool";1;"Colisao traseira";"Com Vitimas Feridas";"Plena Noite";"Decrescente";"Ceu Claro";"Multipla";"Viaduto";"Sim";228603;"Camioneta";"FORD/ECOSPORT TIT AT2.0B";2017;"Condutor";"Lesoes Leves";38;"Feminino";0;1;0;0;"-16.7875218";"-49.2375201";"SR-GO";"DEL1/1";"UOP03/GO"
129402;279179;2018-04-21;"sabado";"20:40:00";"GO";153;510;"APARECIDA DE GOIANIA";"Sim";"Ingestao de alcool";1;"Colisao traseira";"Com Vitimas Feridas";"Plena Noite";"Decrescente";"Ceu Claro";"Multipla";"Viaduto";"Sim";228604;"Automóvel";"GM/VECTRA HATCH 4P GT";2009;"Passageiro";"Ileso";31;"Feminino";1;0;0;0;"-16.7875218";"-49.2375201";"SR-GO";"DEL1/1";"UOP03/GO"
129402;279180;2018-04-21;"sabado";"20:40:00";"GO";153;510;"APARECIDA DE GOIANIA";"Sim";"Ingestao de alcool";1;"Colisao traseira";"Com Vitimas Feridas";"Plena Noite";"Decrescente";"Ceu Claro";"Multipla";"Viaduto";"Sim";228604;"Automóvel";"GM/VECTRA HATCH 4P GT";2009;"Passageiro";"Lesoes Leves";17;"Masculino";0;1;0;0;"-16.7875218";"-49.2375201";"SR-GO";"DEL1/1";"UOP03/GO"
129405;279092;2018-04-21;"sabado";"19:50:00";"BA";116;546,5;"MILAGRES";"Nao";"Ingestao de alcool";1;"Colisao lateral";"Com Vitimas Feridas";"Plena Noite";"Decrescente";"Ceu Claro";"Simples";"Reta";"Sim";228573;"Motocicleta";"HONDA/CG 125 FAN KS";2011;"Condutor";"Lesoes Graves";26;"Masculino";0;0;1;0;"-12.874509";"-39.856854";"SR-BA";"DEL10/3";"UOP02/BA"
129405;279088;2018-04-21;"sabado";"19:50:00";"BA";116;546,5;"MILAGRES";"Nao";"Ingestao de alcool";1;"Colisao lateral";"Com Vitimas Feridas";"Plena Noite";"Decrescente";"Ceu Claro";"Simples";"Reta";"Sim";228572;"Automóvel";"FIAT/SIENA FIRE FLEX";2009;"Condutor";"Ileso";35;"Masculino";1;0;0;0;"-12.874509";"-39.856854";"SR-BA";"DEL10/3";"UOP02/BA"
129418;279213;2018-04-21;"sabado";"22:20:00";"SC";280;51,5;"GUARAMIRIM";"Sim";"Ingestao de alcool";1;"Colisao transversal";"Sem Vitimas";"Plena Noite";"Crescente";"Ceu Claro";"Simples";"Intersecao de vias";"Sim";228616;"Automóvel";"FIAT/TEMPRA";1993;"Condutor";"Ileso";47;"Masculino";1;0;0;0;"-26.46701946";"-48.96010995";"SR-SC";"DEL8/3";"UOP03/SC"
129418;279219;2018-04-21;"sabado";"22:20:00";"SC";280;51,5;"GUARAMIRIM";"Sim";"Ingestao de alcool";1;"Colisao transversal";"Sem Vitimas";"Plena Noite";"Crescente";"Ceu Claro";"Simples";"Intersecao de vias";"Sim";228617;"Automóvel";"GM/CORSA WIND";1995;"Condutor";"Ileso";27;"Feminino";1;0;0;0;"-26.46701946";"-48.96010995";"SR-SC";"DEL8/3";"UOP03/SC"
129426;280073;2018-04-21;"sabado";"18:00:00";"RN";226;409,8;"PAU DOS FERROS";"Sim";"Ingestao de alcool";1;"Colisao lateral";"Sem Vitimas";"Plena Noite";"Crescente";"Ceu Claro";"Simples";"Reta";"Nao";228626;"Automóvel";"VW/GOL CITY MC";2014;"Condutor";"Ileso";37;"Masculino";1;0;0;0;"-6.09754258";"-38.19517136";"SR-RN";"DEL15/4";"UOP02/RN"
129426;280070;2018-04-21;"sabado";"18:00:00";"RN";226;409,8;"PAU DOS FERROS";"Sim";"Ingestao de alcool";1;"Colisao lateral";"Sem Vitimas";"Plena Noite";"Crescente";"Ceu Claro";"Simples";"Reta";"Nao";228625;"Motocicleta";"HONDA/CG 150 TITAN ES";2005;"Condutor";"Ileso";41;"Masculino";1;0;0;0;"-6.09754258";"-38.19517136";"SR-RN";"DEL15/4";"UOP02/RN"
129430;281951;2018-04-21;"sabado";"22:30:00";"PR";376;498,2;"PONTA GROSSA";"Sim";"Ingestao de alcool";1;"Colisao frontal";"Com Vitimas Feridas";"Plena Noite";"Crescente";"Ceu Claro";"Dupla";"Intersecao de vias";"Sim";228638;"Automóvel";"FIAT/UNO MILLE SX";1997;"Condutor";"Lesoes Leves";53;"Masculino";0;1;0;0;"-25.151059";"-50.142831";"SR-PR";"DEL7/3";"UOP03/PR"
129430;281954;2018-04-21;"sabado";"22:30:00";"PR";376;498,2;"PONTA GROSSA";"Sim";"Ingestao de alcool";1;"Colisao frontal";"Com Vitimas Feridas";"Plena Noite";"Crescente";"Ceu Claro";"Dupla";"Intersecao de vias";"Sim";228639;"Caminhao";"FORD/CARGO 1517";1986;"Condutor";"Ileso";45;"Masculino";1;0;0;0;"-25.151059";"-50.142831";"SR-PR";"DEL7/3";"UOP03/PR"
129433;279163;2018-04-21;"sabado";"19:30:00";"BA";116;674,9;"JEQUIE";"Sim";"Ingestao de alcool";1;"Colisao frontal";"Com Vitimas Feridas";"Plena Noite";"Crescente";"Ceu Claro";"Simples";"Reta";"Sim";228647;"Automóvel";"I/CHEVROLET CLASSIC LS";2013;"Condutor";"Ileso";56;"Masculino";1;0;0;0;"-13.872";"-40.119";"SR-BA";"DEL10/3";"UOP01/BA"
129433;279164;2018-04-21;"sabado";"19:30:00";"BA";116;674,9;"JEQUIE";"Sim";"Ingestao de alcool";1;"Colisao frontal";"Com Vitimas Feridas";"Plena Noite";"Crescente";"Ceu Claro";"Simples";"Reta";"Sim";228648;"Motocicleta";"JTA/SUZUKI EN125 YES";2008;"Condutor";"Lesoes Graves";37;"Masculino";0;0;1;0;"-13.872";"-40.119";"SR-BA";"DEL10/3";"UOP01/BA"
129433;279165;2018-04-21;"sabado";"19:30:00";"BA";116;674,9;"JEQUIE";"Sim";"Ingestao de alcool";1;"Colisao frontal";"Com Vitimas Feridas";"Plena Noite";"Crescente";"Ceu Claro";"Simples";"Reta";"Sim";228648;"Motocicleta";"JTA/SUZUKI EN125 YES";2008;"Passageiro";"Lesoes Graves";45;"Masculino";0;0;1;0;"-13.872";"-40.119";"SR-BA";"DEL10/3";"UOP01/BA"
129439;281040;2018-04-22;"domingo";"02:05:00";"ES";101;68,8;"SAO MATEUS";"Sim";"Ingestao de alcool";1;"Incęndio";"Sem Vitimas";"Plena Noite";"Decrescente";"Ceu Claro";"Simples";"Reta";"Sim";230064;"Automóvel";"CITROEN/XSARA PICASSOEXA";2004;"Condutor";"Nao Informado";NA;"Nao Informado";0;0;0;0;"-18.72127728";"-39.86622692";"SR-ES";"DEL12/4";"UOP02/ES"
129443;280959;2018-04-21;"sabado";"23:20:00";"MG";116;571,4;"MANHUACU";"Sim";"Ingestao de alcool";1;"Tombamento";"Com Vitimas Feridas";"Plena Noite";"Crescente";"Ceu Claro";"Simples";"Curva";"Nao";228689;"Motocicleta";"HONDA/CG 150 TITAN KS";2007;"Condutor";"Lesoes Leves";25;"Masculino";0;1;0;0;"-20.11171437";"-42.17737198";"SR-MG";"DEL4/6";"UOP04/MG"
129443;280963;2018-04-21;"sabado";"23:20:00";"MG";116;571,4;"MANHUACU";"Sim";"Ingestao de alcool";1;"Tombamento";"Com Vitimas Feridas";"Plena Noite";"Crescente";"Ceu Claro";"Simples";"Curva";"Nao";228689;"Motocicleta";"HONDA/CG 150 TITAN KS";2007;"Passageiro";"Lesoes Leves";25;"Masculino";0;1;0;0;"-20.11171437";"-42.17737198";"SR-MG";"DEL4/6";"UOP04/MG"
129447;279201;2018-04-22;"domingo";"01:00:00";"PR";376;169;"MARINGA";"Sim";"Ingestao de alcool";1;"Queda de ocupante de veiculo";"Com Vitimas Feridas";"Plena Noite";"Crescente";"Ceu Claro";"Dupla";"Reta";"Nao";228676;"Motocicleta";"HONDA/CB 300R";2015;"Passageiro";"Lesoes Leves";42;"Masculino";0;1;0;0;"-23.37440472";"-51.81592762";"SR-PR";"DEL7/7";"UOP04/PR"
129447;279200;2018-04-22;"domingo";"01:00:00";"PR";376;169;"MARINGA";"Sim";"Ingestao de alcool";1;"Queda de ocupante de veiculo";"Com Vitimas Feridas";"Plena Noite";"Crescente";"Ceu Claro";"Dupla";"Reta";"Nao";228676;"Motocicleta";"HONDA/CB 300R";2015;"Condutor";"Ileso";21;"Masculino";1;0;0;0;"-23.37440472";"-51.81592762";"SR-PR";"DEL7/7";"UOP04/PR"
129450;279243;2018-04-22;"domingo";"03:10:00";"MG";381;679,8;"PERDOES";"Sim";"Ingestao de alcool";1;"Queda de ocupante de veiculo";"Com Vitimas Feridas";"Plena Noite";"Decrescente";"Nublado";"Dupla";"Reta";"Nao";228699;"Motocicleta";"HONDA/CB 300R";2010;"Condutor";"Lesoes Leves";27;"Masculino";0;1;0;0;"-21.1277";"-45.1001";"SR-MG";"DEL4/4";"UOP02/MG"
129452;279177;2018-04-22;"domingo";"02:30:00";"PR";376;680,4;"GUARATUBA";"Sim";"Ingestao de alcool";1;"Saida de leito carrocavel";"Com Vitimas Feridas";"Plena Noite";"Decrescente";"Nublado";"Dupla";"Curva";"Nao";228657;"Automóvel";"GM/CORSA HATCH";2004;"Passageiro";"Ileso";29;"Masculino";1;0;0;0;"-25.96483558";"-48.8973999";"SR-PR";"DEL7/1";"UOP08/PR"
129452;279178;2018-04-22;"domingo";"02:30:00";"PR";376;680,4;"GUARATUBA";"Sim";"Ingestao de alcool";1;"Saida de leito carrocavel";"Com Vitimas Feridas";"Plena Noite";"Decrescente";"Nublado";"Dupla";"Curva";"Nao";228657;"Automóvel";"GM/CORSA HATCH";2004;"Passageiro";"Ileso";29;"Masculino";1;0;0;0;"-25.96483558";"-48.8973999";"SR-PR";"DEL7/1";"UOP08/PR"
129452;279175;2018-04-22;"domingo";"02:30:00";"PR";376;680,4;"GUARATUBA";"Sim";"Ingestao de alcool";1;"Saida de leito carrocavel";"Com Vitimas Feridas";"Plena Noite";"Decrescente";"Nublado";"Dupla";"Curva";"Nao";228657;"Automóvel";"GM/CORSA HATCH";2004;"Condutor";"Lesoes Leves";26;"Masculino";0;1;0;0;"-25.96483558";"-48.8973999";"SR-PR";"DEL7/1";"UOP08/PR"
129455;280036;2018-04-22;"domingo";"03:30:00";"RS";285;378,8;"SALDANHA MARINHO";"Sim";"Ingestao de alcool";1;"Saida de leito carrocavel";"Com Vitimas Feridas";"Plena Noite";"Crescente";"Nevoeiro/Neblina";"Simples";"Curva";"Nao";228695;"Automóvel";"FORD/FIESTA";1997;"Passageiro";"Ileso";15;"Masculino";1;0;0;0;"-28.4255429";"-53.15946221";"SR-RS";"DEL9/10";"UOP01/RS"
129455;280031;2018-04-22;"domingo";"03:30:00";"RS";285;378,8;"SALDANHA MARINHO";"Sim";"Ingestao de alcool";1;"Saida de leito carrocavel";"Com Vitimas Feridas";"Plena Noite";"Crescente";"Nevoeiro/Neblina";"Simples";"Curva";"Nao";228695;"Automóvel";"FORD/FIESTA";1997;"Passageiro";"Lesoes Leves";14;"Masculino";0;1;0;0;"-28.4255429";"-53.15946221";"SR-RS";"DEL9/10";"UOP01/RS"
129455;280030;2018-04-22;"domingo";"03:30:00";"RS";285;378,8;"SALDANHA MARINHO";"Sim";"Ingestao de alcool";1;"Saida de leito carrocavel";"Com Vitimas Feridas";"Plena Noite";"Crescente";"Nevoeiro/Neblina";"Simples";"Curva";"Nao";228695;"Automóvel";"FORD/FIESTA";1997;"Condutor";"Lesoes Leves";21;"Masculino";0;1;0;0;"-28.4255429";"-53.15946221";"SR-RS";"DEL9/10";"UOP01/RS"
129455;280034;2018-04-22;"domingo";"03:30:00";"RS";285;378,8;"SALDANHA MARINHO";"Sim";"Ingestao de alcool";1;"Saida de leito carrocavel";"Com Vitimas Feridas";"Plena Noite";"Crescente";"Nevoeiro/Neblina";"Simples";"Curva";"Nao";228695;"Automóvel";"FORD/FIESTA";1997;"Passageiro";"Lesoes Leves";133;"Feminino";0;1;0;0;"-28.4255429";"-53.15946221";"SR-RS";"DEL9/10";"UOP01/RS"
129461;280904;2018-04-22;"domingo";"00:15:00";"PR";369;167,2;"CAMBE";"Nao";"Ingestao de alcool";1;"Colisao traseira";"Sem Vitimas";"Plena Noite";"Decrescente";"Ceu Claro";"Dupla";"Reta";"Sim";228735;"Automóvel";"VW/GOL 16V";1999;"Condutor";"Ileso";71;"Masculino";1;0;0;0;"-23.29678695";"-51.31669695";"SR-PR";"DEL7/7";"UOP01/PR"
129461;280909;2018-04-22;"domingo";"00:15:00";"PR";369;167,2;"CAMBE";"Nao";"Ingestao de alcool";1;"Colisao traseira";"Sem Vitimas";"Plena Noite";"Decrescente";"Ceu Claro";"Dupla";"Reta";"Sim";228736;"Automóvel";"FORD/FIESTA SEDAN1.6FLEX";2013;"Passageiro";"Ileso";29;"Masculino";1;0;0;0;"-23.29678695";"-51.31669695";"SR-PR";"DEL7/7";"UOP01/PR"
129461;280907;2018-04-22;"domingo";"00:15:00";"PR";369;167,2;"CAMBE";"Nao";"Ingestao de alcool";1;"Colisao traseira";"Sem Vitimas";"Plena Noite";"Decrescente";"Ceu Claro";"Dupla";"Reta";"Sim";228736;"Automóvel";"FORD/FIESTA SEDAN1.6FLEX";2013;"Condutor";"Ileso";28;"Masculino";1;0;0;0;"-23.29678695";"-51.31669695";"SR-PR";"DEL7/7";"UOP01/PR"
129475;280828;2018-04-22;"domingo";"06:30:00";"RJ";393;268;"BARRA DO PIRAI";"Sim";"Ingestao de alcool";1;"Colisao frontal";"Com Vitimas Feridas";"Amanhecer";"Crescente";"Ceu Claro";"Simples";"Curva";"Nao";229920;"Automóvel";"I/HYUNDAI VELOSTER";2011;"Passageiro";"Lesoes Leves";34;"Masculino";0;1;0;0;"-22.476244";"-43.94112";"SR-RJ";"DEL5/5";"UOP02/RJ"
129475;280832;2018-04-22;"domingo";"06:30:00";"RJ";393;268;"BARRA DO PIRAI";"Sim";"Ingestao de alcool";1;"Colisao frontal";"Com Vitimas Feridas";"Amanhecer";"Crescente";"Ceu Claro";"Simples";"Curva";"Nao";229922;"Automóvel";"VW/GOL 1.0";2005;"Condutor";"Lesoes Leves";37;"Masculino";0;1;0;0;"-22.476244";"-43.94112";"SR-RJ";"DEL5/5";"UOP02/RJ"
129475;280834;2018-04-22;"domingo";"06:30:00";"RJ";393;268;"BARRA DO PIRAI";"Sim";"Ingestao de alcool";1;"Colisao frontal";"Com Vitimas Feridas";"Amanhecer";"Crescente";"Ceu Claro";"Simples";"Curva";"Nao";229922;"Automóvel";"VW/GOL 1.0";2005;"Passageiro";"Lesoes Leves";27;"Masculino";0;1;0;0;"-22.476244";"-43.94112";"SR-RJ";"DEL5/5";"UOP02/RJ"
129475;280835;2018-04-22;"domingo";"06:30:00";"RJ";393;268;"BARRA DO PIRAI";"Sim";"Ingestao de alcool";1;"Colisao frontal";"Com Vitimas Feridas";"Amanhecer";"Crescente";"Ceu Claro";"Simples";"Curva";"Nao";229924;"Motocicleta";"HONDA/CG 125 FAN ES";2013;"Condutor";"Ileso";60;"Masculino";1;0;0;0;"-22.476244";"-43.94112";"SR-RJ";"DEL5/5";"UOP02/RJ"
129475;280831;2018-04-22;"domingo";"06:30:00";"RJ";393;268;"BARRA DO PIRAI";"Sim";"Ingestao de alcool";1;"Colisao frontal";"Com Vitimas Feridas";"Amanhecer";"Crescente";"Ceu Claro";"Simples";"Curva";"Nao";229920;"Automóvel";"I/HYUNDAI VELOSTER";2011;"Passageiro";"Lesoes Leves";20;"Feminino";0;1;0;0;"-22.476244";"-43.94112";"SR-RJ";"DEL5/5";"UOP02/RJ"
129475;280826;2018-04-22;"domingo";"06:30:00";"RJ";393;268;"BARRA DO PIRAI";"Sim";"Ingestao de alcool";1;"Colisao frontal";"Com Vitimas Feridas";"Amanhecer";"Crescente";"Ceu Claro";"Simples";"Curva";"Nao";229920;"Automóvel";"I/HYUNDAI VELOSTER";2011;"Condutor";"Lesoes Leves";34;"Masculino";0;1;0;0;"-22.476244";"-43.94112";"SR-RJ";"DEL5/5";"UOP02/RJ"
129480;280970;2018-04-22;"domingo";"05:10:00";"RR";174;505;"BOA VISTA";"Sim";"Ingestao de alcool";1;"Atropelamento de Pedestre";"Com Vitimas Feridas";"Amanhecer";"Decrescente";"Chuva";"Dupla";"Rotatória";"Sim";228696;"Automóvel";"TOYOTA/ETIOS SD XLS";2015;"Pedestre";"Lesoes Leves";32;"Masculino";0;1;0;0;"2.806164";"-60.690807";"SR-RR";"UOP01/RR";""
129480;280979;2018-04-22;"domingo";"05:10:00";"RR";174;505;"BOA VISTA";"Sim";"Ingestao de alcool";1;"Atropelamento de Pedestre";"Com Vitimas Feridas";"Amanhecer";"Decrescente";"Chuva";"Dupla";"Rotatória";"Sim";228696;"Automóvel";"TOYOTA/ETIOS SD XLS";2015;"Passageiro";"Ileso";18;"Masculino";1;0;0;0;"2.806164";"-60.690807";"SR-RR";"UOP01/RR";""
129480;280968;2018-04-22;"domingo";"05:10:00";"RR";174;505;"BOA VISTA";"Sim";"Ingestao de alcool";1;"Atropelamento de Pedestre";"Com Vitimas Feridas";"Amanhecer";"Decrescente";"Chuva";"Dupla";"Rotatória";"Sim";228696;"Automóvel";"TOYOTA/ETIOS SD XLS";2015;"Condutor";"Ileso";20;"Masculino";1;0;0;0;"2.806164";"-60.690807";"SR-RR";"UOP01/RR";""
129482;280807;2018-04-22;"domingo";"05:35:00";"MT";364;204,8;"RONDONOPOLIS";"Nao";"Ingestao de alcool";1;"Colisao transversal";"Com Vitimas Feridas";"Pleno dia";"Crescente";"Sol";"Dupla";"Rotatória";"Sim";228690;"Automóvel";"GM/CELTA 5 PORTAS";2003;"Condutor";"Ileso";32;"Masculino";1;0;0;0;"-16.457344";"-54.66163874";"SR-MT";"DEL2/2";"UOP01/MT"
129482;280808;2018-04-22;"domingo";"05:35:00";"MT";364;204,8;"RONDONOPOLIS";"Nao";"Ingestao de alcool";1;"Colisao transversal";"Com Vitimas Feridas";"Pleno dia";"Crescente";"Sol";"Dupla";"Rotatória";"Sim";228691;"Motocicleta";"HONDA/CG 150 FAN ESI";2010;"Condutor";"Lesoes Leves";19;"Masculino";0;1;0;0;"-16.457344";"-54.66163874";"SR-MT";"DEL2/2";"UOP01/MT"