"id";"pesid";"data_inversa";"dia_semana";"horario";"uf";"br";"km";"municipio";"causa_principal";"causa_acidente";"ordem_tipo_acidente";"tipo_acidente";"classificacao_acidente";"fase_dia";"sentido_via";"condicao_metereologica";"tipo_pista";"tracado_via";"uso_solo";"id_veiculo";"tipo_veiculo";"marca";"ano_fabricacao_veiculo";"tipo_envolvido";"estado_fisico";"idade";"sexo";"ilesos";"feridos_leves";"feridos_graves";"mortos";"latitude";"longitude";"regional";"delegacia";"uop"
129682;281506;2018-04-22;"domingo";"23:58:00";"MG";116;401,3;"GOVERNADOR VALADARES";"Sim";"Ingestao de alcool";2;"Colisao frontal";"Com Vitimas Fatais";"Plena Noite";"Crescente";"Ceu Claro";"Simples";"Reta";"Nao";229014;"Ônibus";"SCANIA/BUSSCAR JUM BUS R";2008;"Passageiro";"Lesoes Leves";37;"Masculino";0;1;0;0;"-18.77704";"-41.987138";"SR-MG";"DEL4/6";"UOP01/MG"
129682;281218;2018-04-22;"domingo";"23:58:00";"MG";116;401,3;"GOVERNADOR VALADARES";"Sim";"Ingestao de alcool";2;"Colisao frontal";"Com Vitimas Fatais";"Plena Noite";"Crescente";"Ceu Claro";"Simples";"Reta";"Nao";229014;"Ônibus";"SCANIA/BUSSCAR JUM BUS R";2008;"Passageiro";"Lesoes Leves";34;"Feminino";0;1;0;0;"-18.77704";"-41.987138";"SR-MG";"DEL4/6";"UOP01/MG"
129682;281212;2018-04-22;"domingo";"23:58:00";"MG";116;401,3;"GOVERNADOR VALADARES";"Sim";"Ingestao de alcool";2;"Colisao frontal";"Com Vitimas Fatais";"Plena Noite";"Crescente";"Ceu Claro";"Simples";"Reta";"Nao";229014;"Ônibus";"SCANIA/BUSSCAR JUM BUS R";2008;"Passageiro";"Lesoes Graves";54;"Masculino";0;0;1;0;"-18.77704";"-41.987138";"SR-MG";"DEL4/6";"UOP01/MG"
129682;281242;2018-04-22;"domingo";"23:58:00";"MG";116;401,3;"GOVERNADOR VALADARES";"Sim";"Ingestao de alcool";2;"Colisao frontal";"Com Vitimas Fatais";"Plena Noite";"Crescente";"Ceu Claro";"Simples";"Reta";"Nao";229014;"Ônibus";"SCANIA/BUSSCAR JUM BUS R";2008;"Passageiro";"Ileso";27;"Masculino";1;0;0;0;"-18.77704";"-41.987138";"SR-MG";"DEL4/6";"UOP01/MG"
129682;281243;2018-04-22;"domingo";"23:58:00";"MG";116;401,3;"GOVERNADOR VALADARES";"Sim";"Ingestao de alcool";2;"Colisao frontal";"Com Vitimas Fatais";"Plena Noite";"Crescente";"Ceu Claro";"Simples";"Reta";"Nao";229014;"Ônibus";"SCANIA/BUSSCAR JUM BUS R";2008;"Passageiro";"Ileso";26;"Masculino";1;0;0;0;"-18.77704";"-41.987138";"SR-MG";"DEL4/6";"UOP01/MG"
129682;281230;2018-04-22;"domingo";"23:58:00";"MG";116;401,3;"GOVERNADOR VALADARES";"Sim";"Ingestao de alcool";2;"Colisao frontal";"Com Vitimas Fatais";"Plena Noite";"Crescente";"Ceu Claro";"Simples";"Reta";"Nao";229014;"Ônibus";"SCANIA/BUSSCAR JUM BUS R";2008;"Passageiro";"Lesoes Leves";24;"Masculino";0;1;0;0;"-18.77704";"-41.987138";"SR-MG";"DEL4/6";"UOP01/MG"
129682;281234;2018-04-22;"domingo";"23:58:00";"MG";116;401,3;"GOVERNADOR VALADARES";"Sim";"Ingestao de alcool";2;"Colisao frontal";"Com Vitimas Fatais";"Plena Noite";"Crescente";"Ceu Claro";"Simples";"Reta";"Nao";229014;"Ônibus";"SCANIA/BUSSCAR JUM BUS R";2008;"Passageiro";"Lesoes Graves";37;"Masculino";0;0;1;0;"-18.77704";"-41.987138";"SR-MG";"DEL4/6";"UOP01/MG"
129682;281228;2018-04-22;"domingo";"23:58:00";"MG";116;401,3;"GOVERNADOR VALADARES";"Sim";"Ingestao de alcool";2;"Colisao frontal";"Com Vitimas Fatais";"Plena Noite";"Crescente";"Ceu Claro";"Simples";"Reta";"Nao";229014;"Ônibus";"SCANIA/BUSSCAR JUM BUS R";2008;"Passageiro";"Ileso";29;"Masculino";1;0;0;0;"-18.77704";"-41.987138";"SR-MG";"DEL4/6";"UOP01/MG"
129682;281233;2018-04-22;"domingo";"23:58:00";"MG";116;401,3;"GOVERNADOR VALADARES";"Sim";"Ingestao de alcool";2;"Colisao frontal";"Com Vitimas Fatais";"Plena Noite";"Crescente";"Ceu Claro";"Simples";"Reta";"Nao";229014;"Ônibus";"SCANIA/BUSSCAR JUM BUS R";2008;"Passageiro";"Lesoes Leves";23;"Masculino";0;1;0;0;"-18.77704";"-41.987138";"SR-MG";"DEL4/6";"UOP01/MG"
129682;281238;2018-04-22;"domingo";"23:58:00";"MG";116;401,3;"GOVERNADOR VALADARES";"Sim";"Ingestao de alcool";2;"Colisao frontal";"Com Vitimas Fatais";"Plena Noite";"Crescente";"Ceu Claro";"Simples";"Reta";"Nao";229014;"Ônibus";"SCANIA/BUSSCAR JUM BUS R";2008;"Passageiro";"Lesoes Leves";28;"Feminino";0;1;0;0;"-18.77704";"-41.987138";"SR-MG";"DEL4/6";"UOP01/MG"
129682;281236;2018-04-22;"domingo";"23:58:00";"MG";116;401,3;"GOVERNADOR VALADARES";"Sim";"Ingestao de alcool";2;"Colisao frontal";"Com Vitimas Fatais";"Plena Noite";"Crescente";"Ceu Claro";"Simples";"Reta";"Nao";229014;"Ônibus";"SCANIA/BUSSCAR JUM BUS R";2008;"Passageiro";"Lesoes Leves";53;"Feminino";0;1;0;0;"-18.77704";"-41.987138";"SR-MG";"DEL4/6";"UOP01/MG"
129682;281239;2018-04-22;"domingo";"23:58:00";"MG";116;401,3;"GOVERNADOR VALADARES";"Sim";"Ingestao de alcool";2;"Colisao frontal";"Com Vitimas Fatais";"Plena Noite";"Crescente";"Ceu Claro";"Simples";"Reta";"Nao";229014;"Ônibus";"SCANIA/BUSSCAR JUM BUS R";2008;"Passageiro";"Ileso";34;"Feminino";1;0;0;0;"-18.77704";"-41.987138";"SR-MG";"DEL4/6";"UOP01/MG"
129682;279727;2018-04-22;"domingo";"23:58:00";"MG";116;401,3;"GOVERNADOR VALADARES";"Sim";"Ingestao de alcool";2;"Colisao frontal";"Com Vitimas Fatais";"Plena Noite";"Crescente";"Ceu Claro";"Simples";"Reta";"Nao";229014;"Ônibus";"SCANIA/BUSSCAR JUM BUS R";2008;"Passageiro";"Lesoes Leves";29;"Feminino";0;1;0;0;"-18.77704";"-41.987138";"SR-MG";"DEL4/6";"UOP01/MG"
129682;281215;2018-04-22;"domingo";"23:58:00";"MG";116;401,3;"GOVERNADOR VALADARES";"Sim";"Ingestao de alcool";2;"Colisao frontal";"Com Vitimas Fatais";"Plena Noite";"Crescente";"Ceu Claro";"Simples";"Reta";"Nao";229014;"Ônibus";"SCANIA/BUSSCAR JUM BUS R";2008;"Passageiro";"Lesoes Graves";62;"Feminino";0;0;1;0;"-18.77704";"-41.987138";"SR-MG";"DEL4/6";"UOP01/MG"
129682;281250;2018-04-22;"domingo";"23:58:00";"MG";116;401,3;"GOVERNADOR VALADARES";"Sim";"Ingestao de alcool";2;"Colisao frontal";"Com Vitimas Fatais";"Plena Noite";"Crescente";"Ceu Claro";"Simples";"Reta";"Nao";229014;"Ônibus";"SCANIA/BUSSCAR JUM BUS R";2008;"Passageiro";"Lesoes Leves";42;"Masculino";0;1;0;0;"-18.77704";"-41.987138";"SR-MG";"DEL4/6";"UOP01/MG"
129682;281227;2018-04-22;"domingo";"23:58:00";"MG";116;401,3;"GOVERNADOR VALADARES";"Sim";"Ingestao de alcool";2;"Colisao frontal";"Com Vitimas Fatais";"Plena Noite";"Crescente";"Ceu Claro";"Simples";"Reta";"Nao";229014;"Ônibus";"SCANIA/BUSSCAR JUM BUS R";2008;"Passageiro";"Ileso";45;"Masculino";1;0;0;0;"-18.77704";"-41.987138";"SR-MG";"DEL4/6";"UOP01/MG"
129682;281237;2018-04-22;"domingo";"23:58:00";"MG";116;401,3;"GOVERNADOR VALADARES";"Sim";"Ingestao de alcool";2;"Colisao frontal";"Com Vitimas Fatais";"Plena Noite";"Crescente";"Ceu Claro";"Simples";"Reta";"Nao";229014;"Ônibus";"SCANIA/BUSSCAR JUM BUS R";2008;"Passageiro";"Ileso";30;"Feminino";1;0;0;0;"-18.77704";"-41.987138";"SR-MG";"DEL4/6";"UOP01/MG"
129682;281223;2018-04-22;"domingo";"23:58:00";"MG";116;401,3;"GOVERNADOR VALADARES";"Sim";"Ingestao de alcool";2;"Colisao frontal";"Com Vitimas Fatais";"Plena Noite";"Crescente";"Ceu Claro";"Simples";"Reta";"Nao";229014;"Ônibus";"SCANIA/BUSSCAR JUM BUS R";2008;"Passageiro";"Lesoes Leves";23;"Feminino";0;1;0;0;"-18.77704";"-41.987138";"SR-MG";"DEL4/6";"UOP01/MG"
129682;281226;2018-04-22;"domingo";"23:58:00";"MG";116;401,3;"GOVERNADOR VALADARES";"Sim";"Ingestao de alcool";2;"Colisao frontal";"Com Vitimas Fatais";"Plena Noite";"Crescente";"Ceu Claro";"Simples";"Reta";"Nao";229014;"Ônibus";"SCANIA/BUSSCAR JUM BUS R";2008;"Passageiro";"Ileso";54;"Feminino";1;0;0;0;"-18.77704";"-41.987138";"SR-MG";"DEL4/6";"UOP01/MG"
129682;281232;2018-04-22;"domingo";"23:58:00";"MG";116;401,3;"GOVERNADOR VALADARES";"Sim";"Ingestao de alcool";2;"Colisao frontal";"Com Vitimas Fatais";"Plena Noite";"Crescente";"Ceu Claro";"Simples";"Reta";"Nao";229014;"Ônibus";"SCANIA/BUSSCAR JUM BUS R";2008;"Passageiro";"Lesoes Leves";69;"Masculino";0;1;0;0;"-18.77704";"-41.987138";"SR-MG";"DEL4/6";"UOP01/MG"
129682;281245;2018-04-22;"domingo";"23:58:00";"MG";116;401,3;"GOVERNADOR VALADARES";"Sim";"Ingestao de alcool";2;"Colisao frontal";"Com Vitimas Fatais";"Plena Noite";"Crescente";"Ceu Claro";"Simples";"Reta";"Nao";229014;"Ônibus";"SCANIA/BUSSCAR JUM BUS R";2008;"Passageiro";"Lesoes Leves";23;"Feminino";0;1;0;0;"-18.77704";"-41.987138";"SR-MG";"DEL4/6";"UOP01/MG"
129682;281229;2018-04-22;"domingo";"23:58:00";"MG";116;401,3;"GOVERNADOR VALADARES";"Sim";"Ingestao de alcool";2;"Colisao frontal";"Com Vitimas Fatais";"Plena Noite";"Crescente";"Ceu Claro";"Simples";"Reta";"Nao";229014;"Ônibus";"SCANIA/BUSSCAR JUM BUS R";2008;"Passageiro";"Lesoes Leves";22;"Masculino";0;1;0;0;"-18.77704";"-41.987138";"SR-MG";"DEL4/6";"UOP01/MG"
129682;279952;2018-04-22;"domingo";"23:58:00";"MG";116;401,3;"GOVERNADOR VALADARES";"Sim";"Ingestao de alcool";2;"Colisao frontal";"Com Vitimas Fatais";"Plena Noite";"Crescente";"Ceu Claro";"Simples";"Reta";"Nao";229016;"Caminhao-trator";"SCANIA/G 380 A6X2";2011;"Condutor";"Ileso";52;"Masculino";1;0;0;0;"-18.77704";"-41.987138";"SR-MG";"DEL4/6";"UOP01/MG"
129682;281247;2018-04-22;"domingo";"23:58:00";"MG";116;401,3;"GOVERNADOR VALADARES";"Sim";"Ingestao de alcool";2;"Colisao frontal";"Com Vitimas Fatais";"Plena Noite";"Crescente";"Ceu Claro";"Simples";"Reta";"Nao";229014;"Ônibus";"SCANIA/BUSSCAR JUM BUS R";2008;"Passageiro";"Lesoes Leves";46;"Masculino";0;1;0;0;"-18.77704";"-41.987138";"SR-MG";"DEL4/6";"UOP01/MG"
129682;281231;2018-04-22;"domingo";"23:58:00";"MG";116;401,3;"GOVERNADOR VALADARES";"Sim";"Ingestao de alcool";2;"Colisao frontal";"Com Vitimas Fatais";"Plena Noite";"Crescente";"Ceu Claro";"Simples";"Reta";"Nao";229014;"Ônibus";"SCANIA/BUSSCAR JUM BUS R";2008;"Passageiro";"Ileso";60;"Masculino";1;0;0;0;"-18.77704";"-41.987138";"SR-MG";"DEL4/6";"UOP01/MG"
129682;281708;2018-04-22;"domingo";"23:58:00";"MG";116;401,3;"GOVERNADOR VALADARES";"Sim";"Ingestao de alcool";2;"Colisao frontal";"Com Vitimas Fatais";"Plena Noite";"Crescente";"Ceu Claro";"Simples";"Reta";"Nao";229014;"Ônibus";"SCANIA/BUSSCAR JUM BUS R";2008;"Passageiro";"Ileso";2;"Feminino";1;0;0;0;"-18.77704";"-41.987138";"SR-MG";"DEL4/6";"UOP01/MG"
129682;281707;2018-04-22;"domingo";"23:58:00";"MG";116;401,3;"GOVERNADOR VALADARES";"Sim";"Ingestao de alcool";2;"Colisao frontal";"Com Vitimas Fatais";"Plena Noite";"Crescente";"Ceu Claro";"Simples";"Reta";"Nao";229014;"Ônibus";"SCANIA/BUSSCAR JUM BUS R";2008;"Passageiro";"Ileso";4;"Feminino";1;0;0;0;"-18.77704";"-41.987138";"SR-MG";"DEL4/6";"UOP01/MG"
129682;279668;2018-04-22;"domingo";"23:58:00";"MG";116;401,3;"GOVERNADOR VALADARES";"Sim";"Ingestao de alcool";2;"Colisao frontal";"Com Vitimas Fatais";"Plena Noite";"Crescente";"Ceu Claro";"Simples";"Reta";"Nao";229014;"Ônibus";"SCANIA/BUSSCAR JUM BUS R";2008;"Passageiro";"Óbito";45;"Feminino";0;0;0;1;"-18.77704";"-41.987138";"SR-MG";"DEL4/6";"UOP01/MG"
129682;279669;2018-04-22;"domingo";"23:58:00";"MG";116;401,3;"GOVERNADOR VALADARES";"Sim";"Ingestao de alcool";2;"Colisao frontal";"Com Vitimas Fatais";"Plena Noite";"Crescente";"Ceu Claro";"Simples";"Reta";"Nao";229014;"Ônibus";"SCANIA/BUSSCAR JUM BUS R";2008;"Passageiro";"Óbito";79;"Feminino";0;0;0;1;"-18.77704";"-41.987138";"SR-MG";"DEL4/6";"UOP01/MG"
129682;279667;2018-04-22;"domingo";"23:58:00";"MG";116;401,3;"GOVERNADOR VALADARES";"Sim";"Ingestao de alcool";2;"Colisao frontal";"Com Vitimas Fatais";"Plena Noite";"Crescente";"Ceu Claro";"Simples";"Reta";"Nao";229014;"Ônibus";"SCANIA/BUSSCAR JUM BUS R";2008;"Passageiro";"Óbito";41;"Feminino";0;0;0;1;"-18.77704";"-41.987138";"SR-MG";"DEL4/6";"UOP01/MG"
129682;281216;2018-04-22;"domingo";"23:58:00";"MG";116;401,3;"GOVERNADOR VALADARES";"Sim";"Ingestao de alcool";2;"Colisao frontal";"Com Vitimas Fatais";"Plena Noite";"Crescente";"Ceu Claro";"Simples";"Reta";"Nao";229014;"Ônibus";"SCANIA/BUSSCAR JUM BUS R";2008;"Passageiro";"Lesoes Graves";45;"Feminino";0;0;1;0;"-18.77704";"-41.987138";"SR-MG";"DEL4/6";"UOP01/MG"
129682;281225;2018-04-22;"domingo";"23:58:00";"MG";116;401,3;"GOVERNADOR VALADARES";"Sim";"Ingestao de alcool";2;"Colisao frontal";"Com Vitimas Fatais";"Plena Noite";"Crescente";"Ceu Claro";"Simples";"Reta";"Nao";229014;"Ônibus";"SCANIA/BUSSCAR JUM BUS R";2008;"Passageiro";"Lesoes Leves";48;"Feminino";0;1;0;0;"-18.77704";"-41.987138";"SR-MG";"DEL4/6";"UOP01/MG"
129682;281222;2018-04-22;"domingo";"23:58:00";"MG";116;401,3;"GOVERNADOR VALADARES";"Sim";"Ingestao de alcool";2;"Colisao frontal";"Com Vitimas Fatais";"Plena Noite";"Crescente";"Ceu Claro";"Simples";"Reta";"Nao";229014;"Ônibus";"SCANIA/BUSSCAR JUM BUS R";2008;"Passageiro";"Lesoes Graves";54;"Feminino";0;0;1;0;"-18.77704";"-41.987138";"SR-MG";"DEL4/6";"UOP01/MG"
129682;281219;2018-04-22;"domingo";"23:58:00";"MG";116;401,3;"GOVERNADOR VALADARES";"Sim";"Ingestao de alcool";2;"Colisao frontal";"Com Vitimas Fatais";"Plena Noite";"Crescente";"Ceu Claro";"Simples";"Reta";"Nao";229014;"Ônibus";"SCANIA/BUSSCAR JUM BUS R";2008;"Passageiro";"Lesoes Graves";32;"Feminino";0;0;1;0;"-18.77704";"-41.987138";"SR-MG";"DEL4/6";"UOP01/MG"
129682;281211;2018-04-22;"domingo";"23:58:00";"MG";116;401,3;"GOVERNADOR VALADARES";"Sim";"Ingestao de alcool";2;"Colisao frontal";"Com Vitimas Fatais";"Plena Noite";"Crescente";"Ceu Claro";"Simples";"Reta";"Nao";229014;"Ônibus";"SCANIA/BUSSCAR JUM BUS R";2008;"Passageiro";"Lesoes Graves";65;"Feminino";0;0;1;0;"-18.77704";"-41.987138";"SR-MG";"DEL4/6";"UOP01/MG"
129684;281429;2018-04-23;"segunda-feira";"02:50:00";"PE";407;128,7;"PETROLINA";"Sim";"Ingestao de alcool";1;"Colisao com objeto estatico";"Com Vitimas Feridas";"Plena Noite";"Decrescente";"Ceu Claro";"Simples";"Viaduto";"Sim";230177;"Automóvel";"VW/GOLF 1.6 SPORTLINE";2013;"Passageiro";"Ileso";22;"Masculino";1;0;0;0;"-9.39847";"-40.50513";"SR-PE";"DEL11/6";"UOP01/PE"
129684;281289;2018-04-23;"segunda-feira";"02:50:00";"PE";407;128,7;"PETROLINA";"Sim";"Ingestao de alcool";1;"Colisao com objeto estatico";"Com Vitimas Feridas";"Plena Noite";"Decrescente";"Ceu Claro";"Simples";"Viaduto";"Sim";230177;"Automóvel";"VW/GOLF 1.6 SPORTLINE";2013;"Condutor";"Lesoes Leves";28;"Masculino";0;1;0;0;"-9.39847";"-40.50513";"SR-PE";"DEL11/6";"UOP01/PE"
129691;279756;2018-04-23;"segunda-feira";"04:00:00";"CE";222;312,6;"TIANGUA";"Sim";"Ingestao de alcool";1;"Colisao lateral";"Com Vitimas Fatais";"Plena Noite";"Crescente";"Nublado";"Simples";"Reta";"Sim";229070;"Automóvel";"VW/GOL MI";1997;"Passageiro";"Óbito";22;"Masculino";0;0;0;1;"-3.72736597";"-40.99885225";"SR-CE";"DEL16/4";"UOP02/CE"
129691;281253;2018-04-23;"segunda-feira";"04:00:00";"CE";222;312,6;"TIANGUA";"Sim";"Ingestao de alcool";1;"Colisao lateral";"Com Vitimas Fatais";"Plena Noite";"Crescente";"Nublado";"Simples";"Reta";"Sim";229071;"Caminhao-trator";"SCANIA/R114GA4X2NZ 380";2006;"Condutor";"Ileso";50;"Masculino";1;0;0;0;"-3.72736597";"-40.99885225";"SR-CE";"DEL16/4";"UOP02/CE"
129691;281255;2018-04-23;"segunda-feira";"04:00:00";"CE";222;312,6;"TIANGUA";"Sim";"Ingestao de alcool";1;"Colisao lateral";"Com Vitimas Fatais";"Plena Noite";"Crescente";"Nublado";"Simples";"Reta";"Sim";229070;"Automóvel";"VW/GOL MI";1997;"Passageiro";"Lesoes Graves";23;"Feminino";0;0;1;0;"-3.72736597";"-40.99885225";"SR-CE";"DEL16/4";"UOP02/CE"
129691;281254;2018-04-23;"segunda-feira";"04:00:00";"CE";222;312,6;"TIANGUA";"Sim";"Ingestao de alcool";1;"Colisao lateral";"Com Vitimas Fatais";"Plena Noite";"Crescente";"Nublado";"Simples";"Reta";"Sim";229070;"Automóvel";"VW/GOL MI";1997;"Condutor";"Lesoes Graves";38;"Masculino";0;0;1;0;"-3.72736597";"-40.99885225";"SR-CE";"DEL16/4";"UOP02/CE"
129712;279809;2018-04-23;"segunda-feira";"07:20:00";"PB";101;8,8;"MAMANGUAPE";"Nao";"Ingestao de alcool";1;"Saida de leito carrocavel";"Com Vitimas Feridas";"Pleno dia";"Decrescente";"Ceu Claro";"Dupla";"Reta";"Nao";229122;"Automóvel";"FIAT/UNO VIVACE 1.0";2014;"Condutor";"Lesoes Leves";60;"Masculino";0;1;0;0;"-6.5727";"-35.1444";"SR-PB";"DEL14/1";"UOP04/PB"
129712;279812;2018-04-23;"segunda-feira";"07:20:00";"PB";101;8,8;"MAMANGUAPE";"Nao";"Ingestao de alcool";1;"Saida de leito carrocavel";"Com Vitimas Feridas";"Pleno dia";"Decrescente";"Ceu Claro";"Dupla";"Reta";"Nao";229122;"Automóvel";"FIAT/UNO VIVACE 1.0";2014;"Passageiro";"Lesoes Leves";49;"Feminino";0;1;0;0;"-6.5727";"-35.1444";"SR-PB";"DEL14/1";"UOP04/PB"
129712;279817;2018-04-23;"segunda-feira";"07:20:00";"PB";101;8,8;"MAMANGUAPE";"Nao";"Ingestao de alcool";1;"Saida de leito carrocavel";"Com Vitimas Feridas";"Pleno dia";"Decrescente";"Ceu Claro";"Dupla";"Reta";"Nao";229122;"Automóvel";"FIAT/UNO VIVACE 1.0";2014;"Passageiro";"Lesoes Graves";33;"Feminino";0;0;1;0;"-6.5727";"-35.1444";"SR-PB";"DEL14/1";"UOP04/PB"
129712;279816;2018-04-23;"segunda-feira";"07:20:00";"PB";101;8,8;"MAMANGUAPE";"Nao";"Ingestao de alcool";1;"Saida de leito carrocavel";"Com Vitimas Feridas";"Pleno dia";"Decrescente";"Ceu Claro";"Dupla";"Reta";"Nao";229122;"Automóvel";"FIAT/UNO VIVACE 1.0";2014;"Passageiro";"Lesoes Leves";10;"Feminino";0;1;0;0;"-6.5727";"-35.1444";"SR-PB";"DEL14/1";"UOP04/PB"
129712;279814;2018-04-23;"segunda-feira";"07:20:00";"PB";101;8,8;"MAMANGUAPE";"Nao";"Ingestao de alcool";1;"Saida de leito carrocavel";"Com Vitimas Feridas";"Pleno dia";"Decrescente";"Ceu Claro";"Dupla";"Reta";"Nao";229122;"Automóvel";"FIAT/UNO VIVACE 1.0";2014;"Passageiro";"Lesoes Leves";76;"Feminino";0;1;0;0;"-6.5727";"-35.1444";"SR-PB";"DEL14/1";"UOP04/PB"
129712;279815;2018-04-23;"segunda-feira";"07:20:00";"PB";101;8,8;"MAMANGUAPE";"Nao";"Ingestao de alcool";1;"Saida de leito carrocavel";"Com Vitimas Feridas";"Pleno dia";"Decrescente";"Ceu Claro";"Dupla";"Reta";"Nao";229122;"Automóvel";"FIAT/UNO VIVACE 1.0";2014;"Passageiro";"Lesoes Leves";8;"Masculino";0;1;0;0;"-6.5727";"-35.1444";"SR-PB";"DEL14/1";"UOP04/PB"
129752;279872;2018-04-23;"segunda-feira";"08:30:00";"PR";116;127;"FAZENDA RIO GRANDE";"Sim";"Ingestao de alcool";1;"Saida de leito carrocavel";"Sem Vitimas";"Pleno dia";"Crescente";"Ceu Claro";"Dupla";"Reta";"Nao";229185;"Automóvel";"FORD/FIESTA";2006;"Condutor";"Ileso";33;"Masculino";1;0;0;0;"-25.66690366";"-49.31419373";"SR-PR";"DEL7/1";"UOP03/PR"
129779;280110;2018-04-23;"segunda-feira";"15:50:00";"RS";470;28,5;"BARRACAO";"Sim";"Ingestao de alcool";1;"Colisao frontal";"Com Vitimas Feridas";"Pleno dia";"Decrescente";"Ceu Claro";"Simples";"Nao Informado";"Nao";229364;"Caminhao";"FORD/CARGO 815";2003;"Condutor";"Ileso";40;"Masculino";1;0;0;0;"-27.824659";"-51.438723";"SR-RS";"DEL14/8";"UOP05/RS"
129779;280114;2018-04-23;"segunda-feira";"15:50:00";"RS";470;28,5;"BARRACAO";"Sim";"Ingestao de alcool";1;"Colisao frontal";"Com Vitimas Feridas";"Pleno dia";"Decrescente";"Ceu Claro";"Simples";"Nao Informado";"Nao";229364;"Caminhao";"FORD/CARGO 815";2003;"Passageiro";"Ileso";36;"Masculino";1;0;0;0;"-27.824659";"-51.438723";"SR-RS";"DEL14/8";"UOP05/RS"
129779;280111;2018-04-23;"segunda-feira";"15:50:00";"RS";470;28,5;"BARRACAO";"Sim";"Ingestao de alcool";1;"Colisao frontal";"Com Vitimas Feridas";"Pleno dia";"Decrescente";"Ceu Claro";"Simples";"Nao Informado";"Nao";229364;"Caminhao";"FORD/CARGO 815";2003;"Passageiro";"Ileso";40;"Feminino";1;0;0;0;"-27.824659";"-51.438723";"SR-RS";"DEL14/8";"UOP05/RS"
129779;280108;2018-04-23;"segunda-feira";"15:50:00";"RS";470;28,5;"BARRACAO";"Sim";"Ingestao de alcool";1;"Colisao frontal";"Com Vitimas Feridas";"Pleno dia";"Decrescente";"Ceu Claro";"Simples";"Nao Informado";"Nao";229363;"Automóvel";"VW/VOYAGE CL";1992;"Condutor";"Lesoes Graves";73;"Masculino";0;0;1;0;"-27.824659";"-51.438723";"SR-RS";"DEL14/8";"UOP05/RS"
129805;279968;2018-04-23;"segunda-feira";"18:15:00";"ES";101;144;"LINHARES";"Sim";"Ingestao de alcool";1;"Colisao traseira";"Sem Vitimas";"Plena Noite";"Decrescente";"Nublado";"Multipla";"Reta";"Sim";229250;"Automóvel";"FORD/KA SEL 1.0 HA B";2017;"Condutor";"Ileso";35;"Masculino";1;0;0;0;"-19.38275742";"-40.0667873";"SR-ES";"DEL12/4";"UOP01/ES"
129805;279985;2018-04-23;"segunda-feira";"18:15:00";"ES";101;144;"LINHARES";"Sim";"Ingestao de alcool";1;"Colisao traseira";"Sem Vitimas";"Plena Noite";"Decrescente";"Nublado";"Multipla";"Reta";"Sim";229259;"Automóvel";"FORD/KA SEL 1.0 HA B";2016;"Condutor";"Ileso";29;"Feminino";1;0;0;0;"-19.38275742";"-40.0667873";"SR-ES";"DEL12/4";"UOP01/ES"
129805;279987;2018-04-23;"segunda-feira";"18:15:00";"ES";101;144;"LINHARES";"Sim";"Ingestao de alcool";1;"Colisao traseira";"Sem Vitimas";"Plena Noite";"Decrescente";"Nublado";"Multipla";"Reta";"Sim";229261;"Camioneta";"JEEP/RENEGADE LNGTD AT";2016;"Condutor";"Ileso";40;"Feminino";1;0;0;0;"-19.38275742";"-40.0667873";"SR-ES";"DEL12/4";"UOP01/ES"
129805;279989;2018-04-23;"segunda-feira";"18:15:00";"ES";101;144;"LINHARES";"Sim";"Ingestao de alcool";1;"Colisao traseira";"Sem Vitimas";"Plena Noite";"Decrescente";"Nublado";"Multipla";"Reta";"Sim";229266;"Caminhao";"M.BENZ/L 608 D";1979;"Condutor";"Ileso";58;"Masculino";1;0;0;0;"-19.38275742";"-40.0667873";"SR-ES";"DEL12/4";"UOP01/ES"
129833;280103;2018-04-23;"segunda-feira";"20:15:00";"BA";324;515;"FEIRA DE SANTANA";"Sim";"Ingestao de alcool";1;"Colisao traseira";"Com Vitimas Feridas";"Plena Noite";"Decrescente";"Ceu Claro";"Simples";"Reta";"Sim";229294;"Motocicleta";"HONDA/CG 150 TITAN ESD";2004;"Condutor";"Lesoes Leves";48;"Masculino";0;1;0;0;"-12.24513198";"-38.93554688";"SR-BA";"DEL10/2";"UOP01/BA"
129833;280106;2018-04-23;"segunda-feira";"20:15:00";"BA";324;515;"FEIRA DE SANTANA";"Sim";"Ingestao de alcool";1;"Colisao traseira";"Com Vitimas Feridas";"Plena Noite";"Decrescente";"Ceu Claro";"Simples";"Reta";"Sim";229295;"Automóvel";"I/HONDA HR-V EX CVT";2015;"Condutor";"Ileso";36;"Feminino";1;0;0;0;"-12.24513198";"-38.93554688";"SR-BA";"DEL10/2";"UOP01/BA"
129834;280100;2018-04-23;"segunda-feira";"20:13:00";"GO";60;38,4;"GOIANIA";"Nao";"Ingestao de alcool";1;"Colisao com objeto estatico";"Com Vitimas Feridas";"Anoitecer";"Crescente";"Ceu Claro";"Dupla";"Rotatória";"Sim";229361;"Motocicleta";"YAMAHA/FACTOR YBR125 ED";2008;"Condutor";"Lesoes Leves";42;"Masculino";0;1;0;0;"-16.74365926";"-49.34413221";"SR-GO";"DEL1/1";"UOP02/GO"