"id";"pesid";"data_inversa";"dia_semana";"horario";"uf";"br";"km";"municipio";"causa_principal";"causa_acidente";"ordem_tipo_acidente";"tipo_acidente";"classificacao_acidente";"fase_dia";"sentido_via";"condicao_metereologica";"tipo_pista";"tracado_via";"uso_solo";"id_veiculo";"tipo_veiculo";"marca";"ano_fabricacao_veiculo";"tipo_envolvido";"estado_fisico";"idade";"sexo";"ilesos";"feridos_leves";"feridos_graves";"mortos";"latitude";"longitude";"regional";"delegacia";"uop"
129886;282069;2018-04-23;"segunda-feira";"21:45:00";"RO";364;353;"JI-PARANA";"Sim";"Ingestao de alcool";1;"Queda de ocupante de veiculo";"Com Vitimas Feridas";"Plena Noite";"Decrescente";"Ceu Claro";"Simples";"Reta";"Nao";229420;"Motocicleta";"HONDA/CG150 FAN ESDI";2013;"Condutor";"Lesoes Leves";35;"Masculino";0;1;0;0;"-10.824697";"-62.014618";"SR-RO";"DEL21/2";"UOP01/RO"
129941;280266;2018-04-21;"sabado";"08:00:00";"RR";174;503;"BOA VISTA";"Sim";"Ingestao de alcool e/ou substâncias psicoativas pelo pedestre";1;"Colisao traseira";"Com Vitimas Feridas";"Pleno dia";"Crescente";"Chuva";"Dupla";"Reta";"Sim";229494;"Automóvel";"FIAT/SIENA FIRE FLEX";2006;"Condutor";"Ileso";21;"Masculino";1;0;0;0;"2.786";"-60.7";"SR-RR";"UOP01/RR";""
129941;280271;2018-04-21;"sabado";"08:00:00";"RR";174;503;"BOA VISTA";"Sim";"Ingestao de alcool e/ou substâncias psicoativas pelo pedestre";1;"Colisao traseira";"Com Vitimas Feridas";"Pleno dia";"Crescente";"Chuva";"Dupla";"Reta";"Sim";229497;"Bicicleta";"CALOI/MONDO";NA;"Condutor";"Lesoes Graves";42;"Masculino";0;0;1;0;"2.786";"-60.7";"SR-RR";"UOP01/RR";""
129961;280501;2018-04-24;"terca-feira";"14:30:00";"RS";386;23;"FREDERICO WESTPHALEN";"Nao";"Ingestao de alcool";1;"Saida de leito carrocavel";"Com Vitimas Feridas";"Pleno dia";"Decrescente";"Ceu Claro";"Simples";"Curva";"Nao";229650;"Automóvel";"GM/CORSA WIND";1994;"Condutor";"Lesoes Leves";28;"Masculino";0;1;0;0;"-27.28316278";"-53.35115433";"SR-RS";"DEL9/14";"UOP02/RS"
129961;280503;2018-04-24;"terca-feira";"14:30:00";"RS";386;23;"FREDERICO WESTPHALEN";"Nao";"Ingestao de alcool";1;"Saida de leito carrocavel";"Com Vitimas Feridas";"Pleno dia";"Decrescente";"Ceu Claro";"Simples";"Curva";"Nao";229650;"Automóvel";"GM/CORSA WIND";1994;"Passageiro";"Lesoes Leves";42;"Feminino";0;1;0;0;"-27.28316278";"-53.35115433";"SR-RS";"DEL9/14";"UOP02/RS"
130035;280600;2018-04-24;"terca-feira";"21:30:00";"SP";101;48;"UBATUBA";"Nao";"Ingestao de alcool";1;"Atropelamento de Pedestre";"Com Vitimas Feridas";"Plena Noite";"Decrescente";"Nublado";"Simples";"Curva";"Sim";229737;"Motoneta";"HONDA/LEAD 110";2010;"Pedestre";"Lesoes Graves";69;"Feminino";0;0;1;0;"-23.44087419";"-45.08690357";"SR-SP";"DEL6/7";"UOP01/SP"
130035;280598;2018-04-24;"terca-feira";"21:30:00";"SP";101;48;"UBATUBA";"Nao";"Ingestao de alcool";1;"Atropelamento de Pedestre";"Com Vitimas Feridas";"Plena Noite";"Decrescente";"Nublado";"Simples";"Curva";"Sim";229737;"Motoneta";"HONDA/LEAD 110";2010;"Condutor";"Lesoes Leves";51;"Feminino";0;1;0;0;"-23.44087419";"-45.08690357";"SR-SP";"DEL6/7";"UOP01/SP"
130055;282294;2018-04-25;"quarta-feira";"01:30:00";"PA";155;291;"MARABA";"Sim";"Ingestao de alcool";1;"Colisao com objeto em movimento";"Com Vitimas Fatais";"Plena Noite";"Decrescente";"Ceu Claro";"Simples";"Reta";"Nao";229859;"Motocicleta";"HONDA/NXR160 BROS ESDD";2018;"Passageiro";"Lesoes Leves";21;"Masculino";0;1;0;0;"-5.7007074";"-49.12277015";"SR-PA";"DEL19/3";"UOP01/PA"
130055;280763;2018-04-25;"quarta-feira";"01:30:00";"PA";155;291;"MARABA";"Sim";"Ingestao de alcool";1;"Colisao com objeto em movimento";"Com Vitimas Fatais";"Plena Noite";"Decrescente";"Ceu Claro";"Simples";"Reta";"Nao";229859;"Motocicleta";"HONDA/NXR160 BROS ESDD";2018;"Condutor";"Óbito";24;"Masculino";0;0;0;1;"-5.7007074";"-49.12277015";"SR-PA";"DEL19/3";"UOP01/PA"
130059;281416;2018-04-25;"quarta-feira";"04:20:00";"RS";116;257,5;"ESTEIO";"Sim";"Ingestao de alcool";1;"Colisao com objeto estatico";"Sem Vitimas";"Plena Noite";"Crescente";"Ceu Claro";"Dupla";"Reta";"Sim";230336;"Automóvel";"FORD/KA SE 1.0 HA";2015;"Condutor";"Ileso";23;"Masculino";1;0;0;0;"-29.852671";"-51.179691";"SR-RS";"DEL9/1";"UOP02/RS"
130218;281110;2018-04-26;"quinta-feira";"01:10:00";"SC";101;135,3;"BALNEARIO CAMBORIU";"Sim";"Ingestao de alcool";1;"Colisao com objeto estatico";"Sem Vitimas";"Plena Noite";"Crescente";"Ceu Claro";"Simples";"Reta";"Sim";230128;"Automóvel";"I/FORD FUSION";2011;"Condutor";"Ileso";35;"Masculino";1;0;0;0;"-27.0081";"-48.617";"SR-SC";"DEL8/4";"UOP03/SC"
130218;281111;2018-04-26;"quinta-feira";"01:10:00";"SC";101;135,3;"BALNEARIO CAMBORIU";"Sim";"Ingestao de alcool";1;"Colisao com objeto estatico";"Sem Vitimas";"Plena Noite";"Crescente";"Ceu Claro";"Simples";"Reta";"Sim";230129;"Motocicleta";"HONDA/XRE 300";2013;"Condutor";"Ileso";39;"Masculino";1;0;0;0;"-27.0081";"-48.617";"SR-SC";"DEL8/4";"UOP03/SC"
130230;281103;2018-04-26;"quinta-feira";"04:30:00";"MG";381;481;"CONTAGEM";"Sim";"Ingestao de alcool";1;"Capotamento";"Com Vitimas Feridas";"Plena Noite";"Crescente";"Ceu Claro";"Dupla";"Reta";"Sim";230118;"Automóvel";"FORD/KA SE 1.0 HA";2014;"Condutor";"Lesoes Leves";32;"Feminino";0;1;0;0;"-19.95856566";"-44.06111956";"SR-MG";"DEL4/1";"UOP03/MG"
130257;282763;2018-04-26;"quinta-feira";"06:00:00";"MG";365;658;"MONTE ALEGRE DE MINAS";"Sim";"Ingestao de alcool";1;"Tombamento";"Sem Vitimas";"Amanhecer";"Crescente";"Vento";"Dupla";"Nao Informado";"Nao";230503;"Caminhao-trator";"SCANIA/R 480 A6X4";2013;"Condutor";"Ileso";32;"Masculino";1;0;0;0;"-18.863614";"-48.58410984";"SR-MG";"DEL4/15";"UOP01/MG"
130278;282183;2018-04-26;"quinta-feira";"06:30:00";"RS";158;186,1;"CRUZ ALTA";"Sim";"Ingestao de alcool";1;"Saida de leito carrocavel";"Com Vitimas Feridas";"Amanhecer";"Decrescente";"Nevoeiro/Neblina";"Simples";"Curva";"Nao";231022;"Automóvel";"FORD/FIESTA FLEX";2007;"Condutor";"Lesoes Leves";32;"Feminino";0;1;0;0;"-28.57304836";"-53.56786609";"SR-RS";"DEL9/10";"UOP02/RS"
130300;281614;2018-04-26;"quinta-feira";"12:20:00";"GO";60;30;"ALEXANIA";"Sim";"Ingestao de alcool e/ou substâncias psicoativas pelo pedestre";1;"Atropelamento de Pedestre";"Com Vitimas Feridas";"Pleno dia";"Decrescente";"Ceu Claro";"Dupla";"Reta";"Sim";230525;"Automóvel";"CHEVROLET/COBALT 1.4 LT";2012;"Condutor";"Ileso";43;"Masculino";1;0;0;0;"-16.09464996";"-48.48962903";"SR-DF";"GO";"UOP03/DF"
130300;281618;2018-04-26;"quinta-feira";"12:20:00";"GO";60;30;"ALEXANIA";"Sim";"Ingestao de alcool e/ou substâncias psicoativas pelo pedestre";1;"Atropelamento de Pedestre";"Com Vitimas Feridas";"Pleno dia";"Decrescente";"Ceu Claro";"Dupla";"Reta";"Sim";230525;"Automóvel";"CHEVROLET/COBALT 1.4 LT";2012;"Pedestre";"Lesoes Leves";54;"Masculino";0;1;0;0;"-16.09464996";"-48.48962903";"SR-DF";"GO";"UOP03/DF"
130301;281278;2018-04-14;"sabado";"19:40:00";"MG";381;485;"BETIM";"Sim";"Ingestao de alcool";1;"Saida de leito carrocavel";"Com Vitimas Feridas";"Plena Noite";"Decrescente";"Nublado";"Dupla";"Curva";"Sim";230241;"Automóvel";"TOYOTA/ETIOS SD XS";2013;"Passageiro";"Ileso";39;"Masculino";1;0;0;0;"-19.95857174";"-44.09310213";"SR-MG";"DEL4/1";"UOP03/MG"
130301;281279;2018-04-14;"sabado";"19:40:00";"MG";381;485;"BETIM";"Sim";"Ingestao de alcool";1;"Saida de leito carrocavel";"Com Vitimas Feridas";"Plena Noite";"Decrescente";"Nublado";"Dupla";"Curva";"Sim";230241;"Automóvel";"TOYOTA/ETIOS SD XS";2013;"Condutor";"Lesoes Leves";45;"Feminino";0;1;0;0;"-19.95857174";"-44.09310213";"SR-MG";"DEL4/1";"UOP03/MG"
130303;281312;2018-04-26;"quinta-feira";"12:00:00";"MG";381;508,9;"SAO JOAQUIM DE BICAS";"Sim";"Ingestao de alcool";1;"Colisao frontal";"Com Vitimas Feridas";"Pleno dia";"Decrescente";"Ceu Claro";"Dupla";"Reta";"Sim";230263;"Automóvel";"FORD/FIESTA";1996;"Condutor";"Lesoes Leves";41;"Masculino";0;1;0;0;"-20.0494";"-44.2767";"SR-MG";"DEL4/1";"UOP03/MG"
130397;281557;2018-04-26;"quinta-feira";"19:00:00";"MG";267;8,9;"LEOPOLDINA";"Nao";"Ingestao de alcool e/ou substâncias psicoativas pelo pedestre";1;"Atropelamento de Pedestre";"Com Vitimas Feridas";"Plena Noite";"Crescente";"Ignorado";"Simples";"Nao Informado";"Nao";230455;"Caminhao";"";NA;"Pedestre";"Lesoes Leves";48;"Feminino";0;1;0;0;"-21.5671";"-42.6993";"SR-MG";"DEL4/7";"UOP01/MG"
130397;281561;2018-04-26;"quinta-feira";"19:00:00";"MG";267;8,9;"LEOPOLDINA";"Nao";"Ingestao de alcool e/ou substâncias psicoativas pelo pedestre";1;"Atropelamento de Pedestre";"Com Vitimas Feridas";"Plena Noite";"Crescente";"Ignorado";"Simples";"Nao Informado";"Nao";230455;"Caminhao";"";NA;"Condutor";"Ileso";NA;"Ignorado";1;0;0;0;"-21.5671";"-42.6993";"SR-MG";"DEL4/7";"UOP01/MG"
130397;281573;2018-04-26;"quinta-feira";"19:00:00";"MG";267;8,9;"LEOPOLDINA";"Nao";"Ingestao de alcool e/ou substâncias psicoativas pelo pedestre";1;"Atropelamento de Pedestre";"Com Vitimas Feridas";"Plena Noite";"Crescente";"Ignorado";"Simples";"Nao Informado";"Nao";230455;"Caminhao";"";NA;"Testemunha";"Nao Informado";NA;"Nao Informado";0;0;0;0;"-21.5671";"-42.6993";"SR-MG";"DEL4/7";"UOP01/MG"
130402;281498;2018-04-26;"quinta-feira";"19:55:00";"SC";282;618,5;"IRACEMINHA";"Sim";"Ingestao de alcool";1;"Saida de leito carrocavel";"Com Vitimas Feridas";"Plena Noite";"Crescente";"Ceu Claro";"Simples";"Reta";"Nao";230410;"Automóvel";"FORD/ESCORT GHIA";1984;"Condutor";"Lesoes Leves";75;"Masculino";0;1;0;0;"-26.788088";"-53.293259";"SR-SC";"DEL8/8";"UOP02/SC"
130410;281604;2018-04-26;"quinta-feira";"21:40:00";"PR";116;125,9;"FAZENDA RIO GRANDE";"Sim";"Ingestao de alcool";1;"Colisao transversal";"Com Vitimas Feridas";"Plena Noite";"Crescente";"Ceu Claro";"Multipla";"Intersecao de vias";"Sim";230519;"Motocicleta";"HONDA/CG 125 FAN KS";2009;"Condutor";"Lesoes Leves";31;"Masculino";0;1;0;0;"-25.63705771";"-49.31333173";"SR-PR";"DEL7/1";"UOP03/PR"
130410;281603;2018-04-26;"quinta-feira";"21:40:00";"PR";116;125,9;"FAZENDA RIO GRANDE";"Sim";"Ingestao de alcool";1;"Colisao transversal";"Com Vitimas Feridas";"Plena Noite";"Crescente";"Ceu Claro";"Multipla";"Intersecao de vias";"Sim";230517;"Automóvel";"GM/MONZA SL";1986;"Condutor";"Ileso";28;"Masculino";1;0;0;0;"-25.63705771";"-49.31333173";"SR-PR";"DEL7/1";"UOP03/PR"
130423;283344;2018-04-26;"quinta-feira";"23:30:00";"PA";316;17,3;"BENEVIDES";"Sim";"Ingestao de alcool";1;"Colisao com objeto estatico";"Sem Vitimas";"Plena Noite";"Crescente";"Ceu Claro";"Dupla";"Reta";"Sim";231922;"Automóvel";"GM/CORSA MILENIUM";2002;"Condutor";"Ileso";54;"Masculino";1;0;0;0;"-1.36484707";"-48.29206824";"SR-PA";"DEL19/1";"UOP01/PA"
130431;281806;2018-04-26;"quinta-feira";"18:15:00";"MT";364;128,3;"PEDRA PRETA";"Sim";"Ingestao de alcool";1;"Colisao lateral";"Sem Vitimas";"Plena Noite";"Crescente";"Ceu Claro";"Simples";"Reta";"Nao";230491;"Camioneta";"RENAULT/DUSTER 16 D 4X2";2013;"Condutor";"Ileso";45;"Feminino";1;0;0;0;"-16.832266";"-53.993832";"SR-MT";"DEL2/2";"UOP04/MT"
130431;281807;2018-04-26;"quinta-feira";"18:15:00";"MT";364;128,3;"PEDRA PRETA";"Sim";"Ingestao de alcool";1;"Colisao lateral";"Sem Vitimas";"Plena Noite";"Crescente";"Ceu Claro";"Simples";"Reta";"Nao";230492;"Automóvel";"I/VW BEETLE";2008;"Condutor";"Ileso";50;"Masculino";1;0;0;0;"-16.832266";"-53.993832";"SR-MT";"DEL2/2";"UOP04/MT"
130431;281808;2018-04-26;"quinta-feira";"18:15:00";"MT";364;128,3;"PEDRA PRETA";"Sim";"Ingestao de alcool";1;"Colisao lateral";"Sem Vitimas";"Plena Noite";"Crescente";"Ceu Claro";"Simples";"Reta";"Nao";230493;"Caminhao";"VW/17.310";2005;"Condutor";"Ileso";41;"Masculino";1;0;0;0;"-16.832266";"-53.993832";"SR-MT";"DEL2/2";"UOP04/MT"
130436;281652;2018-04-27;"sexta-feira";"00:50:00";"PR";116;43,2;"CAMPINA GRANDE DO SUL";"Sim";"Ingestao de alcool";1;"Colisao lateral";"Sem Vitimas";"Plena Noite";"Crescente";"Ceu Claro";"Dupla";"Reta";"Nao";230524;"Caminhao";"M.BENZ/ATEGO 2425";2011;"Condutor";"Ileso";42;"Masculino";1;0;0;0;"-25.18247628";"-48.88365442";"SR-PR";"DEL7/1";"UOP02/PR"
130436;281651;2018-04-27;"sexta-feira";"00:50:00";"PR";116;43,2;"CAMPINA GRANDE DO SUL";"Sim";"Ingestao de alcool";1;"Colisao lateral";"Sem Vitimas";"Plena Noite";"Crescente";"Ceu Claro";"Dupla";"Reta";"Nao";230523;"Automóvel";"GM/MONZA GLS";1994;"Condutor";"Ileso";38;"Masculino";1;0;0;0;"-25.18247628";"-48.88365442";"SR-PR";"DEL7/1";"UOP02/PR"
130437;281620;2018-04-27;"sexta-feira";"02:05:00";"SC";101;190;"BIGUACU";"Sim";"Ingestao de alcool";1;"Colisao com objeto estatico";"Sem Vitimas";"Plena Noite";"Decrescente";"Ceu Claro";"Dupla";"Reta";"Nao";230529;"Automóvel";"CHEV/PRISMA 1.4MT LT";2015;"Condutor";"Ileso";45;"Masculino";1;0;0;0;"-27.47018801";"-48.64120593";"SR-SC";"DEL8/1";"UOP01/SC"
130469;285206;2018-04-27;"sexta-feira";"06:40:00";"ES";101;64,9;"SAO MATEUS";"Sim";"Ingestao de alcool";1;"Queda de ocupante de veiculo";"Com Vitimas Feridas";"Pleno dia";"Decrescente";"Ceu Claro";"Simples";"Ponte";"Sim";233399;"Bicicleta";"";NA;"Condutor";"Lesoes Leves";56;"Masculino";0;1;0;0;"-18.70791931";"-39.87653017";"SR-ES";"DEL12/4";"UOP02/ES"
130554;282045;2018-04-27;"sexta-feira";"14:40:00";"RO";364;236,7;"CACOAL";"Sim";"Ingestao de alcool e/ou substâncias psicoativas pelo pedestre";1;"Atropelamento de Pedestre";"Com Vitimas Feridas";"Pleno dia";"Decrescente";"Sol";"Simples";"Desvio Temporario";"Sim";230792;"Caminhao-trator";"VOLVO/FH 460 6X2T";2014;"Condutor";"Ileso";44;"Masculino";1;0;0;0;"-11.4444634";"-61.44346476";"SR-RO";"DEL21/2";"UOP02/RO"
130554;282096;2018-04-27;"sexta-feira";"14:40:00";"RO";364;236,7;"CACOAL";"Sim";"Ingestao de alcool e/ou substâncias psicoativas pelo pedestre";1;"Atropelamento de Pedestre";"Com Vitimas Feridas";"Pleno dia";"Decrescente";"Sol";"Simples";"Desvio Temporario";"Sim";230792;"Caminhao-trator";"VOLVO/FH 460 6X2T";2014;"Passageiro";"Ileso";18;"Masculino";1;0;0;0;"-11.4444634";"-61.44346476";"SR-RO";"DEL21/2";"UOP02/RO"
130554;282099;2018-04-27;"sexta-feira";"14:40:00";"RO";364;236,7;"CACOAL";"Sim";"Ingestao de alcool e/ou substâncias psicoativas pelo pedestre";1;"Atropelamento de Pedestre";"Com Vitimas Feridas";"Pleno dia";"Decrescente";"Sol";"Simples";"Desvio Temporario";"Sim";230878;"Semireboque";"SR/GUERRA AG GR";2015;"Testemunha";"Nao Informado";NA;"Nao Informado";0;0;0;0;"-11.4444634";"-61.44346476";"SR-RO";"DEL21/2";"UOP02/RO"
130554;282047;2018-04-27;"sexta-feira";"14:40:00";"RO";364;236,7;"CACOAL";"Sim";"Ingestao de alcool e/ou substâncias psicoativas pelo pedestre";1;"Atropelamento de Pedestre";"Com Vitimas Feridas";"Pleno dia";"Decrescente";"Sol";"Simples";"Desvio Temporario";"Sim";230878;"Semireboque";"SR/GUERRA AG GR";2015;"Pedestre";"Lesoes Leves";54;"Masculino";0;1;0;0;"-11.4444634";"-61.44346476";"SR-RO";"DEL21/2";"UOP02/RO"
130572;286193;2018-04-27;"sexta-feira";"15:40:00";"BA";101;682,8;"ITAGIMIRIM";"Sim";"Ingestao de alcool";1;"Colisao transversal";"Sem Vitimas";"Pleno dia";"Crescente";"Ceu Claro";"Simples";"Intersecao de vias";"Nao";234156;"Automóvel";"FIAT/PALIO ELX FLEX";2005;"Condutor";"Ileso";34;"Masculino";1;0;0;0;"-16.09443002";"-39.61593177";"SR-BA";"DEL10/9";"UOP01/BA"
130572;286196;2018-04-27;"sexta-feira";"15:40:00";"BA";101;682,8;"ITAGIMIRIM";"Sim";"Ingestao de alcool";1;"Colisao transversal";"Sem Vitimas";"Pleno dia";"Crescente";"Ceu Claro";"Simples";"Intersecao de vias";"Nao";234159;"Caminhao-trator";"M.BENZ/AXOR 2644S6X4";2013;"Condutor";"Ileso";31;"Masculino";1;0;0;0;"-16.09443002";"-39.61593177";"SR-BA";"DEL10/9";"UOP01/BA"
130574;284096;2018-04-27;"sexta-feira";"17:20:00";"RS";392;298,7;"SAO SEPE";"Sim";"Ingestao de alcool";1;"Saida de leito carrocavel";"Com Vitimas Feridas";"Pleno dia";"Crescente";"Ceu Claro";"Simples";"Reta";"Nao";230942;"Automóvel";"VW/VOYAGE CL";1988;"Condutor";"Lesoes Leves";57;"Masculino";0;1;0;0;"-30.157213";"-53.588806";"SR-RS";"DEL9/9";"UOP01/RS"
130604;281913;2018-04-27;"sexta-feira";"19:00:00";"AL";423;105;"DELMIRO GOUVEIA";"Sim";"Ingestao de alcool e/ou substâncias psicoativas pelo pedestre";1;"Atropelamento de Pedestre";"Com Vitimas Feridas";"Plena Noite";"Crescente";"Ceu Claro";"Simples";"Reta";"Nao";230769;"Automóvel";"VW/GOL TL MB S";2014;"Condutor";"Ileso";29;"Masculino";1;0;0;0;"-9.41908871";"-38.19785357";"SR-BA";"DEL10/7";"UOP01/BA"
130604;281914;2018-04-27;"sexta-feira";"19:00:00";"AL";423;105;"DELMIRO GOUVEIA";"Sim";"Ingestao de alcool e/ou substâncias psicoativas pelo pedestre";1;"Atropelamento de Pedestre";"Com Vitimas Feridas";"Plena Noite";"Crescente";"Ceu Claro";"Simples";"Reta";"Nao";230769;"Automóvel";"VW/GOL TL MB S";2014;"Pedestre";"Lesoes Graves";65;"Masculino";0;0;1;0;"-9.41908871";"-38.19785357";"SR-BA";"DEL10/7";"UOP01/BA"
130605;281958;2018-04-27;"sexta-feira";"19:05:00";"RN";101;71,5;"EXTREMOZ";"Sim";"Ingestao de alcool";1;"Colisao traseira";"Com Vitimas Feridas";"Plena Noite";"Crescente";"Ceu Claro";"Simples";"Reta";"Nao";230770;"Automóvel";"NISSAN/LIVINA XGEAR 16SL";2011;"Condutor";"Ileso";36;"Masculino";1;0;0;0;"-5.6943163";"-35.2628789";"SR-RN";"DEL15/2";"UOP01/RN"
130605;282070;2018-04-27;"sexta-feira";"19:05:00";"RN";101;71,5;"EXTREMOZ";"Sim";"Ingestao de alcool";1;"Colisao traseira";"Com Vitimas Feridas";"Plena Noite";"Crescente";"Ceu Claro";"Simples";"Reta";"Nao";230771;"Bicicleta";"MONARK/";NA;"Condutor";"Lesoes Graves";NA;"Masculino";0;0;1;0;"-5.6943163";"-35.2628789";"SR-RN";"DEL15/2";"UOP01/RN"
130641;283869;2018-04-27;"sexta-feira";"20:57:00";"MT";70;3,8;"BARRA DO GARCAS";"Sim";"Ingestao de alcool";1;"Saida de leito carrocavel";"Com Vitimas Feridas";"Plena Noite";"Decrescente";"Ceu Claro";"Dupla";"Rotatória";"Sim";232306;"Motocicleta";"HONDA/NXR150BROS MIX ESD";2010;"Condutor";"Lesoes Leves";27;"Masculino";0;1;0;0;"-15.87943021";"-52.28396773";"SR-MT";"DEL2/8";"UOP01/MT"
130645;282066;2018-04-27;"sexta-feira";"22:30:00";"PR";376;155;"MANDAGUACU";"Sim";"Ingestao de alcool";1;"Queda de ocupante de veiculo";"Com Vitimas Feridas";"Plena Noite";"Decrescente";"Ceu Claro";"Dupla";"Reta";"Nao";230904;"Motocicleta";"ARIBALDO/F.PROPRIA MOTO";NA;"Condutor";"Lesoes Graves";26;"Masculino";0;0;1;0;"-23.338518";"-52.098457";"SR-PR";"DEL7/7";"UOP04/PR"
130660;285575;2018-04-27;"sexta-feira";"22:00:00";"RO";364;712,3;"PORTO VELHO";"Sim";"Ingestao de alcool";1;"Colisao traseira";"Sem Vitimas";"Plena Noite";"Crescente";"Ceu Claro";"Dupla";"Reta";"Sim";230918;"Motoneta";"HONDA/BIZ 125 ES";2013;"Condutor";"Ileso";28;"Feminino";1;0;0;0;"-8.77332263";"-63.87900186";"SR-RO";"DEL21/1";"UOP01/RO"
130660;285576;2018-04-27;"sexta-feira";"22:00:00";"RO";364;712,3;"PORTO VELHO";"Sim";"Ingestao de alcool";1;"Colisao traseira";"Sem Vitimas";"Plena Noite";"Crescente";"Ceu Claro";"Dupla";"Reta";"Sim";233675;"Automóvel";"HYUNDAI/HB20S 1.6A PREM";2016;"Condutor";"Ileso";43;"Feminino";1;0;0;0;"-8.77332263";"-63.87900186";"SR-RO";"DEL21/1";"UOP01/RO"
130667;283650;2018-04-28;"sabado";"00:15:00";"MG";381;896,4;"CAMBUI";"Sim";"Ingestao de alcool e/ou substâncias psicoativas pelo pedestre";1;"Saida de leito carrocavel";"Sem Vitimas";"Plena Noite";"Crescente";"Ceu Claro";"Dupla";"Retorno Regulamentado";"Sim";230917;"Caminhonete";"FIAT/FIORINO IE";1999;"Condutor";"Ileso";50;"Masculino";1;0;0;0;"-22.59537035";"-46.05665088";"SR-MG";"DEL4/10";"UOP03/MG"
130668;283666;2018-04-28;"sabado";"01:30:00";"SP";116;219,3;"GUARULHOS";"Nao";"Ingestao de alcool";1;"Colisao traseira";"Sem Vitimas";"Plena Noite";"Crescente";"Nublado";"Multipla";"Reta";"Nao";230946;"Camioneta";"I/KIA SPORTAGE LX2 OFFG3";2013;"Condutor";"Ileso";56;"Masculino";1;0;0;0;"-23.464242";"-46.49797";"SR-SP";"DEL6/1";"UOP01/SP"
130668;283668;2018-04-28;"sabado";"01:30:00";"SP";116;219,3;"GUARULHOS";"Nao";"Ingestao de alcool";1;"Colisao traseira";"Sem Vitimas";"Plena Noite";"Crescente";"Nublado";"Multipla";"Reta";"Nao";230947;"Automóvel";"I/FORD FOCUS SE AT 2.0SB";2015;"Condutor";"Ileso";31;"Masculino";1;0;0;0;"-23.464242";"-46.49797";"SR-SP";"DEL6/1";"UOP01/SP"
130670;283660;2018-04-28;"sabado";"01:30:00";"PR";376;386,7;"IMBAU";"Sim";"Ingestao de alcool";1;"Colisao frontal";"Sem Vitimas";"Plena Noite";"Decrescente";"Ceu Claro";"Dupla";"Reta";"Sim";232162;"Automóvel";"";NA;"Condutor";"Nao Informado";NA;"Nao Informado";0;0;0;0;"-24.45341492";"-50.75628608";"SR-PR";"DEL7/3";"UOP05/PR"
130670;283672;2018-04-28;"sabado";"01:30:00";"PR";376;386,7;"IMBAU";"Sim";"Ingestao de alcool";1;"Colisao frontal";"Sem Vitimas";"Plena Noite";"Decrescente";"Ceu Claro";"Dupla";"Reta";"Sim";230961;"Automóvel";"FIAT/UNO MILLE SX";1997;"Condutor";"Ileso";47;"Masculino";1;0;0;0;"-24.45341492";"-50.75628608";"SR-PR";"DEL7/3";"UOP05/PR"
130682;283932;2018-04-28;"sabado";"03:30:00";"MS";262;361,5;"CAMPO GRANDE";"Sim";"Ingestao de alcool";1;"Tombamento";"Com Vitimas Feridas";"Plena Noite";"Decrescente";"Ceu Claro";"Simples";"Rotatória";"Nao";231055;"Caminhao";"VW/24.250 CLC 6X2";2011;"Testemunha";"Nao Informado";NA;"Nao Informado";0;0;0;0;"-20.51646346";"-54.71810409";"SR-MS";"DEL3/1";"UOP03/MS"
130682;283785;2018-04-28;"sabado";"03:30:00";"MS";262;361,5;"CAMPO GRANDE";"Sim";"Ingestao de alcool";1;"Tombamento";"Com Vitimas Feridas";"Plena Noite";"Decrescente";"Ceu Claro";"Simples";"Rotatória";"Nao";231055;"Caminhao";"VW/24.250 CLC 6X2";2011;"Condutor";"Lesoes Leves";27;"Masculino";0;1;0;0;"-20.51646346";"-54.71810409";"SR-MS";"DEL3/1";"UOP03/MS"
130683;283073;2018-04-28;"sabado";"04:30:00";"MG";116;582,6;"MANHUACU";"Sim";"Ingestao de alcool";1;"Colisao traseira";"Sem Vitimas";"Plena Noite";"Decrescente";"Ceu Claro";"Simples";"Reta";"Nao";231704;"Automóvel";"HONDA/CITY LX FLEX";2010;"Condutor";"Ileso";34;"Masculino";1;0;0;0;"-20.19825166";"-42.18338013";"SR-MG";"DEL4/6";"UOP04/MG"
130683;283076;2018-04-28;"sabado";"04:30:00";"MG";116;582,6;"MANHUACU";"Sim";"Ingestao de alcool";1;"Colisao traseira";"Sem Vitimas";"Plena Noite";"Decrescente";"Ceu Claro";"Simples";"Reta";"Nao";231706;"Automóvel";"VW/GOL 1000";1993;"Passageiro";"Ileso";27;"Masculino";1;0;0;0;"-20.19825166";"-42.18338013";"SR-MG";"DEL4/6";"UOP04/MG"
130683;283074;2018-04-28;"sabado";"04:30:00";"MG";116;582,6;"MANHUACU";"Sim";"Ingestao de alcool";1;"Colisao traseira";"Sem Vitimas";"Plena Noite";"Decrescente";"Ceu Claro";"Simples";"Reta";"Nao";231706;"Automóvel";"VW/GOL 1000";1993;"Condutor";"Ileso";20;"Masculino";1;0;0;0;"-20.19825166";"-42.18338013";"SR-MG";"DEL4/6";"UOP04/MG"