"id";"pesid";"data_inversa";"dia_semana";"horario";"uf";"br";"km";"municipio";"causa_principal";"causa_acidente";"ordem_tipo_acidente";"tipo_acidente";"classificacao_acidente";"fase_dia";"sentido_via";"condicao_metereologica";"tipo_pista";"tracado_via";"uso_solo";"id_veiculo";"tipo_veiculo";"marca";"ano_fabricacao_veiculo";"tipo_envolvido";"estado_fisico";"idade";"sexo";"ilesos";"feridos_leves";"feridos_graves";"mortos";"latitude";"longitude";"regional";"delegacia";"uop"
130685;283738;2018-04-28;"sabado";"03:30:00";"BA";367;42;"PORTO SEGURO";"Sim";"Ingestao de alcool";1;"Colisao frontal";"Com Vitimas Feridas";"Amanhecer";"Crescente";"Chuva";"Simples";"Reta";"Nao";232202;"Automóvel";"CHEVROLET/ONIX 1.0MT LT";2014;"Condutor";"Lesoes Leves";39;"Masculino";0;1;0;0;"-16.62531431";"-39.10693333";"SR-BA";"DEL10/9";"UOP01/BA"
130685;283736;2018-04-28;"sabado";"03:30:00";"BA";367;42;"PORTO SEGURO";"Sim";"Ingestao de alcool";1;"Colisao frontal";"Com Vitimas Feridas";"Amanhecer";"Crescente";"Chuva";"Simples";"Reta";"Nao";232201;"Automóvel";"FIAT/UNO MILLE WAY ECON";2010;"Condutor";"Lesoes Leves";30;"Masculino";0;1;0;0;"-16.62531431";"-39.10693333";"SR-BA";"DEL10/9";"UOP01/BA"
130691;282108;2018-04-28;"sabado";"05:50:00";"SC";282;3,6;"SAO JOSE";"Sim";"Ingestao de alcool";1;"Tombamento";"Com Vitimas Feridas";"Plena Noite";"Decrescente";"Ceu Claro";"Dupla";"Reta";"Sim";230943;"Motocicleta";"HONDA/CG 125 TITAN KS";2000;"Condutor";"Lesoes Leves";26;"Masculino";0;1;0;0;"-27.600384";"-48.599705";"SR-SC";"DEL8/1";"UOP01/SC"
130694;282229;2018-04-28;"sabado";"05:15:00";"SC";116;53;"PAPANDUVA";"Sim";"Ingestao de alcool";1;"Saida de leito carrocavel";"Com Vitimas Feridas";"Plena Noite";"Crescente";"Ceu Claro";"Simples";"Reta";"Nao";230989;"Automóvel";"FORD/KA FLEX";2013;"Passageiro";"Lesoes Leves";20;"Masculino";0;1;0;0;"-26.39325";"-50.155151";"SR-SC";"DEL8/6";"UOP01/SC"
130694;282238;2018-04-28;"sabado";"05:15:00";"SC";116;53;"PAPANDUVA";"Sim";"Ingestao de alcool";1;"Saida de leito carrocavel";"Com Vitimas Feridas";"Plena Noite";"Crescente";"Ceu Claro";"Simples";"Reta";"Nao";230989;"Automóvel";"FORD/KA FLEX";2013;"Passageiro";"Lesoes Leves";28;"Feminino";0;1;0;0;"-26.39325";"-50.155151";"SR-SC";"DEL8/6";"UOP01/SC"
130694;282208;2018-04-28;"sabado";"05:15:00";"SC";116;53;"PAPANDUVA";"Sim";"Ingestao de alcool";1;"Saida de leito carrocavel";"Com Vitimas Feridas";"Plena Noite";"Crescente";"Ceu Claro";"Simples";"Reta";"Nao";230989;"Automóvel";"FORD/KA FLEX";2013;"Condutor";"Lesoes Leves";29;"Feminino";0;1;0;0;"-26.39325";"-50.155151";"SR-SC";"DEL8/6";"UOP01/SC"
130694;282232;2018-04-28;"sabado";"05:15:00";"SC";116;53;"PAPANDUVA";"Sim";"Ingestao de alcool";1;"Saida de leito carrocavel";"Com Vitimas Feridas";"Plena Noite";"Crescente";"Ceu Claro";"Simples";"Reta";"Nao";230989;"Automóvel";"FORD/KA FLEX";2013;"Passageiro";"Lesoes Leves";37;"Feminino";0;1;0;0;"-26.39325";"-50.155151";"SR-SC";"DEL8/6";"UOP01/SC"
130705;287137;2018-04-28;"sabado";"06:55:00";"DF";70;16,2;"BRASILIA";"Sim";"Ingestao de alcool";1;"Colisao com objeto estatico";"Com Vitimas Feridas";"Amanhecer";"Decrescente";"Ceu Claro";"Dupla";"Rotatória";"Nao";231009;"Motocicleta";"KASINSKI/COMET 250R";2008;"Condutor";"Ileso";22;"Masculino";1;0;0;0;"-15.79551589";"-48.19569781";"SR-DF";"DF";"UOP06/DF"
130705;287141;2018-04-28;"sabado";"06:55:00";"DF";70;16,2;"BRASILIA";"Sim";"Ingestao de alcool";1;"Colisao com objeto estatico";"Com Vitimas Feridas";"Amanhecer";"Decrescente";"Ceu Claro";"Dupla";"Rotatória";"Nao";231009;"Motocicleta";"KASINSKI/COMET 250R";2008;"Passageiro";"Lesoes Leves";NA;"Feminino";0;1;0;0;"-15.79551589";"-48.19569781";"SR-DF";"DF";"UOP06/DF"
130746;282230;2018-04-28;"sabado";"07:20:00";"MT";70;510;"CUIABA";"Sim";"Ingestao de alcool";1;"Colisao transversal";"Sem Vitimas";"Pleno dia";"Crescente";"Ceu Claro";"Simples";"Reta";"Sim";231040;"Caminhao-trator";"SCANIA/R124 GA6X4NZ 400";2003;"Condutor";"Ileso";31;"Masculino";1;0;0;0;"-15.650426";"-55.998444";"SR-MT";"DEL2/1";"UOP01/MT"
130746;282234;2018-04-28;"sabado";"07:20:00";"MT";70;510;"CUIABA";"Sim";"Ingestao de alcool";1;"Colisao transversal";"Sem Vitimas";"Pleno dia";"Crescente";"Ceu Claro";"Simples";"Reta";"Sim";231041;"Automóvel";"I/VW GOL CLI";1996;"Condutor";"Ileso";23;"Masculino";1;0;0;0;"-15.650426";"-55.998444";"SR-MT";"DEL2/1";"UOP01/MT"
130763;282980;2018-04-28;"sabado";"12:50:00";"PR";277;110,5;"CAMPO LARGO";"Sim";"Ingestao de alcool e/ou substâncias psicoativas pelo pedestre";1;"Colisao com objeto estatico";"Sem Vitimas";"Pleno dia";"Crescente";"Ceu Claro";"Dupla";"Reta";"Sim";231614;"Automóvel";"GM/VECTRA GLS";1999;"Condutor";"Ileso";48;"Masculino";1;0;0;0;"-25.44312929";"-49.45971698";"SR-PR";"DEL7/1";"UOP05/PR"
130769;282362;2018-04-28;"sabado";"12:50:00";"PR";116;9;"COLOMBO";"Sim";"Ingestao de alcool";1;"Colisao com objeto estatico";"Sem Vitimas";"Pleno dia";"Crescente";"Ceu Claro";"Dupla";"Reta";"Sim";231140;"Automóvel";"RENAULT/CLIO PRI 16 16VH";2007;"Condutor";"Ileso";45;"Masculino";1;0;0;0;"-25.37075544";"-49.12472487";"SR-PR";"DEL7/1";"UOP02/PR"
130774;282331;2018-04-28;"sabado";"12:30:00";"BA";324;617;"SALVADOR";"Sim";"Ingestao de alcool";1;"Colisao traseira";"Com Vitimas Feridas";"Pleno dia";"Decrescente";"Sol";"Dupla";"Reta";"Sim";231114;"Automóvel";"CHEV/PRISMA 1.4MT LT";2014;"Condutor";"Ileso";29;"Masculino";1;0;0;0;"-12.891711";"-38.445725";"SR-BA";"DEL10/1";"UOP01/BA"
130774;282497;2018-04-28;"sabado";"12:30:00";"BA";324;617;"SALVADOR";"Sim";"Ingestao de alcool";1;"Colisao traseira";"Com Vitimas Feridas";"Pleno dia";"Decrescente";"Sol";"Dupla";"Reta";"Sim";231092;"Motocicleta";"HONDA/CG 125 FAN KS";2013;"Condutor";"Lesoes Leves";37;"Masculino";0;1;0;0;"-12.891711";"-38.445725";"SR-BA";"DEL10/1";"UOP01/BA"
130779;282477;2018-04-28;"sabado";"14:00:00";"PE";232;21,3;"MORENO";"Sim";"Ingestao de alcool";1;"Atropelamento de Animal";"Com Vitimas Feridas";"Pleno dia";"Decrescente";"Ceu Claro";"Dupla";"Curva";"Nao";231162;"Automóvel";"GM/CELTA 3 PORTAS SUPER";2003;"Condutor";"Ileso";44;"Masculino";1;0;0;0;"-8.097457";"-35.082568";"SR-PE";"DEL11/1";"UOP04/PE"
130779;282480;2018-04-28;"sabado";"14:00:00";"PE";232;21,3;"MORENO";"Sim";"Ingestao de alcool";1;"Atropelamento de Animal";"Com Vitimas Feridas";"Pleno dia";"Decrescente";"Ceu Claro";"Dupla";"Curva";"Nao";231162;"Automóvel";"GM/CELTA 3 PORTAS SUPER";2003;"Passageiro";"Ileso";38;"Feminino";1;0;0;0;"-8.097457";"-35.082568";"SR-PE";"DEL11/1";"UOP04/PE"
130779;282476;2018-04-28;"sabado";"14:00:00";"PE";232;21,3;"MORENO";"Sim";"Ingestao de alcool";1;"Atropelamento de Animal";"Com Vitimas Feridas";"Pleno dia";"Decrescente";"Ceu Claro";"Dupla";"Curva";"Nao";231162;"Automóvel";"GM/CELTA 3 PORTAS SUPER";2003;"Cavaleiro";"Lesoes Leves";45;"Masculino";0;1;0;0;"-8.097457";"-35.082568";"SR-PE";"DEL11/1";"UOP04/PE"
130784;284187;2018-04-28;"sabado";"14:00:00";"RN";405;64;"FELIPE GUERRA";"Sim";"Ingestao de alcool";1;"Queda de ocupante de veiculo";"Com Vitimas Feridas";"Pleno dia";"Crescente";"Ceu Claro";"Simples";"Reta";"Nao";231198;"Motocicleta";"HONDA/CG150 FAN ESDI";2012;"Condutor";"Lesoes Leves";42;"Masculino";0;1;0;0;"-5.58113394";"-37.76241302";"SR-RN";"DEL15/4";"UOP02/RN"
130804;283376;2018-04-28;"sabado";"15:30:00";"PR";163;285;"MARECHAL CANDIDO RONDON";"Sim";"Ingestao de alcool";1;"Colisao com objeto estatico";"Sem Vitimas";"Pleno dia";"Crescente";"Ceu Claro";"Dupla";"Desvio Temporario";"Sim";231175;"Automóvel";"FIAT/STILO 16V";2003;"Passageiro";"Ileso";28;"Feminino";1;0;0;0;"-24.5495";"-54.0421";"SR-PR";"DEL7/6";"UOP04/PR"
130804;283366;2018-04-28;"sabado";"15:30:00";"PR";163;285;"MARECHAL CANDIDO RONDON";"Sim";"Ingestao de alcool";1;"Colisao com objeto estatico";"Sem Vitimas";"Pleno dia";"Crescente";"Ceu Claro";"Dupla";"Desvio Temporario";"Sim";231174;"Automóvel";"GM/CORSA WIND";1994;"Condutor";"Ileso";54;"Masculino";1;0;0;0;"-24.5495";"-54.0421";"SR-PR";"DEL7/6";"UOP04/PR"
130804;283372;2018-04-28;"sabado";"15:30:00";"PR";163;285;"MARECHAL CANDIDO RONDON";"Sim";"Ingestao de alcool";1;"Colisao com objeto estatico";"Sem Vitimas";"Pleno dia";"Crescente";"Ceu Claro";"Dupla";"Desvio Temporario";"Sim";231175;"Automóvel";"FIAT/STILO 16V";2003;"Condutor";"Ileso";27;"Masculino";1;0;0;0;"-24.5495";"-54.0421";"SR-PR";"DEL7/6";"UOP04/PR"
130804;283377;2018-04-28;"sabado";"15:30:00";"PR";163;285;"MARECHAL CANDIDO RONDON";"Sim";"Ingestao de alcool";1;"Colisao com objeto estatico";"Sem Vitimas";"Pleno dia";"Crescente";"Ceu Claro";"Dupla";"Desvio Temporario";"Sim";231175;"Automóvel";"FIAT/STILO 16V";2003;"Passageiro";"Ileso";7;"Masculino";1;0;0;0;"-24.5495";"-54.0421";"SR-PR";"DEL7/6";"UOP04/PR"
130808;282371;2018-04-08;"domingo";"16:00:00";"PB";104;159;"BARRA DE SANTANA";"Sim";"Ingestao de alcool";1;"Colisao com objeto estatico";"Com Vitimas Feridas";"Pleno dia";"Decrescente";"Nublado";"Simples";"Reta";"Nao";231151;"Caminhonete";"CHEVROLET/S10 LT DD4";2013;"Condutor";"Ileso";38;"Masculino";1;0;0;0;"-7.51225794";"-35.97473145";"SR-PB";"DEL14/2";"UOP03/PB"
130808;282372;2018-04-08;"domingo";"16:00:00";"PB";104;159;"BARRA DE SANTANA";"Sim";"Ingestao de alcool";1;"Colisao com objeto estatico";"Com Vitimas Feridas";"Pleno dia";"Decrescente";"Nublado";"Simples";"Reta";"Nao";231152;"Motocicleta";"HONDA/CG 125 TITAN";1999;"Condutor";"Lesoes Leves";41;"Masculino";0;1;0;0;"-7.51225794";"-35.97473145";"SR-PB";"DEL14/2";"UOP03/PB"
130824;282475;2018-04-28;"sabado";"18:05:00";"CE";222;9;"CAUCAIA";"Sim";"Ingestao de alcool";1;"Atropelamento de Pedestre";"Sem Vitimas";"Plena Noite";"Crescente";"Ceu Claro";"Dupla";"Reta";"Sim";231197;"Automóvel";"CHEV/SPIN 1.8L AT LT ADV";2017;"Condutor";"Ileso";24;"Masculino";1;0;0;0;"-3.738875";"-38.64234924";"SR-CE";"DEL16/1";"UOP01/CE"
130834;282540;2018-04-28;"sabado";"19:20:00";"PE";428;179,7;"PETROLINA";"Sim";"Ingestao de alcool";1;"Colisao frontal";"Com Vitimas Feridas";"Plena Noite";"Decrescente";"Ceu Claro";"Simples";"Reta";"Nao";231229;"Automóvel";"IMP/VW GOL MI";1998;"Condutor";"Lesoes Leves";38;"Masculino";0;1;0;0;"-9.292253";"-40.445789";"SR-PE";"DEL11/6";"UOP01/PE"
130834;282543;2018-04-28;"sabado";"19:20:00";"PE";428;179,7;"PETROLINA";"Sim";"Ingestao de alcool";1;"Colisao frontal";"Com Vitimas Feridas";"Plena Noite";"Decrescente";"Ceu Claro";"Simples";"Reta";"Nao";231230;"Automóvel";"VW/GOL 1.0";2004;"Condutor";"Lesoes Leves";69;"Masculino";0;1;0;0;"-9.292253";"-40.445789";"SR-PE";"DEL11/6";"UOP01/PE"
130837;282571;2018-04-28;"sabado";"19:10:00";"SC";282;19;"PALHOCA";"Sim";"Ingestao de alcool";1;"Engavetamento";"Com Vitimas Feridas";"Plena Noite";"Decrescente";"Ceu Claro";"Simples";"Reta";"Sim";231280;"Automóvel";"HONDA/CITY LX FLEX";2012;"Condutor";"Ileso";46;"Feminino";1;0;0;0;"-27.67848786";"-48.70159328";"SR-SC";"DEL8/1";"UOP02/SC"
130837;282573;2018-04-28;"sabado";"19:10:00";"SC";282;19;"PALHOCA";"Sim";"Ingestao de alcool";1;"Engavetamento";"Com Vitimas Feridas";"Plena Noite";"Decrescente";"Ceu Claro";"Simples";"Reta";"Sim";231279;"Automóvel";"CITROEN/C3 GLX 14";2005;"Condutor";"Lesoes Leves";57;"Masculino";0;1;0;0;"-27.67848786";"-48.70159328";"SR-SC";"DEL8/1";"UOP02/SC"
130837;282575;2018-04-28;"sabado";"19:10:00";"SC";282;19;"PALHOCA";"Sim";"Ingestao de alcool";1;"Engavetamento";"Com Vitimas Feridas";"Plena Noite";"Decrescente";"Ceu Claro";"Simples";"Reta";"Sim";231278;"Automóvel";"GM/CORSA SUPER";1997;"Condutor";"Ileso";44;"Masculino";1;0;0;0;"-27.67848786";"-48.70159328";"SR-SC";"DEL8/1";"UOP02/SC"
130837;282579;2018-04-28;"sabado";"19:10:00";"SC";282;19;"PALHOCA";"Sim";"Ingestao de alcool";1;"Engavetamento";"Com Vitimas Feridas";"Plena Noite";"Decrescente";"Ceu Claro";"Simples";"Reta";"Sim";231277;"Automóvel";"I/CHEVROLET AGILE LTZ";2011;"Condutor";"Ileso";41;"Masculino";1;0;0;0;"-27.67848786";"-48.70159328";"SR-SC";"DEL8/1";"UOP02/SC"
130837;282577;2018-04-28;"sabado";"19:10:00";"SC";282;19;"PALHOCA";"Sim";"Ingestao de alcool";1;"Engavetamento";"Com Vitimas Feridas";"Plena Noite";"Decrescente";"Ceu Claro";"Simples";"Reta";"Sim";231279;"Automóvel";"CITROEN/C3 GLX 14";2005;"Passageiro";"Lesoes Leves";19;"Masculino";0;1;0;0;"-27.67848786";"-48.70159328";"SR-SC";"DEL8/1";"UOP02/SC"
130847;282658;2018-04-28;"sabado";"18:50:00";"AL";104;34;"UNIAO DOS PALMARES";"Sim";"Ingestao de alcool e/ou substâncias psicoativas pelo pedestre";1;"Atropelamento de Pedestre";"Com Vitimas Feridas";"Plena Noite";"Crescente";"Chuva";"Simples";"Reta";"Nao";231214;"Automóvel";"RENAULT/LOGAN EXP 1016V";2007;"Condutor";"Ileso";63;"Masculino";1;0;0;0;"-9.16378934";"-36.0193634";"SR-AL";"DEL13/1";"UOP02/AL"
130847;282659;2018-04-28;"sabado";"18:50:00";"AL";104;34;"UNIAO DOS PALMARES";"Sim";"Ingestao de alcool e/ou substâncias psicoativas pelo pedestre";1;"Atropelamento de Pedestre";"Com Vitimas Feridas";"Plena Noite";"Crescente";"Chuva";"Simples";"Reta";"Nao";231214;"Automóvel";"RENAULT/LOGAN EXP 1016V";2007;"Pedestre";"Lesoes Graves";NA;"Masculino";0;0;1;0;"-9.16378934";"-36.0193634";"SR-AL";"DEL13/1";"UOP02/AL"
130851;285183;2018-04-28;"sabado";"19:40:00";"PI";316;414,2;"MARCOLANDIA";"Nao";"Ingestao de alcool";1;"Colisao transversal";"Com Vitimas Feridas";"Plena Noite";"Crescente";"Ceu Claro";"Simples";"Reta";"Sim";231275;"Caminhao";"M.BENZ/710";2000;"Condutor";"Ileso";38;"Masculino";1;0;0;0;"-7.42621943";"-40.69795132";"SR-PI";"DEL17/4";"UOP03/PI"
130851;285184;2018-04-28;"sabado";"19:40:00";"PI";316;414,2;"MARCOLANDIA";"Nao";"Ingestao de alcool";1;"Colisao transversal";"Com Vitimas Feridas";"Plena Noite";"Crescente";"Ceu Claro";"Simples";"Reta";"Sim";231276;"Motocicleta";"HONDA/CG 125 FAN KS";NA;"Condutor";"Lesoes Graves";52;"Masculino";0;0;1;0;"-7.42621943";"-40.69795132";"SR-PI";"DEL17/4";"UOP03/PI"
130851;285190;2018-04-28;"sabado";"19:40:00";"PI";316;414,2;"MARCOLANDIA";"Nao";"Ingestao de alcool";1;"Colisao transversal";"Com Vitimas Feridas";"Plena Noite";"Crescente";"Ceu Claro";"Simples";"Reta";"Sim";231276;"Motocicleta";"HONDA/CG 125 FAN KS";NA;"Passageiro";"Lesoes Graves";48;"Feminino";0;0;1;0;"-7.42621943";"-40.69795132";"SR-PI";"DEL17/4";"UOP03/PI"
130854;284121;2018-04-28;"sabado";"20:40:00";"ES";101;66;"SAO MATEUS";"Nao";"Ingestao de alcool";1;"Colisao traseira";"Com Vitimas Feridas";"Plena Noite";"Decrescente";"Ceu Claro";"Multipla";"Reta";"Sim";231274;"Motocicleta";"HONDA/CG 150 TITAN ESD";2006;"Condutor";"Lesoes Leves";23;"Masculino";0;1;0;0;"-18.704285";"-39.870659";"SR-ES";"DEL12/4";"UOP02/ES"
130854;284120;2018-04-28;"sabado";"20:40:00";"ES";101;66;"SAO MATEUS";"Nao";"Ingestao de alcool";1;"Colisao traseira";"Com Vitimas Feridas";"Plena Noite";"Decrescente";"Ceu Claro";"Multipla";"Reta";"Sim";231231;"Automóvel";"VW/POLO SEDAN 1.6";2011;"Condutor";"Ileso";42;"Feminino";1;0;0;0;"-18.704285";"-39.870659";"SR-ES";"DEL12/4";"UOP02/ES"
130859;284516;2018-04-28;"sabado";"20:30:00";"RN";101;95,8;"NATAL";"Sim";"Ingestao de alcool";1;"Colisao lateral";"Com Vitimas Feridas";"Plena Noite";"Crescente";"Nublado";"Multipla";"Desvio Temporario";"Sim";231314;"Ônibus";"M.BENZ/MPOLO TORINO U";2013;"Condutor";"Ileso";58;"Masculino";1;0;0;0;"-5.84568956";"-35.20837069";"SR-RN";"DEL15/1";"UOP01/RN"
130859;284517;2018-04-28;"sabado";"20:30:00";"RN";101;95,8;"NATAL";"Sim";"Ingestao de alcool";1;"Colisao lateral";"Com Vitimas Feridas";"Plena Noite";"Crescente";"Nublado";"Multipla";"Desvio Temporario";"Sim";231315;"Bicicleta";"";NA;"Condutor";"Lesoes Leves";44;"Masculino";0;1;0;0;"-5.84568956";"-35.20837069";"SR-RN";"DEL15/1";"UOP01/RN"
130869;286322;2018-04-28;"sabado";"21:40:00";"ES";101;69;"SAO MATEUS";"Sim";"Ingestao de alcool";1;"Tombamento";"Com Vitimas Feridas";"Plena Noite";"Decrescente";"Ceu Claro";"Multipla";"Reta";"Sim";234269;"Motocicleta";"YAMAHA/YBR125 FACTOR E";2014;"Condutor";"Lesoes Leves";34;"Masculino";0;1;0;0;"-18.72862818";"-39.85968053";"SR-ES";"DEL12/4";"UOP02/ES"
130873;282618;2018-04-28;"sabado";"22:35:00";"PB";101;99,8;"ALHANDRA";"Nao";"Ingestao de alcool e/ou substâncias psicoativas pelo pedestre";1;"Colisao lateral";"Sem Vitimas";"Plena Noite";"Decrescente";"Ceu Claro";"Dupla";"Nao Informado";"Nao";231308;"Automóvel";"VW/GOL 16V";1998;"Passageiro";"Ileso";20;"Masculino";1;0;0;0;"-7.26080772";"-34.93574023";"SR-PB";"DEL14/1";"UOP02/PB"
130873;282620;2018-04-28;"sabado";"22:35:00";"PB";101;99,8;"ALHANDRA";"Nao";"Ingestao de alcool e/ou substâncias psicoativas pelo pedestre";1;"Colisao lateral";"Sem Vitimas";"Plena Noite";"Decrescente";"Ceu Claro";"Dupla";"Nao Informado";"Nao";231309;"Automóvel";"RENAULT/SANDERO AUT1016V";2012;"Passageiro";"Ileso";23;"Feminino";1;0;0;0;"-7.26080772";"-34.93574023";"SR-PB";"DEL14/1";"UOP02/PB"
130873;282622;2018-04-28;"sabado";"22:35:00";"PB";101;99,8;"ALHANDRA";"Nao";"Ingestao de alcool e/ou substâncias psicoativas pelo pedestre";1;"Colisao lateral";"Sem Vitimas";"Plena Noite";"Decrescente";"Ceu Claro";"Dupla";"Nao Informado";"Nao";231309;"Automóvel";"RENAULT/SANDERO AUT1016V";2012;"Passageiro";"Ileso";7;"Masculino";1;0;0;0;"-7.26080772";"-34.93574023";"SR-PB";"DEL14/1";"UOP02/PB"
130873;282619;2018-04-28;"sabado";"22:35:00";"PB";101;99,8;"ALHANDRA";"Nao";"Ingestao de alcool e/ou substâncias psicoativas pelo pedestre";1;"Colisao lateral";"Sem Vitimas";"Plena Noite";"Decrescente";"Ceu Claro";"Dupla";"Nao Informado";"Nao";231309;"Automóvel";"RENAULT/SANDERO AUT1016V";2012;"Condutor";"Ileso";23;"Masculino";1;0;0;0;"-7.26080772";"-34.93574023";"SR-PB";"DEL14/1";"UOP02/PB"
130873;282617;2018-04-28;"sabado";"22:35:00";"PB";101;99,8;"ALHANDRA";"Nao";"Ingestao de alcool e/ou substâncias psicoativas pelo pedestre";1;"Colisao lateral";"Sem Vitimas";"Plena Noite";"Decrescente";"Ceu Claro";"Dupla";"Nao Informado";"Nao";231308;"Automóvel";"VW/GOL 16V";1998;"Condutor";"Ileso";37;"Masculino";1;0;0;0;"-7.26080772";"-34.93574023";"SR-PB";"DEL14/1";"UOP02/PB"
130876;283730;2018-04-28;"sabado";"20:50:00";"SC";163;102,5;"SAO JOSE DO CEDRO";"Sim";"Ingestao de alcool";1;"Saida de leito carrocavel";"Com Vitimas Feridas";"Plena Noite";"Decrescente";"Ceu Claro";"Simples";"Reta";"Nao";232156;"Automóvel";"GM/CORSA WIND";1995;"Condutor";"Lesoes Leves";21;"Masculino";0;1;0;0;"-26.46539151";"-53.50444794";"SR-SC";"DEL8/8";"UOP03/SC"
130881;283472;2018-04-28;"sabado";"23:30:00";"PE";407;123;"PETROLINA";"Sim";"Ingestao de alcool";1;"Colisao frontal";"Com Vitimas Feridas";"Plena Noite";"Decrescente";"Ceu Claro";"Simples";"Reta";"Sim";231339;"Automóvel";"GM/CELTA 4P LIFE";2006;"Condutor";"Lesoes Leves";41;"Masculino";0;1;0;0;"-9.3726";"-40.53954";"SR-PE";"DEL11/6";"UOP01/PE"
130881;283474;2018-04-28;"sabado";"23:30:00";"PE";407;123;"PETROLINA";"Sim";"Ingestao de alcool";1;"Colisao frontal";"Com Vitimas Feridas";"Plena Noite";"Decrescente";"Ceu Claro";"Simples";"Reta";"Sim";231340;"Motocicleta";"HONDA/POP100";2011;"Condutor";"Lesoes Graves";31;"Masculino";0;0;1;0;"-9.3726";"-40.53954";"SR-PE";"DEL11/6";"UOP01/PE"
130892;282797;2018-04-29;"domingo";"00:30:00";"PR";153;106;"IBAITI";"Sim";"Ingestao de alcool";1;"Colisao frontal";"Com Vitimas Feridas";"Plena Noite";"Crescente";"Ceu Claro";"Simples";"Reta";"Sim";231354;"Automóvel";"VW/GOL 1.0";2008;"Condutor";"Lesoes Leves";26;"Masculino";0;1;0;0;"-23.82193951";"-50.18288612";"SR-PR";"DEL7/7";"UOP07/PR"
130892;282798;2018-04-29;"domingo";"00:30:00";"PR";153;106;"IBAITI";"Sim";"Ingestao de alcool";1;"Colisao frontal";"Com Vitimas Feridas";"Plena Noite";"Crescente";"Ceu Claro";"Simples";"Reta";"Sim";231355;"Micro-ônibus";"RENAULT/M REVESCAP L3H2";2009;"Condutor";"Ileso";56;"Masculino";1;0;0;0;"-23.82193951";"-50.18288612";"SR-PR";"DEL7/7";"UOP07/PR"
130903;282662;2018-04-29;"domingo";"02:10:00";"PI";343;14,2;"PARNAIBA";"Sim";"Ingestao de alcool";1;"Colisao com objeto estatico";"Com Vitimas Fatais";"Plena Noite";"Crescente";"Ceu Claro";"Dupla";"Reta";"Sim";231360;"Motocicleta";"HONDA/NXR150 BROS MIX ES";2010;"Condutor";"Óbito";43;"Masculino";0;0;0;1;"-2.932223";"-41.754227";"SR-PI";"DEL17/5";"UOP01/PI"
130905;283361;2018-04-29;"domingo";"02:10:00";"PB";230;513,6;"CAJAZEIRAS";"Sim";"Ingestao de alcool";1;"Tombamento";"Com Vitimas Feridas";"Plena Noite";"Decrescente";"Ceu Claro";"Simples";"Reta";"Nao";231336;"Motocicleta";"YAMAHA/FACTOR YBR125 K";2009;"Condutor";"Lesoes Leves";31;"Masculino";0;1;0;0;"-6.87845";"-38.634052";"SR-PB";"DEL14/3";"UOP03/PB"
130908;282652;2018-04-29;"domingo";"02:25:00";"SC";101;200,8;"SAO JOSE";"Sim";"Ingestao de alcool";1;"Saida de leito carrocavel";"Com Vitimas Feridas";"Plena Noite";"Decrescente";"Ceu Claro";"Dupla";"Nao Informado";"Sim";231345;"Automóvel";"FIAT/UNO S 1.5";1992;"Condutor";"Lesoes Leves";48;"Masculino";0;1;0;0;"-27.54544653";"-48.61988778";"SR-SC";"DEL8/1";"UOP01/SC"
130908;282653;2018-04-29;"domingo";"02:25:00";"SC";101;200,8;"SAO JOSE";"Sim";"Ingestao de alcool";1;"Saida de leito carrocavel";"Com Vitimas Feridas";"Plena Noite";"Decrescente";"Ceu Claro";"Dupla";"Nao Informado";"Sim";231345;"Automóvel";"FIAT/UNO S 1.5";1992;"Passageiro";"Lesoes Graves";51;"Feminino";0;0;1;0;"-27.54544653";"-48.61988778";"SR-SC";"DEL8/1";"UOP01/SC"
130910;282723;2018-04-29;"domingo";"03:30:00";"SP";153;177,5;"GUAICARA";"Sim";"Ingestao de alcool";1;"Colisao frontal";"Com Vitimas Feridas";"Plena Noite";"Crescente";"Ceu Claro";"Simples";"Reta";"Nao";231390;"Caminhao";"M.BENZ/L 608 D";1980;"Passageiro";"Lesoes Leves";45;"Feminino";0;1;0;0;"-21.658695";"-49.789272";"SR-SP";"DEL6/07";"UOP01/SP"
130910;282725;2018-04-29;"domingo";"03:30:00";"SP";153;177,5;"GUAICARA";"Sim";"Ingestao de alcool";1;"Colisao frontal";"Com Vitimas Feridas";"Plena Noite";"Crescente";"Ceu Claro";"Simples";"Reta";"Nao";231390;"Caminhao";"M.BENZ/L 608 D";1980;"Passageiro";"Lesoes Leves";15;"Feminino";0;1;0;0;"-21.658695";"-49.789272";"SR-SP";"DEL6/07";"UOP01/SP"
130910;282721;2018-04-29;"domingo";"03:30:00";"SP";153;177,5;"GUAICARA";"Sim";"Ingestao de alcool";1;"Colisao frontal";"Com Vitimas Feridas";"Plena Noite";"Crescente";"Ceu Claro";"Simples";"Reta";"Nao";231390;"Caminhao";"M.BENZ/L 608 D";1980;"Condutor";"Lesoes Leves";42;"Masculino";0;1;0;0;"-21.658695";"-49.789272";"SR-SP";"DEL6/07";"UOP01/SP"
130910;282729;2018-04-29;"domingo";"03:30:00";"SP";153;177,5;"GUAICARA";"Sim";"Ingestao de alcool";1;"Colisao frontal";"Com Vitimas Feridas";"Plena Noite";"Crescente";"Ceu Claro";"Simples";"Reta";"Nao";231391;"Automóvel";"VW/GOL 1.0";2009;"Condutor";"Lesoes Leves";28;"Masculino";0;1;0;0;"-21.658695";"-49.789272";"SR-SP";"DEL6/07";"UOP01/SP"