"id";"pesid";"data_inversa";"dia_semana";"horario";"uf";"br";"km";"municipio";"causa_principal";"causa_acidente";"ordem_tipo_acidente";"tipo_acidente";"classificacao_acidente";"fase_dia";"sentido_via";"condicao_metereologica";"tipo_pista";"tracado_via";"uso_solo";"id_veiculo";"tipo_veiculo";"marca";"ano_fabricacao_veiculo";"tipo_envolvido";"estado_fisico";"idade";"sexo";"ilesos";"feridos_leves";"feridos_graves";"mortos";"latitude";"longitude";"regional";"delegacia";"uop"
131267;283737;2018-04-30;"segunda-feira";"21:00:00";"PA";316;7;"ANANINDEUA";"Nao";"Ingestao de alcool";1;"Colisao transversal";"Com Vitimas Feridas";"Plena Noite";"Decrescente";"Nublado";"Dupla";"Reta";"Sim";232203;"Caminhao";"VW/18.310";2003;"Condutor";"Ileso";70;"Masculino";1;0;0;0;"-1.366236";"-48.367805";"SR-PA";"DEL19/1";"UOP01/PA"
131298;285138;2018-05-01;"terca-feira";"01:30:00";"RJ";116;169;"SAO JOAO DE MERITI";"Sim";"Ingestao de alcool";1;"Atropelamento de Pedestre";"Com Vitimas Feridas";"Plena Noite";"Decrescente";"Ceu Claro";"Multipla";"Reta";"Sim";233334;"Automóvel";"";NA;"Condutor";"Ileso";NA;"Ignorado";1;0;0;0;"-22.816206";"-43.324463";"SR-RJ";"DEL5/1";"UOP02/RJ"
131298;285141;2018-05-01;"terca-feira";"01:30:00";"RJ";116;169;"SAO JOAO DE MERITI";"Sim";"Ingestao de alcool";1;"Atropelamento de Pedestre";"Com Vitimas Feridas";"Plena Noite";"Decrescente";"Ceu Claro";"Multipla";"Reta";"Sim";233334;"Automóvel";"";NA;"Pedestre";"Lesoes Leves";51;"Masculino";0;1;0;0;"-22.816206";"-43.324463";"SR-RJ";"DEL5/1";"UOP02/RJ"
131303;284070;2018-05-01;"terca-feira";"03:00:00";"GO";60;380;"RIO VERDE";"Sim";"Ingestao de alcool";1;"Saida de leito carrocavel";"Com Vitimas Feridas";"Pleno dia";"Crescente";"Ceu Claro";"Simples";"Reta";"Sim";232107;"Caminhonete";"CHEVROLET/MONTANA LS";2013;"Testemunha";"Nao Informado";NA;"Nao Informado";0;0;0;0;"-17.7646";"-50.8822";"SR-GO";"DEL1/4";"UOP01/GO"
131303;283582;2018-05-01;"terca-feira";"03:00:00";"GO";60;380;"RIO VERDE";"Sim";"Ingestao de alcool";1;"Saida de leito carrocavel";"Com Vitimas Feridas";"Pleno dia";"Crescente";"Ceu Claro";"Simples";"Reta";"Sim";232107;"Caminhonete";"CHEVROLET/MONTANA LS";2013;"Condutor";"Lesoes Leves";24;"Masculino";0;1;0;0;"-17.7646";"-50.8822";"SR-GO";"DEL1/4";"UOP01/GO"
131309;284722;2018-05-01;"terca-feira";"05:10:00";"CE";20;405,2;"CAUCAIA";"Sim";"Ingestao de alcool";1;"Atropelamento de Pedestre";"Com Vitimas Feridas";"Amanhecer";"Decrescente";"Ceu Claro";"Simples";"Reta";"Sim";232124;"Motocicleta";"HONDA/CG 125 FAN ES";2010;"Condutor";"Nao Informado";NA;"Nao Informado";0;0;0;0;"-3.77188098";"-38.67380619";"SR-CE";"DEL16/1";"UOP01/CE"
131309;284724;2018-05-01;"terca-feira";"05:10:00";"CE";20;405,2;"CAUCAIA";"Sim";"Ingestao de alcool";1;"Atropelamento de Pedestre";"Com Vitimas Feridas";"Amanhecer";"Decrescente";"Ceu Claro";"Simples";"Reta";"Sim";232124;"Motocicleta";"HONDA/CG 125 FAN ES";2010;"Passageiro";"Lesoes Leves";NA;"Masculino";0;1;0;0;"-3.77188098";"-38.67380619";"SR-CE";"DEL16/1";"UOP01/CE"
131309;284728;2018-05-01;"terca-feira";"05:10:00";"CE";20;405,2;"CAUCAIA";"Sim";"Ingestao de alcool";1;"Atropelamento de Pedestre";"Com Vitimas Feridas";"Amanhecer";"Decrescente";"Ceu Claro";"Simples";"Reta";"Sim";232124;"Motocicleta";"HONDA/CG 125 FAN ES";2010;"Pedestre";"Lesoes Graves";NA;"Masculino";0;0;1;0;"-3.77188098";"-38.67380619";"SR-CE";"DEL16/1";"UOP01/CE"
131315;284199;2018-05-01;"terca-feira";"05:40:00";"MG";381;572,5;"ITAGUARA";"Sim";"Ingestao de alcool";1;"Colisao lateral";"Sem Vitimas";"Amanhecer";"Decrescente";"Ceu Claro";"Dupla";"Reta";"Nao";232153;"Automóvel";"RENAULT/LOGAN EXPR 16 M";2016;"Condutor";"Ileso";35;"Masculino";1;0;0;0;"-20.4344";"-44.5556";"SR-MG";"DEL4/4";"UOP03/MG"
131315;284206;2018-05-01;"terca-feira";"05:40:00";"MG";381;572,5;"ITAGUARA";"Sim";"Ingestao de alcool";1;"Colisao lateral";"Sem Vitimas";"Amanhecer";"Decrescente";"Ceu Claro";"Dupla";"Reta";"Nao";232153;"Automóvel";"RENAULT/LOGAN EXPR 16 M";2016;"Passageiro";"Ileso";41;"Masculino";1;0;0;0;"-20.4344";"-44.5556";"SR-MG";"DEL4/4";"UOP03/MG"
131315;284209;2018-05-01;"terca-feira";"05:40:00";"MG";381;572,5;"ITAGUARA";"Sim";"Ingestao de alcool";1;"Colisao lateral";"Sem Vitimas";"Amanhecer";"Decrescente";"Ceu Claro";"Dupla";"Reta";"Nao";232154;"Automóvel";"GM/ASTRA HB 4P ADVANTAGE";2009;"Condutor";"Ileso";22;"Masculino";1;0;0;0;"-20.4344";"-44.5556";"SR-MG";"DEL4/4";"UOP03/MG"
131315;284210;2018-05-01;"terca-feira";"05:40:00";"MG";381;572,5;"ITAGUARA";"Sim";"Ingestao de alcool";1;"Colisao lateral";"Sem Vitimas";"Amanhecer";"Decrescente";"Ceu Claro";"Dupla";"Reta";"Nao";232154;"Automóvel";"GM/ASTRA HB 4P ADVANTAGE";2009;"Passageiro";"Ileso";NA;"Masculino";1;0;0;0;"-20.4344";"-44.5556";"SR-MG";"DEL4/4";"UOP03/MG"
131317;283749;2018-05-01;"terca-feira";"08:00:00";"PR";476;131,5;"CURITIBA";"Sim";"Ingestao de alcool";1;"Colisao traseira";"Sem Vitimas";"Pleno dia";"Decrescente";"Sol";"Multipla";"Intersecao de vias";"Sim";232209;"Automóvel";"HYUNDAI/HB20 1.0M COMFOR";2015;"Condutor";"Ileso";30;"Feminino";1;0;0;0;"-25.45877483";"-49.24964905";"SR-PR";"DEL7/1";"UOP06/PR"
131317;283746;2018-05-01;"terca-feira";"08:00:00";"PR";476;131,5;"CURITIBA";"Sim";"Ingestao de alcool";1;"Colisao traseira";"Sem Vitimas";"Pleno dia";"Decrescente";"Sol";"Multipla";"Intersecao de vias";"Sim";232208;"Automóvel";"RENAULT/SANDERO EXP1016V";2011;"Condutor";"Ileso";28;"Masculino";1;0;0;0;"-25.45877483";"-49.24964905";"SR-PR";"DEL7/1";"UOP06/PR"
131364;285715;2018-05-01;"terca-feira";"09:45:00";"MG";381;843;"SAO SEBASTIAO DA BELA VISTA";"Sim";"Ingestao de alcool";1;"Tombamento";"Sem Vitimas";"Pleno dia";"Decrescente";"Ceu Claro";"Dupla";"Reta";"Sim";233774;"Caminhonete";"FIAT/STRADA WORKING CD";2010;"Condutor";"Ileso";64;"Masculino";1;0;0;0;"-22.1964";"-45.8509";"SR-MG";"DEL4/10";"UOP01/MG"
131369;283827;2018-05-01;"terca-feira";"15:10:00";"DF";70;12,3;"BRASILIA";"Nao";"Ingestao de alcool";1;"Colisao traseira";"Com Vitimas Feridas";"Pleno dia";"Decrescente";"Ceu Claro";"Dupla";"Reta";"Nao";232275;"Utilitario";"CHEV/TRAILBLAZER LTZ AG4";2013;"Condutor";"Ileso";38;"Masculino";1;0;0;0;"-15.79296075";"-48.16028503";"SR-DF";"DF";"UOP06/DF"
131369;283828;2018-05-01;"terca-feira";"15:10:00";"DF";70;12,3;"BRASILIA";"Nao";"Ingestao de alcool";1;"Colisao traseira";"Com Vitimas Feridas";"Pleno dia";"Decrescente";"Ceu Claro";"Dupla";"Reta";"Nao";232275;"Utilitario";"CHEV/TRAILBLAZER LTZ AG4";2013;"Passageiro";"Ileso";44;"Masculino";1;0;0;0;"-15.79296075";"-48.16028503";"SR-DF";"DF";"UOP06/DF"
131369;283829;2018-05-01;"terca-feira";"15:10:00";"DF";70;12,3;"BRASILIA";"Nao";"Ingestao de alcool";1;"Colisao traseira";"Com Vitimas Feridas";"Pleno dia";"Decrescente";"Ceu Claro";"Dupla";"Reta";"Nao";232275;"Utilitario";"CHEV/TRAILBLAZER LTZ AG4";2013;"Passageiro";"Ileso";40;"Feminino";1;0;0;0;"-15.79296075";"-48.16028503";"SR-DF";"DF";"UOP06/DF"
131369;283830;2018-05-01;"terca-feira";"15:10:00";"DF";70;12,3;"BRASILIA";"Nao";"Ingestao de alcool";1;"Colisao traseira";"Com Vitimas Feridas";"Pleno dia";"Decrescente";"Ceu Claro";"Dupla";"Reta";"Nao";232275;"Utilitario";"CHEV/TRAILBLAZER LTZ AG4";2013;"Passageiro";"Ileso";35;"Masculino";1;0;0;0;"-15.79296075";"-48.16028503";"SR-DF";"DF";"UOP06/DF"
131369;283826;2018-05-01;"terca-feira";"15:10:00";"DF";70;12,3;"BRASILIA";"Nao";"Ingestao de alcool";1;"Colisao traseira";"Com Vitimas Feridas";"Pleno dia";"Decrescente";"Ceu Claro";"Dupla";"Reta";"Nao";232274;"Motocicleta";"HONDA/CG 160 TITAN";2018;"Condutor";"Lesoes Leves";49;"Masculino";0;1;0;0;"-15.79296075";"-48.16028503";"SR-DF";"DF";"UOP06/DF"
131375;284002;2018-05-01;"terca-feira";"15:40:00";"SC";470;14,7;"NAVEGANTES";"Sim";"Ingestao de alcool";1;"Colisao frontal";"Com Vitimas Fatais";"Pleno dia";"Crescente";"Nublado";"Simples";"Nao Informado";"Nao";232413;"Motocicleta";"HONDA/CG150 FAN ESDI";2013;"Condutor";"Óbito";23;"Masculino";0;0;0;1;"-26.83791448";"-48.76372933";"SR-SC";"DEL8/4";"UOP04/SC"
131375;284034;2018-05-01;"terca-feira";"15:40:00";"SC";470;14,7;"NAVEGANTES";"Sim";"Ingestao de alcool";1;"Colisao frontal";"Com Vitimas Fatais";"Pleno dia";"Crescente";"Nublado";"Simples";"Nao Informado";"Nao";232415;"Automóvel";"RENAULT/SANDERO EXP 16";2012;"Condutor";"Ileso";48;"Masculino";1;0;0;0;"-26.83791448";"-48.76372933";"SR-SC";"DEL8/4";"UOP04/SC"
131375;284032;2018-05-01;"terca-feira";"15:40:00";"SC";470;14,7;"NAVEGANTES";"Sim";"Ingestao de alcool";1;"Colisao frontal";"Com Vitimas Fatais";"Pleno dia";"Crescente";"Nublado";"Simples";"Nao Informado";"Nao";232414;"Automóvel";"FIAT/PALIO ELX";1999;"Passageiro";"Lesoes Leves";22;"Feminino";0;1;0;0;"-26.83791448";"-48.76372933";"SR-SC";"DEL8/4";"UOP04/SC"
131375;284031;2018-05-01;"terca-feira";"15:40:00";"SC";470;14,7;"NAVEGANTES";"Sim";"Ingestao de alcool";1;"Colisao frontal";"Com Vitimas Fatais";"Pleno dia";"Crescente";"Nublado";"Simples";"Nao Informado";"Nao";232414;"Automóvel";"FIAT/PALIO ELX";1999;"Condutor";"Lesoes Leves";37;"Masculino";0;1;0;0;"-26.83791448";"-48.76372933";"SR-SC";"DEL8/4";"UOP04/SC"
131381;283822;2018-05-01;"terca-feira";"16:45:00";"PA";316;9;"ANANINDEUA";"Sim";"Ingestao de alcool";1;"Colisao traseira";"Com Vitimas Feridas";"Pleno dia";"Decrescente";"Ceu Claro";"Simples";"Reta";"Sim";232272;"Motocicleta";"YAMAHA/FACTOR YBR125 K";2011;"Condutor";"Lesoes Leves";28;"Masculino";0;1;0;0;"-1.3634026";"-48.3711338";"SR-PA";"DEL19/1";"UOP01/PA"
131381;283824;2018-05-01;"terca-feira";"16:45:00";"PA";316;9;"ANANINDEUA";"Sim";"Ingestao de alcool";1;"Colisao traseira";"Com Vitimas Feridas";"Pleno dia";"Decrescente";"Ceu Claro";"Simples";"Reta";"Sim";232272;"Motocicleta";"YAMAHA/FACTOR YBR125 K";2011;"Passageiro";"Lesoes Leves";22;"Feminino";0;1;0;0;"-1.3634026";"-48.3711338";"SR-PA";"DEL19/1";"UOP01/PA"
131381;283825;2018-05-01;"terca-feira";"16:45:00";"PA";316;9;"ANANINDEUA";"Sim";"Ingestao de alcool";1;"Colisao traseira";"Com Vitimas Feridas";"Pleno dia";"Decrescente";"Ceu Claro";"Simples";"Reta";"Sim";232273;"Caminhonete";"I/TOYOTA HILUX CDSRXA4FD";2016;"Condutor";"Ileso";25;"Masculino";1;0;0;0;"-1.3634026";"-48.3711338";"SR-PA";"DEL19/1";"UOP01/PA"
131404;283922;2018-05-01;"terca-feira";"18:40:00";"PR";376;186,5;"SARANDI";"Nao";"Ingestao de alcool";1;"Atropelamento de Pedestre";"Com Vitimas Feridas";"Anoitecer";"Decrescente";"Ceu Claro";"Dupla";"Reta";"Nao";232340;"Automóvel";"VW/GOL 1.0";2003;"Condutor";"Ileso";22;"Masculino";1;0;0;0;"-23.45123888";"-51.85380176";"SR-PR";"DEL7/7";"UOP04/PR"
131404;283924;2018-05-01;"terca-feira";"18:40:00";"PR";376;186,5;"SARANDI";"Nao";"Ingestao de alcool";1;"Atropelamento de Pedestre";"Com Vitimas Feridas";"Anoitecer";"Decrescente";"Ceu Claro";"Dupla";"Reta";"Nao";232340;"Automóvel";"VW/GOL 1.0";2003;"Pedestre";"Lesoes Graves";19;"Feminino";0;0;1;0;"-23.45123888";"-51.85380176";"SR-PR";"DEL7/7";"UOP04/PR"
131412;283941;2018-05-01;"terca-feira";"17:40:00";"SC";101;341;"TUBARAO";"Sim";"Ingestao de alcool";1;"Saida de leito carrocavel";"Com Vitimas Feridas";"Anoitecer";"Crescente";"Chuva";"Dupla";"Reta";"Sim";232362;"Automóvel";"FIAT/PALIO ELX";1999;"Condutor";"Lesoes Leves";30;"Masculino";0;1;0;0;"-28.5275";"-49.0561";"SR-SC";"DEL8/2";"UOP01/SC"
131424;284867;2018-05-01;"terca-feira";"18:10:00";"BA";116;823;"VITORIA DA CONQUISTA";"Nao";"Ingestao de alcool";1;"Colisao traseira";"Sem Vitimas";"Plena Noite";"Decrescente";"Nublado";"Dupla";"Reta";"Sim";233055;"Caminhonete";"CHEVROLET/MONTANA LS";2015;"Condutor";"Ileso";50;"Masculino";1;0;0;0;"-14.85321349";"-40.84888458";"SR-BA";"DEL10/8";"UOP01/BA"
131424;284863;2018-05-01;"terca-feira";"18:10:00";"BA";116;823;"VITORIA DA CONQUISTA";"Nao";"Ingestao de alcool";1;"Colisao traseira";"Sem Vitimas";"Plena Noite";"Decrescente";"Nublado";"Dupla";"Reta";"Sim";232355;"Automóvel";"VW/VIRTUS MF";2018;"Condutor";"Ileso";31;"Masculino";1;0;0;0;"-14.85321349";"-40.84888458";"SR-BA";"DEL10/8";"UOP01/BA"
131443;286104;2018-05-01;"terca-feira";"19:10:00";"PR";153;335,3;"IRATI";"Sim";"Ingestao de alcool e/ou substâncias psicoativas pelo pedestre";1;"Colisao transversal";"Sem Vitimas";"Plena Noite";"Decrescente";"Ceu Claro";"Simples";"Reta";"Sim";234079;"Automóvel";"GM/CELTA 2P LIFE";2005;"Condutor";"Ileso";30;"Masculino";1;0;0;0;"-25.488941";"-50.645088";"SR-PR";"DEL7/3";"UOP04/PR"
131443;286102;2018-05-01;"terca-feira";"19:10:00";"PR";153;335,3;"IRATI";"Sim";"Ingestao de alcool e/ou substâncias psicoativas pelo pedestre";1;"Colisao transversal";"Sem Vitimas";"Plena Noite";"Decrescente";"Ceu Claro";"Simples";"Reta";"Sim";234075;"Automóvel";"FIAT/SIENA FIRE FLEX";2005;"Condutor";"Ileso";29;"Masculino";1;0;0;0;"-25.488941";"-50.645088";"SR-PR";"DEL7/3";"UOP04/PR"
131446;285498;2018-05-01;"terca-feira";"21:00:00";"BA";101;506,9;"ITABUNA";"Nao";"Ingestao de alcool";1;"Colisao frontal";"Com Vitimas Feridas";"Plena Noite";"Decrescente";"Ceu Claro";"Simples";"Reta";"Sim";233642;"Caminhao-trator";"SCANIA/R124 GA4X2NZ 420";2006;"Condutor";"Ileso";36;"Masculino";1;0;0;0;"-14.7953";"-39.2905";"SR-BA";"DEL10/5";"UOP01/BA"
131446;285500;2018-05-01;"terca-feira";"21:00:00";"BA";101;506,9;"ITABUNA";"Nao";"Ingestao de alcool";1;"Colisao frontal";"Com Vitimas Feridas";"Plena Noite";"Decrescente";"Ceu Claro";"Simples";"Reta";"Sim";233644;"Motocicleta";"HONDA/CG 125 FAN ES";2011;"Condutor";"Lesoes Leves";39;"Masculino";0;1;0;0;"-14.7953";"-39.2905";"SR-BA";"DEL10/5";"UOP01/BA"
131447;285615;2018-05-01;"terca-feira";"19:30:00";"RR";174;510;"BOA VISTA";"Sim";"Ingestao de alcool";1;"Colisao frontal";"Com Vitimas Feridas";"Plena Noite";"Decrescente";"Nublado";"Simples";"Reta";"Sim";232424;"Automóvel";"FIAT/PALIO FIRE";2015;"Condutor";"Lesoes Leves";27;"Masculino";0;1;0;0;"2.85765431";"-60.69940388";"SR-RR";"UOP01/RR";""
131447;285732;2018-05-01;"terca-feira";"19:30:00";"RR";174;510;"BOA VISTA";"Sim";"Ingestao de alcool";1;"Colisao frontal";"Com Vitimas Feridas";"Plena Noite";"Decrescente";"Nublado";"Simples";"Reta";"Sim";233667;"Automóvel";"VW/GOL 1.0";2006;"Passageiro";"Ileso";27;"Feminino";1;0;0;0;"2.85765431";"-60.69940388";"SR-RR";"UOP01/RR";""
131447;285733;2018-05-01;"terca-feira";"19:30:00";"RR";174;510;"BOA VISTA";"Sim";"Ingestao de alcool";1;"Colisao frontal";"Com Vitimas Feridas";"Plena Noite";"Decrescente";"Nublado";"Simples";"Reta";"Sim";233667;"Automóvel";"VW/GOL 1.0";2006;"Passageiro";"Ileso";NA;"Masculino";1;0;0;0;"2.85765431";"-60.69940388";"SR-RR";"UOP01/RR";""
131447;285616;2018-05-01;"terca-feira";"19:30:00";"RR";174;510;"BOA VISTA";"Sim";"Ingestao de alcool";1;"Colisao frontal";"Com Vitimas Feridas";"Plena Noite";"Decrescente";"Nublado";"Simples";"Reta";"Sim";233667;"Automóvel";"VW/GOL 1.0";2006;"Condutor";"Lesoes Leves";30;"Masculino";0;1;0;0;"2.85765431";"-60.69940388";"SR-RR";"UOP01/RR";""
131451;284232;2018-05-01;"terca-feira";"21:30:00";"SC";101;154;"PORTO BELO";"Sim";"Ingestao de alcool";1;"Colisao com objeto estatico";"Com Vitimas Feridas";"Plena Noite";"Crescente";"Garoa/Chuvisco";"Dupla";"Reta";"Sim";232416;"Automóvel";"FORD/KA GL";2004;"Condutor";"Lesoes Leves";22;"Masculino";0;1;0;0;"-27.163";"-48.6111";"SR-SC";"DEL8/4";"UOP03/SC"
131451;284235;2018-05-01;"terca-feira";"21:30:00";"SC";101;154;"PORTO BELO";"Sim";"Ingestao de alcool";1;"Colisao com objeto estatico";"Com Vitimas Feridas";"Plena Noite";"Crescente";"Garoa/Chuvisco";"Dupla";"Reta";"Sim";232416;"Automóvel";"FORD/KA GL";2004;"Passageiro";"Lesoes Leves";19;"Feminino";0;1;0;0;"-27.163";"-48.6111";"SR-SC";"DEL8/4";"UOP03/SC"
131461;284136;2018-05-01;"terca-feira";"22:10:00";"GO";40;10,5;"LUZIANIA";"Nao";"Ingestao de alcool";1;"Colisao com objeto estatico";"Sem Vitimas";"Plena Noite";"Decrescente";"Ceu Claro";"Dupla";"Reta";"Sim";232484;"Caminhonete";"VW/SAVEIRO 2.0";2001;"Condutor";"Ileso";51;"Masculino";1;0;0;0;"-16.131285";"-47.957923";"SR-DF";"GO";"UOP01/DF"
131466;285552;2018-05-01;"terca-feira";"16:27:00";"MG";262;121;"RIO CASCA";"Sim";"Ingestao de alcool";1;"Colisao traseira";"Com Vitimas Feridas";"Pleno dia";"Decrescente";"Ceu Claro";"Simples";"Reta";"Sim";232407;"Caminhao";"FORD/CARGO 1119";2017;"Condutor";"Ileso";36;"Masculino";1;0;0;0;"-20.21818474";"-42.65136353";"SR-MG";"DEL4/3";"UOP03/MG"
131466;285548;2018-05-01;"terca-feira";"16:27:00";"MG";262;121;"RIO CASCA";"Sim";"Ingestao de alcool";1;"Colisao traseira";"Com Vitimas Feridas";"Pleno dia";"Decrescente";"Ceu Claro";"Simples";"Reta";"Sim";232406;"Motocicleta";"HONDA/CG 150 TITAN ES";2007;"Condutor";"Lesoes Leves";40;"Masculino";0;1;0;0;"-20.21818474";"-42.65136353";"SR-MG";"DEL4/3";"UOP03/MG"
131467;287803;2018-05-01;"terca-feira";"21:35:00";"SE";235;9;"NOSSA SENHORA DO SOCORRO";"Sim";"Ingestao de alcool";1;"Saida de leito carrocavel";"Com Vitimas Feridas";"Plena Noite";"Crescente";"Nublado";"Simples";"Nao Informado";"Nao";232409;"Motocicleta";"HONDA/XRE 300";2015;"Condutor";"Lesoes Leves";27;"Masculino";0;1;0;0;"-10.88441965";"-37.1343022";"SR-SE";"DEL20/1";"UOP01/SE"
131485;285429;2018-05-02;"quarta-feira";"05:00:00";"PA";316;9;"MARITUBA";"Nao";"Ingestao de alcool";1;"Colisao transversal";"Com Vitimas Feridas";"Plena Noite";"Decrescente";"Ignorado";"Dupla";"Reta";"Sim";232448;"Bicicleta";"";NA;"Condutor";"Lesoes Leves";NA;"Masculino";0;1;0;0;"-1.366236";"-48.367805";"SR-PA";"DEL19/1";"UOP01/PA"
131485;285426;2018-05-02;"quarta-feira";"05:00:00";"PA";316;9;"MARITUBA";"Nao";"Ingestao de alcool";1;"Colisao transversal";"Com Vitimas Feridas";"Plena Noite";"Decrescente";"Ignorado";"Dupla";"Reta";"Sim";232447;"Motocicleta";"HONDA/CG 125I FAN";2017;"Condutor";"Lesoes Leves";39;"Masculino";0;1;0;0;"-1.366236";"-48.367805";"SR-PA";"DEL19/1";"UOP01/PA"
131486;287522;2018-05-02;"quarta-feira";"06:05:00";"GO";153;515,1;"APARECIDA DE GOIANIA";"Nao";"Ingestao de alcool";1;"Colisao lateral";"Com Vitimas Feridas";"Amanhecer";"Crescente";"Ceu Claro";"Dupla";"Retorno Regulamentado";"Sim";232468;"Automóvel";"VW/VOYAGE 1.6 COMFORTL";2010;"Condutor";"Ileso";34;"Masculino";1;0;0;0;"-16.83253688";"-49.24367309";"SR-GO";"DEL1/1";"UOP03/GO"
131486;287519;2018-05-02;"quarta-feira";"06:05:00";"GO";153;515,1;"APARECIDA DE GOIANIA";"Nao";"Ingestao de alcool";1;"Colisao lateral";"Com Vitimas Feridas";"Amanhecer";"Crescente";"Ceu Claro";"Dupla";"Retorno Regulamentado";"Sim";232467;"Automóvel";"GM/VECTRA GLS";1998;"Condutor";"Lesoes Graves";33;"Masculino";0;0;1;0;"-16.83253688";"-49.24367309";"SR-GO";"DEL1/1";"UOP03/GO"
131491;285501;2018-05-01;"terca-feira";"20:00:00";"MG";262;416,6;"PARA DE MINAS";"Sim";"Ingestao de alcool";1;"Saida de leito carrocavel";"Sem Vitimas";"Plena Noite";"Crescente";"Ceu Claro";"Dupla";"Reta";"Nao";232654;"Automóvel";"FIAT/UNO MILLE EP";1996;"Condutor";"Ileso";37;"Masculino";1;0;0;0;"-19.8838";"-44.7439";"SR-MG";"DEL4/8";"UOP03/MG"
131569;286082;2018-05-02;"quarta-feira";"12:05:00";"SE";235;0,8;"ARACAJU";"Sim";"Ingestao de alcool";1;"Colisao com objeto estatico";"Sem Vitimas";"Pleno dia";"Crescente";"Sol";"Dupla";"Reta";"Sim";232749;"Caminhonete";"I/FORD RANGER XLSCD4 22H";2015;"Condutor";"Ileso";38;"Masculino";1;0;0;0;"-10.90876695";"-37.08348155";"SR-SE";"DEL20/1";"UOP01/SE"
131569;284550;2018-05-02;"quarta-feira";"12:05:00";"SE";235;0,8;"ARACAJU";"Sim";"Ingestao de alcool";1;"Colisao com objeto estatico";"Sem Vitimas";"Pleno dia";"Crescente";"Sol";"Dupla";"Reta";"Sim";232748;"Automóvel";"FIAT/SIENA TETRAFUEL 1.4";2015;"Condutor";"Ileso";38;"Masculino";1;0;0;0;"-10.90876695";"-37.08348155";"SR-SE";"DEL20/1";"UOP01/SE"
131570;286070;2018-05-02;"quarta-feira";"12:07:00";"SE";235;1,2;"ARACAJU";"Sim";"Ingestao de alcool";1;"Colisao com objeto estatico";"Sem Vitimas";"Pleno dia";"Crescente";"Nublado";"Dupla";"Curva";"Sim";234065;"Automóvel";"FIAT/SIENA TETRAFUEL 1.4";2015;"Condutor";"Ileso";38;"Masculino";1;0;0;0;"-10.90836662";"-37.0867753";"SR-SE";"DEL20/1";"UOP01/SE"
131570;286073;2018-05-02;"quarta-feira";"12:07:00";"SE";235;1,2;"ARACAJU";"Sim";"Ingestao de alcool";1;"Colisao com objeto estatico";"Sem Vitimas";"Pleno dia";"Crescente";"Nublado";"Dupla";"Curva";"Sim";234065;"Automóvel";"FIAT/SIENA TETRAFUEL 1.4";2015;"Testemunha";"Nao Informado";NA;"Nao Informado";0;0;0;0;"-10.90836662";"-37.0867753";"SR-SE";"DEL20/1";"UOP01/SE"
131584;284288;2018-01-06;"sabado";"22:00:00";"PA";222;242,8;"MARABA";"Sim";"Ingestao de alcool";1;"Colisao frontal";"Sem Vitimas";"Plena Noite";"Crescente";"Nublado";"Simples";"Reta";"Sim";232576;"Caminhonete";"I/TOYOTA HILUX CD4X4 STD";2015;"Condutor";"Nao Informado";NA;"Nao Informado";0;0;0;0;"-5.33815378";"-49.08307323";"SR-PA";"DEL19/3";"UOP01/PA"
131584;284289;2018-01-06;"sabado";"22:00:00";"PA";222;242,8;"MARABA";"Sim";"Ingestao de alcool";1;"Colisao frontal";"Sem Vitimas";"Plena Noite";"Crescente";"Nublado";"Simples";"Reta";"Sim";232577;"Caminhao-trator";"VOLVO/NL12 360 4X2T EDC";1998;"Condutor";"Ileso";42;"Masculino";1;0;0;0;"-5.33815378";"-49.08307323";"SR-PA";"DEL19/3";"UOP01/PA"
131584;284290;2018-01-06;"sabado";"22:00:00";"PA";222;242,8;"MARABA";"Sim";"Ingestao de alcool";1;"Colisao frontal";"Sem Vitimas";"Plena Noite";"Crescente";"Nublado";"Simples";"Reta";"Sim";232578;"Semireboque";"SR/GUERRA AG PC";2010;"Condutor";"Ileso";42;"Masculino";1;0;0;0;"-5.33815378";"-49.08307323";"SR-PA";"DEL19/3";"UOP01/PA"
131587;286449;2018-05-02;"quarta-feira";"14:50:00";"GO";20;178,8;"ALVORADA DO NORTE";"Sim";"Ingestao de alcool";1;"Saida de leito carrocavel";"Com Vitimas Feridas";"Pleno dia";"Crescente";"Ceu Claro";"Simples";"Reta";"Nao";232605;"Automóvel";"VW/GOL CL";1990;"Passageiro";"Lesoes Leves";27;"Masculino";0;1;0;0;"-14.491601";"-46.504112";"SR-DF";"GO";"UOP05/DF"
131587;286448;2018-05-02;"quarta-feira";"14:50:00";"GO";20;178,8;"ALVORADA DO NORTE";"Sim";"Ingestao de alcool";1;"Saida de leito carrocavel";"Com Vitimas Feridas";"Pleno dia";"Crescente";"Ceu Claro";"Simples";"Reta";"Nao";232605;"Automóvel";"VW/GOL CL";1990;"Passageiro";"Lesoes Graves";37;"Masculino";0;0;1;0;"-14.491601";"-46.504112";"SR-DF";"GO";"UOP05/DF"
131587;286451;2018-05-02;"quarta-feira";"14:50:00";"GO";20;178,8;"ALVORADA DO NORTE";"Sim";"Ingestao de alcool";1;"Saida de leito carrocavel";"Com Vitimas Feridas";"Pleno dia";"Crescente";"Ceu Claro";"Simples";"Reta";"Nao";232605;"Automóvel";"VW/GOL CL";1990;"Passageiro";"Lesoes Graves";32;"Masculino";0;0;1;0;"-14.491601";"-46.504112";"SR-DF";"GO";"UOP05/DF"