"id";"pesid";"data_inversa";"dia_semana";"horario";"uf";"br";"km";"municipio";"causa_principal";"causa_acidente";"ordem_tipo_acidente";"tipo_acidente";"classificacao_acidente";"fase_dia";"sentido_via";"condicao_metereologica";"tipo_pista";"tracado_via";"uso_solo";"id_veiculo";"tipo_veiculo";"marca";"ano_fabricacao_veiculo";"tipo_envolvido";"estado_fisico";"idade";"sexo";"ilesos";"feridos_leves";"feridos_graves";"mortos";"latitude";"longitude";"regional";"delegacia";"uop"
131587;286426;2018-05-02;"quarta-feira";"14:50:00";"GO";20;178,8;"ALVORADA DO NORTE";"Sim";"Ingestao de alcool";1;"Saida de leito carrocavel";"Com Vitimas Feridas";"Pleno dia";"Crescente";"Ceu Claro";"Simples";"Reta";"Nao";232605;"Automóvel";"VW/GOL CL";1990;"Condutor";"Lesoes Graves";43;"Masculino";0;0;1;0;"-14.491601";"-46.504112";"SR-DF";"GO";"UOP05/DF"
131593;284326;2018-05-02;"quarta-feira";"14:35:00";"SC";101;47;"JOINVILLE";"Sim";"Ingestao de alcool e/ou substâncias psicoativas pelo pedestre";1;"Atropelamento de Pedestre";"Com Vitimas Feridas";"Pleno dia";"Crescente";"Chuva";"Dupla";"Reta";"Nao";232596;"Caminhao-trator";"M.BENZ/AXOR 2644S6X4";2012;"Pedestre";"Lesoes Leves";41;"Masculino";0;1;0;0;"-26.3752";"-48.8549";"SR-SC";"DEL8/3";"UOP01/SC"
131593;284330;2018-05-02;"quarta-feira";"14:35:00";"SC";101;47;"JOINVILLE";"Sim";"Ingestao de alcool e/ou substâncias psicoativas pelo pedestre";1;"Atropelamento de Pedestre";"Com Vitimas Feridas";"Pleno dia";"Crescente";"Chuva";"Dupla";"Reta";"Nao";232596;"Caminhao-trator";"M.BENZ/AXOR 2644S6X4";2012;"Condutor";"Ileso";52;"Masculino";1;0;0;0;"-26.3752";"-48.8549";"SR-SC";"DEL8/3";"UOP01/SC"
131631;287984;2018-05-02;"quarta-feira";"18:30:00";"SE";235;1,2;"ARACAJU";"Nao";"Ingestao de alcool";1;"Colisao lateral";"Sem Vitimas";"Plena Noite";"Crescente";"Nublado";"Simples";"Rotatória";"Sim";235640;"Camioneta";"HYUNDAI/TUCSON GLSB";2010;"Condutor";"Ileso";35;"Masculino";1;0;0;0;"-10.90836662";"-37.0867753";"SR-SE";"DEL20/1";"UOP01/SE"
131631;287990;2018-05-02;"quarta-feira";"18:30:00";"SE";235;1,2;"ARACAJU";"Nao";"Ingestao de alcool";1;"Colisao lateral";"Sem Vitimas";"Plena Noite";"Crescente";"Nublado";"Simples";"Rotatória";"Sim";235641;"Caminhonete";"HYUNDAI/HR HDB";2011;"Condutor";"Ileso";49;"Masculino";1;0;0;0;"-10.90836662";"-37.0867753";"SR-SE";"DEL20/1";"UOP01/SE"
131645;284495;2018-05-02;"quarta-feira";"19:43:00";"PB";101;89;"JOAO PESSOA";"Sim";"Ingestao de alcool";1;"Tombamento";"Com Vitimas Feridas";"Plena Noite";"Crescente";"Nublado";"Dupla";"Nao Informado";"Sim";232768;"Motocicleta";"HONDA/CG 125 FAN KS";2010;"Condutor";"Lesoes Leves";27;"Feminino";0;1;0;0;"-7.174921";"-34.89894569";"SR-PB";"DEL14/1";"UOP02/PB"
131655;285370;2018-05-02;"quarta-feira";"20:35:00";"PA";222;229;"MARABA";"Sim";"Ingestao de alcool";1;"Colisao frontal";"Sem Vitimas";"Plena Noite";"Crescente";"Ceu Claro";"Simples";"Reta";"Nao";232774;"Automóvel";"GM/CORSA SUPER";1998;"Condutor";"Ileso";52;"Masculino";1;0;0;0;"-5.231875";"-49.053627";"SR-PA";"DEL19/3";"UOP01/PA"
131655;285371;2018-05-02;"quarta-feira";"20:35:00";"PA";222;229;"MARABA";"Sim";"Ingestao de alcool";1;"Colisao frontal";"Sem Vitimas";"Plena Noite";"Crescente";"Ceu Claro";"Simples";"Reta";"Nao";232775;"Automóvel";"VW/FOX 1.0";2007;"Condutor";"Ileso";50;"Masculino";1;0;0;0;"-5.231875";"-49.053627";"SR-PA";"DEL19/3";"UOP01/PA"
131658;284527;2018-05-02;"quarta-feira";"19:40:00";"PR";277;140;"BALSA NOVA";"Sim";"Ingestao de alcool";1;"Saida de leito carrocavel";"Sem Vitimas";"Plena Noite";"Crescente";"Ceu Claro";"Simples";"Nao Informado";"Nao";232796;"Automóvel";"FORD/FIESTA EDGE";2002;"Condutor";"Ileso";48;"Masculino";1;0;0;0;"-25.46565241";"-49.72606209";"SR-PR";"DEL7/1";"UOP05/PR"
131662;285977;2018-05-02;"quarta-feira";"21:40:00";"GO";364;196;"JATAI";"Sim";"Ingestao de alcool";1;"Colisao traseira";"Com Vitimas Feridas";"Plena Noite";"Crescente";"Ceu Claro";"Dupla";"Reta";"Sim";234005;"Automóvel";"GM/ASTRA HB 4P ADVANTAGE";2011;"Passageiro";"Ileso";46;"Masculino";1;0;0;0;"-17.917234";"-51.720665";"SR-GO";"DEL1/5";"UOP01/GO"
131662;285976;2018-05-02;"quarta-feira";"21:40:00";"GO";364;196;"JATAI";"Sim";"Ingestao de alcool";1;"Colisao traseira";"Com Vitimas Feridas";"Plena Noite";"Crescente";"Ceu Claro";"Dupla";"Reta";"Sim";234005;"Automóvel";"GM/ASTRA HB 4P ADVANTAGE";2011;"Passageiro";"Ileso";45;"Masculino";1;0;0;0;"-17.917234";"-51.720665";"SR-GO";"DEL1/5";"UOP01/GO"
131662;285979;2018-05-02;"quarta-feira";"21:40:00";"GO";364;196;"JATAI";"Sim";"Ingestao de alcool";1;"Colisao traseira";"Com Vitimas Feridas";"Plena Noite";"Crescente";"Ceu Claro";"Dupla";"Reta";"Sim";234006;"Ciclomotor";"I/SHINERAY XY 50 Q";2000;"Condutor";"Ileso";22;"Masculino";1;0;0;0;"-17.917234";"-51.720665";"SR-GO";"DEL1/5";"UOP01/GO"
131662;285975;2018-05-02;"quarta-feira";"21:40:00";"GO";364;196;"JATAI";"Sim";"Ingestao de alcool";1;"Colisao traseira";"Com Vitimas Feridas";"Plena Noite";"Crescente";"Ceu Claro";"Dupla";"Reta";"Sim";234005;"Automóvel";"GM/ASTRA HB 4P ADVANTAGE";2011;"Condutor";"Ileso";29;"Masculino";1;0;0;0;"-17.917234";"-51.720665";"SR-GO";"DEL1/5";"UOP01/GO"
131662;285984;2018-05-02;"quarta-feira";"21:40:00";"GO";364;196;"JATAI";"Sim";"Ingestao de alcool";1;"Colisao traseira";"Com Vitimas Feridas";"Plena Noite";"Crescente";"Ceu Claro";"Dupla";"Reta";"Sim";234006;"Ciclomotor";"I/SHINERAY XY 50 Q";2000;"Passageiro";"Lesoes Graves";NA;"Masculino";0;0;1;0;"-17.917234";"-51.720665";"SR-GO";"DEL1/5";"UOP01/GO"
131662;285982;2018-05-02;"quarta-feira";"21:40:00";"GO";364;196;"JATAI";"Sim";"Ingestao de alcool";1;"Colisao traseira";"Com Vitimas Feridas";"Plena Noite";"Crescente";"Ceu Claro";"Dupla";"Reta";"Sim";234006;"Ciclomotor";"I/SHINERAY XY 50 Q";2000;"Passageiro";"Lesoes Graves";20;"Feminino";0;0;1;0;"-17.917234";"-51.720665";"SR-GO";"DEL1/5";"UOP01/GO"
131684;284549;2018-05-03;"quinta-feira";"01:30:00";"GO";60;91,8;"ANAPOLIS";"Sim";"Ingestao de alcool";1;"Saida de leito carrocavel";"Sem Vitimas";"Plena Noite";"Crescente";"Ceu Claro";"Dupla";"Reta";"Sim";232822;"Automóvel";"FIAT/PALIO ED";1997;"Condutor";"Ileso";30;"Masculino";1;0;0;0;"-16.35022718";"-48.91112239";"SR-GO";"DEL1/2";"UOP01/GO"
131723;288178;2018-05-01;"terca-feira";"10:50:00";"SE";235;3,9;"NOSSA SENHORA DO SOCORRO";"Sim";"Ingestao de alcool";1;"Saida de leito carrocavel";"Sem Vitimas";"Pleno dia";"Decrescente";"Nublado";"Dupla";"Nao Informado";"Sim";232867;"Automóvel";"GM/ASTRA GLS";2000;"Condutor";"Ileso";NA;"Masculino";1;0;0;0;"-10.905775";"-37.10720301";"SR-SE";"DEL20/1";"UOP01/SE"
131780;284889;2018-05-03;"quinta-feira";"16:10:00";"TO";153;334;"GUARAI";"Sim";"Ingestao de alcool";1;"Colisao traseira";"Com Vitimas Feridas";"Pleno dia";"Crescente";"Ceu Claro";"Simples";"Reta";"Sim";232985;"Automóvel";"HYUNDAI/HB20 1.0M COMFOR";2017;"Condutor";"Ileso";26;"Masculino";1;0;0;0;"-8.8288362";"-48.5137314";"SR-TO";"UOP03/TO";""
131780;284892;2018-05-03;"quinta-feira";"16:10:00";"TO";153;334;"GUARAI";"Sim";"Ingestao de alcool";1;"Colisao traseira";"Com Vitimas Feridas";"Pleno dia";"Crescente";"Ceu Claro";"Simples";"Reta";"Sim";233018;"Bicicleta";"";NA;"Condutor";"Lesoes Leves";37;"Masculino";0;1;0;0;"-8.8288362";"-48.5137314";"SR-TO";"UOP03/TO";""
131803;284990;2018-05-03;"quinta-feira";"17:50:00";"GO";40;12,8;"LUZIANIA";"Nao";"Ingestao de alcool e/ou substâncias psicoativas pelo pedestre";1;"Atropelamento de Pedestre";"Com Vitimas Fatais";"Anoitecer";"Crescente";"Ceu Claro";"Dupla";"Reta";"Sim";233178;"Caminhonete";"VW/SAVEIRO 1.8 SPORTLINE";2006;"Condutor";"Ileso";31;"Masculino";1;0;0;0;"-16.1506724";"-47.9401129";"SR-DF";"GO";"UOP01/DF"
131803;284991;2018-05-03;"quinta-feira";"17:50:00";"GO";40;12,8;"LUZIANIA";"Nao";"Ingestao de alcool e/ou substâncias psicoativas pelo pedestre";1;"Atropelamento de Pedestre";"Com Vitimas Fatais";"Anoitecer";"Crescente";"Ceu Claro";"Dupla";"Reta";"Sim";233178;"Caminhonete";"VW/SAVEIRO 1.8 SPORTLINE";2006;"Passageiro";"Ileso";25;"Feminino";1;0;0;0;"-16.1506724";"-47.9401129";"SR-DF";"GO";"UOP01/DF"
131803;284977;2018-05-03;"quinta-feira";"17:50:00";"GO";40;12,8;"LUZIANIA";"Nao";"Ingestao de alcool e/ou substâncias psicoativas pelo pedestre";1;"Atropelamento de Pedestre";"Com Vitimas Fatais";"Anoitecer";"Crescente";"Ceu Claro";"Dupla";"Reta";"Sim";233178;"Caminhonete";"VW/SAVEIRO 1.8 SPORTLINE";2006;"Pedestre";"Óbito";NA;"Masculino";0;0;0;1;"-16.1506724";"-47.9401129";"SR-DF";"GO";"UOP01/DF"
131838;286537;2018-05-03;"quinta-feira";"19:15:00";"GO";414;396,9;"CORUMBA DE GOIAS";"Sim";"Ingestao de alcool";1;"Colisao lateral";"Com Vitimas Feridas";"Plena Noite";"Crescente";"Ceu Claro";"Simples";"Nao Informado";"Nao";233137;"Automóvel";"CHEV/PRISMA 1.0MT LT";2016;"Condutor";"Ileso";28;"Masculino";1;0;0;0;"-15.95742989";"-48.81181598";"SR-GO";"DEL1/2";"UOP01/GO"
131838;286534;2018-05-03;"quinta-feira";"19:15:00";"GO";414;396,9;"CORUMBA DE GOIAS";"Sim";"Ingestao de alcool";1;"Colisao lateral";"Com Vitimas Feridas";"Plena Noite";"Crescente";"Ceu Claro";"Simples";"Nao Informado";"Nao";233136;"Automóvel";"VW/GOL 1.0";2004;"Condutor";"Lesoes Leves";63;"Masculino";0;1;0;0;"-15.95742989";"-48.81181598";"SR-GO";"DEL1/2";"UOP01/GO"
131863;284927;2018-05-03;"quinta-feira";"22:50:00";"SC";101;158;"PORTO BELO";"Sim";"Ingestao de alcool";1;"Colisao traseira";"Sem Vitimas";"Plena Noite";"Crescente";"Nublado";"Multipla";"Reta";"Sim";233117;"Camioneta";"I/FORD RANGER XLT";1995;"Condutor";"Ileso";36;"Masculino";1;0;0;0;"-27.199";"-48.6146";"SR-SC";"DEL8/4";"UOP03/SC"
131863;284931;2018-05-03;"quinta-feira";"22:50:00";"SC";101;158;"PORTO BELO";"Sim";"Ingestao de alcool";1;"Colisao traseira";"Sem Vitimas";"Plena Noite";"Crescente";"Nublado";"Multipla";"Reta";"Sim";233122;"Automóvel";"RENAULT/SANDERO EXPR 10";2015;"Condutor";"Ileso";37;"Feminino";1;0;0;0;"-27.199";"-48.6146";"SR-SC";"DEL8/4";"UOP03/SC"
131867;284955;2018-05-03;"quinta-feira";"23:10:00";"RO";364;237,8;"CACOAL";"Nao";"Ingestao de alcool";1;"Colisao lateral";"Com Vitimas Feridas";"Plena Noite";"Crescente";"Ceu Claro";"Simples";"Reta";"Sim";233149;"Motoneta";"HONDA/BIZ 110I";2017;"Condutor";"Lesoes Leves";24;"Feminino";0;1;0;0;"-11.438755";"-61.454461";"SR-RO";"DEL21/2";"UOP02/RO"
131867;284956;2018-05-03;"quinta-feira";"23:10:00";"RO";364;237,8;"CACOAL";"Nao";"Ingestao de alcool";1;"Colisao lateral";"Com Vitimas Feridas";"Plena Noite";"Crescente";"Ceu Claro";"Simples";"Reta";"Sim";233150;"Bicicleta";"";NA;"Condutor";"Lesoes Leves";30;"Masculino";0;1;0;0;"-11.438755";"-61.454461";"SR-RO";"DEL21/2";"UOP02/RO"
131879;286718;2018-05-04;"sexta-feira";"01:45:00";"SP";116;65;"GUARATINGUETA";"Sim";"Ingestao de alcool";1;"Colisao frontal";"Sem Vitimas";"Plena Noite";"Crescente";"Ceu Claro";"Dupla";"Retorno Regulamentado";"Sim";233196;"Automóvel";"VW/FOX 1.0 GII";2010;"Condutor";"Ileso";31;"Masculino";1;0;0;0;"-22.823273";"-45.192806";"SR-SP";"DEL6/8";"UOP02/SP"
131879;286717;2018-05-04;"sexta-feira";"01:45:00";"SP";116;65;"GUARATINGUETA";"Sim";"Ingestao de alcool";1;"Colisao frontal";"Sem Vitimas";"Plena Noite";"Crescente";"Ceu Claro";"Dupla";"Retorno Regulamentado";"Sim";233195;"Automóvel";"FIAT/PALIO FIRE FLEX";2007;"Condutor";"Ileso";51;"Masculino";1;0;0;0;"-22.823273";"-45.192806";"SR-SP";"DEL6/8";"UOP02/SP"
131885;285129;2018-05-04;"sexta-feira";"03:25:00";"RO";319;62,8;"PORTO VELHO";"Nao";"Ingestao de alcool";1;"Colisao transversal";"Com Vitimas Feridas";"Plena Noite";"Decrescente";"Nublado";"Dupla";"Intersecao de vias";"Sim";233236;"Automóvel";"HYUNDAI/HB20 1.0M 1.0 M";2018;"Condutor";"Ileso";26;"Masculino";1;0;0;0;"-8.75553697";"-63.88645828";"SR-RO";"DEL21/1";"UOP01/RO"
131885;285131;2018-05-04;"sexta-feira";"03:25:00";"RO";319;62,8;"PORTO VELHO";"Nao";"Ingestao de alcool";1;"Colisao transversal";"Com Vitimas Feridas";"Plena Noite";"Decrescente";"Nublado";"Dupla";"Intersecao de vias";"Sim";233236;"Automóvel";"HYUNDAI/HB20 1.0M 1.0 M";2018;"Passageiro";"Ileso";35;"Masculino";1;0;0;0;"-8.75553697";"-63.88645828";"SR-RO";"DEL21/1";"UOP01/RO"
131885;285133;2018-05-04;"sexta-feira";"03:25:00";"RO";319;62,8;"PORTO VELHO";"Nao";"Ingestao de alcool";1;"Colisao transversal";"Com Vitimas Feridas";"Plena Noite";"Decrescente";"Nublado";"Dupla";"Intersecao de vias";"Sim";233236;"Automóvel";"HYUNDAI/HB20 1.0M 1.0 M";2018;"Passageiro";"Ileso";NA;"Feminino";1;0;0;0;"-8.75553697";"-63.88645828";"SR-RO";"DEL21/1";"UOP01/RO"
131885;285125;2018-05-04;"sexta-feira";"03:25:00";"RO";319;62,8;"PORTO VELHO";"Nao";"Ingestao de alcool";1;"Colisao transversal";"Com Vitimas Feridas";"Plena Noite";"Decrescente";"Nublado";"Dupla";"Intersecao de vias";"Sim";233235;"Automóvel";"VW/GOL 1.0";2009;"Condutor";"Ileso";20;"Masculino";1;0;0;0;"-8.75553697";"-63.88645828";"SR-RO";"DEL21/1";"UOP01/RO"
131885;285126;2018-05-04;"sexta-feira";"03:25:00";"RO";319;62,8;"PORTO VELHO";"Nao";"Ingestao de alcool";1;"Colisao transversal";"Com Vitimas Feridas";"Plena Noite";"Decrescente";"Nublado";"Dupla";"Intersecao de vias";"Sim";233235;"Automóvel";"VW/GOL 1.0";2009;"Passageiro";"Lesoes Leves";17;"Feminino";0;1;0;0;"-8.75553697";"-63.88645828";"SR-RO";"DEL21/1";"UOP01/RO"
132061;285624;2018-05-04;"sexta-feira";"19:30:00";"PE";316;362,6;"PETROLANDIA";"Sim";"Ingestao de alcool";1;"Colisao traseira";"Com Vitimas Fatais";"Anoitecer";"Decrescente";"Nublado";"Simples";"Reta";"Sim";233705;"Motocicleta";"HONDA/CG 125 FAN KS";2011;"Condutor";"Óbito";50;"Masculino";0;0;0;1;"-8.95509976";"-38.22303859";"SR-PE";"DEL11/4";"UOP02/PE"
132061;285628;2018-05-04;"sexta-feira";"19:30:00";"PE";316;362,6;"PETROLANDIA";"Sim";"Ingestao de alcool";1;"Colisao traseira";"Com Vitimas Fatais";"Anoitecer";"Decrescente";"Nublado";"Simples";"Reta";"Sim";233706;"Caminhao";"FORD/F11000";1981;"Condutor";"Ileso";41;"Masculino";1;0;0;0;"-8.95509976";"-38.22303859";"SR-PE";"DEL11/4";"UOP02/PE"
132066;285413;2018-05-04;"sexta-feira";"18:46:00";"RO";319;62,1;"PORTO VELHO";"Nao";"Ingestao de alcool";1;"Colisao transversal";"Com Vitimas Feridas";"Plena Noite";"Decrescente";"Ceu Claro";"Dupla";"Reta";"Sim";233581;"Caminhonete";"I/TOYOTA HILUX CD4X4 SRV";2013;"Condutor";"Ileso";55;"Masculino";1;0;0;0;"-8.75023503";"-63.88763309";"SR-RO";"DEL21/1";"UOP01/RO"
132066;285410;2018-05-04;"sexta-feira";"18:46:00";"RO";319;62,1;"PORTO VELHO";"Nao";"Ingestao de alcool";1;"Colisao transversal";"Com Vitimas Feridas";"Plena Noite";"Decrescente";"Ceu Claro";"Dupla";"Reta";"Sim";233580;"Motocicleta";"HONDA/CG 125 FAN KS";2013;"Condutor";"Lesoes Leves";44;"Masculino";0;1;0;0;"-8.75023503";"-63.88763309";"SR-RO";"DEL21/1";"UOP01/RO"
132083;285397;2018-05-04;"sexta-feira";"04:30:00";"PR";163;289,5;"MARECHAL CANDIDO RONDON";"Sim";"Ingestao de alcool";1;"Saida de leito carrocavel";"Sem Vitimas";"Plena Noite";"Crescente";"Ignorado";"Simples";"Reta";"Nao";233499;"Automóvel";"TOYOTA/COROLLA GLI FLEX";2012;"Condutor";"Nao Informado";NA;"Nao Informado";0;0;0;0;"-24.52068146";"-54.07122821";"SR-PR";"DEL7/6";"UOP04/PR"
132086;291893;2018-05-04;"sexta-feira";"22:29:00";"BA";110;16;"PAULO AFONSO";"Sim";"Ingestao de alcool";1;"Colisao frontal";"Com Vitimas Feridas";"Plena Noite";"Crescente";"Nublado";"Simples";"Reta";"Nao";233935;"Caminhao-trator";"SCANIA/T113 H 4X2 320";1995;"Condutor";"Ileso";32;"Masculino";1;0;0;0;"-9.5628";"-38.2225";"SR-BA";"DEL10/7";"UOP01/BA"
132086;291826;2018-05-04;"sexta-feira";"22:29:00";"BA";110;16;"PAULO AFONSO";"Sim";"Ingestao de alcool";1;"Colisao frontal";"Com Vitimas Feridas";"Plena Noite";"Crescente";"Nublado";"Simples";"Reta";"Nao";233934;"Automóvel";"VW/GOL 16V";1999;"Condutor";"Lesoes Leves";36;"Masculino";0;1;0;0;"-9.5628";"-38.2225";"SR-BA";"DEL10/7";"UOP01/BA"
132088;285689;2018-05-04;"sexta-feira";"17:00:00";"MA";230;473;"RIACHAO";"Nao";"Ingestao de alcool";1;"Tombamento";"Sem Vitimas";"Pleno dia";"Crescente";"Ceu Claro";"Simples";"Nao Informado";"Nao";233501;"Caminhao-trator";"VOLVO/FH 540 6X4T";2014;"Condutor";"Ileso";33;"Masculino";1;0;0;0;"-7.422111";"-46.667156";"SR-MA";"DEL18/5";"UOP01/MA"
132090;286954;2018-05-04;"sexta-feira";"23:00:00";"PE";101;63,5;"RECIFE";"Sim";"Ingestao de alcool e/ou substâncias psicoativas pelo pedestre";1;"Colisao com objeto estatico";"Sem Vitimas";"Plena Noite";"Crescente";"Nublado";"Dupla";"Reta";"Sim";234791;"Automóvel";"FORD/FIESTA SEDAN1.6FLEX";2005;"Condutor";"Ileso";45;"Masculino";1;0;0;0;"-8.012424";"-34.938574";"SR-PE";"DEL11/1";"UOP01/PE"
132094;285317;2018-05-04;"sexta-feira";"22:50:00";"BA";101;944,6;"MUCURI";"Sim";"Ingestao de alcool";1;"Colisao com objeto estatico";"Com Vitimas Feridas";"Plena Noite";"Decrescente";"Nublado";"Simples";"Nao Informado";"Nao";233524;"Motocicleta";"HONDA/CG 150 TITAN ESD";2013;"Condutor";"Lesoes Leves";26;"Masculino";0;1;0;0;"-18.08303772";"-39.89075661";"SR-BA";"DEL10/9";"UOP03/BA"
132101;286868;2018-05-05;"sabado";"00:30:00";"SC";101;198,9;"BIGUACU";"Sim";"Ingestao de alcool";1;"Colisao traseira";"Com Vitimas Feridas";"Plena Noite";"Crescente";"Ceu Claro";"Dupla";"Reta";"Sim";233540;"Motocicleta";"HONDA/CG 150 TITAN KS";2005;"Condutor";"Lesoes Leves";22;"Masculino";0;1;0;0;"-27.533";"-48.631";"SR-SC";"DEL8/1";"UOP01/SC"
132101;286882;2018-05-05;"sabado";"00:30:00";"SC";101;198,9;"BIGUACU";"Sim";"Ingestao de alcool";1;"Colisao traseira";"Com Vitimas Feridas";"Plena Noite";"Crescente";"Ceu Claro";"Dupla";"Reta";"Sim";233541;"Motocicleta";"HONDA/CG 150 TITAN KS";2007;"Condutor";"Lesoes Leves";26;"Masculino";0;1;0;0;"-27.533";"-48.631";"SR-SC";"DEL8/1";"UOP01/SC"
132104;285388;2018-05-05;"sabado";"00:00:00";"CE";20;302,8;"CANINDE";"Sim";"Ingestao de alcool";1;"Atropelamento de Pedestre";"Com Vitimas Feridas";"Plena Noite";"Decrescente";"Ceu Claro";"Simples";"Reta";"Nao";233585;"Motocicleta";"";NA;"Testemunha";"Nao Informado";NA;"Nao Informado";0;0;0;0;"-4.3331956";"-39.2868807";"SR-CE";"DEL16/2";"UOP01/CE"
132104;285424;2018-05-05;"sabado";"00:00:00";"CE";20;302,8;"CANINDE";"Sim";"Ingestao de alcool";1;"Atropelamento de Pedestre";"Com Vitimas Feridas";"Plena Noite";"Decrescente";"Ceu Claro";"Simples";"Reta";"Nao";233585;"Motocicleta";"";NA;"Condutor";"Lesoes Graves";21;"Masculino";0;0;1;0;"-4.3331956";"-39.2868807";"SR-CE";"DEL16/2";"UOP01/CE"
132104;285386;2018-05-05;"sabado";"00:00:00";"CE";20;302,8;"CANINDE";"Sim";"Ingestao de alcool";1;"Atropelamento de Pedestre";"Com Vitimas Feridas";"Plena Noite";"Decrescente";"Ceu Claro";"Simples";"Reta";"Nao";233585;"Motocicleta";"";NA;"Pedestre";"Ileso";18;"Masculino";1;0;0;0;"-4.3331956";"-39.2868807";"SR-CE";"DEL16/2";"UOP01/CE"
132104;285391;2018-05-05;"sabado";"00:00:00";"CE";20;302,8;"CANINDE";"Sim";"Ingestao de alcool";1;"Atropelamento de Pedestre";"Com Vitimas Feridas";"Plena Noite";"Decrescente";"Ceu Claro";"Simples";"Reta";"Nao";233585;"Motocicleta";"";NA;"Pedestre";"Lesoes Graves";19;"Feminino";0;0;1;0;"-4.3331956";"-39.2868807";"SR-CE";"DEL16/2";"UOP01/CE"
132116;285398;2018-05-05;"sabado";"02:50:00";"BA";101;719;"EUNAPOLIS";"Sim";"Ingestao de alcool";1;"Saida de leito carrocavel";"Com Vitimas Feridas";"Plena Noite";"Decrescente";"Nublado";"Simples";"Reta";"Nao";233574;"Automóvel";"TOYOTA/COROLLA XEI18FLEX";2008;"Condutor";"Ileso";32;"Masculino";1;0;0;0;"-16.3807";"-39.5834";"SR-BA";"DEL10/9";"UOP01/BA"
132116;285403;2018-05-05;"sabado";"02:50:00";"BA";101;719;"EUNAPOLIS";"Sim";"Ingestao de alcool";1;"Saida de leito carrocavel";"Com Vitimas Feridas";"Plena Noite";"Decrescente";"Nublado";"Simples";"Reta";"Nao";233574;"Automóvel";"TOYOTA/COROLLA XEI18FLEX";2008;"Passageiro";"Lesoes Leves";33;"Feminino";0;1;0;0;"-16.3807";"-39.5834";"SR-BA";"DEL10/9";"UOP01/BA"
132127;286896;2018-05-05;"sabado";"06:15:00";"GO";153;437,9;"ANAPOLIS";"Sim";"Ingestao de alcool";1;"Saida de leito carrocavel";"Com Vitimas Feridas";"Amanhecer";"Decrescente";"Sol";"Dupla";"Reta";"Sim";233610;"Automóvel";"VW/GOL 1.0";2007;"Condutor";"Lesoes Leves";18;"Masculino";0;1;0;0;"-16.2857666";"-48.9466989";"SR-GO";"DEL1/2";"UOP01/GO"
132127;286898;2018-05-05;"sabado";"06:15:00";"GO";153;437,9;"ANAPOLIS";"Sim";"Ingestao de alcool";1;"Saida de leito carrocavel";"Com Vitimas Feridas";"Amanhecer";"Decrescente";"Sol";"Dupla";"Reta";"Sim";233610;"Automóvel";"VW/GOL 1.0";2007;"Passageiro";"Lesoes Graves";20;"Feminino";0;0;1;0;"-16.2857666";"-48.9466989";"SR-GO";"DEL1/2";"UOP01/GO"
132127;286899;2018-05-05;"sabado";"06:15:00";"GO";153;437,9;"ANAPOLIS";"Sim";"Ingestao de alcool";1;"Saida de leito carrocavel";"Com Vitimas Feridas";"Amanhecer";"Decrescente";"Sol";"Dupla";"Reta";"Sim";233610;"Automóvel";"VW/GOL 1.0";2007;"Passageiro";"Lesoes Leves";17;"Masculino";0;1;0;0;"-16.2857666";"-48.9466989";"SR-GO";"DEL1/2";"UOP01/GO"
132134;286394;2018-05-05;"sabado";"05:00:00";"MT";70;702,7;"CACERES";"Sim";"Ingestao de alcool";1;"Saida de leito carrocavel";"Sem Vitimas";"Amanhecer";"Crescente";"Ceu Claro";"Simples";"Desvio Temporario";"Nao";234311;"Automóvel";"VW/GOL MI";1998;"Condutor";"Nao Informado";NA;"Nao Informado";0;0;0;0;"-16.249321";"-57.469952";"SR-MT";"DEL2/3";"UOP01/MT"
132136;285568;2018-05-05;"sabado";"06:40:00";"SP";381;25;"BRAGANCA PAULISTA";"Sim";"Ingestao de alcool";1;"Saida de leito carrocavel";"Com Vitimas Fatais";"Amanhecer";"Crescente";"Ceu Claro";"Simples";"Reta";"Sim";233668;"Automóvel";"GM/VECTRA HATCH 4P GT-X";2010;"Passageiro";"Óbito";24;"Masculino";0;0;0;1;"-23.02022";"-46.529705";"SR-SP";"DEL6/3";"UOP01/SP"
132136;287296;2018-05-05;"sabado";"06:40:00";"SP";381;25;"BRAGANCA PAULISTA";"Sim";"Ingestao de alcool";1;"Saida de leito carrocavel";"Com Vitimas Fatais";"Amanhecer";"Crescente";"Ceu Claro";"Simples";"Reta";"Sim";233668;"Automóvel";"GM/VECTRA HATCH 4P GT-X";2010;"Condutor";"Ileso";20;"Feminino";1;0;0;0;"-23.02022";"-46.529705";"SR-SP";"DEL6/3";"UOP01/SP"
132136;287287;2018-05-05;"sabado";"06:40:00";"SP";381;25;"BRAGANCA PAULISTA";"Sim";"Ingestao de alcool";1;"Saida de leito carrocavel";"Com Vitimas Fatais";"Amanhecer";"Crescente";"Ceu Claro";"Simples";"Reta";"Sim";233668;"Automóvel";"GM/VECTRA HATCH 4P GT-X";2010;"Passageiro";"Lesoes Leves";24;"Feminino";0;1;0;0;"-23.02022";"-46.529705";"SR-SP";"DEL6/3";"UOP01/SP"