"id";"pesid";"data_inversa";"dia_semana";"horario";"uf";"br";"km";"municipio";"causa_principal";"causa_acidente";"ordem_tipo_acidente";"tipo_acidente";"classificacao_acidente";"fase_dia";"sentido_via";"condicao_metereologica";"tipo_pista";"tracado_via";"uso_solo";"id_veiculo";"tipo_veiculo";"marca";"ano_fabricacao_veiculo";"tipo_envolvido";"estado_fisico";"idade";"sexo";"ilesos";"feridos_leves";"feridos_graves";"mortos";"latitude";"longitude";"regional";"delegacia";"uop"
132432;286172;2018-05-06;"domingo";"17:50:00";"BA";418;97;"CARAVELAS";"Sim";"Ingestao de alcool";1;"Colisao lateral";"Com Vitimas Feridas";"Plena Noite";"Decrescente";"Nublado";"Simples";"Reta";"Nao";234140;"Automóvel";"FIAT/SIENA ATTRACTIV 1.4";2015;"Condutor";"Ileso";40;"Masculino";1;0;0;0;"-17.734264";"-39.553185";"SR-BA";"DEL10/9";"UOP03/BA"
132432;286178;2018-05-06;"domingo";"17:50:00";"BA";418;97;"CARAVELAS";"Sim";"Ingestao de alcool";1;"Colisao lateral";"Com Vitimas Feridas";"Plena Noite";"Decrescente";"Nublado";"Simples";"Reta";"Nao";234146;"Motocicleta";"";NA;"Passageiro";"Lesoes Graves";22;"Masculino";0;0;1;0;"-17.734264";"-39.553185";"SR-BA";"DEL10/9";"UOP03/BA"
132432;286180;2018-05-06;"domingo";"17:50:00";"BA";418;97;"CARAVELAS";"Sim";"Ingestao de alcool";1;"Colisao lateral";"Com Vitimas Feridas";"Plena Noite";"Decrescente";"Nublado";"Simples";"Reta";"Nao";234140;"Automóvel";"FIAT/SIENA ATTRACTIV 1.4";2015;"Passageiro";"Ileso";51;"Feminino";1;0;0;0;"-17.734264";"-39.553185";"SR-BA";"DEL10/9";"UOP03/BA"
132432;286179;2018-05-06;"domingo";"17:50:00";"BA";418;97;"CARAVELAS";"Sim";"Ingestao de alcool";1;"Colisao lateral";"Com Vitimas Feridas";"Plena Noite";"Decrescente";"Nublado";"Simples";"Reta";"Nao";234140;"Automóvel";"FIAT/SIENA ATTRACTIV 1.4";2015;"Passageiro";"Ileso";51;"Feminino";1;0;0;0;"-17.734264";"-39.553185";"SR-BA";"DEL10/9";"UOP03/BA"
132432;286182;2018-05-06;"domingo";"17:50:00";"BA";418;97;"CARAVELAS";"Sim";"Ingestao de alcool";1;"Colisao lateral";"Com Vitimas Feridas";"Plena Noite";"Decrescente";"Nublado";"Simples";"Reta";"Nao";234140;"Automóvel";"FIAT/SIENA ATTRACTIV 1.4";2015;"Passageiro";"Ileso";33;"Feminino";1;0;0;0;"-17.734264";"-39.553185";"SR-BA";"DEL10/9";"UOP03/BA"
132432;286183;2018-05-06;"domingo";"17:50:00";"BA";418;97;"CARAVELAS";"Sim";"Ingestao de alcool";1;"Colisao lateral";"Com Vitimas Feridas";"Plena Noite";"Decrescente";"Nublado";"Simples";"Reta";"Nao";234140;"Automóvel";"FIAT/SIENA ATTRACTIV 1.4";2015;"Passageiro";"Ileso";8;"Masculino";1;0;0;0;"-17.734264";"-39.553185";"SR-BA";"DEL10/9";"UOP03/BA"
132432;286176;2018-05-06;"domingo";"17:50:00";"BA";418;97;"CARAVELAS";"Sim";"Ingestao de alcool";1;"Colisao lateral";"Com Vitimas Feridas";"Plena Noite";"Decrescente";"Nublado";"Simples";"Reta";"Nao";234146;"Motocicleta";"";NA;"Condutor";"Lesoes Graves";48;"Masculino";0;0;1;0;"-17.734264";"-39.553185";"SR-BA";"DEL10/9";"UOP03/BA"
132434;286155;2018-05-06;"domingo";"17:30:00";"BA";367;35,7;"PORTO SEGURO";"Nao";"Ingestao de alcool";1;"Atropelamento de Pedestre";"Com Vitimas Feridas";"Anoitecer";"Crescente";"Ignorado";"Simples";"Reta";"Nao";234135;"Automóvel";"I/CHEVROLET AGILE LT";2011;"Condutor";"Ileso";35;"Masculino";1;0;0;0;"-16.408607";"-39.170006";"SR-BA";"DEL10/9";"UOP01/BA"
132434;286159;2018-05-06;"domingo";"17:30:00";"BA";367;35,7;"PORTO SEGURO";"Nao";"Ingestao de alcool";1;"Atropelamento de Pedestre";"Com Vitimas Feridas";"Anoitecer";"Crescente";"Ignorado";"Simples";"Reta";"Nao";234135;"Automóvel";"I/CHEVROLET AGILE LT";2011;"Testemunha";"Nao Informado";NA;"Nao Informado";0;0;0;0;"-16.408607";"-39.170006";"SR-BA";"DEL10/9";"UOP01/BA"
132434;286160;2018-05-06;"domingo";"17:30:00";"BA";367;35,7;"PORTO SEGURO";"Nao";"Ingestao de alcool";1;"Atropelamento de Pedestre";"Com Vitimas Feridas";"Anoitecer";"Crescente";"Ignorado";"Simples";"Reta";"Nao";234135;"Automóvel";"I/CHEVROLET AGILE LT";2011;"Testemunha";"Nao Informado";NA;"Nao Informado";0;0;0;0;"-16.408607";"-39.170006";"SR-BA";"DEL10/9";"UOP01/BA"
132434;286158;2018-05-06;"domingo";"17:30:00";"BA";367;35,7;"PORTO SEGURO";"Nao";"Ingestao de alcool";1;"Atropelamento de Pedestre";"Com Vitimas Feridas";"Anoitecer";"Crescente";"Ignorado";"Simples";"Reta";"Nao";234135;"Automóvel";"I/CHEVROLET AGILE LT";2011;"Pedestre";"Lesoes Leves";39;"Feminino";0;1;0;0;"-16.408607";"-39.170006";"SR-BA";"DEL10/9";"UOP01/BA"
132436;287469;2018-05-06;"domingo";"18:20:00";"SC";470;92,8;"ASCURRA";"Sim";"Ingestao de alcool";1;"Colisao transversal";"Com Vitimas Feridas";"Anoitecer";"Decrescente";"Nublado";"Simples";"Reta";"Nao";234185;"Motoneta";"HONDA/BIZ 125 ES";2006;"Passageiro";"Lesoes Graves";25;"Feminino";0;0;1;0;"-26.97671945";"-49.36868029";"SR-SC";"DEL8/4";"UOP01/SC"
132436;287467;2018-05-06;"domingo";"18:20:00";"SC";470;92,8;"ASCURRA";"Sim";"Ingestao de alcool";1;"Colisao transversal";"Com Vitimas Feridas";"Anoitecer";"Decrescente";"Nublado";"Simples";"Reta";"Nao";234184;"Automóvel";"VW/NOVO GOL TL MBV";2016;"Condutor";"Ileso";27;"Masculino";1;0;0;0;"-26.97671945";"-49.36868029";"SR-SC";"DEL8/4";"UOP01/SC"
132436;287468;2018-05-06;"domingo";"18:20:00";"SC";470;92,8;"ASCURRA";"Sim";"Ingestao de alcool";1;"Colisao transversal";"Com Vitimas Feridas";"Anoitecer";"Decrescente";"Nublado";"Simples";"Reta";"Nao";234185;"Motoneta";"HONDA/BIZ 125 ES";2006;"Condutor";"Lesoes Leves";31;"Masculino";0;1;0;0;"-26.97671945";"-49.36868029";"SR-SC";"DEL8/4";"UOP01/SC"
132445;286096;2018-05-06;"domingo";"18:40:00";"CE";222;219,3;"SOBRAL";"Sim";"Ingestao de alcool";1;"Colisao transversal";"Com Vitimas Feridas";"Plena Noite";"Crescente";"Ceu Claro";"Simples";"Reta";"Nao";234090;"Motocicleta";"HONDA/CG 125 FAN KS";2011;"Condutor";"Lesoes Graves";56;"Masculino";0;0;1;0;"-3.742728";"-40.313683";"SR-CE";"DEL16/4";"UOP01/CE"
132445;286107;2018-05-06;"domingo";"18:40:00";"CE";222;219,3;"SOBRAL";"Sim";"Ingestao de alcool";1;"Colisao transversal";"Com Vitimas Feridas";"Plena Noite";"Crescente";"Ceu Claro";"Simples";"Reta";"Nao";234090;"Motocicleta";"HONDA/CG 125 FAN KS";2011;"Passageiro";"Lesoes Graves";53;"Feminino";0;0;1;0;"-3.742728";"-40.313683";"SR-CE";"DEL16/4";"UOP01/CE"
132445;286219;2018-05-06;"domingo";"18:40:00";"CE";222;219,3;"SOBRAL";"Sim";"Ingestao de alcool";1;"Colisao transversal";"Com Vitimas Feridas";"Plena Noite";"Crescente";"Ceu Claro";"Simples";"Reta";"Nao";234091;"Bicicleta";"";NA;"Condutor";"Lesoes Graves";56;"Masculino";0;0;1;0;"-3.742728";"-40.313683";"SR-CE";"DEL16/4";"UOP01/CE"
132450;287996;2018-05-06;"domingo";"18:50:00";"MG";381;597,4;"CARMOPOLIS DE MINAS";"Sim";"Ingestao de alcool";1;"Colisao lateral";"Sem Vitimas";"Plena Noite";"Crescente";"Ceu Claro";"Dupla";"Reta";"Nao";234186;"Caminhao";"M.BENZ/L 1620";2009;"Condutor";"Ileso";28;"Masculino";1;0;0;0;"-20.5937";"-44.704";"SR-MG";"DEL4/4";"UOP01/MG"
132450;287998;2018-05-06;"domingo";"18:50:00";"MG";381;597,4;"CARMOPOLIS DE MINAS";"Sim";"Ingestao de alcool";1;"Colisao lateral";"Sem Vitimas";"Plena Noite";"Crescente";"Ceu Claro";"Dupla";"Reta";"Nao";234187;"Automóvel";"CHEVROLET/CELTA 1.0L LS";2011;"Condutor";"Ileso";32;"Masculino";1;0;0;0;"-20.5937";"-44.704";"SR-MG";"DEL4/4";"UOP01/MG"
132451;286310;2018-05-06;"domingo";"19:00:00";"MG";381;500;"BETIM";"Nao";"Ingestao de alcool";1;"Colisao traseira";"Sem Vitimas";"Plena Noite";"Decrescente";"Ceu Claro";"Dupla";"Reta";"Sim";234123;"Automóvel";"FIAT/PALIO EL";1996;"Condutor";"Ileso";26;"Feminino";1;0;0;0;"-20.002554";"-44.21196";"SR-MG";"DEL4/1";"UOP03/MG"
132451;286309;2018-05-06;"domingo";"19:00:00";"MG";381;500;"BETIM";"Nao";"Ingestao de alcool";1;"Colisao traseira";"Sem Vitimas";"Plena Noite";"Decrescente";"Ceu Claro";"Dupla";"Reta";"Sim";234266;"Automóvel";"FIAT/SIENA ELX FLEX";2008;"Condutor";"Ileso";49;"Masculino";1;0;0;0;"-20.002554";"-44.21196";"SR-MG";"DEL4/1";"UOP03/MG"
132458;286253;2018-05-06;"domingo";"19:10:00";"SC";101;196,2;"SAO JOSE";"Sim";"Ingestao de alcool";1;"Colisao com objeto estatico";"Com Vitimas Feridas";"Plena Noite";"Crescente";"Chuva";"Multipla";"Curva";"Sim";234236;"Automóvel";"I/CHERY FACE 1.3";2011;"Condutor";"Ileso";30;"Feminino";1;0;0;0;"-27.5185";"-48.6383";"SR-SC";"DEL8/1";"UOP01/SC"
132458;286257;2018-05-06;"domingo";"19:10:00";"SC";101;196,2;"SAO JOSE";"Sim";"Ingestao de alcool";1;"Colisao com objeto estatico";"Com Vitimas Feridas";"Plena Noite";"Crescente";"Chuva";"Multipla";"Curva";"Sim";234238;"Automóvel";"FORD/FIESTA FLEX";2009;"Condutor";"Ileso";36;"Feminino";1;0;0;0;"-27.5185";"-48.6383";"SR-SC";"DEL8/1";"UOP01/SC"
132458;286260;2018-05-06;"domingo";"19:10:00";"SC";101;196,2;"SAO JOSE";"Sim";"Ingestao de alcool";1;"Colisao com objeto estatico";"Com Vitimas Feridas";"Plena Noite";"Crescente";"Chuva";"Multipla";"Curva";"Sim";234238;"Automóvel";"FORD/FIESTA FLEX";2009;"Passageiro";"Lesoes Leves";86;"Feminino";0;1;0;0;"-27.5185";"-48.6383";"SR-SC";"DEL8/1";"UOP01/SC"
132458;286268;2018-05-06;"domingo";"19:10:00";"SC";101;196,2;"SAO JOSE";"Sim";"Ingestao de alcool";1;"Colisao com objeto estatico";"Com Vitimas Feridas";"Plena Noite";"Crescente";"Chuva";"Multipla";"Curva";"Sim";234239;"Automóvel";"VW/FOX 1.0";2004;"Condutor";"Lesoes Leves";43;"Feminino";0;1;0;0;"-27.5185";"-48.6383";"SR-SC";"DEL8/1";"UOP01/SC"
132458;286269;2018-05-06;"domingo";"19:10:00";"SC";101;196,2;"SAO JOSE";"Sim";"Ingestao de alcool";1;"Colisao com objeto estatico";"Com Vitimas Feridas";"Plena Noite";"Crescente";"Chuva";"Multipla";"Curva";"Sim";234239;"Automóvel";"VW/FOX 1.0";2004;"Passageiro";"Lesoes Leves";43;"Feminino";0;1;0;0;"-27.5185";"-48.6383";"SR-SC";"DEL8/1";"UOP01/SC"
132458;286252;2018-05-06;"domingo";"19:10:00";"SC";101;196,2;"SAO JOSE";"Sim";"Ingestao de alcool";1;"Colisao com objeto estatico";"Com Vitimas Feridas";"Plena Noite";"Crescente";"Chuva";"Multipla";"Curva";"Sim";234233;"Motocicleta";"HONDA/NXR150 BROS ESD";2013;"Condutor";"Lesoes Graves";45;"Masculino";0;0;1;0;"-27.5185";"-48.6383";"SR-SC";"DEL8/1";"UOP01/SC"
132460;286271;2018-05-06;"domingo";"18:20:00";"MT";364;176;"PEDRA PRETA";"Sim";"Ingestao de alcool";2;"Capotamento";"Com Vitimas Fatais";"Anoitecer";"Decrescente";"Ceu Claro";"Simples";"Reta";"Sim";234241;"Caminhonete";"GM/CHEVROLET D20";1986;"Condutor";"Nao Informado";NA;"Nao Informado";0;0;0;0;"-16.626677";"-54.446693";"SR-MT";"DEL2/2";"UOP01/MT"
132460;286267;2018-05-06;"domingo";"18:20:00";"MT";364;176;"PEDRA PRETA";"Sim";"Ingestao de alcool";2;"Capotamento";"Com Vitimas Fatais";"Anoitecer";"Decrescente";"Ceu Claro";"Simples";"Reta";"Sim";234240;"Caminhao-trator";"VOLVO/NL12 360 4X2T EDC";1999;"Condutor";"Óbito";59;"Masculino";0;0;0;1;"-16.626677";"-54.446693";"SR-MT";"DEL2/2";"UOP01/MT"
132472;286152;2018-05-06;"domingo";"17:30:00";"MA";10;349;"ACAILANDIA";"Nao";"Ingestao de alcool";1;"Colisao transversal";"Com Vitimas Fatais";"Pleno dia";"Decrescente";"Sol";"Simples";"Reta";"Nao";234136;"Motocicleta";"HONDA/NXR150 BROS ES";2014;"Condutor";"Óbito";52;"Masculino";0;0;0;1;"-4.701044";"-47.49527";"SR-MA";"DEL18/4";"UOP03/MA"
132472;286326;2018-05-06;"domingo";"17:30:00";"MA";10;349;"ACAILANDIA";"Nao";"Ingestao de alcool";1;"Colisao transversal";"Com Vitimas Fatais";"Pleno dia";"Decrescente";"Sol";"Simples";"Reta";"Nao";234137;"Automóvel";"FIAT/DOBLO ATTRACTIV 1.4";2011;"Condutor";"Ileso";42;"Masculino";1;0;0;0;"-4.701044";"-47.49527";"SR-MA";"DEL18/4";"UOP03/MA"
132472;286337;2018-05-06;"domingo";"17:30:00";"MA";10;349;"ACAILANDIA";"Nao";"Ingestao de alcool";1;"Colisao transversal";"Com Vitimas Fatais";"Pleno dia";"Decrescente";"Sol";"Simples";"Reta";"Nao";234138;"Caminhao-trator";"VOLVO/N10";1984;"Condutor";"Ileso";46;"Masculino";1;0;0;0;"-4.701044";"-47.49527";"SR-MA";"DEL18/4";"UOP03/MA"
132487;286215;2018-05-06;"domingo";"18:05:00";"PR";153;353,9;"REBOUCAS";"Sim";"Ingestao de alcool e/ou substâncias psicoativas pelo pedestre";1;"Atropelamento de Pedestre";"Com Vitimas Feridas";"Anoitecer";"Crescente";"Ceu Claro";"Simples";"Nao Informado";"Nao";234157;"Automóvel";"FIAT/PALIO FIRE";2002;"Condutor";"Ileso";35;"Masculino";1;0;0;0;"-25.63149841";"-50.72754622";"SR-PR";"DEL7/3";"UOP04/PR"
132487;286218;2018-05-06;"domingo";"18:05:00";"PR";153;353,9;"REBOUCAS";"Sim";"Ingestao de alcool e/ou substâncias psicoativas pelo pedestre";1;"Atropelamento de Pedestre";"Com Vitimas Feridas";"Anoitecer";"Crescente";"Ceu Claro";"Simples";"Nao Informado";"Nao";234157;"Automóvel";"FIAT/PALIO FIRE";2002;"Pedestre";"Lesoes Leves";63;"Masculino";0;1;0;0;"-25.63149841";"-50.72754622";"SR-PR";"DEL7/3";"UOP04/PR"
132491;286523;2018-05-06;"domingo";"22:00:00";"PA";316;3;"ANANINDEUA";"Sim";"Ingestao de alcool";1;"Colisao transversal";"Com Vitimas Feridas";"Plena Noite";"Crescente";"Ceu Claro";"Dupla";"Reta";"Sim";234217;"Automóvel";"VW/GOL 1.0";2009;"Condutor";"Ileso";25;"Masculino";1;0;0;0;"-1.39325952";"-48.41909766";"SR-PA";"DEL19/1";"UOP01/PA"
132491;286520;2018-05-06;"domingo";"22:00:00";"PA";316;3;"ANANINDEUA";"Sim";"Ingestao de alcool";1;"Colisao transversal";"Com Vitimas Feridas";"Plena Noite";"Crescente";"Ceu Claro";"Dupla";"Reta";"Sim";234216;"Motocicleta";"YAMAHA/YBR125 FACTOR ED";2013;"Condutor";"Lesoes Leves";39;"Masculino";0;1;0;0;"-1.39325952";"-48.41909766";"SR-PA";"DEL19/1";"UOP01/PA"
132491;286525;2018-05-06;"domingo";"22:00:00";"PA";316;3;"ANANINDEUA";"Sim";"Ingestao de alcool";1;"Colisao transversal";"Com Vitimas Feridas";"Plena Noite";"Crescente";"Ceu Claro";"Dupla";"Reta";"Sim";234216;"Motocicleta";"YAMAHA/YBR125 FACTOR ED";2013;"Passageiro";"Lesoes Leves";30;"Feminino";0;1;0;0;"-1.39325952";"-48.41909766";"SR-PA";"DEL19/1";"UOP01/PA"
132511;286240;2018-05-06;"domingo";"22:00:00";"SC";158;109,4;"CUNHA PORA";"Sim";"Ingestao de alcool";1;"Colisao transversal";"Sem Vitimas";"Plena Noite";"Crescente";"Ceu Claro";"Simples";"Rotatória";"Sim";234215;"Motocicleta";"HONDA/CG 125 TITAN";1997;"Condutor";"Ileso";44;"Masculino";1;0;0;0;"-26.760532";"-53.174904";"SR-SC";"DEL8/8";"UOP02/SC"
132511;286239;2018-05-06;"domingo";"22:00:00";"SC";158;109,4;"CUNHA PORA";"Sim";"Ingestao de alcool";1;"Colisao transversal";"Sem Vitimas";"Plena Noite";"Crescente";"Ceu Claro";"Simples";"Rotatória";"Sim";234214;"Automóvel";"FIAT/UNO MILLE ECONOMY";2011;"Condutor";"Ileso";44;"Masculino";1;0;0;0;"-26.760532";"-53.174904";"SR-SC";"DEL8/8";"UOP02/SC"
132518;287967;2018-05-07;"segunda-feira";"00:48:00";"MT";70;516;"VARZEA GRANDE";"Sim";"Ingestao de alcool";1;"Colisao traseira";"Com Vitimas Feridas";"Plena Noite";"Decrescente";"Ceu Claro";"Simples";"Curva";"Sim";234243;"Caminhao-trator";"VOLVO/FH 400 4X2T";2008;"Condutor";"Ileso";58;"Masculino";1;0;0;0;"-15.66535418";"-56.18545532";"SR-MT";"DEL2/4";"UOP02/MT"
132518;287966;2018-05-07;"segunda-feira";"00:48:00";"MT";70;516;"VARZEA GRANDE";"Sim";"Ingestao de alcool";1;"Colisao traseira";"Com Vitimas Feridas";"Plena Noite";"Decrescente";"Ceu Claro";"Simples";"Curva";"Sim";234242;"Automóvel";"GM/CORSA SUPER";1997;"Passageiro";"Lesoes Leves";38;"Masculino";0;1;0;0;"-15.66535418";"-56.18545532";"SR-MT";"DEL2/4";"UOP02/MT"
132518;287962;2018-05-07;"segunda-feira";"00:48:00";"MT";70;516;"VARZEA GRANDE";"Sim";"Ingestao de alcool";1;"Colisao traseira";"Com Vitimas Feridas";"Plena Noite";"Decrescente";"Ceu Claro";"Simples";"Curva";"Sim";234242;"Automóvel";"GM/CORSA SUPER";1997;"Condutor";"Lesoes Leves";37;"Masculino";0;1;0;0;"-15.66535418";"-56.18545532";"SR-MT";"DEL2/4";"UOP02/MT"
132519;286274;2018-05-07;"segunda-feira";"02:10:00";"SC";101;362,7;"SANGAO";"Sim";"Ingestao de alcool";1;"Colisao com objeto estatico";"Sem Vitimas";"Plena Noite";"Crescente";"Chuva";"Dupla";"Nao Informado";"Nao";234246;"Automóvel";"I/GM CORSA SUPER";2001;"Condutor";"Ileso";56;"Masculino";1;0;0;0;"-28.6744";"-49.1242";"SR-SC";"DEL8/2";"UOP01/SC"
132521;286311;2018-05-07;"segunda-feira";"03:40:00";"RJ";40;31;"AREAL";"Sim";"Ingestao de alcool";1;"Queda de ocupante de veiculo";"Sem Vitimas";"Plena Noite";"Crescente";"Ceu Claro";"Dupla";"Curva";"Nao";234267;"Motocicleta";"HONDA/CBX 200 STRADA";2001;"Condutor";"Ileso";44;"Masculino";1;0;0;0;"-22.1987";"-43.1562";"SR-RJ";"DEL5/6";"UOP01/RJ"
132522;286285;2018-05-07;"segunda-feira";"02:32:00";"SC";101;199,8;"SAO JOSE";"Sim";"Ingestao de alcool";1;"Colisao com objeto estatico";"Com Vitimas Feridas";"Plena Noite";"Crescente";"Chuva";"Multipla";"Intersecao de vias";"Sim";234251;"Automóvel";"I/HYUNDAI I30 2.0";2010;"Passageiro";"Lesoes Graves";31;"Feminino";0;0;1;0;"-27.53799976";"-48.62537563";"SR-SC";"DEL8/1";"UOP01/SC"
132522;288367;2018-05-07;"segunda-feira";"02:32:00";"SC";101;199,8;"SAO JOSE";"Sim";"Ingestao de alcool";1;"Colisao com objeto estatico";"Com Vitimas Feridas";"Plena Noite";"Crescente";"Chuva";"Multipla";"Intersecao de vias";"Sim";234251;"Automóvel";"I/HYUNDAI I30 2.0";2010;"Condutor";"Ileso";35;"Masculino";1;0;0;0;"-27.53799976";"-48.62537563";"SR-SC";"DEL8/1";"UOP01/SC"
132535;286965;2018-05-07;"segunda-feira";"06:30:00";"PR";376;112;"PARANAVAI";"Sim";"Ingestao de alcool";1;"Saida de leito carrocavel";"Com Vitimas Fatais";"Amanhecer";"Decrescente";"Ceu Claro";"Simples";"Nao Informado";"Nao";234805;"Motocicleta";"HONDA/CG 150 TITAN ESD";2011;"Passageiro";"Lesoes Leves";27;"Masculino";0;1;0;0;"-23.08975";"-52.39199";"SR-PR";"DEL7/7";"UOP05/PR"
132535;286963;2018-05-07;"segunda-feira";"06:30:00";"PR";376;112;"PARANAVAI";"Sim";"Ingestao de alcool";1;"Saida de leito carrocavel";"Com Vitimas Fatais";"Amanhecer";"Decrescente";"Ceu Claro";"Simples";"Nao Informado";"Nao";234805;"Motocicleta";"HONDA/CG 150 TITAN ESD";2011;"Condutor";"Óbito";37;"Masculino";0;0;0;1;"-23.08975";"-52.39199";"SR-PR";"DEL7/7";"UOP05/PR"
132539;286445;2018-05-07;"segunda-feira";"07:00:00";"GO";70;18,4;"COCALZINHO DE GOIAS";"Nao";"Ingestao de alcool";1;"Saida de leito carrocavel";"Com Vitimas Fatais";"Amanhecer";"Crescente";"Ignorado";"Simples";"Nao Informado";"Nao";234363;"Motocicleta";"HONDA/CG 125 FAN";2007;"Condutor";"Óbito";33;"Masculino";0;0;0;1;"-15.7448";"-48.3557";"SR-DF";"GO";"UOP06/DF"
132612;286480;2018-05-06;"domingo";"05:35:00";"PR";277;455,8;"LARANJEIRAS DO SUL";"Sim";"Ingestao de alcool";1;"Capotamento";"Com Vitimas Feridas";"Plena Noite";"Decrescente";"Ceu Claro";"Simples";"Curva";"Nao";234386;"Automóvel";"VW/GOL 16V";2000;"Condutor";"Lesoes Leves";22;"Masculino";0;1;0;0;"-25.3771267";"-52.3940989";"SR-PR";"DEL7/4";"UOP03/PR"
132633;286695;2018-05-07;"segunda-feira";"12:30:00";"RO";435;88;"COLORADO DO OESTE";"Sim";"Ingestao de alcool e/ou substâncias psicoativas pelo pedestre";1;"Queda de ocupante de veiculo";"Com Vitimas Feridas";"Pleno dia";"Decrescente";"Sol";"Simples";"Reta";"Sim";234582;"Motocicleta";"HONDA/NXR150 BROS ESD";2003;"Condutor";"Lesoes Graves";59;"Masculino";0;0;1;0;"-13.138218";"-60.545055";"SR-RO";"DEL21/4";"UOP02/RO"
132696;288359;2018-05-07;"segunda-feira";"18:50:00";"SP";116;323;"JUQUITIBA";"Sim";"Ingestao de alcool e/ou substâncias psicoativas pelo pedestre";1;"Atropelamento de Pedestre";"Com Vitimas Feridas";"Plena Noite";"Decrescente";"Ignorado";"Dupla";"Reta";"Sim";234656;"Motocicleta";"HONDA/NXR150 BROS ESD";2005;"Condutor";"Ileso";41;"Masculino";1;0;0;0;"-23.93731009";"-47.02852249";"SR-SP";"DEL6/4";"UOP02/SP"
132696;288362;2018-05-07;"segunda-feira";"18:50:00";"SP";116;323;"JUQUITIBA";"Sim";"Ingestao de alcool e/ou substâncias psicoativas pelo pedestre";1;"Atropelamento de Pedestre";"Com Vitimas Feridas";"Plena Noite";"Decrescente";"Ignorado";"Dupla";"Reta";"Sim";234656;"Motocicleta";"HONDA/NXR150 BROS ESD";2005;"Pedestre";"Lesoes Leves";56;"Masculino";0;1;0;0;"-23.93731009";"-47.02852249";"SR-SP";"DEL6/4";"UOP02/SP"
132702;288499;2018-05-07;"segunda-feira";"19:00:00";"PR";373;180;"PONTA GROSSA";"Sim";"Ingestao de alcool";1;"Colisao transversal";"Sem Vitimas";"Plena Noite";"Crescente";"Nublado";"Dupla";"Curva";"Sim";234646;"Automóvel";"I/KIA CERATO SX3 1.6ATNB";2011;"Condutor";"Ileso";45;"Masculino";1;0;0;0;"-25.03970737";"-50.24804771";"SR-PR";"DEL7/3";"UOP01/PR"
132702;288498;2018-05-07;"segunda-feira";"19:00:00";"PR";373;180;"PONTA GROSSA";"Sim";"Ingestao de alcool";1;"Colisao transversal";"Sem Vitimas";"Plena Noite";"Crescente";"Nublado";"Dupla";"Curva";"Sim";234645;"Caminhonete";"FIAT/STRADA FIRE";2004;"Condutor";"Ileso";30;"Masculino";1;0;0;0;"-25.03970737";"-50.24804771";"SR-PR";"DEL7/3";"UOP01/PR"
132712;288636;2018-05-07;"segunda-feira";"20:15:00";"MG";262;355;"BETIM";"Sim";"Ingestao de alcool";1;"Atropelamento de Pedestre";"Com Vitimas Feridas";"Plena Noite";"Crescente";"Ceu Claro";"Dupla";"Reta";"Nao";236209;"Automóvel";"VW/GOL 1.0 GIV";2011;"Condutor";"Ileso";51;"Masculino";1;0;0;0;"-19.9826";"-44.2321";"SR-MG";"DEL4/1";"UOP03/MG"
132712;288838;2018-05-07;"segunda-feira";"20:15:00";"MG";262;355;"BETIM";"Sim";"Ingestao de alcool";1;"Atropelamento de Pedestre";"Com Vitimas Feridas";"Plena Noite";"Crescente";"Ceu Claro";"Dupla";"Reta";"Nao";236209;"Automóvel";"VW/GOL 1.0 GIV";2011;"Testemunha";"Nao Informado";NA;"Nao Informado";0;0;0;0;"-19.9826";"-44.2321";"SR-MG";"DEL4/1";"UOP03/MG"
132712;288840;2018-05-07;"segunda-feira";"20:15:00";"MG";262;355;"BETIM";"Sim";"Ingestao de alcool";1;"Atropelamento de Pedestre";"Com Vitimas Feridas";"Plena Noite";"Crescente";"Ceu Claro";"Dupla";"Reta";"Nao";236209;"Automóvel";"VW/GOL 1.0 GIV";2011;"Testemunha";"Nao Informado";NA;"Nao Informado";0;0;0;0;"-19.9826";"-44.2321";"SR-MG";"DEL4/1";"UOP03/MG"
132712;288835;2018-05-07;"segunda-feira";"20:15:00";"MG";262;355;"BETIM";"Sim";"Ingestao de alcool";1;"Atropelamento de Pedestre";"Com Vitimas Feridas";"Plena Noite";"Crescente";"Ceu Claro";"Dupla";"Reta";"Nao";236209;"Automóvel";"VW/GOL 1.0 GIV";2011;"Pedestre";"Lesoes Graves";32;"Masculino";0;0;1;0;"-19.9826";"-44.2321";"SR-MG";"DEL4/1";"UOP03/MG"
132741;288585;2018-05-08;"terca-feira";"02:30:00";"PI";343;348;"TERESINA";"Sim";"Ingestao de alcool";1;"Colisao com objeto estatico";"Sem Vitimas";"Plena Noite";"Crescente";"Ceu Claro";"Dupla";"Reta";"Sim";236160;"Automóvel";"I/CHEVROLET CLASSIC LS";2014;"Condutor";"Nao Informado";NA;"Nao Informado";0;0;0;0;"-5.117599";"-42.784239";"SR-PI";"DEL17/1";"UOP01/PI"
132741;288574;2018-05-08;"terca-feira";"02:30:00";"PI";343;348;"TERESINA";"Sim";"Ingestao de alcool";1;"Colisao com objeto estatico";"Sem Vitimas";"Plena Noite";"Crescente";"Ceu Claro";"Dupla";"Reta";"Sim";234697;"Automóvel";"RENAULT/LOGAN EXPR 10";2017;"Condutor";"Ileso";33;"Masculino";1;0;0;0;"-5.117599";"-42.784239";"SR-PI";"DEL17/1";"UOP01/PI"