"id";"pesid";"data_inversa";"dia_semana";"horario";"uf";"br";"km";"municipio";"causa_principal";"causa_acidente";"ordem_tipo_acidente";"tipo_acidente";"classificacao_acidente";"fase_dia";"sentido_via";"condicao_metereologica";"tipo_pista";"tracado_via";"uso_solo";"id_veiculo";"tipo_veiculo";"marca";"ano_fabricacao_veiculo";"tipo_envolvido";"estado_fisico";"idade";"sexo";"ilesos";"feridos_leves";"feridos_graves";"mortos";"latitude";"longitude";"regional";"delegacia";"uop"
133835;289377;2018-05-13;"domingo";"01:40:00";"MA";230;1;"BARAO DE GRAJAU";"Sim";"Ingestao de alcool";1;"Tombamento";"Com Vitimas Feridas";"Plena Noite";"Decrescente";"Ceu Claro";"Dupla";"Curva";"Nao";236814;"Motocicleta";"HONDA/NXR125 BROS KS";2014;"Condutor";"Lesoes Graves";28;"Masculino";0;0;1;0;"-6.755173";"-43.018978";"SR-PI";"DEL17/3";"UOP01/PI"
133863;289241;2018-05-12;"sabado";"21:30:00";"PR";476;139;"CURITIBA";"Sim";"Ingestao de alcool";1;"Colisao com objeto estatico";"Com Vitimas Feridas";"Plena Noite";"Crescente";"Ceu Claro";"Multipla";"Reta";"Sim";236737;"Automóvel";"GM/CORSA SUPER";1996;"Condutor";"Lesoes Leves";34;"Masculino";0;1;0;0;"-25.52591931";"-49.29729011";"SR-PR";"DEL7/1";"UOP06/PR"
133863;289243;2018-05-12;"sabado";"21:30:00";"PR";476;139;"CURITIBA";"Sim";"Ingestao de alcool";1;"Colisao com objeto estatico";"Com Vitimas Feridas";"Plena Noite";"Crescente";"Ceu Claro";"Multipla";"Reta";"Sim";236737;"Automóvel";"GM/CORSA SUPER";1996;"Passageiro";"Ileso";24;"Masculino";1;0;0;0;"-25.52591931";"-49.29729011";"SR-PR";"DEL7/1";"UOP06/PR"
133869;291369;2018-05-13;"domingo";"04:50:00";"BA";324;7;"FEIRA DE SANTANA";"Nao";"Ingestao de alcool";1;"Colisao traseira";"Com Vitimas Feridas";"Amanhecer";"Crescente";"Nublado";"Dupla";"Reta";"Sim";236757;"Caminhonete";"FIAT/FIORINO 1.4 FLEX";2015;"Condutor";"Ileso";28;"Masculino";1;0;0;0;"-12.27184576";"-38.98590803";"SR-BA";"DEL10/2";"UOP01/BA"
133869;291371;2018-05-13;"domingo";"04:50:00";"BA";324;7;"FEIRA DE SANTANA";"Nao";"Ingestao de alcool";1;"Colisao traseira";"Com Vitimas Feridas";"Amanhecer";"Crescente";"Nublado";"Dupla";"Reta";"Sim";236758;"Motocicleta";"HONDA/CG 150 TITAN KS";2009;"Condutor";"Lesoes Leves";20;"Masculino";0;1;0;0;"-12.27184576";"-38.98590803";"SR-BA";"DEL10/2";"UOP01/BA"
133869;291372;2018-05-13;"domingo";"04:50:00";"BA";324;7;"FEIRA DE SANTANA";"Nao";"Ingestao de alcool";1;"Colisao traseira";"Com Vitimas Feridas";"Amanhecer";"Crescente";"Nublado";"Dupla";"Reta";"Sim";236759;"Motocicleta";"HONDA/CG150 FAN ESDI";2015;"Condutor";"Lesoes Leves";19;"Masculino";0;1;0;0;"-12.27184576";"-38.98590803";"SR-BA";"DEL10/2";"UOP01/BA"
133876;291386;2018-05-13;"domingo";"05:30:00";"RN";304;46;"MOSSORO";"Nao";"Ingestao de alcool";1;"Colisao transversal";"Com Vitimas Feridas";"Pleno dia";"Crescente";"Ceu Claro";"Dupla";"Reta";"Sim";238240;"Motocicleta";"";NA;"Condutor";"Ileso";NA;"Ignorado";1;0;0;0;"-5.22635877";"-37.32890725";"SR-RN";"DEL15/4";"UOP01/RN"
133876;291385;2018-05-13;"domingo";"05:30:00";"RN";304;46;"MOSSORO";"Nao";"Ingestao de alcool";1;"Colisao transversal";"Com Vitimas Feridas";"Pleno dia";"Crescente";"Ceu Claro";"Dupla";"Reta";"Sim";238238;"Motocicleta";"HONDA/CG 125 FAN KS";2012;"Condutor";"Lesoes Graves";25;"Masculino";0;0;1;0;"-5.22635877";"-37.32890725";"SR-RN";"DEL15/4";"UOP01/RN"
133877;289279;2018-05-13;"domingo";"05:45:00";"SC";101;41,4;"JOINVILLE";"Sim";"Ingestao de alcool";1;"Colisao traseira";"Com Vitimas Feridas";"Plena Noite";"Crescente";"Nublado";"Dupla";"Reta";"Sim";236763;"Automóvel";"PEUGEOT/208 ACTIVE MT";2017;"Condutor";"Ileso";29;"Masculino";1;0;0;0;"-26.324";"-48.8672";"SR-SC";"DEL8/3";"UOP01/SC"
133877;289281;2018-05-13;"domingo";"05:45:00";"SC";101;41,4;"JOINVILLE";"Sim";"Ingestao de alcool";1;"Colisao traseira";"Com Vitimas Feridas";"Plena Noite";"Crescente";"Nublado";"Dupla";"Reta";"Sim";236764;"Automóvel";"VW/GOL CL 1.6 MI";1996;"Condutor";"Ileso";42;"Masculino";1;0;0;0;"-26.324";"-48.8672";"SR-SC";"DEL8/3";"UOP01/SC"
133877;289282;2018-05-13;"domingo";"05:45:00";"SC";101;41,4;"JOINVILLE";"Sim";"Ingestao de alcool";1;"Colisao traseira";"Com Vitimas Feridas";"Plena Noite";"Crescente";"Nublado";"Dupla";"Reta";"Sim";236764;"Automóvel";"VW/GOL CL 1.6 MI";1996;"Passageiro";"Lesoes Leves";43;"Masculino";0;1;0;0;"-26.324";"-48.8672";"SR-SC";"DEL8/3";"UOP01/SC"
133895;290342;2018-05-13;"domingo";"06:30:00";"ES";101;143,9;"LINHARES";"Sim";"Ingestao de alcool";1;"Saida de leito carrocavel";"Com Vitimas Feridas";"Pleno dia";"Crescente";"Ceu Claro";"Multipla";"Curva";"Sim";236781;"Automóvel";"FORD/FIESTA SEDAN FLEX";2007;"Passageiro";"Ileso";29;"Masculino";1;0;0;0;"-19.35037378";"-40.06358743";"SR-ES";"DEL12/4";"UOP01/ES"
133895;290344;2018-05-13;"domingo";"06:30:00";"ES";101;143,9;"LINHARES";"Sim";"Ingestao de alcool";1;"Saida de leito carrocavel";"Com Vitimas Feridas";"Pleno dia";"Crescente";"Ceu Claro";"Multipla";"Curva";"Sim";236781;"Automóvel";"FORD/FIESTA SEDAN FLEX";2007;"Passageiro";"Lesoes Leves";20;"Masculino";0;1;0;0;"-19.35037378";"-40.06358743";"SR-ES";"DEL12/4";"UOP01/ES"
133895;290343;2018-05-13;"domingo";"06:30:00";"ES";101;143,9;"LINHARES";"Sim";"Ingestao de alcool";1;"Saida de leito carrocavel";"Com Vitimas Feridas";"Pleno dia";"Crescente";"Ceu Claro";"Multipla";"Curva";"Sim";236781;"Automóvel";"FORD/FIESTA SEDAN FLEX";2007;"Passageiro";"Lesoes Leves";28;"Feminino";0;1;0;0;"-19.35037378";"-40.06358743";"SR-ES";"DEL12/4";"UOP01/ES"
133895;290347;2018-05-13;"domingo";"06:30:00";"ES";101;143,9;"LINHARES";"Sim";"Ingestao de alcool";1;"Saida de leito carrocavel";"Com Vitimas Feridas";"Pleno dia";"Crescente";"Ceu Claro";"Multipla";"Curva";"Sim";236781;"Automóvel";"FORD/FIESTA SEDAN FLEX";2007;"Condutor";"Lesoes Leves";24;"Masculino";0;1;0;0;"-19.35037378";"-40.06358743";"SR-ES";"DEL12/4";"UOP01/ES"
133898;292958;2018-05-13;"domingo";"06:30:00";"SC";101;282,5;"IMBITUBA";"Sim";"Ingestao de alcool";1;"Tombamento";"Com Vitimas Feridas";"Amanhecer";"Crescente";"Ceu Claro";"Multipla";"Rotatória";"Sim";236770;"Motocicleta";"YAMAHA/YBR125 FACTOR ED";2015;"Condutor";"Lesoes Leves";44;"Masculino";0;1;0;0;"-28.21489791";"-48.70021462";"SR-SC";"DEL8/2";"UOP03/SC"
133942;291150;2018-05-13;"domingo";"06:30:00";"MS";163;568,7;"BANDEIRANTES";"Sim";"Ingestao de alcool";1;"Saida de leito carrocavel";"Sem Vitimas";"Amanhecer";"Crescente";"Nublado";"Simples";"Reta";"Nao";237053;"Automóvel";"RENAULT/SANDERO EXP 16HP";2013;"Condutor";"Ileso";43;"Masculino";1;0;0;0;"-19.75539489";"-54.35726166";"SR-MS";"DEL3/1";"UOP02/MS"
133971;289497;2018-05-13;"domingo";"09:50:00";"RO";364;381;"OURO PRETO DO OESTE";"Sim";"Ingestao de alcool";1;"Colisao lateral";"Com Vitimas Feridas";"Pleno dia";"Decrescente";"Ceu Claro";"Simples";"Curva";"Sim";236892;"Motoneta";"HONDA/C100 BIZ";1998;"Condutor";"Lesoes Leves";31;"Masculino";0;1;0;0;"-10.73025";"-62.22945";"SR-RO";"DEL21/2";"UOP01/RO"
133971;289502;2018-05-13;"domingo";"09:50:00";"RO";364;381;"OURO PRETO DO OESTE";"Sim";"Ingestao de alcool";1;"Colisao lateral";"Com Vitimas Feridas";"Pleno dia";"Decrescente";"Ceu Claro";"Simples";"Curva";"Sim";236893;"Caminhonete";"I/TOYOTA HILUX CD4X4 SRV";2013;"Condutor";"Ileso";47;"Masculino";1;0;0;0;"-10.73025";"-62.22945";"SR-RO";"DEL21/2";"UOP01/RO"
133971;289503;2018-05-13;"domingo";"09:50:00";"RO";364;381;"OURO PRETO DO OESTE";"Sim";"Ingestao de alcool";1;"Colisao lateral";"Com Vitimas Feridas";"Pleno dia";"Decrescente";"Ceu Claro";"Simples";"Curva";"Sim";236893;"Caminhonete";"I/TOYOTA HILUX CD4X4 SRV";2013;"Passageiro";"Ileso";39;"Feminino";1;0;0;0;"-10.73025";"-62.22945";"SR-RO";"DEL21/2";"UOP01/RO"
133971;289504;2018-05-13;"domingo";"09:50:00";"RO";364;381;"OURO PRETO DO OESTE";"Sim";"Ingestao de alcool";1;"Colisao lateral";"Com Vitimas Feridas";"Pleno dia";"Decrescente";"Ceu Claro";"Simples";"Curva";"Sim";236893;"Caminhonete";"I/TOYOTA HILUX CD4X4 SRV";2013;"Passageiro";"Ileso";12;"Masculino";1;0;0;0;"-10.73025";"-62.22945";"SR-RO";"DEL21/2";"UOP01/RO"
133971;289507;2018-05-13;"domingo";"09:50:00";"RO";364;381;"OURO PRETO DO OESTE";"Sim";"Ingestao de alcool";1;"Colisao lateral";"Com Vitimas Feridas";"Pleno dia";"Decrescente";"Ceu Claro";"Simples";"Curva";"Sim";236893;"Caminhonete";"I/TOYOTA HILUX CD4X4 SRV";2013;"Passageiro";"Ileso";10;"Feminino";1;0;0;0;"-10.73025";"-62.22945";"SR-RO";"DEL21/2";"UOP01/RO"
133971;289501;2018-05-13;"domingo";"09:50:00";"RO";364;381;"OURO PRETO DO OESTE";"Sim";"Ingestao de alcool";1;"Colisao lateral";"Com Vitimas Feridas";"Pleno dia";"Decrescente";"Ceu Claro";"Simples";"Curva";"Sim";236892;"Motoneta";"HONDA/C100 BIZ";1998;"Passageiro";"Lesoes Leves";32;"Feminino";0;1;0;0;"-10.73025";"-62.22945";"SR-RO";"DEL21/2";"UOP01/RO"
133983;290316;2018-05-13;"domingo";"09:15:00";"PE";232;79,7;"GRAVATA";"Sim";"Ingestao de alcool";1;"Colisao frontal";"Com Vitimas Feridas";"Pleno dia";"Decrescente";"Ceu Claro";"Multipla";"Reta";"Sim";236853;"Automóvel";"GM/CORSA WIND";1999;"Condutor";"Ileso";44;"Masculino";1;0;0;0;"-8.195924";"-35.567954";"SR-PE";"DEL11/1";"UOP04/PE"
133983;290314;2018-05-13;"domingo";"09:15:00";"PE";232;79,7;"GRAVATA";"Sim";"Ingestao de alcool";1;"Colisao frontal";"Com Vitimas Feridas";"Pleno dia";"Decrescente";"Ceu Claro";"Multipla";"Reta";"Sim";236852;"Ciclomotor";"I/SHINERAY XY 50 Q";2012;"Condutor";"Lesoes Graves";27;"Feminino";0;0;1;0;"-8.195924";"-35.567954";"SR-PE";"DEL11/1";"UOP04/PE"
133986;291792;2018-05-13;"domingo";"13:10:00";"MT";163;806,5;"SINOP";"Sim";"Ingestao de alcool";1;"Saida de leito carrocavel";"Com Vitimas Feridas";"Pleno dia";"Crescente";"Sol";"Simples";"Reta";"Nao";237760;"Automóvel";"GM/CLASSIC SPIRIT";2005;"Condutor";"Lesoes Graves";42;"Masculino";0;0;1;0;"-12.06550944";"-55.51734924";"SR-MT";"DEL2/6";"UOP01/MT"
133986;291798;2018-05-13;"domingo";"13:10:00";"MT";163;806,5;"SINOP";"Sim";"Ingestao de alcool";1;"Saida de leito carrocavel";"Com Vitimas Feridas";"Pleno dia";"Crescente";"Sol";"Simples";"Reta";"Nao";237760;"Automóvel";"GM/CLASSIC SPIRIT";2005;"Passageiro";"Lesoes Graves";49;"Masculino";0;0;1;0;"-12.06550944";"-55.51734924";"SR-MT";"DEL2/6";"UOP01/MT"
133989;291601;2018-05-13;"domingo";"12:30:00";"MG";251;314;"SALINAS";"Sim";"Ingestao de alcool";1;"Tombamento";"Sem Vitimas";"Pleno dia";"Crescente";"Sol";"Simples";"Reta";"Nao";237034;"Caminhao";"VW/24.250 CLC 6X2";2010;"Condutor";"Ileso";37;"Masculino";1;0;0;0;"-16.1455";"-42.3082";"SR-MG";"DEL4/11";"UOP02/MG"
134002;289696;2018-05-13;"domingo";"13:38:00";"MT";70;510,2;"CUIABA";"Sim";"Ingestao de alcool";1;"Colisao lateral";"Sem Vitimas";"Pleno dia";"Decrescente";"Ceu Claro";"Dupla";"Rotatória";"Sim";237051;"Caminhao";"";NA;"Condutor";"Nao Informado";NA;"Nao Informado";0;0;0;0;"-15.660376";"-56.005229";"SR-MT";"DEL2/1";"UOP01/MT"
134002;289691;2018-05-13;"domingo";"13:38:00";"MT";70;510,2;"CUIABA";"Sim";"Ingestao de alcool";1;"Colisao lateral";"Sem Vitimas";"Pleno dia";"Decrescente";"Ceu Claro";"Dupla";"Rotatória";"Sim";237046;"Automóvel";"GM/VECTRA GLS";1998;"Condutor";"Ileso";23;"Masculino";1;0;0;0;"-15.660376";"-56.005229";"SR-MT";"DEL2/1";"UOP01/MT"
134023;289868;2018-05-13;"domingo";"14:40:00";"MT";163;679;"LUCAS DO RIO VERDE";"Sim";"Ingestao de alcool";1;"Saida de leito carrocavel";"Sem Vitimas";"Pleno dia";"Crescente";"Ceu Claro";"Simples";"Reta";"Nao";236988;"Automóvel";"FIAT/UNO ELECTRONIC";1995;"Condutor";"Ileso";49;"Masculino";1;0;0;0;"-13.08215359";"-55.94032288";"SR-MT";"DEL2/6";"UOP01/MT"
134030;290743;2018-05-13;"domingo";"15:10:00";"SP";153;287,7;"OCAUCU";"Sim";"Ingestao de alcool";1;"Colisao com objeto estatico";"Com Vitimas Feridas";"Pleno dia";"Crescente";"Ceu Claro";"Simples";"Curva";"Nao";237109;"Motocicleta";"HONDA/CG 150 TITAN ES";2007;"Condutor";"Lesoes Graves";29;"Masculino";0;0;1;0;"-22.47130017";"-49.88718683";"SR-SP";"DEL6/07";"UOP02/SP"
134032;293344;2018-05-13;"domingo";"16:00:00";"GO";60;68;"ABADIANIA";"Sim";"Ingestao de alcool e/ou substâncias psicoativas pelo pedestre";1;"Capotamento";"Com Vitimas Feridas";"Pleno dia";"Crescente";"Ceu Claro";"Dupla";"Reta";"Nao";237050;"Caminhonete";"CHEVROLET/MONTANA SPORT";2014;"Condutor";"Lesoes Leves";30;"Feminino";0;1;0;0;"-16.2295";"-48.7547";"SR-GO";"DEL1/2";"UOP01/GO"
134052;289783;2018-05-13;"domingo";"17:00:00";"PR";476;130,5;"CURITIBA";"Sim";"Ingestao de alcool";1;"Colisao transversal";"Sem Vitimas";"Pleno dia";"Crescente";"Sol";"Multipla";"Reta";"Sim";237122;"Automóvel";"I/PEUGEOT 408 GRIFFE THP";2012;"Condutor";"Ileso";28;"Masculino";1;0;0;0;"-25.45195498";"-49.24037933";"SR-PR";"DEL7/1";"UOP06/PR"
134052;289786;2018-05-13;"domingo";"17:00:00";"PR";476;130,5;"CURITIBA";"Sim";"Ingestao de alcool";1;"Colisao transversal";"Sem Vitimas";"Pleno dia";"Crescente";"Sol";"Multipla";"Reta";"Sim";237122;"Automóvel";"I/PEUGEOT 408 GRIFFE THP";2012;"Testemunha";"Nao Informado";NA;"Nao Informado";0;0;0;0;"-25.45195498";"-49.24037933";"SR-PR";"DEL7/1";"UOP06/PR"
134052;289778;2018-05-13;"domingo";"17:00:00";"PR";476;130,5;"CURITIBA";"Sim";"Ingestao de alcool";1;"Colisao transversal";"Sem Vitimas";"Pleno dia";"Crescente";"Sol";"Multipla";"Reta";"Sim";237120;"Automóvel";"PEUGEOT/206 14 SENSAT FX";2006;"Condutor";"Ileso";26;"Masculino";1;0;0;0;"-25.45195498";"-49.24037933";"SR-PR";"DEL7/1";"UOP06/PR"
134087;289722;2018-05-13;"domingo";"18:19:00";"MG";146;605;"POCOS DE CALDAS";"Sim";"Ingestao de alcool";1;"Colisao lateral";"Sem Vitimas";"Plena Noite";"Crescente";"Nublado";"Simples";"Nao Informado";"Nao";236939;"Automóvel";"VW/GOL 1.6";1999;"Testemunha";"Nao Informado";NA;"Nao Informado";0;0;0;0;"-21.80261911";"-46.44696929";"SR-MG";"DEL4/13";"UOP01/MG"
134087;289724;2018-05-13;"domingo";"18:19:00";"MG";146;605;"POCOS DE CALDAS";"Sim";"Ingestao de alcool";1;"Colisao lateral";"Sem Vitimas";"Plena Noite";"Crescente";"Nublado";"Simples";"Nao Informado";"Nao";236940;"Automóvel";"VW/VOYAGE 1.6 COMFORTL";2009;"Condutor";"Ileso";42;"Masculino";1;0;0;0;"-21.80261911";"-46.44696929";"SR-MG";"DEL4/13";"UOP01/MG"
134087;289728;2018-05-13;"domingo";"18:19:00";"MG";146;605;"POCOS DE CALDAS";"Sim";"Ingestao de alcool";1;"Colisao lateral";"Sem Vitimas";"Plena Noite";"Crescente";"Nublado";"Simples";"Nao Informado";"Nao";236940;"Automóvel";"VW/VOYAGE 1.6 COMFORTL";2009;"Passageiro";"Ileso";34;"Feminino";1;0;0;0;"-21.80261911";"-46.44696929";"SR-MG";"DEL4/13";"UOP01/MG"
134087;289729;2018-05-13;"domingo";"18:19:00";"MG";146;605;"POCOS DE CALDAS";"Sim";"Ingestao de alcool";1;"Colisao lateral";"Sem Vitimas";"Plena Noite";"Crescente";"Nublado";"Simples";"Nao Informado";"Nao";236940;"Automóvel";"VW/VOYAGE 1.6 COMFORTL";2009;"Passageiro";"Ileso";57;"Feminino";1;0;0;0;"-21.80261911";"-46.44696929";"SR-MG";"DEL4/13";"UOP01/MG"
134087;289730;2018-05-13;"domingo";"18:19:00";"MG";146;605;"POCOS DE CALDAS";"Sim";"Ingestao de alcool";1;"Colisao lateral";"Sem Vitimas";"Plena Noite";"Crescente";"Nublado";"Simples";"Nao Informado";"Nao";236940;"Automóvel";"VW/VOYAGE 1.6 COMFORTL";2009;"Passageiro";"Ileso";61;"Feminino";1;0;0;0;"-21.80261911";"-46.44696929";"SR-MG";"DEL4/13";"UOP01/MG"
134087;289732;2018-05-13;"domingo";"18:19:00";"MG";146;605;"POCOS DE CALDAS";"Sim";"Ingestao de alcool";1;"Colisao lateral";"Sem Vitimas";"Plena Noite";"Crescente";"Nublado";"Simples";"Nao Informado";"Nao";236940;"Automóvel";"VW/VOYAGE 1.6 COMFORTL";2009;"Passageiro";"Ileso";3;"Masculino";1;0;0;0;"-21.80261911";"-46.44696929";"SR-MG";"DEL4/13";"UOP01/MG"
134087;289716;2018-05-13;"domingo";"18:19:00";"MG";146;605;"POCOS DE CALDAS";"Sim";"Ingestao de alcool";1;"Colisao lateral";"Sem Vitimas";"Plena Noite";"Crescente";"Nublado";"Simples";"Nao Informado";"Nao";236939;"Automóvel";"VW/GOL 1.6";1999;"Passageiro";"Ileso";15;"Feminino";1;0;0;0;"-21.80261911";"-46.44696929";"SR-MG";"DEL4/13";"UOP01/MG"
134087;289714;2018-05-13;"domingo";"18:19:00";"MG";146;605;"POCOS DE CALDAS";"Sim";"Ingestao de alcool";1;"Colisao lateral";"Sem Vitimas";"Plena Noite";"Crescente";"Nublado";"Simples";"Nao Informado";"Nao";236939;"Automóvel";"VW/GOL 1.6";1999;"Condutor";"Ileso";46;"Masculino";1;0;0;0;"-21.80261911";"-46.44696929";"SR-MG";"DEL4/13";"UOP01/MG"
134088;290702;2018-05-13;"domingo";"18:00:00";"PB";230;41,9;"SANTA RITA";"Nao";"Ingestao de alcool";2;"Colisao com objeto estatico";"Com Vitimas Feridas";"Plena Noite";"Decrescente";"Nublado";"Dupla";"Nao Informado";"Nao";237806;"Automóvel";"VW/GOL 1.0";2004;"Condutor";"Ileso";51;"Masculino";1;0;0;0;"-7.1428769";"-34.9952674";"SR-PB";"DEL14/1";"UOP01/PB"
134088;290701;2018-05-13;"domingo";"18:00:00";"PB";230;41,9;"SANTA RITA";"Nao";"Ingestao de alcool";2;"Colisao com objeto estatico";"Com Vitimas Feridas";"Plena Noite";"Decrescente";"Nublado";"Dupla";"Nao Informado";"Nao";237805;"Automóvel";"FIAT/UNO MILLE EX";1999;"Condutor";"Lesoes Graves";59;"Masculino";0;0;1;0;"-7.1428769";"-34.9952674";"SR-PB";"DEL14/1";"UOP01/PB"
134100;291602;2018-05-13;"domingo";"19:10:00";"GO";60;257;"INDIARA";"Sim";"Ingestao de alcool";1;"Colisao traseira";"Com Vitimas Feridas";"Plena Noite";"Crescente";"Ignorado";"Dupla";"Reta";"Nao";237031;"Automóvel";"GM/ASTRA HATCH CD";2002;"Condutor";"Ileso";36;"Feminino";1;0;0;0;"-17.15883356";"-50.03242493";"SR-GO";"DEL1/1";"UOP02/GO"
134100;291605;2018-05-13;"domingo";"19:10:00";"GO";60;257;"INDIARA";"Sim";"Ingestao de alcool";1;"Colisao traseira";"Com Vitimas Feridas";"Plena Noite";"Crescente";"Ignorado";"Dupla";"Reta";"Nao";237032;"Automóvel";"VW/GOL 1.0";2004;"Condutor";"Lesoes Leves";45;"Masculino";0;1;0;0;"-17.15883356";"-50.03242493";"SR-GO";"DEL1/1";"UOP02/GO"
134110;289649;2018-05-13;"domingo";"19:30:00";"PA";230;115;"MARABA";"Sim";"Ingestao de alcool";1;"Capotamento";"Com Vitimas Feridas";"Anoitecer";"Crescente";"Ceu Claro";"Dupla";"Nao Informado";"Sim";236983;"Caminhao-trator";"IVECO/STRALIS 600S40T";2013;"Condutor";"Lesoes Graves";33;"Masculino";0;0;1;0;"-5.35446137";"-49.09260035";"SR-PA";"DEL19/3";"UOP01/PA"
134110;289665;2018-05-13;"domingo";"19:30:00";"PA";230;115;"MARABA";"Sim";"Ingestao de alcool";1;"Capotamento";"Com Vitimas Feridas";"Anoitecer";"Crescente";"Ceu Claro";"Dupla";"Nao Informado";"Sim";236983;"Caminhao-trator";"IVECO/STRALIS 600S40T";2013;"Testemunha";"Nao Informado";NA;"Nao Informado";0;0;0;0;"-5.35446137";"-49.09260035";"SR-PA";"DEL19/3";"UOP01/PA"
134110;289639;2018-05-13;"domingo";"19:30:00";"PA";230;115;"MARABA";"Sim";"Ingestao de alcool";1;"Capotamento";"Com Vitimas Feridas";"Anoitecer";"Crescente";"Ceu Claro";"Dupla";"Nao Informado";"Sim";236983;"Caminhao-trator";"IVECO/STRALIS 600S40T";2013;"Passageiro";"Ileso";7;"Masculino";1;0;0;0;"-5.35446137";"-49.09260035";"SR-PA";"DEL19/3";"UOP01/PA"
134110;289615;2018-05-13;"domingo";"19:30:00";"PA";230;115;"MARABA";"Sim";"Ingestao de alcool";1;"Capotamento";"Com Vitimas Feridas";"Anoitecer";"Crescente";"Ceu Claro";"Dupla";"Nao Informado";"Sim";236983;"Caminhao-trator";"IVECO/STRALIS 600S40T";2013;"Passageiro";"Lesoes Leves";14;"Feminino";0;1;0;0;"-5.35446137";"-49.09260035";"SR-PA";"DEL19/3";"UOP01/PA"
134110;289623;2018-05-13;"domingo";"19:30:00";"PA";230;115;"MARABA";"Sim";"Ingestao de alcool";1;"Capotamento";"Com Vitimas Feridas";"Anoitecer";"Crescente";"Ceu Claro";"Dupla";"Nao Informado";"Sim";236983;"Caminhao-trator";"IVECO/STRALIS 600S40T";2013;"Passageiro";"Lesoes Graves";15;"Masculino";0;0;1;0;"-5.35446137";"-49.09260035";"SR-PA";"DEL19/3";"UOP01/PA"
134135;291866;2018-05-13;"domingo";"15:00:00";"ES";101;265,2;"SERRA";"Sim";"Ingestao de alcool";1;"Tombamento";"Com Vitimas Feridas";"Pleno dia";"Decrescente";"Ceu Claro";"Dupla";"Desvio Temporario";"Sim";238408;"Motocicleta";"HONDA/XR 250 TORNADO";2006;"Pedestre";"Lesoes Leves";28;"Feminino";0;1;0;0;"-20.1814153";"-40.26532173";"SR-ES";"DEL12/2";"UOP01/ES"
134135;291869;2018-05-13;"domingo";"15:00:00";"ES";101;265,2;"SERRA";"Sim";"Ingestao de alcool";1;"Tombamento";"Com Vitimas Feridas";"Pleno dia";"Decrescente";"Ceu Claro";"Dupla";"Desvio Temporario";"Sim";238408;"Motocicleta";"HONDA/XR 250 TORNADO";2006;"Pedestre";"Lesoes Leves";6;"Masculino";0;1;0;0;"-20.1814153";"-40.26532173";"SR-ES";"DEL12/2";"UOP01/ES"
134135;291862;2018-05-13;"domingo";"15:00:00";"ES";101;265,2;"SERRA";"Sim";"Ingestao de alcool";1;"Tombamento";"Com Vitimas Feridas";"Pleno dia";"Decrescente";"Ceu Claro";"Dupla";"Desvio Temporario";"Sim";238408;"Motocicleta";"HONDA/XR 250 TORNADO";2006;"Condutor";"Lesoes Graves";50;"Masculino";0;0;1;0;"-20.1814153";"-40.26532173";"SR-ES";"DEL12/2";"UOP01/ES"
134137;291887;2018-05-13;"domingo";"17:30:00";"ES";262;112,1;"VENDA NOVA DO IMIGRANTE";"Sim";"Ingestao de alcool";1;"Colisao lateral";"Sem Vitimas";"Anoitecer";"Crescente";"Nublado";"Simples";"Reta";"Nao";237055;"Automóvel";"VW/GOL 1.0";2006;"Condutor";"Ileso";34;"Masculino";1;0;0;0;"-20.3374364";"-41.20080616";"SR-ES";"DEL12/1";"UOP02/ES"
134137;291885;2018-05-13;"domingo";"17:30:00";"ES";262;112,1;"VENDA NOVA DO IMIGRANTE";"Sim";"Ingestao de alcool";1;"Colisao lateral";"Sem Vitimas";"Anoitecer";"Crescente";"Nublado";"Simples";"Reta";"Nao";237054;"Automóvel";"GM/CORSA SUPER";1997;"Condutor";"Ileso";53;"Masculino";1;0;0;0;"-20.3374364";"-41.20080616";"SR-ES";"DEL12/1";"UOP02/ES"
134138;291831;2018-05-13;"domingo";"19:00:00";"PI";230;307;"TERESINA";"Sim";"Ingestao de alcool";1;"Colisao traseira";"Com Vitimas Feridas";"Plena Noite";"Crescente";"Ceu Claro";"Simples";"Reta";"Nao";238589;"Motocicleta";"";NA;"Condutor";"Ileso";28;"Masculino";1;0;0;0;"-5.03451693";"-42.76754379";"SR-PI";"DEL17/3";"UOP01/PI"
134138;291834;2018-05-13;"domingo";"19:00:00";"PI";230;307;"TERESINA";"Sim";"Ingestao de alcool";1;"Colisao traseira";"Com Vitimas Feridas";"Plena Noite";"Crescente";"Ceu Claro";"Simples";"Reta";"Nao";238589;"Motocicleta";"";NA;"Passageiro";"Lesoes Leves";24;"Feminino";0;1;0;0;"-5.03451693";"-42.76754379";"SR-PI";"DEL17/3";"UOP01/PI"
134138;291835;2018-05-13;"domingo";"19:00:00";"PI";230;307;"TERESINA";"Sim";"Ingestao de alcool";1;"Colisao traseira";"Com Vitimas Feridas";"Plena Noite";"Crescente";"Ceu Claro";"Simples";"Reta";"Nao";238589;"Motocicleta";"";NA;"Passageiro";"Lesoes Leves";8;"Feminino";0;1;0;0;"-5.03451693";"-42.76754379";"SR-PI";"DEL17/3";"UOP01/PI"