"id";"pesid";"data_inversa";"dia_semana";"horario";"uf";"br";"km";"municipio";"causa_principal";"causa_acidente";"ordem_tipo_acidente";"tipo_acidente";"classificacao_acidente";"fase_dia";"sentido_via";"condicao_metereologica";"tipo_pista";"tracado_via";"uso_solo";"id_veiculo";"tipo_veiculo";"marca";"ano_fabricacao_veiculo";"tipo_envolvido";"estado_fisico";"idade";"sexo";"ilesos";"feridos_leves";"feridos_graves";"mortos";"latitude";"longitude";"regional";"delegacia";"uop"
134142;292749;2018-05-13;"domingo";"16:30:00";"MG";116;179;"PADRE PARAISO";"Sim";"Ingestao de alcool e/ou substâncias psicoativas pelo pedestre";1;"Atropelamento de Pedestre";"Com Vitimas Feridas";"Pleno dia";"Crescente";"Ceu Claro";"Simples";"Reta";"Nao";237007;"Caminhonete";"VW/SAVEIRO 1.6 SUPERSURF";2004;"Pedestre";"Lesoes Leves";37;"Masculino";0;1;0;0;"-17.0754923";"-41.48574829";"SR-MG";"DEL4/11";"UOP02/MG"
134142;291953;2018-05-13;"domingo";"16:30:00";"MG";116;179;"PADRE PARAISO";"Sim";"Ingestao de alcool e/ou substâncias psicoativas pelo pedestre";1;"Atropelamento de Pedestre";"Com Vitimas Feridas";"Pleno dia";"Crescente";"Ceu Claro";"Simples";"Reta";"Nao";237007;"Caminhonete";"VW/SAVEIRO 1.6 SUPERSURF";2004;"Condutor";"Ileso";23;"Masculino";1;0;0;0;"-17.0754923";"-41.48574829";"SR-MG";"DEL4/11";"UOP02/MG"
134144;291807;2018-05-13;"domingo";"20:10:00";"PR";369;491;"CORBELIA";"Nao";"Ingestao de alcool";1;"Colisao traseira";"Com Vitimas Feridas";"Plena Noite";"Crescente";"Ceu Claro";"Simples";"Reta";"Nao";238487;"Automóvel";"IMP/FORD MONDEO CLX AD";1996;"Condutor";"Ileso";39;"Masculino";1;0;0;0;"-24.7257";"-53.2471";"SR-PR";"DEL7/4";"UOP04/PR"
134144;291812;2018-05-13;"domingo";"20:10:00";"PR";369;491;"CORBELIA";"Nao";"Ingestao de alcool";1;"Colisao traseira";"Com Vitimas Feridas";"Plena Noite";"Crescente";"Ceu Claro";"Simples";"Reta";"Nao";238491;"Motocicleta";"HONDA/CG 125 TITAN KS";2000;"Condutor";"Lesoes Leves";24;"Feminino";0;1;0;0;"-24.7257";"-53.2471";"SR-PR";"DEL7/4";"UOP04/PR"
134144;291819;2018-05-13;"domingo";"20:10:00";"PR";369;491;"CORBELIA";"Nao";"Ingestao de alcool";1;"Colisao traseira";"Com Vitimas Feridas";"Plena Noite";"Crescente";"Ceu Claro";"Simples";"Reta";"Nao";238491;"Motocicleta";"HONDA/CG 125 TITAN KS";2000;"Passageiro";"Lesoes Leves";25;"Masculino";0;1;0;0;"-24.7257";"-53.2471";"SR-PR";"DEL7/4";"UOP04/PR"
134172;290953;2018-05-13;"domingo";"23:10:00";"TO";153;675,4;"GURUPI";"Sim";"Ingestao de alcool";1;"Colisao frontal";"Sem Vitimas";"Plena Noite";"Crescente";"Ceu Claro";"Simples";"Reta";"Nao";237096;"Caminhao";"VW/24.280 CRM 6X2";2015;"Condutor";"Ileso";36;"Masculino";1;0;0;0;"-11.75621715";"-49.09313142";"SR-TO";"UOP01/TO";""
134172;290954;2018-05-13;"domingo";"23:10:00";"TO";153;675,4;"GURUPI";"Sim";"Ingestao de alcool";1;"Colisao frontal";"Sem Vitimas";"Plena Noite";"Crescente";"Ceu Claro";"Simples";"Reta";"Nao";237143;"Automóvel";"GM/MONZA BARCELONA";1992;"Condutor";"Nao Informado";NA;"Nao Informado";0;0;0;0;"-11.75621715";"-49.09313142";"SR-TO";"UOP01/TO";""
134177;289822;2018-05-13;"domingo";"23:55:00";"SC";282;511;"XANXERE";"Sim";"Ingestao de alcool";1;"Saida de leito carrocavel";"Sem Vitimas";"Plena Noite";"Crescente";"Ceu Claro";"Simples";"Curva";"Nao";237086;"Automóvel";"I/RENAULT CLIO CAM1016VH";2011;"Condutor";"Ileso";28;"Masculino";1;0;0;0;"-26.905405";"-52.464199";"SR-SC";"DEL8/8";"UOP01/SC"
134180;291848;2018-05-13;"domingo";"23:40:00";"SP";116;145,6;"SAO JOSE DOS CAMPOS";"Sim";"Ingestao de alcool";1;"Colisao traseira";"Sem Vitimas";"Plena Noite";"Crescente";"Nublado";"Dupla";"Reta";"Nao";237179;"Automóvel";"FIAT/UNO VIVACE 1.0";2012;"Condutor";"Ileso";47;"Masculino";1;0;0;0;"-23.188545";"-45.85816557";"SR-SP";"DEL6/2";"UOP01/SP"
134180;291846;2018-05-13;"domingo";"23:40:00";"SP";116;145,6;"SAO JOSE DOS CAMPOS";"Sim";"Ingestao de alcool";1;"Colisao traseira";"Sem Vitimas";"Plena Noite";"Crescente";"Nublado";"Dupla";"Reta";"Nao";237178;"Automóvel";"FIAT/UNO MILLE IE";1996;"Condutor";"Ileso";49;"Masculino";1;0;0;0;"-23.188545";"-45.85816557";"SR-SP";"DEL6/2";"UOP01/SP"
134182;289764;2018-05-14;"segunda-feira";"00:55:00";"PE";428;185,9;"PETROLINA";"Sim";"Ingestao de alcool";1;"Colisao traseira";"Sem Vitimas";"Plena Noite";"Crescente";"Ceu Claro";"Simples";"Reta";"Sim";237102;"Ônibus";"MBENZ/MPOLO PARADISO R";2016;"Condutor";"Ileso";40;"Masculino";1;0;0;0;"-9.35928289";"-40.48022032";"SR-PE";"DEL11/6";"UOP01/PE"
134182;289765;2018-05-14;"segunda-feira";"00:55:00";"PE";428;185,9;"PETROLINA";"Sim";"Ingestao de alcool";1;"Colisao traseira";"Sem Vitimas";"Plena Noite";"Crescente";"Ceu Claro";"Simples";"Reta";"Sim";237103;"Automóvel";"FORD/KA SE 1.0 HA B";2017;"Condutor";"Ileso";46;"Masculino";1;0;0;0;"-9.35928289";"-40.48022032";"SR-PE";"DEL11/6";"UOP01/PE"
134188;291642;2018-05-13;"domingo";"23:10:00";"PR";163;50,3;"PRANCHITA";"Sim";"Ingestao de alcool";1;"Saida de leito carrocavel";"Com Vitimas Fatais";"Plena Noite";"Crescente";"Ceu Claro";"Simples";"Reta";"Nao";237260;"Automóvel";"VW/GOL 1.6 POWER";2007;"Condutor";"Lesoes Graves";33;"Masculino";0;0;1;0;"-25.942659";"-53.728903";"SR-PR";"DEL7/2";"UOP04/PR"
134188;289980;2018-05-13;"domingo";"23:10:00";"PR";163;50,3;"PRANCHITA";"Sim";"Ingestao de alcool";1;"Saida de leito carrocavel";"Com Vitimas Fatais";"Plena Noite";"Crescente";"Ceu Claro";"Simples";"Reta";"Nao";237260;"Automóvel";"VW/GOL 1.6 POWER";2007;"Passageiro";"Óbito";25;"Masculino";0;0;0;1;"-25.942659";"-53.728903";"SR-PR";"DEL7/2";"UOP04/PR"
134191;291692;2018-05-14;"segunda-feira";"03:00:00";"PE";101;43;"IGARASSU";"Sim";"Ingestao de alcool";1;"Colisao transversal";"Sem Vitimas";"Plena Noite";"Decrescente";"Ceu Claro";"Simples";"Reta";"Sim";238384;"Utilitario";"MMC/ASX 2.0 AWD CVT";2014;"Condutor";"Ileso";26;"Masculino";1;0;0;0;"-7.8543";"-34.9087";"SR-PE";"DEL11/1";"UOP02/PE"
134191;291695;2018-05-14;"segunda-feira";"03:00:00";"PE";101;43;"IGARASSU";"Sim";"Ingestao de alcool";1;"Colisao transversal";"Sem Vitimas";"Plena Noite";"Decrescente";"Ceu Claro";"Simples";"Reta";"Sim";238390;"Automóvel";"CHEVROLET/CELTA 1.0L LT";2011;"Condutor";"Ileso";35;"Masculino";1;0;0;0;"-7.8543";"-34.9087";"SR-PE";"DEL11/1";"UOP02/PE"
134206;289797;2018-05-13;"domingo";"23:15:00";"GO";40;44;"LUZIANIA";"Sim";"Ingestao de alcool";1;"Colisao lateral";"Sem Vitimas";"Plena Noite";"Decrescente";"Ceu Claro";"Simples";"Reta";"Nao";237133;"Automóvel";"VW/GOL 1.0 GIV";2008;"Condutor";"Ileso";43;"Masculino";1;0;0;0;"-16.393143";"-47.824869";"SR-DF";"GO";"UOP02/DF"
134233;291143;2018-05-13;"domingo";"22:50:00";"MG";116;508,9;"UBAPORANGA";"Sim";"Ingestao de alcool";1;"Colisao traseira";"Sem Vitimas";"Plena Noite";"Crescente";"Ceu Claro";"Simples";"Reta";"Sim";238087;"Automóvel";"I/FORD FUSION";2012;"Condutor";"Ileso";57;"Masculino";1;0;0;0;"-19.62154858";"-42.10740387";"SR-MG";"DEL4/6";"UOP02/MG"
134233;291145;2018-05-13;"domingo";"22:50:00";"MG";116;508,9;"UBAPORANGA";"Sim";"Ingestao de alcool";1;"Colisao traseira";"Sem Vitimas";"Plena Noite";"Crescente";"Ceu Claro";"Simples";"Reta";"Sim";238091;"Automóvel";"FIAT/UNO MILLE FIRE";2001;"Condutor";"Ileso";37;"Masculino";1;0;0;0;"-19.62154858";"-42.10740387";"SR-MG";"DEL4/6";"UOP02/MG"
134247;290176;2018-05-14;"segunda-feira";"09:05:00";"BA";20;143;"SAO DESIDERIO";"Sim";"Ingestao de alcool";1;"Tombamento";"Com Vitimas Feridas";"Pleno dia";"Crescente";"Ceu Claro";"Simples";"Curva";"Nao";237365;"Caminhao-trator";"VOLVO/FH12 380 4X2T";2002;"Condutor";"Lesoes Leves";49;"Masculino";0;1;0;0;"-12.685396";"-45.930135";"SR-BA";"DEL10/10";"UOP01/BA"
134285;290019;2018-04-21;"sabado";"06:20:00";"SC";282;533,8;"CORDILHEIRA ALTA";"Sim";"Ingestao de alcool";1;"Colisao frontal";"Com Vitimas Feridas";"Pleno dia";"Crescente";"Ceu Claro";"Simples";"Reta";"Nao";237285;"Semireboque";"REB/A.GUERRA";1997;"Testemunha";"Nao Informado";NA;"Nao Informado";0;0;0;0;"-26.99688052";"-52.63242424";"SR-SC";"DEL8/8";"UOP01/SC"
134285;290020;2018-04-21;"sabado";"06:20:00";"SC";282;533,8;"CORDILHEIRA ALTA";"Sim";"Ingestao de alcool";1;"Colisao frontal";"Com Vitimas Feridas";"Pleno dia";"Crescente";"Ceu Claro";"Simples";"Reta";"Nao";237283;"Caminhonete";"VW/SAVEIRO CS TL MB";2014;"Condutor";"Lesoes Leves";25;"Feminino";0;1;0;0;"-26.99688052";"-52.63242424";"SR-SC";"DEL8/8";"UOP01/SC"
134285;290022;2018-04-21;"sabado";"06:20:00";"SC";282;533,8;"CORDILHEIRA ALTA";"Sim";"Ingestao de alcool";1;"Colisao frontal";"Com Vitimas Feridas";"Pleno dia";"Crescente";"Ceu Claro";"Simples";"Reta";"Nao";237284;"Caminhao-trator";"SCANIA/R124 GA4X2NZ 400";2002;"Condutor";"Ileso";27;"Masculino";1;0;0;0;"-26.99688052";"-52.63242424";"SR-SC";"DEL8/8";"UOP01/SC"
134285;290016;2018-04-21;"sabado";"06:20:00";"SC";282;533,8;"CORDILHEIRA ALTA";"Sim";"Ingestao de alcool";1;"Colisao frontal";"Com Vitimas Feridas";"Pleno dia";"Crescente";"Ceu Claro";"Simples";"Reta";"Nao";237282;"Caminhonete";"NISSAN/FRONTIER XE 25 X2";2011;"Condutor";"Lesoes Leves";27;"Masculino";0;1;0;0;"-26.99688052";"-52.63242424";"SR-SC";"DEL8/8";"UOP01/SC"
134336;292191;2018-05-14;"segunda-feira";"16:00:00";"MG";40;480;"SETE LAGOAS";"Sim";"Ingestao de alcool";1;"Colisao lateral";"Sem Vitimas";"Pleno dia";"Crescente";"Ceu Claro";"Dupla";"Nao Informado";"Nao";238846;"Automóvel";"I/FIAT PALIO ATTRACT 1.0";2014;"Condutor";"Ileso";43;"Masculino";1;0;0;0;"-19.547";"-44.247";"SR-MG";"DEL4/2";"UOP01/MG"
134336;292190;2018-05-14;"segunda-feira";"16:00:00";"MG";40;480;"SETE LAGOAS";"Sim";"Ingestao de alcool";1;"Colisao lateral";"Sem Vitimas";"Pleno dia";"Crescente";"Ceu Claro";"Dupla";"Nao Informado";"Nao";237695;"Automóvel";"VW/FOX 1.6 GII";2012;"Condutor";"Ileso";44;"Masculino";1;0;0;0;"-19.547";"-44.247";"SR-MG";"DEL4/2";"UOP01/MG"
134360;290222;2018-05-14;"segunda-feira";"18:10:00";"SC";282;3;"FLORIANOPOLIS";"Sim";"Ingestao de alcool";1;"Tombamento";"Com Vitimas Feridas";"Anoitecer";"Decrescente";"Ceu Claro";"Dupla";"Reta";"Sim";237444;"Automóvel";"GM/MERIVA MAXX";2007;"Condutor";"Ileso";42;"Masculino";1;0;0;0;"-27.600384";"-48.599705";"SR-SC";"DEL8/1";"UOP01/SC"
134360;290225;2018-05-14;"segunda-feira";"18:10:00";"SC";282;3;"FLORIANOPOLIS";"Sim";"Ingestao de alcool";1;"Tombamento";"Com Vitimas Feridas";"Anoitecer";"Decrescente";"Ceu Claro";"Dupla";"Reta";"Sim";237445;"Motoneta";"HONDA/BIZ 125 ES";2012;"Condutor";"Lesoes Leves";58;"Masculino";0;1;0;0;"-27.600384";"-48.599705";"SR-SC";"DEL8/1";"UOP01/SC"
134405;290328;2018-05-14;"segunda-feira";"21:30:00";"MG";364;28,2;"FRUTAL";"Sim";"Ingestao de alcool";1;"Saida de leito carrocavel";"Sem Vitimas";"Plena Noite";"Crescente";"Chuva";"Simples";"Reta";"Nao";237531;"Automóvel";"VW/GOL 1.6 POWER GIV";2008;"Condutor";"Ileso";44;"Masculino";1;0;0;0;"-20.02008163";"-48.90437365";"SR-MG";"DEL4/18";"UOP01/MG"
134490;290561;2018-04-26;"quinta-feira";"21:35:00";"PB";230;16,2;"JOAO PESSOA";"Sim";"Ingestao de alcool";2;"Capotamento";"Sem Vitimas";"Plena Noite";"Decrescente";"Nublado";"Dupla";"Reta";"Sim";237715;"Automóvel";"FIAT/PALIO FIRE";2015;"Passageiro";"Ileso";16;"Feminino";1;0;0;0;"-7.10546001";"-34.84454328";"SR-PB";"DEL14/1";"UOP01/PB"
134490;290563;2018-04-26;"quinta-feira";"21:35:00";"PB";230;16,2;"JOAO PESSOA";"Sim";"Ingestao de alcool";2;"Capotamento";"Sem Vitimas";"Plena Noite";"Decrescente";"Nublado";"Dupla";"Reta";"Sim";237715;"Automóvel";"FIAT/PALIO FIRE";2015;"Condutor";"Ileso";40;"Masculino";1;0;0;0;"-7.10546001";"-34.84454328";"SR-PB";"DEL14/1";"UOP01/PB"
134490;290564;2018-04-26;"quinta-feira";"21:35:00";"PB";230;16,2;"JOAO PESSOA";"Sim";"Ingestao de alcool";2;"Capotamento";"Sem Vitimas";"Plena Noite";"Decrescente";"Nublado";"Dupla";"Reta";"Sim";237715;"Automóvel";"FIAT/PALIO FIRE";2015;"Passageiro";"Ileso";40;"Feminino";1;0;0;0;"-7.10546001";"-34.84454328";"SR-PB";"DEL14/1";"UOP01/PB"
134490;290562;2018-04-26;"quinta-feira";"21:35:00";"PB";230;16,2;"JOAO PESSOA";"Sim";"Ingestao de alcool";2;"Capotamento";"Sem Vitimas";"Plena Noite";"Decrescente";"Nublado";"Dupla";"Reta";"Sim";237716;"Automóvel";"FIAT/UNO ELECTRONIC";1994;"Condutor";"Ileso";39;"Masculino";1;0;0;0;"-7.10546001";"-34.84454328";"SR-PB";"DEL14/1";"UOP01/PB"
134521;290660;2018-05-15;"terca-feira";"16:25:00";"SC";470;60;"BLUMENAU";"Sim";"Ingestao de alcool";1;"Colisao lateral";"Sem Vitimas";"Pleno dia";"Decrescente";"Ceu Claro";"Simples";"Reta";"Nao";237784;"Caminhao";"IVECO/DAILY55C16 CS";2008;"Condutor";"Ileso";31;"Masculino";1;0;0;0;"-26.88401745";"-49.14673269";"SR-SC";"DEL8/4";"UOP01/SC"
134521;290699;2018-05-15;"terca-feira";"16:25:00";"SC";470;60;"BLUMENAU";"Sim";"Ingestao de alcool";1;"Colisao lateral";"Sem Vitimas";"Pleno dia";"Decrescente";"Ceu Claro";"Simples";"Reta";"Nao";237783;"Automóvel";"GM/CORSA SEDAN PREMIUM";2008;"Condutor";"Ileso";46;"Masculino";1;0;0;0;"-26.88401745";"-49.14673269";"SR-SC";"DEL8/4";"UOP01/SC"
134530;290770;2018-05-15;"terca-feira";"16:50:00";"ES";101;21,1;"CONCEICAO DA BARRA";"Sim";"Ingestao de alcool";1;"Tombamento";"Com Vitimas Feridas";"Pleno dia";"Crescente";"Chuva";"Simples";"Reta";"Nao";237868;"Motocicleta";"HONDA/CG 125 TITAN KS";2001;"Condutor";"Lesoes Leves";53;"Masculino";0;1;0;0;"-18.32348999";"-39.95833486";"SR-ES";"DEL12/4";"UOP02/ES"
134534;292500;2018-05-15;"terca-feira";"17:38:00";"ES";101;68;"SAO MATEUS";"Sim";"Ingestao de alcool";1;"Colisao com objeto em movimento";"Com Vitimas Feridas";"Plena Noite";"Crescente";"Ceu Claro";"Simples";"Reta";"Sim";239147;"Bicicleta";"";NA;"Condutor";"Lesoes Graves";40;"Masculino";0;0;1;0;"-18.8142412";"-39.9011904";"SR-ES";"DEL12/4";"UOP02/ES"
134534;292497;2018-05-15;"terca-feira";"17:38:00";"ES";101;68;"SAO MATEUS";"Sim";"Ingestao de alcool";1;"Colisao com objeto em movimento";"Com Vitimas Feridas";"Plena Noite";"Crescente";"Ceu Claro";"Simples";"Reta";"Sim";239097;"Motocicleta";"HONDA/CG 150 FAN ESI";2011;"Condutor";"Lesoes Graves";29;"Masculino";0;0;1;0;"-18.8142412";"-39.9011904";"SR-ES";"DEL12/4";"UOP02/ES"
134555;290843;2018-05-15;"terca-feira";"18:50:00";"MG";40;632,5;"CONSELHEIRO LAFAIETE";"Sim";"Ingestao de alcool";1;"Colisao transversal";"Com Vitimas Feridas";"Plena Noite";"Crescente";"Ceu Claro";"Simples";"Nao Informado";"Sim";237921;"Automóvel";"VW/FUSCA 1300";1983;"Testemunha";"Nao Informado";NA;"Nao Informado";0;0;0;0;"-20.68153392";"-43.79436582";"SR-MG";"DEL4/5";"UOP02/MG"
134555;290841;2018-05-15;"terca-feira";"18:50:00";"MG";40;632,5;"CONSELHEIRO LAFAIETE";"Sim";"Ingestao de alcool";1;"Colisao transversal";"Com Vitimas Feridas";"Plena Noite";"Crescente";"Ceu Claro";"Simples";"Nao Informado";"Sim";237921;"Automóvel";"VW/FUSCA 1300";1983;"Testemunha";"Nao Informado";NA;"Nao Informado";0;0;0;0;"-20.68153392";"-43.79436582";"SR-MG";"DEL4/5";"UOP02/MG"
134555;290839;2018-05-15;"terca-feira";"18:50:00";"MG";40;632,5;"CONSELHEIRO LAFAIETE";"Sim";"Ingestao de alcool";1;"Colisao transversal";"Com Vitimas Feridas";"Plena Noite";"Crescente";"Ceu Claro";"Simples";"Nao Informado";"Sim";237922;"Motocicleta";"HONDA/NXR150 BROS ES";2013;"Condutor";"Lesoes Leves";35;"Feminino";0;1;0;0;"-20.68153392";"-43.79436582";"SR-MG";"DEL4/5";"UOP02/MG"
134555;290838;2018-05-15;"terca-feira";"18:50:00";"MG";40;632,5;"CONSELHEIRO LAFAIETE";"Sim";"Ingestao de alcool";1;"Colisao transversal";"Com Vitimas Feridas";"Plena Noite";"Crescente";"Ceu Claro";"Simples";"Nao Informado";"Sim";237921;"Automóvel";"VW/FUSCA 1300";1983;"Condutor";"Ileso";35;"Masculino";1;0;0;0;"-20.68153392";"-43.79436582";"SR-MG";"DEL4/5";"UOP02/MG"
134694;291103;2018-05-12;"sabado";"23:15:00";"RO";364;344;"JI-PARANA";"Sim";"Ingestao de alcool e/ou substâncias psicoativas pelo pedestre";1;"Colisao lateral";"Sem Vitimas";"Plena Noite";"Crescente";"Ceu Claro";"Multipla";"Reta";"Sim";238067;"Caminhonete";"RENAULT/MASTER TCA AMB";2016;"Passageiro";"Ileso";38;"Feminino";1;0;0;0;"-10.873834";"-61.952469";"SR-RO";"DEL21/2";"UOP01/RO"
134694;291102;2018-05-12;"sabado";"23:15:00";"RO";364;344;"JI-PARANA";"Sim";"Ingestao de alcool e/ou substâncias psicoativas pelo pedestre";1;"Colisao lateral";"Sem Vitimas";"Plena Noite";"Crescente";"Ceu Claro";"Multipla";"Reta";"Sim";238067;"Caminhonete";"RENAULT/MASTER TCA AMB";2016;"Passageiro";"Ileso";43;"Feminino";1;0;0;0;"-10.873834";"-61.952469";"SR-RO";"DEL21/2";"UOP01/RO"
134694;291101;2018-05-12;"sabado";"23:15:00";"RO";364;344;"JI-PARANA";"Sim";"Ingestao de alcool e/ou substâncias psicoativas pelo pedestre";1;"Colisao lateral";"Sem Vitimas";"Plena Noite";"Crescente";"Ceu Claro";"Multipla";"Reta";"Sim";238067;"Caminhonete";"RENAULT/MASTER TCA AMB";2016;"Passageiro";"Ileso";44;"Feminino";1;0;0;0;"-10.873834";"-61.952469";"SR-RO";"DEL21/2";"UOP01/RO"
134694;291104;2018-05-12;"sabado";"23:15:00";"RO";364;344;"JI-PARANA";"Sim";"Ingestao de alcool e/ou substâncias psicoativas pelo pedestre";1;"Colisao lateral";"Sem Vitimas";"Plena Noite";"Crescente";"Ceu Claro";"Multipla";"Reta";"Sim";238066;"Automóvel";"TOYOTA/ETIOS SD PLATINUM";2015;"Condutor";"Ileso";55;"Masculino";1;0;0;0;"-10.873834";"-61.952469";"SR-RO";"DEL21/2";"UOP01/RO"
134694;291105;2018-05-12;"sabado";"23:15:00";"RO";364;344;"JI-PARANA";"Sim";"Ingestao de alcool e/ou substâncias psicoativas pelo pedestre";1;"Colisao lateral";"Sem Vitimas";"Plena Noite";"Crescente";"Ceu Claro";"Multipla";"Reta";"Sim";238067;"Caminhonete";"RENAULT/MASTER TCA AMB";2016;"Condutor";"Ileso";38;"Masculino";1;0;0;0;"-10.873834";"-61.952469";"SR-RO";"DEL21/2";"UOP01/RO"
134710;293391;2018-05-16;"quarta-feira";"13:00:00";"RJ";40;111;"DUQUE DE CAXIAS";"Sim";"Ingestao de alcool";1;"Capotamento";"Com Vitimas Feridas";"Pleno dia";"Crescente";"Ceu Claro";"Dupla";"Reta";"Sim";238113;"Automóvel";"NISSAN/VERSA 10 S";2017;"Condutor";"Lesoes Leves";25;"Masculino";0;1;0;0;"-22.6437859";"-43.2859814";"SR-RJ";"DEL5/1";"UOP01/RJ"
134765;291362;2018-04-27;"sexta-feira";"22:40:00";"RS";472;577;"URUGUAIANA";"Sim";"Ingestao de alcool";1;"Colisao transversal";"Com Vitimas Feridas";"Plena Noite";"Decrescente";"Ceu Claro";"Simples";"Rotatória";"Sim";238218;"Automóvel";"I/VW JETTA";2007;"Condutor";"Ileso";23;"Masculino";1;0;0;0;"-29.77987372";"-57.06315994";"SR-RS";"DEL9/13";"UOP01/RS"
134765;291363;2018-04-27;"sexta-feira";"22:40:00";"RS";472;577;"URUGUAIANA";"Sim";"Ingestao de alcool";1;"Colisao transversal";"Com Vitimas Feridas";"Plena Noite";"Decrescente";"Ceu Claro";"Simples";"Rotatória";"Sim";238219;"Motocicleta";"HONDA/CBX 250 TWISTER";2004;"Condutor";"Lesoes Graves";49;"Masculino";0;0;1;0;"-29.77987372";"-57.06315994";"SR-RS";"DEL9/13";"UOP01/RS"
134765;291364;2018-04-27;"sexta-feira";"22:40:00";"RS";472;577;"URUGUAIANA";"Sim";"Ingestao de alcool";1;"Colisao transversal";"Com Vitimas Feridas";"Plena Noite";"Decrescente";"Ceu Claro";"Simples";"Rotatória";"Sim";238218;"Automóvel";"I/VW JETTA";2007;"Passageiro";"Lesoes Leves";25;"Feminino";0;1;0;0;"-29.77987372";"-57.06315994";"SR-RS";"DEL9/13";"UOP01/RS"
134770;291421;2018-05-16;"quarta-feira";"19:50:00";"PI";343;2,8;"TERESINA";"Sim";"Ingestao de alcool";1;"Colisao lateral";"Sem Vitimas";"Plena Noite";"Decrescente";"Ceu Claro";"Simples";"Reta";"Sim";238286;"Caminhonete";"MMC/L200 TRITON GLX D";2015;"Condutor";"Ileso";35;"Masculino";1;0;0;0;"-5.08155066";"-42.77439415";"SR-PI";"DEL17/1";"UOP01/PI"
134770;291420;2018-05-16;"quarta-feira";"19:50:00";"PI";343;2,8;"TERESINA";"Sim";"Ingestao de alcool";1;"Colisao lateral";"Sem Vitimas";"Plena Noite";"Decrescente";"Ceu Claro";"Simples";"Reta";"Sim";238285;"Automóvel";"CHEV/PRISMA 1.4MT LT";2013;"Condutor";"Ileso";37;"Masculino";1;0;0;0;"-5.08155066";"-42.77439415";"SR-PI";"DEL17/1";"UOP01/PI"
134776;291408;2018-05-16;"quarta-feira";"16:50:00";"MA";316;546;"CAXIAS";"Sim";"Ingestao de alcool";1;"Colisao com objeto estatico";"Sem Vitimas";"Pleno dia";"Crescente";"Ceu Claro";"Simples";"Rotatória";"Sim";238249;"Automóvel";"RENAULT/SANDERO EXP 16";2010;"Condutor";"Ileso";48;"Masculino";1;0;0;0;"-4.87546851";"-43.39565277";"SR-MA";"DEL18/3";"UOP02/MA"
134809;293949;2018-05-17;"quinta-feira";"06:50:00";"PR";116;210,5;"RIO NEGRO";"Sim";"Ingestao de alcool";1;"Colisao com objeto estatico";"Com Vitimas Feridas";"Pleno dia";"Crescente";"Ceu Claro";"Simples";"Reta";"Sim";238332;"Automóvel";"GM/KADETT GL";1997;"Condutor";"Lesoes Leves";40;"Masculino";0;1;0;0;"-26.101749";"-49.780796";"SR-SC";"DEL8/6";"UOP01/SC"
134847;291565;2018-04-27;"sexta-feira";"19:45:00";"PB";230;216,9;"SOLEDADE";"Sim";"Ingestao de alcool";1;"Atropelamento de Pedestre";"Com Vitimas Fatais";"Plena Noite";"Decrescente";"Ceu Claro";"Simples";"Reta";"Sim";238394;"Automóvel";"";NA;"Pedestre";"Óbito";53;"Feminino";0;0;0;1;"-7.0562";"-36.3681";"SR-PB";"DEL14/2";"UOP02/PB"
134847;291566;2018-04-27;"sexta-feira";"19:45:00";"PB";230;216,9;"SOLEDADE";"Sim";"Ingestao de alcool";1;"Atropelamento de Pedestre";"Com Vitimas Fatais";"Plena Noite";"Decrescente";"Ceu Claro";"Simples";"Reta";"Sim";238394;"Automóvel";"";NA;"Condutor";"Nao Informado";NA;"Nao Informado";0;0;0;0;"-7.0562";"-36.3681";"SR-PB";"DEL14/2";"UOP02/PB"
134847;291567;2018-04-27;"sexta-feira";"19:45:00";"PB";230;216,9;"SOLEDADE";"Sim";"Ingestao de alcool";1;"Atropelamento de Pedestre";"Com Vitimas Fatais";"Plena Noite";"Decrescente";"Ceu Claro";"Simples";"Reta";"Sim";238394;"Automóvel";"";NA;"Testemunha";"Nao Informado";NA;"Nao Informado";0;0;0;0;"-7.0562";"-36.3681";"SR-PB";"DEL14/2";"UOP02/PB"
134943;291917;2018-05-17;"quinta-feira";"20:20:00";"GO";153;518,7;"HIDROLANDIA";"Sim";"Ingestao de alcool";1;"Colisao traseira";"Com Vitimas Feridas";"Plena Noite";"Crescente";"Nublado";"Dupla";"Nao Informado";"Nao";238643;"Caminhao-trator";"";NA;"Condutor";"Ileso";NA;"Ignorado";1;0;0;0;"-16.867";"-49.2505";"SR-GO";"DEL1/1";"UOP03/GO"
134943;291900;2018-05-17;"quinta-feira";"20:20:00";"GO";153;518,7;"HIDROLANDIA";"Sim";"Ingestao de alcool";1;"Colisao traseira";"Com Vitimas Feridas";"Plena Noite";"Crescente";"Nublado";"Dupla";"Nao Informado";"Nao";238631;"Caminhao";"VW/15.170";2001;"Condutor";"Lesoes Graves";54;"Masculino";0;0;1;0;"-16.867";"-49.2505";"SR-GO";"DEL1/1";"UOP03/GO"
134964;293473;2018-05-17;"quinta-feira";"19:35:00";"PR";376;207,7;"MANDAGUARI";"Sim";"Ingestao de alcool";1;"Colisao transversal";"Com Vitimas Feridas";"Plena Noite";"Crescente";"Ceu Claro";"Simples";"Intersecao de vias";"Sim";239930;"Motocicleta";"HONDA/CB 300R";2013;"Condutor";"Lesoes Leves";30;"Masculino";0;1;0;0;"-23.52523466";"-51.67754173";"SR-PR";"DEL7/7";"UOP04/PR"