"id";"pesid";"data_inversa";"dia_semana";"horario";"uf";"br";"km";"municipio";"causa_principal";"causa_acidente";"ordem_tipo_acidente";"tipo_acidente";"classificacao_acidente";"fase_dia";"sentido_via";"condicao_metereologica";"tipo_pista";"tracado_via";"uso_solo";"id_veiculo";"tipo_veiculo";"marca";"ano_fabricacao_veiculo";"tipo_envolvido";"estado_fisico";"idade";"sexo";"ilesos";"feridos_leves";"feridos_graves";"mortos";"latitude";"longitude";"regional";"delegacia";"uop"
134964;293467;2018-05-17;"quinta-feira";"19:35:00";"PR";376;207,7;"MANDAGUARI";"Sim";"Ingestao de alcool";1;"Colisao transversal";"Com Vitimas Feridas";"Plena Noite";"Crescente";"Ceu Claro";"Simples";"Intersecao de vias";"Sim";239931;"Automóvel";"VW/GOL CL 1.6 MI";1998;"Condutor";"Ileso";27;"Masculino";1;0;0;0;"-23.52523466";"-51.67754173";"SR-PR";"DEL7/7";"UOP04/PR"
134970;291981;2018-05-17;"quinta-feira";"23:20:00";"SE";101;73;"MARUIM";"Sim";"Ingestao de alcool";1;"Colisao frontal";"Com Vitimas Feridas";"Plena Noite";"Crescente";"Garoa/Chuvisco";"Simples";"Nao Informado";"Nao";238686;"Ônibus";"M.BENZ/NEOBUS ROAD R";2013;"Condutor";"Ileso";43;"Masculino";1;0;0;0;"-10.7853";"-37.1421";"SR-SE";"DEL20/1";"UOP01/SE"
134970;291980;2018-05-17;"quinta-feira";"23:20:00";"SE";101;73;"MARUIM";"Sim";"Ingestao de alcool";1;"Colisao frontal";"Com Vitimas Feridas";"Plena Noite";"Crescente";"Garoa/Chuvisco";"Simples";"Nao Informado";"Nao";238685;"Automóvel";"CHEVROLET/CLASSIC";2009;"Condutor";"Lesoes Graves";40;"Masculino";0;0;1;0;"-10.7853";"-37.1421";"SR-SE";"DEL20/1";"UOP01/SE"
134970;293313;2018-05-17;"quinta-feira";"23:20:00";"SE";101;73;"MARUIM";"Sim";"Ingestao de alcool";1;"Colisao frontal";"Com Vitimas Feridas";"Plena Noite";"Crescente";"Garoa/Chuvisco";"Simples";"Nao Informado";"Nao";239827;"Automóvel";"VW/VOYAGE TL MB";2016;"Condutor";"Ileso";30;"Masculino";1;0;0;0;"-10.7853";"-37.1421";"SR-SE";"DEL20/1";"UOP01/SE"
134990;293312;2018-05-18;"sexta-feira";"05:30:00";"MG";365;609;"UBERLANDIA";"Sim";"Ingestao de alcool";1;"Colisao com objeto estatico";"Com Vitimas Feridas";"Amanhecer";"Crescente";"Ceu Claro";"Dupla";"Viaduto";"Sim";239826;"Automóvel";"FIAT/STILO SPORTING FLEX";2009;"Condutor";"Lesoes Leves";27;"Masculino";0;1;0;0;"-18.8974";"-48.2715";"SR-MG";"DEL4/15";"UOP01/MG"
135136;292261;2018-05-18;"sexta-feira";"19:50:00";"BA";116;10,1;"VITORIA DA CONQUISTA";"Sim";"Ingestao de alcool";1;"Atropelamento de Pedestre";"Com Vitimas Feridas";"Plena Noite";"Decrescente";"Ceu Claro";"Simples";"Reta";"Sim";238923;"Motocicleta";"";NA;"Condutor";"Nao Informado";NA;"Nao Informado";0;0;0;0;"-14.862255";"-40.87427";"SR-BA";"DEL10/8";"UOP01/BA"
135136;292262;2018-05-18;"sexta-feira";"19:50:00";"BA";116;10,1;"VITORIA DA CONQUISTA";"Sim";"Ingestao de alcool";1;"Atropelamento de Pedestre";"Com Vitimas Feridas";"Plena Noite";"Decrescente";"Ceu Claro";"Simples";"Reta";"Sim";238923;"Motocicleta";"";NA;"Pedestre";"Lesoes Graves";45;"Masculino";0;0;1;0;"-14.862255";"-40.87427";"SR-BA";"DEL10/8";"UOP01/BA"
135145;292314;2018-05-18;"sexta-feira";"21:12:00";"BA";324;357;"CAPIM GROSSO";"Sim";"Ingestao de alcool";1;"Colisao transversal";"Com Vitimas Fatais";"Plena Noite";"Decrescente";"Nublado";"Simples";"Reta";"Nao";238977;"Motocicleta";"HONDA/CG150 FAN ESDI";2014;"Condutor";"Óbito";30;"Masculino";0;0;0;1;"-11.38903593";"-39.98522669";"SR-BA";"DEL10/4";"UOP02/BA"
135145;292342;2018-05-18;"sexta-feira";"21:12:00";"BA";324;357;"CAPIM GROSSO";"Sim";"Ingestao de alcool";1;"Colisao transversal";"Com Vitimas Fatais";"Plena Noite";"Decrescente";"Nublado";"Simples";"Reta";"Nao";238978;"Caminhao-trator";"M.BENZ/1938 S";2001;"Passageiro";"Ileso";51;"Feminino";1;0;0;0;"-11.38903593";"-39.98522669";"SR-BA";"DEL10/4";"UOP02/BA"
135145;292323;2018-05-18;"sexta-feira";"21:12:00";"BA";324;357;"CAPIM GROSSO";"Sim";"Ingestao de alcool";1;"Colisao transversal";"Com Vitimas Fatais";"Plena Noite";"Decrescente";"Nublado";"Simples";"Reta";"Nao";238978;"Caminhao-trator";"M.BENZ/1938 S";2001;"Condutor";"Ileso";55;"Masculino";1;0;0;0;"-11.38903593";"-39.98522669";"SR-BA";"DEL10/4";"UOP02/BA"
135157;293814;2018-05-18;"sexta-feira";"22:15:00";"SP";116;223;"GUARULHOS";"Sim";"Ingestao de alcool";1;"Colisao traseira";"Com Vitimas Feridas";"Plena Noite";"Decrescente";"Ceu Claro";"Multipla";"Reta";"Sim";238989;"Caminhao-trator";"VW/19.330 CTC 4X2";2014;"Condutor";"Ileso";37;"Masculino";1;0;0;0;"-23.47928852";"-46.53073132";"SR-SP";"DEL6/1";"UOP01/SP"
135157;293818;2018-05-18;"sexta-feira";"22:15:00";"SP";116;223;"GUARULHOS";"Sim";"Ingestao de alcool";1;"Colisao traseira";"Com Vitimas Feridas";"Plena Noite";"Decrescente";"Ceu Claro";"Multipla";"Reta";"Sim";238990;"Automóvel";"GM/CORSA SUPER";1997;"Condutor";"Lesoes Leves";65;"Masculino";0;1;0;0;"-23.47928852";"-46.53073132";"SR-SP";"DEL6/1";"UOP01/SP"
135163;292320;2018-05-18;"sexta-feira";"22:30:00";"RJ";40;52;"PETROPOLIS";"Sim";"Ingestao de alcool e/ou substâncias psicoativas pelo pedestre";1;"Atropelamento de Pedestre";"Com Vitimas Feridas";"Plena Noite";"Crescente";"Ceu Claro";"Dupla";"Reta";"Nao";238982;"Automóvel";"";NA;"Condutor";"Ileso";NA;"Ignorado";1;0;0;0;"-22.33351894";"-43.13384637";"SR-RJ";"DEL5/6";"UOP03/RJ"
135163;292321;2018-05-18;"sexta-feira";"22:30:00";"RJ";40;52;"PETROPOLIS";"Sim";"Ingestao de alcool e/ou substâncias psicoativas pelo pedestre";1;"Atropelamento de Pedestre";"Com Vitimas Feridas";"Plena Noite";"Crescente";"Ceu Claro";"Dupla";"Reta";"Nao";238982;"Automóvel";"";NA;"Pedestre";"Lesoes Leves";NA;"Masculino";0;1;0;0;"-22.33351894";"-43.13384637";"SR-RJ";"DEL5/6";"UOP03/RJ"
135175;293805;2018-05-19;"sabado";"00:05:00";"PR";369;148,6;"LONDRINA";"Nao";"Ingestao de alcool";1;"Colisao traseira";"Sem Vitimas";"Plena Noite";"Decrescente";"Chuva";"Dupla";"Nao Informado";"Sim";239010;"Caminhonete";"VW/SAVEIRO 1.6 CE";2013;"Condutor";"Ileso";34;"Masculino";1;0;0;0;"-23.29313102";"-51.14749515";"SR-PR";"DEL7/7";"UOP01/PR"
135175;293808;2018-05-19;"sabado";"00:05:00";"PR";369;148,6;"LONDRINA";"Nao";"Ingestao de alcool";1;"Colisao traseira";"Sem Vitimas";"Plena Noite";"Decrescente";"Chuva";"Dupla";"Nao Informado";"Sim";239011;"Automóvel";"HONDA/CIVIC LXS FLEX";2009;"Condutor";"Ileso";29;"Masculino";1;0;0;0;"-23.29313102";"-51.14749515";"SR-PR";"DEL7/7";"UOP01/PR"
135178;292387;2018-05-19;"sabado";"00:00:00";"RS";285;211,1;"LAGOA VERMELHA";"Sim";"Ingestao de alcool e/ou substâncias psicoativas pelo pedestre";1;"Saida de leito carrocavel";"Com Vitimas Feridas";"Plena Noite";"Decrescente";"Chuva";"Simples";"Curva";"Nao";239040;"Caminhonete";"GM/D20 CUSTOM S";1993;"Condutor";"Lesoes Leves";50;"Masculino";0;1;0;0;"-28.23257181";"-51.6348365";"SR-RS";"DEL14/8";"UOP05/RS"
135178;293323;2018-05-19;"sabado";"00:00:00";"RS";285;211,1;"LAGOA VERMELHA";"Sim";"Ingestao de alcool e/ou substâncias psicoativas pelo pedestre";1;"Saida de leito carrocavel";"Com Vitimas Feridas";"Plena Noite";"Decrescente";"Chuva";"Simples";"Curva";"Nao";239040;"Caminhonete";"GM/D20 CUSTOM S";1993;"Passageiro";"Lesoes Leves";40;"Masculino";0;1;0;0;"-28.23257181";"-51.6348365";"SR-RS";"DEL14/8";"UOP05/RS"
135178;293319;2018-05-19;"sabado";"00:00:00";"RS";285;211,1;"LAGOA VERMELHA";"Sim";"Ingestao de alcool e/ou substâncias psicoativas pelo pedestre";1;"Saida de leito carrocavel";"Com Vitimas Feridas";"Plena Noite";"Decrescente";"Chuva";"Simples";"Curva";"Nao";239040;"Caminhonete";"GM/D20 CUSTOM S";1993;"Passageiro";"Lesoes Leves";42;"Masculino";0;1;0;0;"-28.23257181";"-51.6348365";"SR-RS";"DEL14/8";"UOP05/RS"
135180;292975;2018-05-18;"sexta-feira";"23:40:00";"RJ";116;176;"NOVA IGUACU";"Nao";"Ingestao de alcool";1;"Colisao com objeto estatico";"Com Vitimas Feridas";"Plena Noite";"Crescente";"Ceu Claro";"Dupla";"Reta";"Sim";239548;"Automóvel";"FIAT/PALIO FIRE";2002;"Passageiro";"Lesoes Leves";41;"Feminino";0;1;0;0;"-22.783915";"-43.382023";"SR-RJ";"DEL5/1";"UOP02/RJ"
135180;292972;2018-05-18;"sexta-feira";"23:40:00";"RJ";116;176;"NOVA IGUACU";"Nao";"Ingestao de alcool";1;"Colisao com objeto estatico";"Com Vitimas Feridas";"Plena Noite";"Crescente";"Ceu Claro";"Dupla";"Reta";"Sim";239548;"Automóvel";"FIAT/PALIO FIRE";2002;"Condutor";"Ileso";40;"Feminino";1;0;0;0;"-22.783915";"-43.382023";"SR-RJ";"DEL5/1";"UOP02/RJ"
135181;294175;2018-05-19;"sabado";"00:10:00";"SC";470;71;"INDAIAL";"Sim";"Ingestao de alcool";1;"Colisao com objeto estatico";"Com Vitimas Feridas";"Plena Noite";"Crescente";"Garoa/Chuvisco";"Simples";"Reta";"Sim";239009;"Automóvel";"VW/GOL CL";1991;"Passageiro";"Lesoes Leves";40;"Feminino";0;1;0;0;"-26.895243";"-49.262104";"SR-SC";"DEL8/4";"UOP01/SC"
135181;294176;2018-05-19;"sabado";"00:10:00";"SC";470;71;"INDAIAL";"Sim";"Ingestao de alcool";1;"Colisao com objeto estatico";"Com Vitimas Feridas";"Plena Noite";"Crescente";"Garoa/Chuvisco";"Simples";"Reta";"Sim";239009;"Automóvel";"VW/GOL CL";1991;"Passageiro";"Ileso";NA;"Masculino";1;0;0;0;"-26.895243";"-49.262104";"SR-SC";"DEL8/4";"UOP01/SC"
135181;294174;2018-05-19;"sabado";"00:10:00";"SC";470;71;"INDAIAL";"Sim";"Ingestao de alcool";1;"Colisao com objeto estatico";"Com Vitimas Feridas";"Plena Noite";"Crescente";"Garoa/Chuvisco";"Simples";"Reta";"Sim";239009;"Automóvel";"VW/GOL CL";1991;"Condutor";"Ileso";39;"Masculino";1;0;0;0;"-26.895243";"-49.262104";"SR-SC";"DEL8/4";"UOP01/SC"
135188;293904;2018-05-19;"sabado";"02:45:00";"MA";10;258;"IMPERATRIZ";"Sim";"Ingestao de alcool";1;"Saida de leito carrocavel";"Com Vitimas Feridas";"Plena Noite";"Decrescente";"Ceu Claro";"Simples";"Intersecao de vias";"Nao";239046;"Automóvel";"VW/NOVO GOL 1.0";2014;"Passageiro";"Ileso";27;"Masculino";1;0;0;0;"-5.47895822";"-47.47200966";"SR-MA";"DEL18/4";"UOP01/MA"
135188;293905;2018-05-19;"sabado";"02:45:00";"MA";10;258;"IMPERATRIZ";"Sim";"Ingestao de alcool";1;"Saida de leito carrocavel";"Com Vitimas Feridas";"Plena Noite";"Decrescente";"Ceu Claro";"Simples";"Intersecao de vias";"Nao";239046;"Automóvel";"VW/NOVO GOL 1.0";2014;"Passageiro";"Ileso";NA;"Feminino";1;0;0;0;"-5.47895822";"-47.47200966";"SR-MA";"DEL18/4";"UOP01/MA"
135188;293902;2018-05-19;"sabado";"02:45:00";"MA";10;258;"IMPERATRIZ";"Sim";"Ingestao de alcool";1;"Saida de leito carrocavel";"Com Vitimas Feridas";"Plena Noite";"Decrescente";"Ceu Claro";"Simples";"Intersecao de vias";"Nao";239046;"Automóvel";"VW/NOVO GOL 1.0";2014;"Condutor";"Ileso";30;"Masculino";1;0;0;0;"-5.47895822";"-47.47200966";"SR-MA";"DEL18/4";"UOP01/MA"
135188;293906;2018-05-19;"sabado";"02:45:00";"MA";10;258;"IMPERATRIZ";"Sim";"Ingestao de alcool";1;"Saida de leito carrocavel";"Com Vitimas Feridas";"Plena Noite";"Decrescente";"Ceu Claro";"Simples";"Intersecao de vias";"Nao";239046;"Automóvel";"VW/NOVO GOL 1.0";2014;"Passageiro";"Lesoes Leves";NA;"Feminino";0;1;0;0;"-5.47895822";"-47.47200966";"SR-MA";"DEL18/4";"UOP01/MA"
135190;293834;2018-05-19;"sabado";"02:30:00";"MG";381;670,9;"PERDOES";"Sim";"Ingestao de alcool";1;"Colisao lateral";"Com Vitimas Feridas";"Plena Noite";"Decrescente";"Ceu Claro";"Dupla";"Reta";"Nao";239074;"Caminhao-trator";"SCANIA/R124 LA6X2NA 420";2003;"Condutor";"Ileso";55;"Masculino";1;0;0;0;"-21.06063302";"-45.04968122";"SR-MG";"DEL4/4";"UOP02/MG"
135190;293833;2018-05-19;"sabado";"02:30:00";"MG";381;670,9;"PERDOES";"Sim";"Ingestao de alcool";1;"Colisao lateral";"Com Vitimas Feridas";"Plena Noite";"Decrescente";"Ceu Claro";"Dupla";"Reta";"Nao";239073;"Automóvel";"GM/CORSA WIND";1996;"Condutor";"Ileso";48;"Masculino";1;0;0;0;"-21.06063302";"-45.04968122";"SR-MG";"DEL4/4";"UOP02/MG"
135190;293841;2018-05-19;"sabado";"02:30:00";"MG";381;670,9;"PERDOES";"Sim";"Ingestao de alcool";1;"Colisao lateral";"Com Vitimas Feridas";"Plena Noite";"Decrescente";"Ceu Claro";"Dupla";"Reta";"Nao";239073;"Automóvel";"GM/CORSA WIND";1996;"Passageiro";"Lesoes Leves";39;"Feminino";0;1;0;0;"-21.06063302";"-45.04968122";"SR-MG";"DEL4/4";"UOP02/MG"
135203;296292;2018-05-19;"sabado";"05:00:00";"RJ";101;308;"SAO GONCALO";"Sim";"Ingestao de alcool";1;"Colisao traseira";"Sem Vitimas";"Amanhecer";"Decrescente";"Ceu Claro";"Dupla";"Reta";"Sim";239035;"Automóvel";"PEUGEOT/208 GRIFFE A";2014;"Condutor";"Ileso";41;"Masculino";1;0;0;0;"-22.793098";"-43.024815";"SR-RJ";"DEL5/2";"UOP02/RJ"
135203;296293;2018-05-19;"sabado";"05:00:00";"RJ";101;308;"SAO GONCALO";"Sim";"Ingestao de alcool";1;"Colisao traseira";"Sem Vitimas";"Amanhecer";"Decrescente";"Ceu Claro";"Dupla";"Reta";"Sim";239036;"Automóvel";"VW/VOYAGE 1.6";2009;"Condutor";"Ileso";21;"Masculino";1;0;0;0;"-22.793098";"-43.024815";"SR-RJ";"DEL5/2";"UOP02/RJ"
135209;294407;2018-05-19;"sabado";"06:35:00";"SC";101;313,4;"LAGUNA";"Sim";"Ingestao de alcool";1;"Colisao traseira";"Com Vitimas Feridas";"Amanhecer";"Decrescente";"Chuva";"Dupla";"Ponte";"Sim";240516;"Automóvel";"PEUGEOT/207HB XR S";2009;"Condutor";"Lesoes Leves";28;"Feminino";0;1;0;0;"-28.43850625";"-48.83100986";"SR-SC";"DEL8/2";"UOP01/SC"
135209;294409;2018-05-19;"sabado";"06:35:00";"SC";101;313,4;"LAGUNA";"Sim";"Ingestao de alcool";1;"Colisao traseira";"Com Vitimas Feridas";"Amanhecer";"Decrescente";"Chuva";"Dupla";"Ponte";"Sim";240516;"Automóvel";"PEUGEOT/207HB XR S";2009;"Passageiro";"Lesoes Leves";26;"Masculino";0;1;0;0;"-28.43850625";"-48.83100986";"SR-SC";"DEL8/2";"UOP01/SC"
135209;294410;2018-05-19;"sabado";"06:35:00";"SC";101;313,4;"LAGUNA";"Sim";"Ingestao de alcool";1;"Colisao traseira";"Com Vitimas Feridas";"Amanhecer";"Decrescente";"Chuva";"Dupla";"Ponte";"Sim";240524;"Caminhao-trator";"VOLVO/FH 540 6X4T";2016;"Condutor";"Ileso";43;"Masculino";1;0;0;0;"-28.43850625";"-48.83100986";"SR-SC";"DEL8/2";"UOP01/SC"
135210;292394;2018-05-19;"sabado";"03:40:00";"RO";364;14,8;"VILHENA";"Sim";"Ingestao de alcool";1;"Queda de ocupante de veiculo";"Com Vitimas Feridas";"Plena Noite";"Crescente";"Nublado";"Dupla";"Rotatória";"Nao";239053;"Motocicleta";"HONDA/CG 125 FAN ES";2010;"Condutor";"Lesoes Graves";29;"Masculino";0;0;1;0;"-12.738981";"-60.139114";"SR-RO";"DEL21/4";"UOP01/RO"
135219;294273;2018-05-19;"sabado";"06:00:00";"RJ";116;197;"QUEIMADOS";"Sim";"Ingestao de alcool";1;"Colisao com objeto estatico";"Sem Vitimas";"Pleno dia";"Decrescente";"Nublado";"Dupla";"Reta";"Sim";239090;"Automóvel";"I/NISSAN TIIDA 1.8 SL";2008;"Condutor";"Nao Informado";NA;"Nao Informado";0;0;0;0;"-22.729807";"-43.565121";"SR-RJ";"DEL5/1";"UOP03/RJ"
135219;294274;2018-05-19;"sabado";"06:00:00";"RJ";116;197;"QUEIMADOS";"Sim";"Ingestao de alcool";1;"Colisao com objeto estatico";"Sem Vitimas";"Pleno dia";"Decrescente";"Nublado";"Dupla";"Reta";"Sim";239090;"Automóvel";"I/NISSAN TIIDA 1.8 SL";2008;"Passageiro";"Nao Informado";NA;"Nao Informado";0;0;0;0;"-22.729807";"-43.565121";"SR-RJ";"DEL5/1";"UOP03/RJ"
135227;294903;2018-05-19;"sabado";"07:55:00";"CE";116;5,8;"FORTALEZA";"Sim";"Ingestao de alcool";1;"Colisao traseira";"Sem Vitimas";"Pleno dia";"Decrescente";"Ceu Claro";"Simples";"Viaduto";"Sim";239101;"Automóvel";"VW/GOL 1.0";2009;"Condutor";"Ileso";26;"Masculino";1;0;0;0;"-3.80028246";"-38.5045588";"SR-CE";"DEL16/1";"UOP02/CE"
135227;294904;2018-05-19;"sabado";"07:55:00";"CE";116;5,8;"FORTALEZA";"Sim";"Ingestao de alcool";1;"Colisao traseira";"Sem Vitimas";"Pleno dia";"Decrescente";"Ceu Claro";"Simples";"Viaduto";"Sim";239102;"Automóvel";"RENAULT/SANDERO AUT1016V";2014;"Condutor";"Ileso";30;"Feminino";1;0;0;0;"-3.80028246";"-38.5045588";"SR-CE";"DEL16/1";"UOP02/CE"
135236;292468;2018-05-19;"sabado";"09:40:00";"GO";153;496,8;"GOIANIA";"Nao";"Ingestao de alcool";1;"Atropelamento de Pedestre";"Com Vitimas Feridas";"Pleno dia";"Decrescente";"Ceu Claro";"Dupla";"Reta";"Sim";239112;"Automóvel";"I/MINI COOPER S";2015;"Condutor";"Ileso";60;"Masculino";1;0;0;0;"-16.67762506";"-49.23131883";"SR-GO";"DEL1/1";"UOP01/GO"
135236;292469;2018-05-19;"sabado";"09:40:00";"GO";153;496,8;"GOIANIA";"Nao";"Ingestao de alcool";1;"Atropelamento de Pedestre";"Com Vitimas Feridas";"Pleno dia";"Decrescente";"Ceu Claro";"Dupla";"Reta";"Sim";239112;"Automóvel";"I/MINI COOPER S";2015;"Pedestre";"Lesoes Leves";30;"Masculino";0;1;0;0;"-16.67762506";"-49.23131883";"SR-GO";"DEL1/1";"UOP01/GO"
135260;292617;2018-05-19;"sabado";"13:20:00";"MG";116;243,1;"TEOFILO OTONI";"Nao";"Ingestao de alcool";1;"Colisao transversal";"Com Vitimas Feridas";"Pleno dia";"Decrescente";"Ceu Claro";"Simples";"Reta";"Sim";239248;"Bicicleta";"";NA;"Condutor";"Lesoes Leves";52;"Masculino";0;1;0;0;"-17.58633069";"-41.48758966";"SR-MG";"DEL4/11";"UOP01/MG"
135260;292616;2018-05-19;"sabado";"13:20:00";"MG";116;243,1;"TEOFILO OTONI";"Nao";"Ingestao de alcool";1;"Colisao transversal";"Com Vitimas Feridas";"Pleno dia";"Decrescente";"Ceu Claro";"Simples";"Reta";"Sim";239247;"Automóvel";"VW/POLO SEDAN 1.6";2007;"Condutor";"Ileso";43;"Masculino";1;0;0;0;"-17.58633069";"-41.48758966";"SR-MG";"DEL4/11";"UOP01/MG"
135260;292625;2018-05-19;"sabado";"13:20:00";"MG";116;243,1;"TEOFILO OTONI";"Nao";"Ingestao de alcool";1;"Colisao transversal";"Com Vitimas Feridas";"Pleno dia";"Decrescente";"Ceu Claro";"Simples";"Reta";"Sim";239247;"Automóvel";"VW/POLO SEDAN 1.6";2007;"Passageiro";"Ileso";69;"Masculino";1;0;0;0;"-17.58633069";"-41.48758966";"SR-MG";"DEL4/11";"UOP01/MG"
135280;292491;2018-05-05;"sabado";"20:40:00";"PE";316;76,8;"OURICURI";"Sim";"Ingestao de alcool";1;"Colisao traseira";"Com Vitimas Feridas";"Plena Noite";"Decrescente";"Ceu Claro";"Simples";"Reta";"Nao";239140;"Automóvel";"FIAT/LINEA ESSENCE 1.8";2013;"Condutor";"Ileso";47;"Masculino";1;0;0;0;"-7.84375151";"-40.13084114";"SR-PE";"DEL11/5";"UOP02/PE"
135280;292492;2018-05-05;"sabado";"20:40:00";"PE";316;76,8;"OURICURI";"Sim";"Ingestao de alcool";1;"Colisao traseira";"Com Vitimas Feridas";"Plena Noite";"Decrescente";"Ceu Claro";"Simples";"Reta";"Nao";239141;"Motocicleta";"HONDA/CG 125 TITAN ES";2000;"Condutor";"Lesoes Leves";33;"Masculino";0;1;0;0;"-7.84375151";"-40.13084114";"SR-PE";"DEL11/5";"UOP02/PE"
135297;292659;2018-05-19;"sabado";"15:15:00";"BA";116;816;"VITORIA DA CONQUISTA";"Sim";"Ingestao de alcool";1;"Colisao frontal";"Sem Vitimas";"Pleno dia";"Decrescente";"Sol";"Simples";"Reta";"Sim";239267;"Automóvel";"VW/GOL 16V SPORT";2002;"Condutor";"Ileso";NA;"Masculino";1;0;0;0;"-14.811955";"-40.795335";"SR-BA";"DEL10/8";"UOP01/BA"
135297;292655;2018-05-19;"sabado";"15:15:00";"BA";116;816;"VITORIA DA CONQUISTA";"Sim";"Ingestao de alcool";1;"Colisao frontal";"Sem Vitimas";"Pleno dia";"Decrescente";"Sol";"Simples";"Reta";"Sim";239266;"Caminhao-trator";"M.BENZ/AXOR 2544 LS";2014;"Condutor";"Ileso";51;"Masculino";1;0;0;0;"-14.811955";"-40.795335";"SR-BA";"DEL10/8";"UOP01/BA"
135302;294140;2018-05-19;"sabado";"16:17:00";"CE";116;11;"FORTALEZA";"Sim";"Ingestao de alcool";1;"Atropelamento de Pedestre";"Com Vitimas Feridas";"Pleno dia";"Decrescente";"Ceu Claro";"Multipla";"Reta";"Sim";239228;"Motocicleta";"HONDA/CG 125 FAN ES";2011;"Condutor";"Lesoes Leves";31;"Masculino";0;1;0;0;"-3.8551";"-38.4958";"SR-CE";"DEL16/1";"UOP02/CE"
135302;294141;2018-05-19;"sabado";"16:17:00";"CE";116;11;"FORTALEZA";"Sim";"Ingestao de alcool";1;"Atropelamento de Pedestre";"Com Vitimas Feridas";"Pleno dia";"Decrescente";"Ceu Claro";"Multipla";"Reta";"Sim";239228;"Motocicleta";"HONDA/CG 125 FAN ES";2011;"Pedestre";"Lesoes Leves";NA;"Masculino";0;1;0;0;"-3.8551";"-38.4958";"SR-CE";"DEL16/1";"UOP02/CE"
135305;292809;2018-05-19;"sabado";"16:15:00";"BA";101;700,9;"EUNAPOLIS";"Sim";"Ingestao de alcool";1;"Colisao frontal";"Com Vitimas Feridas";"Pleno dia";"Decrescente";"Ceu Claro";"Simples";"Reta";"Nao";239244;"Automóvel";"VW/GOL 1.0";2011;"Condutor";"Lesoes Graves";37;"Masculino";0;0;1;0;"-16.2616";"-39.5882";"SR-BA";"DEL10/9";"UOP01/BA"
135305;292821;2018-05-19;"sabado";"16:15:00";"BA";101;700,9;"EUNAPOLIS";"Sim";"Ingestao de alcool";1;"Colisao frontal";"Com Vitimas Feridas";"Pleno dia";"Decrescente";"Ceu Claro";"Simples";"Reta";"Nao";239246;"Automóvel";"CHEVROLET/CELTA 1.0L LT";2013;"Passageiro";"Ileso";25;"Masculino";1;0;0;0;"-16.2616";"-39.5882";"SR-BA";"DEL10/9";"UOP01/BA"
135305;292810;2018-05-19;"sabado";"16:15:00";"BA";101;700,9;"EUNAPOLIS";"Sim";"Ingestao de alcool";1;"Colisao frontal";"Com Vitimas Feridas";"Pleno dia";"Decrescente";"Ceu Claro";"Simples";"Reta";"Nao";239245;"Caminhao-trator";"VOLVO/FH 480 6X2T";2009;"Condutor";"Ileso";48;"Masculino";1;0;0;0;"-16.2616";"-39.5882";"SR-BA";"DEL10/9";"UOP01/BA"
135305;292811;2018-05-19;"sabado";"16:15:00";"BA";101;700,9;"EUNAPOLIS";"Sim";"Ingestao de alcool";1;"Colisao frontal";"Com Vitimas Feridas";"Pleno dia";"Decrescente";"Ceu Claro";"Simples";"Reta";"Nao";239246;"Automóvel";"CHEVROLET/CELTA 1.0L LT";2013;"Condutor";"Ileso";24;"Masculino";1;0;0;0;"-16.2616";"-39.5882";"SR-BA";"DEL10/9";"UOP01/BA"
135316;292622;2018-05-19;"sabado";"15:30:00";"SC";470;123;"IBIRAMA";"Sim";"Ingestao de alcool";1;"Saida de leito carrocavel";"Com Vitimas Feridas";"Pleno dia";"Crescente";"Nublado";"Simples";"Curva";"Nao";239259;"Automóvel";"VW/FOX 1.6 GII";2010;"Condutor";"Lesoes Leves";29;"Masculino";0;1;0;0;"-27.08235975";"-49.51675415";"SR-SC";"DEL8/4";"UOP02/SC"
135323;292743;2018-05-19;"sabado";"16:30:00";"SP";116;213;"GUARULHOS";"Sim";"Ingestao de alcool";1;"Colisao com objeto estatico";"Com Vitimas Feridas";"Pleno dia";"Decrescente";"Nublado";"Multipla";"Reta";"Sim";239341;"Caminhonete";"I/PEUGEOT PARTNER FURG";2011;"Condutor";"Ileso";22;"Masculino";1;0;0;0;"-23.44198648";"-46.44229889";"SR-SP";"DEL6/1";"UOP01/SP"
135323;292742;2018-05-19;"sabado";"16:30:00";"SP";116;213;"GUARULHOS";"Sim";"Ingestao de alcool";1;"Colisao com objeto estatico";"Com Vitimas Feridas";"Pleno dia";"Decrescente";"Nublado";"Multipla";"Reta";"Sim";239340;"Automóvel";"FIAT/UNO MILLE EX";2000;"Condutor";"Lesoes Leves";26;"Masculino";0;1;0;0;"-23.44198648";"-46.44229889";"SR-SP";"DEL6/1";"UOP01/SP"
135329;296047;2018-05-19;"sabado";"18:00:00";"PE";424;63,4;"CAETES";"Nao";"Ingestao de alcool";1;"Colisao traseira";"Com Vitimas Fatais";"Plena Noite";"Crescente";"Ceu Claro";"Simples";"Reta";"Nao";239280;"Motocicleta";"HONDA/CG 125 FAN KS";2009;"Condutor";"Óbito";60;"Masculino";0;0;0;1;"-8.75445538";"-36.66483164";"SR-PE";"DEL11/3";"UOP01/PE"