"id";"pesid";"data_inversa";"dia_semana";"horario";"uf";"br";"km";"municipio";"causa_principal";"causa_acidente";"ordem_tipo_acidente";"tipo_acidente";"classificacao_acidente";"fase_dia";"sentido_via";"condicao_metereologica";"tipo_pista";"tracado_via";"uso_solo";"id_veiculo";"tipo_veiculo";"marca";"ano_fabricacao_veiculo";"tipo_envolvido";"estado_fisico";"idade";"sexo";"ilesos";"feridos_leves";"feridos_graves";"mortos";"latitude";"longitude";"regional";"delegacia";"uop"
135329;296048;2018-05-19;"sabado";"18:00:00";"PE";424;63,4;"CAETES";"Nao";"Ingestao de alcool";1;"Colisao traseira";"Com Vitimas Fatais";"Plena Noite";"Crescente";"Ceu Claro";"Simples";"Reta";"Nao";239281;"Caminhonete";"GM/CHEVROLET D20";1990;"Condutor";"Ileso";19;"Masculino";1;0;0;0;"-8.75445538";"-36.66483164";"SR-PE";"DEL11/3";"UOP01/PE"
135341;294670;2018-05-19;"sabado";"18:10:00";"MS";267;679;"PORTO MURTINHO";"Sim";"Ingestao de alcool";1;"Colisao lateral";"Sem Vitimas";"Plena Noite";"Crescente";"Ceu Claro";"Simples";"Reta";"Nao";240701;"Caminhonete";"NISSAN/FRONTIER SEATT4X2";2011;"Condutor";"Ileso";41;"Masculino";1;0;0;0;"-21.7059212";"-57.78808594";"SR-MS";"DEL3/5";"UOP01/MS"
135341;294674;2018-05-19;"sabado";"18:10:00";"MS";267;679;"PORTO MURTINHO";"Sim";"Ingestao de alcool";1;"Colisao lateral";"Sem Vitimas";"Plena Noite";"Crescente";"Ceu Claro";"Simples";"Reta";"Nao";240707;"Automóvel";"FIAT/UNO MILLE EP";1996;"Condutor";"Ileso";51;"Masculino";1;0;0;0;"-21.7059212";"-57.78808594";"SR-MS";"DEL3/5";"UOP01/MS"
135343;293174;2018-05-19;"sabado";"19:00:00";"PR";476;326,3;"PAULO FRONTIN";"Sim";"Ingestao de alcool";1;"Colisao frontal";"Sem Vitimas";"Plena Noite";"Crescente";"Ceu Claro";"Simples";"Reta";"Nao";239385;"Automóvel";"VW/GOL CL";1993;"Condutor";"Ileso";25;"Masculino";1;0;0;0;"-26.093042";"-50.780262";"SR-PR";"DEL7/2";"UOP02/PR"
135343;293175;2018-05-19;"sabado";"19:00:00";"PR";476;326,3;"PAULO FRONTIN";"Sim";"Ingestao de alcool";1;"Colisao frontal";"Sem Vitimas";"Plena Noite";"Crescente";"Ceu Claro";"Simples";"Reta";"Nao";239386;"Caminhao-trator";"SCANIA/R124 GA4X2NZ 420";2005;"Condutor";"Ileso";49;"Masculino";1;0;0;0;"-26.093042";"-50.780262";"SR-PR";"DEL7/2";"UOP02/PR"
135349;293372;2018-05-19;"sabado";"19:48:00";"MG";251;515,7;"MONTES CLAROS";"Sim";"Ingestao de alcool";1;"Colisao frontal";"Com Vitimas Feridas";"Plena Noite";"Crescente";"Ceu Claro";"Simples";"Nao Informado";"Nao";239464;"Motocicleta";"HONDA/CG150 FAN ESDI";2014;"Condutor";"Lesoes Graves";48;"Masculino";0;0;1;0;"-16.6588";"-43.7377";"SR-MG";"DEL4/12";"UOP01/MG"
135349;293378;2018-05-19;"sabado";"19:48:00";"MG";251;515,7;"MONTES CLAROS";"Sim";"Ingestao de alcool";1;"Colisao frontal";"Com Vitimas Feridas";"Plena Noite";"Crescente";"Ceu Claro";"Simples";"Nao Informado";"Nao";239465;"Automóvel";"VW/GOL 16V";1999;"Condutor";"Lesoes Graves";61;"Masculino";0;0;1;0;"-16.6588";"-43.7377";"SR-MG";"DEL4/12";"UOP01/MG"
135352;292720;2018-05-19;"sabado";"19:50:00";"RS";386;33,1;"FREDERICO WESTPHALEN";"Nao";"Ingestao de alcool";1;"Colisao frontal";"Com Vitimas Feridas";"Plena Noite";"Decrescente";"Nublado";"Simples";"Reta";"Sim";239324;"Automóvel";"FORD/DEL REY GHIA";1986;"Condutor";"Nao Informado";NA;"Nao Informado";0;0;0;0;"-27.349504";"-53.386337";"SR-RS";"DEL9/14";"UOP02/RS"
135352;292726;2018-05-19;"sabado";"19:50:00";"RS";386;33,1;"FREDERICO WESTPHALEN";"Nao";"Ingestao de alcool";1;"Colisao frontal";"Com Vitimas Feridas";"Plena Noite";"Decrescente";"Nublado";"Simples";"Reta";"Sim";239328;"Automóvel";"GM/CORSA SUPER";1998;"Passageiro";"Lesoes Graves";8;"Masculino";0;0;1;0;"-27.349504";"-53.386337";"SR-RS";"DEL9/14";"UOP02/RS"
135352;292725;2018-05-19;"sabado";"19:50:00";"RS";386;33,1;"FREDERICO WESTPHALEN";"Nao";"Ingestao de alcool";1;"Colisao frontal";"Com Vitimas Feridas";"Plena Noite";"Decrescente";"Nublado";"Simples";"Reta";"Sim";239328;"Automóvel";"GM/CORSA SUPER";1998;"Passageiro";"Lesoes Leves";6;"Masculino";0;1;0;0;"-27.349504";"-53.386337";"SR-RS";"DEL9/14";"UOP02/RS"
135352;292721;2018-05-19;"sabado";"19:50:00";"RS";386;33,1;"FREDERICO WESTPHALEN";"Nao";"Ingestao de alcool";1;"Colisao frontal";"Com Vitimas Feridas";"Plena Noite";"Decrescente";"Nublado";"Simples";"Reta";"Sim";239328;"Automóvel";"GM/CORSA SUPER";1998;"Condutor";"Lesoes Leves";46;"Masculino";0;1;0;0;"-27.349504";"-53.386337";"SR-RS";"DEL9/14";"UOP02/RS"
135352;292722;2018-05-19;"sabado";"19:50:00";"RS";386;33,1;"FREDERICO WESTPHALEN";"Nao";"Ingestao de alcool";1;"Colisao frontal";"Com Vitimas Feridas";"Plena Noite";"Decrescente";"Nublado";"Simples";"Reta";"Sim";239328;"Automóvel";"GM/CORSA SUPER";1998;"Passageiro";"Lesoes Graves";30;"Feminino";0;0;1;0;"-27.349504";"-53.386337";"SR-RS";"DEL9/14";"UOP02/RS"
135352;292724;2018-05-19;"sabado";"19:50:00";"RS";386;33,1;"FREDERICO WESTPHALEN";"Nao";"Ingestao de alcool";1;"Colisao frontal";"Com Vitimas Feridas";"Plena Noite";"Decrescente";"Nublado";"Simples";"Reta";"Sim";239328;"Automóvel";"GM/CORSA SUPER";1998;"Passageiro";"Lesoes Leves";2;"Masculino";0;1;0;0;"-27.349504";"-53.386337";"SR-RS";"DEL9/14";"UOP02/RS"
135358;292731;2018-05-19;"sabado";"17:30:00";"BA";116;812;"VITORIA DA CONQUISTA";"Sim";"Ingestao de alcool";1;"Tombamento";"Com Vitimas Feridas";"Anoitecer";"Decrescente";"Ceu Claro";"Simples";"Reta";"Nao";239334;"Ciclomotor";"I/SHINERAY XY50Q PHOENIX";NA;"Condutor";"Lesoes Leves";63;"Masculino";0;1;0;0;"-14.80051537";"-40.77444792";"SR-BA";"DEL10/8";"UOP01/BA"
135365;294233;2018-05-19;"sabado";"19:20:00";"MG";381;498;"BETIM";"Sim";"Ingestao de alcool";1;"Saida de leito carrocavel";"Sem Vitimas";"Plena Noite";"Crescente";"Chuva";"Dupla";"Reta";"Nao";239459;"Automóvel";"FIAT/UNO MILLE FIRE FLEX";2006;"Condutor";"Ileso";36;"Masculino";1;0;0;0;"-19.9954";"-44.208";"SR-MG";"DEL4/1";"UOP03/MG"
135373;294021;2018-05-19;"sabado";"21:00:00";"MG";40;432,2;"PARAOPEBA";"Nao";"Ingestao de alcool";1;"Atropelamento de Pedestre";"Com Vitimas Fatais";"Plena Noite";"Decrescente";"Garoa/Chuvisco";"Dupla";"Reta";"Nao";239364;"Automóvel";"VW/FOX 1.0";2009;"Condutor";"Ileso";49;"Masculino";1;0;0;0;"-19.2116";"-44.4613";"SR-MG";"DEL4/2";"UOP01/MG"
135373;294022;2018-05-19;"sabado";"21:00:00";"MG";40;432,2;"PARAOPEBA";"Nao";"Ingestao de alcool";1;"Atropelamento de Pedestre";"Com Vitimas Fatais";"Plena Noite";"Decrescente";"Garoa/Chuvisco";"Dupla";"Reta";"Nao";239364;"Automóvel";"VW/FOX 1.0";2009;"Pedestre";"Óbito";NA;"Masculino";0;0;0;1;"-19.2116";"-44.4613";"SR-MG";"DEL4/2";"UOP01/MG"
135378;292790;2018-05-19;"sabado";"22:10:00";"BA";367;26;"PORTO SEGURO";"Sim";"Ingestao de alcool";1;"Colisao traseira";"Com Vitimas Feridas";"Plena Noite";"Decrescente";"Ceu Claro";"Simples";"Reta";"Sim";239403;"Automóvel";"GM/VECTRA SEDAN ELEGANCE";2010;"Condutor";"Ileso";24;"Masculino";1;0;0;0;"-16.4307";"-39.095634";"SR-BA";"DEL10/9";"UOP01/BA"
135378;292795;2018-05-19;"sabado";"22:10:00";"BA";367;26;"PORTO SEGURO";"Sim";"Ingestao de alcool";1;"Colisao traseira";"Com Vitimas Feridas";"Plena Noite";"Decrescente";"Ceu Claro";"Simples";"Reta";"Sim";239404;"Motocicleta";"HONDA/XRE 300";2016;"Condutor";"Lesoes Leves";25;"Masculino";0;1;0;0;"-16.4307";"-39.095634";"SR-BA";"DEL10/9";"UOP01/BA"
135392;295300;2018-05-19;"sabado";"23:30:00";"SC";470;106;"APIUNA";"Sim";"Ingestao de alcool";1;"Colisao frontal";"Sem Vitimas";"Plena Noite";"Crescente";"Garoa/Chuvisco";"Simples";"Curva";"Nao";241143;"Automóvel";"VW/FOX 1.0";2008;"Condutor";"Ileso";48;"Masculino";1;0;0;0;"-27.0617619";"-49.41478997";"SR-SC";"DEL8/4";"UOP02/SC"
135392;295301;2018-05-19;"sabado";"23:30:00";"SC";470;106;"APIUNA";"Sim";"Ingestao de alcool";1;"Colisao frontal";"Sem Vitimas";"Plena Noite";"Crescente";"Garoa/Chuvisco";"Simples";"Curva";"Nao";241144;"Automóvel";"FORD/ESCORT L";1994;"Condutor";"Ileso";49;"Masculino";1;0;0;0;"-27.0617619";"-49.41478997";"SR-SC";"DEL8/4";"UOP02/SC"
135394;294623;2018-05-19;"sabado";"22:00:00";"RN";101;149;"GOIANINHA";"Sim";"Ingestao de alcool";1;"Atropelamento de Pedestre";"Com Vitimas Feridas";"Plena Noite";"Decrescente";"Ceu Claro";"Dupla";"Reta";"Sim";239430;"Automóvel";"RENAULT/LOGAN EXP 16";2008;"Condutor";"Ileso";28;"Masculino";1;0;0;0;"-6.272332";"-35.207629";"SR-RN";"DEL15/1";"UOP01/RN"
135394;294627;2018-05-19;"sabado";"22:00:00";"RN";101;149;"GOIANINHA";"Sim";"Ingestao de alcool";1;"Atropelamento de Pedestre";"Com Vitimas Feridas";"Plena Noite";"Decrescente";"Ceu Claro";"Dupla";"Reta";"Sim";239430;"Automóvel";"RENAULT/LOGAN EXP 16";2008;"Pedestre";"Lesoes Graves";57;"Masculino";0;0;1;0;"-6.272332";"-35.207629";"SR-RN";"DEL15/1";"UOP01/RN"
135395;294259;2018-05-19;"sabado";"21:40:00";"RJ";101;419;"MANGARATIBA";"Sim";"Ingestao de alcool";1;"Colisao frontal";"Sem Vitimas";"Plena Noite";"Decrescente";"Nublado";"Dupla";"Curva";"Nao";239419;"Automóvel";"VW/POLO SEDAN 1.6";2012;"Condutor";"Ileso";72;"Masculino";1;0;0;0;"-22.919087";"-43.928731";"SR-RJ";"DEL5/3";"UOP01/RJ"
135395;294260;2018-05-19;"sabado";"21:40:00";"RJ";101;419;"MANGARATIBA";"Sim";"Ingestao de alcool";1;"Colisao frontal";"Sem Vitimas";"Plena Noite";"Decrescente";"Nublado";"Dupla";"Curva";"Nao";239420;"Automóvel";"VW/NOVO VOYAGE 1.6 CITY";2013;"Condutor";"Ileso";33;"Masculino";1;0;0;0;"-22.919087";"-43.928731";"SR-RJ";"DEL5/3";"UOP01/RJ"
135396;295219;2018-05-19;"sabado";"21:45:00";"SC";470;50;"BLUMENAU";"Sim";"Ingestao de alcool";1;"Colisao lateral";"Com Vitimas Feridas";"Plena Noite";"Crescente";"Ceu Claro";"Simples";"Curva";"Sim";241074;"Caminhao";"SCANIA/P 310 B8X2";2015;"Condutor";"Ileso";38;"Masculino";1;0;0;0;"-26.859768";"-49.074493";"SR-SC";"DEL8/4";"UOP01/SC"
135396;295224;2018-05-19;"sabado";"21:45:00";"SC";470;50;"BLUMENAU";"Sim";"Ingestao de alcool";1;"Colisao lateral";"Com Vitimas Feridas";"Plena Noite";"Crescente";"Ceu Claro";"Simples";"Curva";"Sim";241077;"Automóvel";"I/CHEVROLET AGILE LT";2010;"Condutor";"Lesoes Leves";38;"Feminino";0;1;0;0;"-26.859768";"-49.074493";"SR-SC";"DEL8/4";"UOP01/SC"
135396;295637;2018-05-19;"sabado";"21:45:00";"SC";470;50;"BLUMENAU";"Sim";"Ingestao de alcool";1;"Colisao lateral";"Com Vitimas Feridas";"Plena Noite";"Crescente";"Ceu Claro";"Simples";"Curva";"Sim";241075;"Micro-ônibus";"RENAULT/MASTER MBUS L3H2";2016;"Condutor";"Ileso";48;"Masculino";1;0;0;0;"-26.859768";"-49.074493";"SR-SC";"DEL8/4";"UOP01/SC"
135396;295217;2018-05-19;"sabado";"21:45:00";"SC";470;50;"BLUMENAU";"Sim";"Ingestao de alcool";1;"Colisao lateral";"Com Vitimas Feridas";"Plena Noite";"Crescente";"Ceu Claro";"Simples";"Curva";"Sim";241073;"Automóvel";"VW/GOL 1.0";2011;"Condutor";"Ileso";34;"Masculino";1;0;0;0;"-26.859768";"-49.074493";"SR-SC";"DEL8/4";"UOP01/SC"
135402;294852;2018-05-20;"domingo";"00:20:00";"CE";116;158,6;"RUSSAS";"Sim";"Ingestao de alcool e/ou substâncias psicoativas pelo pedestre";1;"Atropelamento de Pedestre";"Com Vitimas Fatais";"Plena Noite";"Decrescente";"Ceu Claro";"Simples";"Reta";"Nao";239499;"Outros";"";NA;"Condutor";"Nao Informado";NA;"Nao Informado";0;0;0;0;"-4.90762331";"-38.00405324";"SR-CE";"DEL16/3";"UOP01/CE"
135402;294771;2018-05-20;"domingo";"00:20:00";"CE";116;158,6;"RUSSAS";"Sim";"Ingestao de alcool e/ou substâncias psicoativas pelo pedestre";1;"Atropelamento de Pedestre";"Com Vitimas Fatais";"Plena Noite";"Decrescente";"Ceu Claro";"Simples";"Reta";"Nao";239499;"Outros";"";NA;"Pedestre";"Óbito";47;"Masculino";0;0;0;1;"-4.90762331";"-38.00405324";"SR-CE";"DEL16/3";"UOP01/CE"
135409;293433;2018-05-19;"sabado";"22:40:00";"MT";364;488;"JANGADA";"Sim";"Ingestao de alcool";1;"Saida de leito carrocavel";"Sem Vitimas";"Plena Noite";"Decrescente";"Nublado";"Simples";"Reta";"Nao";239394;"Caminhao-trator";"IVECO/STRALIS 600S44T";2016;"Condutor";"Ileso";50;"Masculino";1;0;0;0;"-15.341755";"-56.418949";"SR-MT";"DEL2/4";"UOP02/MT"
135415;292791;2018-05-20;"domingo";"01:00:00";"GO";153;577;"PROFESSOR JAMIL";"Sim";"Ingestao de alcool";1;"Tombamento";"Com Vitimas Feridas";"Plena Noite";"Crescente";"Garoa/Chuvisco";"Dupla";"Reta";"Nao";239411;"Motocicleta";"YAMAHA/YBR 125E";2008;"Condutor";"Lesoes Leves";35;"Masculino";0;1;0;0;"-17.362";"-49.2477";"SR-GO";"DEL1/3";"UOP01/GO"
135415;292793;2018-05-20;"domingo";"01:00:00";"GO";153;577;"PROFESSOR JAMIL";"Sim";"Ingestao de alcool";1;"Tombamento";"Com Vitimas Feridas";"Plena Noite";"Crescente";"Garoa/Chuvisco";"Dupla";"Reta";"Nao";239411;"Motocicleta";"YAMAHA/YBR 125E";2008;"Passageiro";"Lesoes Leves";40;"Feminino";0;1;0;0;"-17.362";"-49.2477";"SR-GO";"DEL1/3";"UOP01/GO"
135422;292827;2018-05-20;"domingo";"03:00:00";"SC";101;316,4;"LAGUNA";"Sim";"Ingestao de alcool";2;"Capotamento";"Com Vitimas Feridas";"Plena Noite";"Crescente";"Chuva";"Dupla";"Nao Informado";"Sim";239435;"Automóvel";"RENAULT/SANDERO EXP 16";2011;"Passageiro";"Lesoes Leves";36;"Feminino";0;1;0;0;"-28.4277";"-48.8516";"SR-SC";"DEL8/2";"UOP01/SC"
135422;292825;2018-05-20;"domingo";"03:00:00";"SC";101;316,4;"LAGUNA";"Sim";"Ingestao de alcool";2;"Capotamento";"Com Vitimas Feridas";"Plena Noite";"Crescente";"Chuva";"Dupla";"Nao Informado";"Sim";239435;"Automóvel";"RENAULT/SANDERO EXP 16";2011;"Condutor";"Lesoes Leves";39;"Masculino";0;1;0;0;"-28.4277";"-48.8516";"SR-SC";"DEL8/2";"UOP01/SC"
135424;292803;2018-05-19;"sabado";"20:50:00";"GO";153;507,9;"APARECIDA DE GOIANIA";"Sim";"Ingestao de alcool";1;"Colisao com objeto estatico";"Sem Vitimas";"Plena Noite";"Crescente";"Garoa/Chuvisco";"Dupla";"Nao Informado";"Sim";239416;"Automóvel";"RENAULT/LOGAN EXPR 16 M";2014;"Condutor";"Ileso";36;"Masculino";1;0;0;0;"-16.7715";"-49.2387";"SR-GO";"DEL1/1";"UOP03/GO"
135427;292918;2018-05-20;"domingo";"03:25:00";"PR";277;680,5;"MEDIANEIRA";"Sim";"Ingestao de alcool";1;"Colisao traseira";"Com Vitimas Fatais";"Plena Noite";"Crescente";"Ceu Claro";"Dupla";"Reta";"Nao";239501;"Motocicleta";"HONDA/CG 125 TITAN";1998;"Condutor";"Lesoes Graves";23;"Masculino";0;0;1;0;"-25.32457383";"-54.16841269";"SR-PR";"DEL7/5";"UOP01/PR"
135427;292915;2018-05-20;"domingo";"03:25:00";"PR";277;680,5;"MEDIANEIRA";"Sim";"Ingestao de alcool";1;"Colisao traseira";"Com Vitimas Fatais";"Plena Noite";"Crescente";"Ceu Claro";"Dupla";"Reta";"Nao";239502;"Automóvel";"HONDA/CIVIC LXR";2013;"Condutor";"Ileso";25;"Masculino";1;0;0;0;"-25.32457383";"-54.16841269";"SR-PR";"DEL7/5";"UOP01/PR"
135427;292919;2018-05-20;"domingo";"03:25:00";"PR";277;680,5;"MEDIANEIRA";"Sim";"Ingestao de alcool";1;"Colisao traseira";"Com Vitimas Fatais";"Plena Noite";"Crescente";"Ceu Claro";"Dupla";"Reta";"Nao";239501;"Motocicleta";"HONDA/CG 125 TITAN";1998;"Passageiro";"Óbito";NA;"Feminino";0;0;0;1;"-25.32457383";"-54.16841269";"SR-PR";"DEL7/5";"UOP01/PR"
135430;292812;2018-05-19;"sabado";"22:40:00";"PR";376;177,5;"MARINGA";"Sim";"Ingestao de alcool";1;"Colisao traseira";"Sem Vitimas";"Plena Noite";"Crescente";"Nublado";"Dupla";"Reta";"Sim";239424;"Automóvel";"RENAULT/LOGAN AUTH 10";2017;"Condutor";"Ileso";30;"Masculino";1;0;0;0;"-23.41489491";"-51.9260841";"SR-PR";"DEL7/7";"UOP04/PR"
135430;292813;2018-05-19;"sabado";"22:40:00";"PR";376;177,5;"MARINGA";"Sim";"Ingestao de alcool";1;"Colisao traseira";"Sem Vitimas";"Plena Noite";"Crescente";"Nublado";"Dupla";"Reta";"Sim";239425;"Automóvel";"RENAULT/SANDERO EXP1016V";2010;"Condutor";"Ileso";42;"Masculino";1;0;0;0;"-23.41489491";"-51.9260841";"SR-PR";"DEL7/7";"UOP04/PR"
135432;292832;2018-05-20;"domingo";"05:00:00";"PR";116;129,4;"FAZENDA RIO GRANDE";"Nao";"Ingestao de alcool";1;"Colisao com objeto estatico";"Com Vitimas Fatais";"Amanhecer";"Crescente";"Ceu Claro";"Dupla";"Reta";"Nao";239450;"Motocicleta";"HONDA/CG 150 TITAN KS";2007;"Condutor";"Óbito";26;"Masculino";0;0;0;1;"-25.630278";"-49.313812";"SR-PR";"DEL7/1";"UOP03/PR"
135436;294568;2018-05-20;"domingo";"06:00:00";"GO";60;101,1;"ANAPOLIS";"Sim";"Ingestao de alcool";1;"Saida de leito carrocavel";"Com Vitimas Feridas";"Pleno dia";"Decrescente";"Ceu Claro";"Dupla";"Reta";"Nao";239463;"Motocicleta";"HONDA/CG 150 FAN ESI";2013;"Condutor";"Lesoes Leves";36;"Masculino";0;1;0;0;"-16.4022";"-48.9745";"SR-GO";"DEL1/2";"UOP01/GO"
135440;292833;2018-05-20;"domingo";"05:20:00";"GO";153;608;"MORRINHOS";"Sim";"Ingestao de alcool";1;"Saida de leito carrocavel";"Com Vitimas Feridas";"Plena Noite";"Crescente";"Ceu Claro";"Dupla";"Desvio Temporario";"Nao";239445;"Automóvel";"VW/GOL 1000";1995;"Condutor";"Lesoes Leves";59;"Masculino";0;1;0;0;"-17.6202";"-49.1797";"SR-GO";"DEL1/3";"UOP01/GO"
135444;294137;2018-05-20;"domingo";"06:00:00";"GO";40;11,5;"LUZIANIA";"Nao";"Ingestao de alcool";1;"Atropelamento de Pedestre";"Com Vitimas Feridas";"Amanhecer";"Crescente";"Nublado";"Dupla";"Reta";"Sim";239575;"Automóvel";"VW/GOL 1.0";2009;"Condutor";"Ileso";24;"Masculino";1;0;0;0;"-16.13685804";"-47.95311213";"SR-DF";"GO";"UOP01/DF"
135444;294139;2018-05-20;"domingo";"06:00:00";"GO";40;11,5;"LUZIANIA";"Nao";"Ingestao de alcool";1;"Atropelamento de Pedestre";"Com Vitimas Feridas";"Amanhecer";"Crescente";"Nublado";"Dupla";"Reta";"Sim";239576;"Automóvel";"FIAT/UNO MILLE SMART";2000;"Condutor";"Lesoes Graves";36;"Masculino";0;0;1;0;"-16.13685804";"-47.95311213";"SR-DF";"GO";"UOP01/DF"
135445;294589;2018-05-20;"domingo";"06:45:00";"RJ";116;183;"NOVA IGUACU";"Sim";"Ingestao de alcool";1;"Colisao traseira";"Sem Vitimas";"Pleno dia";"Decrescente";"Ceu Claro";"Dupla";"Reta";"Nao";240653;"Automóvel";"VW/FOX 1.0";2004;"Condutor";"Ileso";36;"Masculino";1;0;0;0;"-22.751593";"-43.438511";"SR-RJ";"DEL5/1";"UOP02/RJ"
135445;294592;2018-05-20;"domingo";"06:45:00";"RJ";116;183;"NOVA IGUACU";"Sim";"Ingestao de alcool";1;"Colisao traseira";"Sem Vitimas";"Pleno dia";"Decrescente";"Ceu Claro";"Dupla";"Reta";"Nao";240655;"Automóvel";"VW/GOL 1.0";2010;"Condutor";"Ileso";30;"Masculino";1;0;0;0;"-22.751593";"-43.438511";"SR-RJ";"DEL5/1";"UOP02/RJ"
135445;294593;2018-05-20;"domingo";"06:45:00";"RJ";116;183;"NOVA IGUACU";"Sim";"Ingestao de alcool";1;"Colisao traseira";"Sem Vitimas";"Pleno dia";"Decrescente";"Ceu Claro";"Dupla";"Reta";"Nao";240658;"Automóvel";"I/FIAT SIENA EL FLEX";2010;"Condutor";"Ileso";19;"Masculino";1;0;0;0;"-22.751593";"-43.438511";"SR-RJ";"DEL5/1";"UOP02/RJ"
135490;293037;2018-05-20;"domingo";"11:50:00";"AL";101;75,8;"MESSIAS";"Sim";"Ingestao de alcool";1;"Colisao transversal";"Com Vitimas Fatais";"Pleno dia";"Decrescente";"Ceu Claro";"Dupla";"Desvio Temporario";"Nao";239577;"Bicicleta";"";NA;"Condutor";"Óbito";60;"Masculino";0;0;0;1;"-9.404365";"-35.839981";"SR-AL";"DEL13/1";"UOP01/AL"
135490;294990;2018-05-20;"domingo";"11:50:00";"AL";101;75,8;"MESSIAS";"Sim";"Ingestao de alcool";1;"Colisao transversal";"Com Vitimas Fatais";"Pleno dia";"Decrescente";"Ceu Claro";"Dupla";"Desvio Temporario";"Nao";239578;"Automóvel";"RENAULT/CLIO PRI 10 16VH";2004;"Condutor";"Nao Informado";NA;"Nao Informado";0;0;0;0;"-9.404365";"-35.839981";"SR-AL";"DEL13/1";"UOP01/AL"
135508;294727;2018-05-20;"domingo";"14:00:00";"SP";153;61,2;"SAO JOSE DO RIO PRETO";"Sim";"Ingestao de alcool";1;"Colisao traseira";"Com Vitimas Feridas";"Pleno dia";"Decrescente";"Ceu Claro";"Dupla";"Reta";"Sim";239613;"Caminhonete";"GM/MONTANA CONQUEST";2007;"Condutor";"Ileso";57;"Masculino";1;0;0;0;"-20.80420427";"-49.35567392";"SR-SP";"DEL6/9";"UOP01/SP"
135508;294719;2018-05-20;"domingo";"14:00:00";"SP";153;61,2;"SAO JOSE DO RIO PRETO";"Sim";"Ingestao de alcool";1;"Colisao traseira";"Com Vitimas Feridas";"Pleno dia";"Decrescente";"Ceu Claro";"Dupla";"Reta";"Sim";239614;"Motocicleta";"HONDA/CG 150 TITAN KS";2008;"Condutor";"Lesoes Leves";43;"Masculino";0;1;0;0;"-20.80420427";"-49.35567392";"SR-SP";"DEL6/9";"UOP01/SP"
135508;294729;2018-05-20;"domingo";"14:00:00";"SP";153;61,2;"SAO JOSE DO RIO PRETO";"Sim";"Ingestao de alcool";1;"Colisao traseira";"Com Vitimas Feridas";"Pleno dia";"Decrescente";"Ceu Claro";"Dupla";"Reta";"Sim";239613;"Caminhonete";"GM/MONTANA CONQUEST";2007;"Passageiro";"Ileso";60;"Feminino";1;0;0;0;"-20.80420427";"-49.35567392";"SR-SP";"DEL6/9";"UOP01/SP"
135508;294730;2018-05-20;"domingo";"14:00:00";"SP";153;61,2;"SAO JOSE DO RIO PRETO";"Sim";"Ingestao de alcool";1;"Colisao traseira";"Com Vitimas Feridas";"Pleno dia";"Decrescente";"Ceu Claro";"Dupla";"Reta";"Sim";239614;"Motocicleta";"HONDA/CG 150 TITAN KS";2008;"Testemunha";"Nao Informado";NA;"Nao Informado";0;0;0;0;"-20.80420427";"-49.35567392";"SR-SP";"DEL6/9";"UOP01/SP"
135516;294769;2018-05-20;"domingo";"14:20:00";"MG";40;447;"CAETANOPOLIS";"Nao";"Ingestao de alcool";1;"Queda de ocupante de veiculo";"Com Vitimas Feridas";"Pleno dia";"Crescente";"Nublado";"Dupla";"Reta";"Sim";239729;"Bicicleta";"";NA;"Testemunha";"Nao Informado";NA;"Nao Informado";0;0;0;0;"-19.3089";"-44.3729";"SR-MG";"DEL4/2";"UOP01/MG"
135516;293222;2018-05-20;"domingo";"14:20:00";"MG";40;447;"CAETANOPOLIS";"Nao";"Ingestao de alcool";1;"Queda de ocupante de veiculo";"Com Vitimas Feridas";"Pleno dia";"Crescente";"Nublado";"Dupla";"Reta";"Sim";239729;"Bicicleta";"";NA;"Condutor";"Lesoes Leves";52;"Masculino";0;1;0;0;"-19.3089";"-44.3729";"SR-MG";"DEL4/2";"UOP01/MG"
135523;294753;2018-05-20;"domingo";"15:45:00";"PE";101;63,9;"RECIFE";"Nao";"Ingestao de alcool";1;"Colisao frontal";"Com Vitimas Feridas";"Pleno dia";"Decrescente";"Ceu Claro";"Simples";"Viaduto";"Sim";239603;"Automóvel";"CHEVROLET/ONIX 1.0MT LT";2016;"Passageiro";"Ileso";32;"Feminino";1;0;0;0;"-8.01668983";"-34.94083073";"SR-PE";"DEL11/1";"UOP01/PE"
135523;294754;2018-05-20;"domingo";"15:45:00";"PE";101;63,9;"RECIFE";"Nao";"Ingestao de alcool";1;"Colisao frontal";"Com Vitimas Feridas";"Pleno dia";"Decrescente";"Ceu Claro";"Simples";"Viaduto";"Sim";239603;"Automóvel";"CHEVROLET/ONIX 1.0MT LT";2016;"Passageiro";"Ileso";25;"Masculino";1;0;0;0;"-8.01668983";"-34.94083073";"SR-PE";"DEL11/1";"UOP01/PE"
135523;294766;2018-05-20;"domingo";"15:45:00";"PE";101;63,9;"RECIFE";"Nao";"Ingestao de alcool";1;"Colisao frontal";"Com Vitimas Feridas";"Pleno dia";"Decrescente";"Ceu Claro";"Simples";"Viaduto";"Sim";239603;"Automóvel";"CHEVROLET/ONIX 1.0MT LT";2016;"Passageiro";"Ileso";24;"Feminino";1;0;0;0;"-8.01668983";"-34.94083073";"SR-PE";"DEL11/1";"UOP01/PE"
135523;294768;2018-05-20;"domingo";"15:45:00";"PE";101;63,9;"RECIFE";"Nao";"Ingestao de alcool";1;"Colisao frontal";"Com Vitimas Feridas";"Pleno dia";"Decrescente";"Ceu Claro";"Simples";"Viaduto";"Sim";239603;"Automóvel";"CHEVROLET/ONIX 1.0MT LT";2016;"Passageiro";"Ileso";16;"Masculino";1;0;0;0;"-8.01668983";"-34.94083073";"SR-PE";"DEL11/1";"UOP01/PE"