"id";"pesid";"data_inversa";"dia_semana";"horario";"uf";"br";"km";"municipio";"causa_principal";"causa_acidente";"ordem_tipo_acidente";"tipo_acidente";"classificacao_acidente";"fase_dia";"sentido_via";"condicao_metereologica";"tipo_pista";"tracado_via";"uso_solo";"id_veiculo";"tipo_veiculo";"marca";"ano_fabricacao_veiculo";"tipo_envolvido";"estado_fisico";"idade";"sexo";"ilesos";"feridos_leves";"feridos_graves";"mortos";"latitude";"longitude";"regional";"delegacia";"uop"
135523;294751;2018-05-20;"domingo";"15:45:00";"PE";101;63,9;"RECIFE";"Nao";"Ingestao de alcool";1;"Colisao frontal";"Com Vitimas Feridas";"Pleno dia";"Decrescente";"Ceu Claro";"Simples";"Viaduto";"Sim";239603;"Automóvel";"CHEVROLET/ONIX 1.0MT LT";2016;"Condutor";"Ileso";24;"Masculino";1;0;0;0;"-8.01668983";"-34.94083073";"SR-PE";"DEL11/1";"UOP01/PE"
135523;294750;2018-05-20;"domingo";"15:45:00";"PE";101;63,9;"RECIFE";"Nao";"Ingestao de alcool";1;"Colisao frontal";"Com Vitimas Feridas";"Pleno dia";"Decrescente";"Ceu Claro";"Simples";"Viaduto";"Sim";239602;"Ciclomotor";"I/SHINERAY XY 50 Q";2014;"Condutor";"Lesoes Leves";33;"Masculino";0;1;0;0;"-8.01668983";"-34.94083073";"SR-PE";"DEL11/1";"UOP01/PE"
135526;293278;2018-05-20;"domingo";"15:30:00";"ES";101;128,9;"LINHARES";"Sim";"Ingestao de alcool";1;"Colisao frontal";"Com Vitimas Feridas";"Pleno dia";"Crescente";"Nublado";"Simples";"Nao Informado";"Nao";239788;"Automóvel";"FIAT/LINEA ABSOL. 1.8 DL";2014;"Condutor";"Ileso";60;"Masculino";1;0;0;0;"-19.2213469";"-40.09365499";"SR-ES";"DEL12/4";"UOP01/ES"
135526;293279;2018-05-20;"domingo";"15:30:00";"ES";101;128,9;"LINHARES";"Sim";"Ingestao de alcool";1;"Colisao frontal";"Com Vitimas Feridas";"Pleno dia";"Crescente";"Nublado";"Simples";"Nao Informado";"Nao";239789;"Caminhonete";"FIAT/STRADA ADVENT FLEX";2014;"Condutor";"Ileso";23;"Masculino";1;0;0;0;"-19.2213469";"-40.09365499";"SR-ES";"DEL12/4";"UOP01/ES"
135526;293280;2018-05-20;"domingo";"15:30:00";"ES";101;128,9;"LINHARES";"Sim";"Ingestao de alcool";1;"Colisao frontal";"Com Vitimas Feridas";"Pleno dia";"Crescente";"Nublado";"Simples";"Nao Informado";"Nao";239789;"Caminhonete";"FIAT/STRADA ADVENT FLEX";2014;"Passageiro";"Lesoes Leves";22;"Feminino";0;1;0;0;"-19.2213469";"-40.09365499";"SR-ES";"DEL12/4";"UOP01/ES"
135526;293276;2018-05-20;"domingo";"15:30:00";"ES";101;128,9;"LINHARES";"Sim";"Ingestao de alcool";1;"Colisao frontal";"Com Vitimas Feridas";"Pleno dia";"Crescente";"Nublado";"Simples";"Nao Informado";"Nao";239787;"Automóvel";"GM/CORSA HATCH JOY";2005;"Condutor";"Lesoes Leves";46;"Masculino";0;1;0;0;"-19.2213469";"-40.09365499";"SR-ES";"DEL12/4";"UOP01/ES"
135537;294798;2018-05-20;"domingo";"17:00:00";"GO";60;39;"APARECIDA DE GOIANIA";"Sim";"Ingestao de alcool";1;"Colisao traseira";"Com Vitimas Feridas";"Plena Noite";"Decrescente";"Nublado";"Dupla";"Reta";"Sim";239690;"Automóvel";"I/FIAT SIENA ELX FLEX";2008;"Condutor";"Ileso";39;"Feminino";1;0;0;0;"-16.76706995";"-49.32449341";"SR-GO";"DEL1/1";"UOP03/GO"
135537;294799;2018-05-20;"domingo";"17:00:00";"GO";60;39;"APARECIDA DE GOIANIA";"Sim";"Ingestao de alcool";1;"Colisao traseira";"Com Vitimas Feridas";"Plena Noite";"Decrescente";"Nublado";"Dupla";"Reta";"Sim";239691;"Automóvel";"VW/GOL SPECIAL MB";2016;"Condutor";"Ileso";35;"Masculino";1;0;0;0;"-16.76706995";"-49.32449341";"SR-GO";"DEL1/1";"UOP03/GO"
135537;294820;2018-05-20;"domingo";"17:00:00";"GO";60;39;"APARECIDA DE GOIANIA";"Sim";"Ingestao de alcool";1;"Colisao traseira";"Com Vitimas Feridas";"Plena Noite";"Decrescente";"Nublado";"Dupla";"Reta";"Sim";239691;"Automóvel";"VW/GOL SPECIAL MB";2016;"Passageiro";"Ileso";39;"Feminino";1;0;0;0;"-16.76706995";"-49.32449341";"SR-GO";"DEL1/1";"UOP03/GO"
135537;294827;2018-05-20;"domingo";"17:00:00";"GO";60;39;"APARECIDA DE GOIANIA";"Sim";"Ingestao de alcool";1;"Colisao traseira";"Com Vitimas Feridas";"Plena Noite";"Decrescente";"Nublado";"Dupla";"Reta";"Sim";239691;"Automóvel";"VW/GOL SPECIAL MB";2016;"Passageiro";"Lesoes Graves";10;"Feminino";0;0;1;0;"-16.76706995";"-49.32449341";"SR-GO";"DEL1/1";"UOP03/GO"
135537;294832;2018-05-20;"domingo";"17:00:00";"GO";60;39;"APARECIDA DE GOIANIA";"Sim";"Ingestao de alcool";1;"Colisao traseira";"Com Vitimas Feridas";"Plena Noite";"Decrescente";"Nublado";"Dupla";"Reta";"Sim";239691;"Automóvel";"VW/GOL SPECIAL MB";2016;"Passageiro";"Ileso";6;"Masculino";1;0;0;0;"-16.76706995";"-49.32449341";"SR-GO";"DEL1/1";"UOP03/GO"
135550;293992;2018-05-20;"domingo";"15:15:00";"PR";153;456;"UNIAO DA VITORIA";"Sim";"Ingestao de alcool";1;"Colisao frontal";"Com Vitimas Feridas";"Pleno dia";"Decrescente";"Ceu Claro";"Simples";"Ponte";"Nao";239713;"Automóvel";"CHEVROLET/CELTA 1.0L LT";2011;"Condutor";"Lesoes Leves";34;"Feminino";0;1;0;0;"-26.198723";"-51.111496";"SR-PR";"DEL7/2";"UOP02/PR"
135550;293988;2018-05-20;"domingo";"15:15:00";"PR";153;456;"UNIAO DA VITORIA";"Sim";"Ingestao de alcool";1;"Colisao frontal";"Com Vitimas Feridas";"Pleno dia";"Decrescente";"Ceu Claro";"Simples";"Ponte";"Nao";239712;"Automóvel";"I/BMW 320I ACTIVE FLEX";2014;"Condutor";"Ileso";36;"Masculino";1;0;0;0;"-26.198723";"-51.111496";"SR-PR";"DEL7/2";"UOP02/PR"
135567;293186;2018-05-20;"domingo";"18:30:00";"RN";304;31,8;"MOSSORO";"Sim";"Ingestao de alcool";1;"Colisao lateral";"Sem Vitimas";"Plena Noite";"Crescente";"Ceu Claro";"Simples";"Reta";"Sim";239669;"Automóvel";"VW/FOX 1.0";2007;"Condutor";"Ileso";64;"Masculino";1;0;0;0;"-5.13404302";"-37.34478738";"SR-RN";"DEL15/4";"UOP02/RN"
135567;293187;2018-05-20;"domingo";"18:30:00";"RN";304;31,8;"MOSSORO";"Sim";"Ingestao de alcool";1;"Colisao lateral";"Sem Vitimas";"Plena Noite";"Crescente";"Ceu Claro";"Simples";"Reta";"Sim";239670;"Caminhao-trator";"M.BENZ/AXOR 2040 S";2008;"Condutor";"Ileso";57;"Masculino";1;0;0;0;"-5.13404302";"-37.34478738";"SR-RN";"DEL15/4";"UOP02/RN"
135583;293198;2018-05-20;"domingo";"18:00:00";"PR";163;295;"MARECHAL CANDIDO RONDON";"Sim";"Ingestao de alcool";1;"Saida de leito carrocavel";"Com Vitimas Feridas";"Plena Noite";"Decrescente";"Sol";"Simples";"Curva";"Nao";239667;"Automóvel";"VW/GOL SPECIAL";1999;"Passageiro";"Lesoes Graves";6;"Masculino";0;0;1;0;"-24.51874033";"-54.11206484";"SR-PR";"DEL7/6";"UOP04/PR"
135583;293200;2018-05-20;"domingo";"18:00:00";"PR";163;295;"MARECHAL CANDIDO RONDON";"Sim";"Ingestao de alcool";1;"Saida de leito carrocavel";"Com Vitimas Feridas";"Plena Noite";"Decrescente";"Sol";"Simples";"Curva";"Nao";239667;"Automóvel";"VW/GOL SPECIAL";1999;"Passageiro";"Lesoes Leves";38;"Feminino";0;1;0;0;"-24.51874033";"-54.11206484";"SR-PR";"DEL7/6";"UOP04/PR"
135583;293194;2018-05-20;"domingo";"18:00:00";"PR";163;295;"MARECHAL CANDIDO RONDON";"Sim";"Ingestao de alcool";1;"Saida de leito carrocavel";"Com Vitimas Feridas";"Plena Noite";"Decrescente";"Sol";"Simples";"Curva";"Nao";239667;"Automóvel";"VW/GOL SPECIAL";1999;"Condutor";"Lesoes Graves";30;"Masculino";0;0;1;0;"-24.51874033";"-54.11206484";"SR-PR";"DEL7/6";"UOP04/PR"
135604;293236;2018-05-20;"domingo";"21:30:00";"MG";40;795,9;"JUIZ DE FORA";"Nao";"Ingestao de alcool";1;"Colisao com objeto estatico";"Sem Vitimas";"Plena Noite";"Crescente";"Ceu Claro";"Dupla";"Reta";"Sim";239750;"Automóvel";"FORD/KA";1997;"Condutor";"Ileso";24;"Masculino";1;0;0;0;"-21.80556765";"-43.3995688";"SR-MG";"DEL4/5";"UOP01/MG"
135604;293237;2018-05-20;"domingo";"21:30:00";"MG";40;795,9;"JUIZ DE FORA";"Nao";"Ingestao de alcool";1;"Colisao com objeto estatico";"Sem Vitimas";"Plena Noite";"Crescente";"Ceu Claro";"Dupla";"Reta";"Sim";239750;"Automóvel";"FORD/KA";1997;"Passageiro";"Ileso";24;"Feminino";1;0;0;0;"-21.80556765";"-43.3995688";"SR-MG";"DEL4/5";"UOP01/MG"
135604;293238;2018-05-20;"domingo";"21:30:00";"MG";40;795,9;"JUIZ DE FORA";"Nao";"Ingestao de alcool";1;"Colisao com objeto estatico";"Sem Vitimas";"Plena Noite";"Crescente";"Ceu Claro";"Dupla";"Reta";"Sim";239750;"Automóvel";"FORD/KA";1997;"Passageiro";"Ileso";21;"Feminino";1;0;0;0;"-21.80556765";"-43.3995688";"SR-MG";"DEL4/5";"UOP01/MG"
135608;293260;2018-05-20;"domingo";"19:30:00";"PE";424;97,7;"GARANHUNS";"Sim";"Ingestao de alcool";1;"Colisao frontal";"Sem Vitimas";"Plena Noite";"Crescente";"Ceu Claro";"Simples";"Reta";"Nao";239698;"Caminhao";"VW/9.150 E DELIVERY";2010;"Condutor";"Ileso";49;"Masculino";1;0;0;0;"-8.9454448";"-36.50988579";"SR-PE";"DEL11/3";"UOP01/PE"
135608;293261;2018-05-20;"domingo";"19:30:00";"PE";424;97,7;"GARANHUNS";"Sim";"Ingestao de alcool";1;"Colisao frontal";"Sem Vitimas";"Plena Noite";"Crescente";"Ceu Claro";"Simples";"Reta";"Nao";239699;"Automóvel";"FIAT/PALIO ELX";2001;"Condutor";"Nao Informado";NA;"Nao Informado";0;0;0;0;"-8.9454448";"-36.50988579";"SR-PE";"DEL11/3";"UOP01/PE"
135613;294910;2018-05-20;"domingo";"22:00:00";"RJ";116;170,3;"SAO JOAO DE MERITI";"Nao";"Ingestao de alcool e/ou substâncias psicoativas pelo pedestre";1;"Colisao com objeto estatico";"Com Vitimas Fatais";"Plena Noite";"Decrescente";"Ceu Claro";"Dupla";"Reta";"Sim";239783;"Automóvel";"FIAT/WEEKEND TREKKING";2014;"Passageiro";"Lesoes Leves";38;"Feminino";0;1;0;0;"-22.7851881";"-43.38027298";"SR-RJ";"DEL5/1";"UOP02/RJ"
135613;293262;2018-05-20;"domingo";"22:00:00";"RJ";116;170,3;"SAO JOAO DE MERITI";"Nao";"Ingestao de alcool e/ou substâncias psicoativas pelo pedestre";1;"Colisao com objeto estatico";"Com Vitimas Fatais";"Plena Noite";"Decrescente";"Ceu Claro";"Dupla";"Reta";"Sim";239783;"Automóvel";"FIAT/WEEKEND TREKKING";2014;"Condutor";"Óbito";39;"Masculino";0;0;0;1;"-22.7851881";"-43.38027298";"SR-RJ";"DEL5/1";"UOP02/RJ"
135616;293217;2018-05-20;"domingo";"21:05:00";"MG";116;411,5;"GOVERNADOR VALADARES";"Sim";"Ingestao de alcool";1;"Colisao traseira";"Com Vitimas Feridas";"Plena Noite";"Crescente";"Nublado";"Dupla";"Reta";"Sim";239721;"Automóvel";"FORD/KA SE 1.5 SD";2014;"Condutor";"Ileso";54;"Masculino";1;0;0;0;"-18.86069658";"-41.97457016";"SR-MG";"DEL4/6";"UOP01/MG"
135616;293218;2018-05-20;"domingo";"21:05:00";"MG";116;411,5;"GOVERNADOR VALADARES";"Sim";"Ingestao de alcool";1;"Colisao traseira";"Com Vitimas Feridas";"Plena Noite";"Crescente";"Nublado";"Dupla";"Reta";"Sim";239722;"Motocicleta";"HONDA/CG150 TITAN MIX KS";2009;"Condutor";"Lesoes Leves";50;"Masculino";0;1;0;0;"-18.86069658";"-41.97457016";"SR-MG";"DEL4/6";"UOP01/MG"
135618;294869;2018-05-20;"domingo";"19:50:00";"PR";369;172;"ROLANDIA";"Sim";"Ingestao de alcool";1;"Colisao lateral";"Com Vitimas Feridas";"Plena Noite";"Decrescente";"Ceu Claro";"Simples";"Intersecao de vias";"Sim";239717;"Automóvel";"GM/CORSA SUPER";1997;"Condutor";"Ileso";45;"Masculino";1;0;0;0;"-23.30525135";"-51.36100704";"SR-PR";"DEL7/7";"UOP01/PR"
135618;294870;2018-05-20;"domingo";"19:50:00";"PR";369;172;"ROLANDIA";"Sim";"Ingestao de alcool";1;"Colisao lateral";"Com Vitimas Feridas";"Plena Noite";"Decrescente";"Ceu Claro";"Simples";"Intersecao de vias";"Sim";239718;"Automóvel";"FIAT/PALIO FIRE FLEX";2008;"Condutor";"Ileso";80;"Masculino";1;0;0;0;"-23.30525135";"-51.36100704";"SR-PR";"DEL7/7";"UOP01/PR"
135618;294873;2018-05-20;"domingo";"19:50:00";"PR";369;172;"ROLANDIA";"Sim";"Ingestao de alcool";1;"Colisao lateral";"Com Vitimas Feridas";"Plena Noite";"Decrescente";"Ceu Claro";"Simples";"Intersecao de vias";"Sim";239718;"Automóvel";"FIAT/PALIO FIRE FLEX";2008;"Passageiro";"Lesoes Leves";80;"Feminino";0;1;0;0;"-23.30525135";"-51.36100704";"SR-PR";"DEL7/7";"UOP01/PR"
135643;293321;2018-05-21;"segunda-feira";"00:30:00";"PR";476;128;"CURITIBA";"Sim";"Ingestao de alcool";1;"Colisao com objeto estatico";"Sem Vitimas";"Plena Noite";"Decrescente";"Ceu Claro";"Multipla";"Nao Informado";"Sim";239837;"Automóvel";"RENAULT/CLIO PRI 16 16VS";2007;"Condutor";"Ileso";36;"Masculino";1;0;0;0;"-25.433048";"-49.23156";"SR-PR";"DEL7/1";"UOP06/PR"
135643;293322;2018-05-21;"segunda-feira";"00:30:00";"PR";476;128;"CURITIBA";"Sim";"Ingestao de alcool";1;"Colisao com objeto estatico";"Sem Vitimas";"Plena Noite";"Decrescente";"Ceu Claro";"Multipla";"Nao Informado";"Sim";239838;"Caminhonete";"HYUNDAI/HR HDB";2010;"Condutor";"Ileso";28;"Masculino";1;0;0;0;"-25.433048";"-49.23156";"SR-PR";"DEL7/1";"UOP06/PR"
135645;294810;2018-05-21;"segunda-feira";"01:00:00";"GO";70;7,1;"AGUAS LINDAS DE GOIAS";"Sim";"Ingestao de alcool";1;"Colisao traseira";"Sem Vitimas";"Plena Noite";"Crescente";"Ceu Claro";"Dupla";"Reta";"Sim";239861;"Automóvel";"FIAT/PALIO EX";2002;"Condutor";"Ileso";24;"Masculino";1;0;0;0;"-15.74115428";"-48.2703799";"SR-DF";"GO";"UOP06/DF"
135645;294808;2018-05-21;"segunda-feira";"01:00:00";"GO";70;7,1;"AGUAS LINDAS DE GOIAS";"Sim";"Ingestao de alcool";1;"Colisao traseira";"Sem Vitimas";"Plena Noite";"Crescente";"Ceu Claro";"Dupla";"Reta";"Sim";239860;"Automóvel";"VW/GOL 1.0";2003;"Condutor";"Ileso";17;"Masculino";1;0;0;0;"-15.74115428";"-48.2703799";"SR-DF";"GO";"UOP06/DF"
135647;293304;2018-05-21;"segunda-feira";"01:40:00";"RJ";116;183,5;"NOVA IGUACU";"Sim";"Ingestao de alcool";1;"Colisao lateral";"Sem Vitimas";"Plena Noite";"Decrescente";"Ceu Claro";"Dupla";"Reta";"Sim";239784;"Automóvel";"FORD/FIESTA SEDAN1.6FLEX";2005;"Condutor";"Nao Informado";NA;"Nao Informado";0;0;0;0;"-22.751593";"-43.438511";"SR-RJ";"DEL5/1";"UOP02/RJ"
135647;293305;2018-05-21;"segunda-feira";"01:40:00";"RJ";116;183,5;"NOVA IGUACU";"Sim";"Ingestao de alcool";1;"Colisao lateral";"Sem Vitimas";"Plena Noite";"Decrescente";"Ceu Claro";"Dupla";"Reta";"Sim";239785;"Automóvel";"FIAT/DOBLO ELX 1.4";2010;"Condutor";"Ileso";31;"Masculino";1;0;0;0;"-22.751593";"-43.438511";"SR-RJ";"DEL5/1";"UOP02/RJ"
135658;294663;2018-05-21;"segunda-feira";"06:25:00";"MG";40;806,9;"MATIAS BARBOSA";"Nao";"Ingestao de alcool";1;"Colisao traseira";"Sem Vitimas";"Amanhecer";"Crescente";"Nublado";"Dupla";"Reta";"Nao";239831;"Automóvel";"FIAT/IDEA ADVENTURE 1.8";2016;"Condutor";"Ileso";52;"Masculino";1;0;0;0;"-21.87392489";"-43.34157944";"SR-MG";"DEL4/5";"UOP01/MG"
135658;294668;2018-05-21;"segunda-feira";"06:25:00";"MG";40;806,9;"MATIAS BARBOSA";"Nao";"Ingestao de alcool";1;"Colisao traseira";"Sem Vitimas";"Amanhecer";"Crescente";"Nublado";"Dupla";"Reta";"Nao";239832;"Automóvel";"HONDA/FIT LX FLEX";2011;"Condutor";"Ileso";29;"Masculino";1;0;0;0;"-21.87392489";"-43.34157944";"SR-MG";"DEL4/5";"UOP01/MG"
135658;294661;2018-05-21;"segunda-feira";"06:25:00";"MG";40;806,9;"MATIAS BARBOSA";"Nao";"Ingestao de alcool";1;"Colisao traseira";"Sem Vitimas";"Amanhecer";"Crescente";"Nublado";"Dupla";"Reta";"Nao";239830;"Automóvel";"TOYOTA/COROLLA XEI18VVT";2003;"Condutor";"Ileso";45;"Masculino";1;0;0;0;"-21.87392489";"-43.34157944";"SR-MG";"DEL4/5";"UOP01/MG"
135667;293453;2018-05-21;"segunda-feira";"07:00:00";"MT";70;67,5;"GENERAL CARNEIRO";"Sim";"Ingestao de alcool";1;"Colisao com objeto estatico";"Com Vitimas Feridas";"Amanhecer";"Crescente";"Ceu Claro";"Simples";"Reta";"Sim";239927;"Caminhao";"VW/19320 SUPER TRUCK CP";2011;"Condutor";"Ileso";26;"Masculino";1;0;0;0;"-15.70610321";"-52.75355279";"SR-MT";"DEL2/8";"UOP01/MT"
135667;293450;2018-05-21;"segunda-feira";"07:00:00";"MT";70;67,5;"GENERAL CARNEIRO";"Sim";"Ingestao de alcool";1;"Colisao com objeto estatico";"Com Vitimas Feridas";"Amanhecer";"Crescente";"Ceu Claro";"Simples";"Reta";"Sim";239926;"Motocicleta";"HONDA/NXR150 BROS ES";2012;"Condutor";"Lesoes Leves";21;"Masculino";0;1;0;0;"-15.70610321";"-52.75355279";"SR-MT";"DEL2/8";"UOP01/MT"
135708;293507;2018-05-21;"segunda-feira";"12:15:00";"PR";369;178;"ROLANDIA";"Sim";"Ingestao de alcool";2;"Tombamento";"Com Vitimas Feridas";"Pleno dia";"Decrescente";"Ceu Claro";"Simples";"Reta";"Sim";239951;"Caminhonete";"FIAT/STRADA TREK CE FLEX";2005;"Condutor";"Ileso";58;"Masculino";1;0;0;0;"-23.3476875";"-51.38602763";"SR-PR";"DEL7/7";"UOP01/PR"
135708;293522;2018-05-21;"segunda-feira";"12:15:00";"PR";369;178;"ROLANDIA";"Sim";"Ingestao de alcool";2;"Tombamento";"Com Vitimas Feridas";"Pleno dia";"Decrescente";"Ceu Claro";"Simples";"Reta";"Sim";239952;"Bicicleta";"";NA;"Condutor";"Lesoes Graves";55;"Masculino";0;0;1;0;"-23.3476875";"-51.38602763";"SR-PR";"DEL7/7";"UOP01/PR"
135774;294216;2018-05-21;"segunda-feira";"19:50:00";"SE";101;46;"JAPARATUBA";"Sim";"Ingestao de alcool";1;"Colisao com objeto estatico";"Sem Vitimas";"Plena Noite";"Crescente";"Ceu Claro";"Dupla";"Nao Informado";"Nao";240409;"Automóvel";"RENAULT/SANDERO STEPWAY";2012;"Condutor";"Ileso";46;"Masculino";1;0;0;0;"-10.60358252";"-36.97568893";"SR-SE";"DEL20/2";"UOP02/SE"
135785;293624;2018-05-21;"segunda-feira";"16:05:00";"MG";381;712,9;"CARMO DA CACHOEIRA";"Sim";"Ingestao de alcool";1;"Saida de leito carrocavel";"Sem Vitimas";"Pleno dia";"Decrescente";"Ceu Claro";"Dupla";"Nao Informado";"Nao";240033;"Automóvel";"FIAT/SIENA FIRE FLEX";2006;"Condutor";"Ileso";55;"Masculino";1;0;0;0;"-21.37306274";"-45.19064069";"SR-MG";"DEL4/4";"UOP02/MG"
135798;293677;2018-05-05;"sabado";"17:10:00";"MG";116;73;"MEDINA";"Sim";"Ingestao de alcool";1;"Colisao transversal";"Com Vitimas Feridas";"Anoitecer";"Decrescente";"Ignorado";"Simples";"Reta";"Sim";240067;"Caminhao";"VOLVO/VM 260 6X2R";2010;"Condutor";"Ileso";40;"Masculino";1;0;0;0;"-16.21071855";"-41.47338867";"SR-MG";"DEL4/11";"UOP02/MG"
135798;293678;2018-05-05;"sabado";"17:10:00";"MG";116;73;"MEDINA";"Sim";"Ingestao de alcool";1;"Colisao transversal";"Com Vitimas Feridas";"Anoitecer";"Decrescente";"Ignorado";"Simples";"Reta";"Sim";240068;"Bicicleta";"";NA;"Condutor";"Lesoes Leves";55;"Masculino";0;1;0;0;"-16.21071855";"-41.47338867";"SR-MG";"DEL4/11";"UOP02/MG"
135945;294086;2018-05-22;"terca-feira";"22:09:00";"RS";386;298,3;"POUSO NOVO";"Sim";"Ingestao de alcool";1;"Saida de leito carrocavel";"Com Vitimas Feridas";"Plena Noite";"Decrescente";"Ceu Claro";"Simples";"Curva";"Nao";240345;"Caminhao";"M.BENZ/L 1620";2004;"Condutor";"Lesoes Leves";39;"Masculino";0;1;0;0;"-29.164648";"-52.220501";"SR-RS";"DEL9/4";"UOP01/RS"
136003;294317;2018-05-23;"quarta-feira";"11:35:00";"PR";476;144,5;"CURITIBA";"Sim";"Ingestao de alcool";1;"Saida de leito carrocavel";"Com Vitimas Feridas";"Pleno dia";"Decrescente";"Ceu Claro";"Dupla";"Reta";"Nao";240469;"Automóvel";"FORD/FIESTA FLEX";2012;"Condutor";"Lesoes Graves";39;"Feminino";0;0;1;0;"-25.54424407";"-49.3149548";"SR-PR";"DEL7/1";"UOP04/PR"
136019;294537;2018-05-23;"quarta-feira";"11:50:00";"RO";364;240,6;"CACOAL";"Sim";"Ingestao de alcool";1;"Queda de ocupante de veiculo";"Com Vitimas Feridas";"Pleno dia";"Crescente";"Sol";"Simples";"Reta";"Sim";240608;"Motocicleta";"HONDA/NXR150 BROS MIX ES";2009;"Condutor";"Lesoes Leves";33;"Feminino";0;1;0;0;"-11.438909";"-61.475748";"SR-RO";"DEL21/2";"UOP02/RO"
136036;294566;2018-05-23;"quarta-feira";"16:30:00";"GO";40;9,6;"LUZIANIA";"Sim";"Ingestao de alcool";1;"Colisao traseira";"Sem Vitimas";"Pleno dia";"Decrescente";"Ceu Claro";"Dupla";"Reta";"Sim";240592;"Automóvel";"VW/FOX 1.0";2009;"Condutor";"Ileso";24;"Feminino";1;0;0;0;"-16.128675";"-47.959692";"SR-DF";"GO";"UOP01/DF"
136036;294567;2018-05-23;"quarta-feira";"16:30:00";"GO";40;9,6;"LUZIANIA";"Sim";"Ingestao de alcool";1;"Colisao traseira";"Sem Vitimas";"Pleno dia";"Decrescente";"Ceu Claro";"Dupla";"Reta";"Sim";240593;"Automóvel";"VW/CROSSFOX GII";NA;"Condutor";"Ileso";NA;"Masculino";1;0;0;0;"-16.128675";"-47.959692";"SR-DF";"GO";"UOP01/DF"
136036;294565;2018-05-23;"quarta-feira";"16:30:00";"GO";40;9,6;"LUZIANIA";"Sim";"Ingestao de alcool";1;"Colisao traseira";"Sem Vitimas";"Pleno dia";"Decrescente";"Ceu Claro";"Dupla";"Reta";"Sim";240591;"Automóvel";"FIAT/PALIO 16V";1997;"Condutor";"Ileso";28;"Masculino";1;0;0;0;"-16.128675";"-47.959692";"SR-DF";"GO";"UOP01/DF"
136076;295568;2018-05-23;"quarta-feira";"19:40:00";"PR";369;138,7;"IBIPORA";"Sim";"Ingestao de alcool";1;"Colisao lateral";"Com Vitimas Feridas";"Plena Noite";"Crescente";"Ceu Claro";"Simples";"Intersecao de vias";"Sim";240633;"Motocicleta";"HONDA/CG150 TITAN MIX KS";2009;"Condutor";"Lesoes Graves";39;"Masculino";0;0;1;0;"-23.27386434";"-51.05622578";"SR-PR";"DEL7/7";"UOP01/PR"
136076;295569;2018-05-23;"quarta-feira";"19:40:00";"PR";369;138,7;"IBIPORA";"Sim";"Ingestao de alcool";1;"Colisao lateral";"Com Vitimas Feridas";"Plena Noite";"Crescente";"Ceu Claro";"Simples";"Intersecao de vias";"Sim";240633;"Motocicleta";"HONDA/CG150 TITAN MIX KS";2009;"Testemunha";"Nao Informado";NA;"Nao Informado";0;0;0;0;"-23.27386434";"-51.05622578";"SR-PR";"DEL7/7";"UOP01/PR"
136076;295565;2018-05-23;"quarta-feira";"19:40:00";"PR";369;138,7;"IBIPORA";"Sim";"Ingestao de alcool";1;"Colisao lateral";"Com Vitimas Feridas";"Plena Noite";"Crescente";"Ceu Claro";"Simples";"Intersecao de vias";"Sim";240632;"Motocicleta";"HONDA/CBX 250 TWISTER";2002;"Condutor";"Lesoes Graves";33;"Masculino";0;0;1;0;"-23.27386434";"-51.05622578";"SR-PR";"DEL7/7";"UOP01/PR"
136113;295991;2018-05-23;"quarta-feira";"20:10:00";"CE";222;112,9;"ITAPAJE";"Sim";"Ingestao de alcool";1;"Queda de ocupante de veiculo";"Com Vitimas Feridas";"Plena Noite";"Decrescente";"Ceu Claro";"Simples";"Reta";"Nao";240610;"Motocicleta";"";NA;"Condutor";"Lesoes Graves";32;"Masculino";0;0;1;0;"-3.745014";"-39.517975";"SR-CE";"DEL16/4";"UOP03/CE"
136180;294765;2018-05-04;"sexta-feira";"21:00:00";"RS";470;224;"GARIBALDI";"Nao";"Ingestao de alcool";1;"Colisao frontal";"Sem Vitimas";"Plena Noite";"Crescente";"Ceu Claro";"Simples";"Reta";"Nao";240766;"Caminhonete";"FIAT/FIORINO FLEX";2010;"Condutor";"Ileso";26;"Masculino";1;0;0;0;"-29.2386969";"-51.51797079";"SR-RS";"DEL9/6";"UOP01/RS"
136180;294764;2018-05-04;"sexta-feira";"21:00:00";"RS";470;224;"GARIBALDI";"Nao";"Ingestao de alcool";1;"Colisao frontal";"Sem Vitimas";"Plena Noite";"Crescente";"Ceu Claro";"Simples";"Reta";"Nao";240765;"Automóvel";"VW/FUSCA 1500";1972;"Condutor";"Ileso";30;"Masculino";1;0;0;0;"-29.2386969";"-51.51797079";"SR-RS";"DEL9/6";"UOP01/RS"
136224;295810;2018-05-24;"quinta-feira";"19:00:00";"DF";20;23,9;"BRASILIA";"Sim";"Ingestao de alcool";1;"Saida de leito carrocavel";"Com Vitimas Feridas";"Plena Noite";"Crescente";"Ceu Claro";"Dupla";"Curva";"Sim";241541;"Automóvel";"VW/GOLF 2.0";2001;"Condutor";"Lesoes Leves";52;"Masculino";0;1;0;0;"-15.59472396";"-47.65941024";"SR-DF";"DF";"UOP04/DF"