"id";"pesid";"data_inversa";"dia_semana";"horario";"uf";"br";"km";"municipio";"causa_principal";"causa_acidente";"ordem_tipo_acidente";"tipo_acidente";"classificacao_acidente";"fase_dia";"sentido_via";"condicao_metereologica";"tipo_pista";"tracado_via";"uso_solo";"id_veiculo";"tipo_veiculo";"marca";"ano_fabricacao_veiculo";"tipo_envolvido";"estado_fisico";"idade";"sexo";"ilesos";"feridos_leves";"feridos_graves";"mortos";"latitude";"longitude";"regional";"delegacia";"uop"
136553;296947;2018-05-27;"domingo";"16:05:00";"SE";101;165,4;"SANTA LUZIA DO ITANHY";"Sim";"Ingestao de alcool";1;"Saida de leito carrocavel";"Com Vitimas Feridas";"Pleno dia";"Crescente";"Chuva";"Simples";"Curva";"Sim";241753;"Automóvel";"CHEVROLET/ONIX 1.4AT LT";2016;"Passageiro";"Lesoes Leves";30;"Feminino";0;1;0;0;"-11.31254503";"-37.54460907";"SR-SE";"DEL20/2";"UOP01/SE"
136563;295703;2018-05-27;"domingo";"18:40:00";"PB";230;496,7;"CAJAZEIRAS";"Sim";"Ingestao de alcool";1;"Colisao com objeto estatico";"Sem Vitimas";"Plena Noite";"Crescente";"Ceu Claro";"Simples";"Reta";"Nao";241444;"Automóvel";"FIAT/UNO MILLE SMART";2000;"Condutor";"Ileso";28;"Masculino";1;0;0;0;"-6.896027";"-38.491401";"SR-PB";"DEL14/3";"UOP03/PB"
136580;297425;2018-05-27;"domingo";"20:40:00";"PE";116;24;"SALGUEIRO";"Sim";"Ingestao de alcool";1;"Colisao traseira";"Com Vitimas Feridas";"Plena Noite";"Crescente";"Ceu Claro";"Simples";"Reta";"Nao";241477;"Motocicleta";"YAMAHA/FACTOR YBR125 K";2010;"Passageiro";"Lesoes Leves";1;"Feminino";0;1;0;0;"-8.052562";"-39.13718";"SR-PE";"DEL11/5";"UOP01/PE"
136580;297422;2018-05-27;"domingo";"20:40:00";"PE";116;24;"SALGUEIRO";"Sim";"Ingestao de alcool";1;"Colisao traseira";"Com Vitimas Feridas";"Plena Noite";"Crescente";"Ceu Claro";"Simples";"Reta";"Nao";241477;"Motocicleta";"YAMAHA/FACTOR YBR125 K";2010;"Passageiro";"Lesoes Leves";30;"Feminino";0;1;0;0;"-8.052562";"-39.13718";"SR-PE";"DEL11/5";"UOP01/PE"
136580;297420;2018-05-27;"domingo";"20:40:00";"PE";116;24;"SALGUEIRO";"Sim";"Ingestao de alcool";1;"Colisao traseira";"Com Vitimas Feridas";"Plena Noite";"Crescente";"Ceu Claro";"Simples";"Reta";"Nao";241476;"Motocicleta";"HONDA/CG150 FAN ESDI";2014;"Condutor";"Lesoes Graves";22;"Masculino";0;0;1;0;"-8.052562";"-39.13718";"SR-PE";"DEL11/5";"UOP01/PE"
136580;297421;2018-05-27;"domingo";"20:40:00";"PE";116;24;"SALGUEIRO";"Sim";"Ingestao de alcool";1;"Colisao traseira";"Com Vitimas Feridas";"Plena Noite";"Crescente";"Ceu Claro";"Simples";"Reta";"Nao";241477;"Motocicleta";"YAMAHA/FACTOR YBR125 K";2010;"Condutor";"Lesoes Leves";31;"Masculino";0;1;0;0;"-8.052562";"-39.13718";"SR-PE";"DEL11/5";"UOP01/PE"
136591;296682;2018-05-27;"domingo";"22:30:00";"SP";116;210;"GUARULHOS";"Sim";"Ingestao de alcool";1;"Colisao lateral";"Com Vitimas Feridas";"Plena Noite";"Decrescente";"Nublado";"Multipla";"Reta";"Sim";241491;"Caminhao";"M.BENZ/L 1113";1975;"Condutor";"Ileso";26;"Masculino";1;0;0;0;"-23.42520749";"-46.40218914";"SR-SP";"DEL6/1";"UOP01/SP"
136591;296677;2018-05-27;"domingo";"22:30:00";"SP";116;210;"GUARULHOS";"Sim";"Ingestao de alcool";1;"Colisao lateral";"Com Vitimas Feridas";"Plena Noite";"Decrescente";"Nublado";"Multipla";"Reta";"Sim";241490;"Automóvel";"FORD/FIESTA";1997;"Condutor";"Lesoes Leves";55;"Masculino";0;1;0;0;"-23.42520749";"-46.40218914";"SR-SP";"DEL6/1";"UOP01/SP"
136596;295737;2018-05-27;"domingo";"22:20:00";"PA";316;65;"CASTANHAL";"Sim";"Ingestao de alcool";1;"Colisao traseira";"Com Vitimas Feridas";"Plena Noite";"Crescente";"Chuva";"Dupla";"Reta";"Sim";241489;"Motocicleta";"HONDA/POP100";2008;"Passageiro";"Lesoes Leves";34;"Feminino";0;1;0;0;"-1.295804";"-47.910839";"SR-PA";"DEL19/1";"UOP02/PA"
136596;295736;2018-05-27;"domingo";"22:20:00";"PA";316;65;"CASTANHAL";"Sim";"Ingestao de alcool";1;"Colisao traseira";"Com Vitimas Feridas";"Plena Noite";"Crescente";"Chuva";"Dupla";"Reta";"Sim";241489;"Motocicleta";"HONDA/POP100";2008;"Condutor";"Lesoes Leves";NA;"Masculino";0;1;0;0;"-1.295804";"-47.910839";"SR-PA";"DEL19/1";"UOP02/PA"
136596;295738;2018-05-27;"domingo";"22:20:00";"PA";316;65;"CASTANHAL";"Sim";"Ingestao de alcool";1;"Colisao traseira";"Com Vitimas Feridas";"Plena Noite";"Crescente";"Chuva";"Dupla";"Reta";"Sim";241495;"Bicicleta";"";NA;"Condutor";"Lesoes Leves";NA;"Masculino";0;1;0;0;"-1.295804";"-47.910839";"SR-PA";"DEL19/1";"UOP02/PA"
136598;296698;2018-05-27;"domingo";"23:30:00";"MG";116;526,7;"CARATINGA";"Sim";"Ingestao de alcool";1;"Colisao frontal";"Com Vitimas Feridas";"Plena Noite";"Decrescente";"Ceu Claro";"Simples";"Reta";"Sim";241535;"Motocicleta";"HONDA/CG 150 TITAN ES";2008;"Condutor";"Lesoes Graves";43;"Masculino";0;0;1;0;"-19.77261504";"-42.1321848";"SR-MG";"DEL4/6";"UOP02/MG"
136598;296696;2018-05-27;"domingo";"23:30:00";"MG";116;526,7;"CARATINGA";"Sim";"Ingestao de alcool";1;"Colisao frontal";"Com Vitimas Feridas";"Plena Noite";"Decrescente";"Ceu Claro";"Simples";"Reta";"Sim";241534;"Motocicleta";"HONDA/CG 125 CARGO ES";2010;"Condutor";"Lesoes Graves";33;"Masculino";0;0;1;0;"-19.77261504";"-42.1321848";"SR-MG";"DEL4/6";"UOP02/MG"
136604;297535;2018-05-28;"segunda-feira";"02:45:00";"MT";70;520;"VARZEA GRANDE";"Sim";"Ingestao de alcool";1;"Tombamento";"Com Vitimas Feridas";"Plena Noite";"Crescente";"Ceu Claro";"Simples";"Reta";"Sim";241515;"Motoneta";"HONDA/BIZ 125 ES";2011;"Condutor";"Lesoes Leves";25;"Feminino";0;1;0;0;"-15.67399014";"-56.17762327";"SR-MT";"DEL2/4";"UOP02/MT"
136621;296070;2018-05-28;"segunda-feira";"08:05:00";"BA";135;125;"RIACHAO DAS NEVES";"Nao";"Ingestao de alcool";1;"Colisao lateral";"Com Vitimas Feridas";"Pleno dia";"Decrescente";"Ceu Claro";"Simples";"Curva";"Nao";241591;"Camioneta";"GM/BLAZER DLX";1997;"Condutor";"Ileso";25;"Masculino";1;0;0;0;"-11.764889";"-44.907777";"SR-BA";"DEL10/10";"UOP01/BA"
136621;296071;2018-05-28;"segunda-feira";"08:05:00";"BA";135;125;"RIACHAO DAS NEVES";"Nao";"Ingestao de alcool";1;"Colisao lateral";"Com Vitimas Feridas";"Pleno dia";"Decrescente";"Ceu Claro";"Simples";"Curva";"Nao";241591;"Camioneta";"GM/BLAZER DLX";1997;"Passageiro";"Ileso";22;"Masculino";1;0;0;0;"-11.764889";"-44.907777";"SR-BA";"DEL10/10";"UOP01/BA"
136621;296072;2018-05-28;"segunda-feira";"08:05:00";"BA";135;125;"RIACHAO DAS NEVES";"Nao";"Ingestao de alcool";1;"Colisao lateral";"Com Vitimas Feridas";"Pleno dia";"Decrescente";"Ceu Claro";"Simples";"Curva";"Nao";241592;"Automóvel";"FIAT/UNO MILLE WAY ECON";2012;"Condutor";"Lesoes Leves";56;"Masculino";0;1;0;0;"-11.764889";"-44.907777";"SR-BA";"DEL10/10";"UOP01/BA"
136653;295998;2018-05-28;"segunda-feira";"14:00:00";"RN";101;84,9;"NATAL";"Sim";"Ingestao de alcool";1;"Colisao traseira";"Com Vitimas Feridas";"Pleno dia";"Decrescente";"Ceu Claro";"Dupla";"Reta";"Nao";241649;"Motocicleta";"HONDA/CG 150 TITAN ESD";2014;"Condutor";"Lesoes Leves";21;"Masculino";0;1;0;0;"-5.77699249";"-35.25048167";"SR-RN";"DEL15/2";"UOP01/RN"
136653;296001;2018-05-28;"segunda-feira";"14:00:00";"RN";101;84,9;"NATAL";"Sim";"Ingestao de alcool";1;"Colisao traseira";"Com Vitimas Feridas";"Pleno dia";"Decrescente";"Ceu Claro";"Dupla";"Reta";"Nao";241650;"Caminhonete";"VW/SAVEIRO CS TL MB";2015;"Condutor";"Ileso";41;"Masculino";1;0;0;0;"-5.77699249";"-35.25048167";"SR-RN";"DEL15/2";"UOP01/RN"
136653;295994;2018-05-28;"segunda-feira";"14:00:00";"RN";101;84,9;"NATAL";"Sim";"Ingestao de alcool";1;"Colisao traseira";"Com Vitimas Feridas";"Pleno dia";"Decrescente";"Ceu Claro";"Dupla";"Reta";"Nao";241648;"Motocicleta";"YAMAHA/FACTOR YBR125 K";2011;"Condutor";"Lesoes Graves";31;"Masculino";0;0;1;0;"-5.77699249";"-35.25048167";"SR-RN";"DEL15/2";"UOP01/RN"
136661;295912;2018-01-13;"sabado";"21:35:00";"MG";364;29,5;"FRUTAL";"Nao";"Ingestao de alcool";1;"Colisao traseira";"Sem Vitimas";"Plena Noite";"Decrescente";"Nublado";"Simples";"Reta";"Sim";241597;"Ônibus";"MBENZ/MPOLO PARADISO R";2009;"Condutor";"Ileso";61;"Masculino";1;0;0;0;"-20.016058";"-48.914489";"SR-MG";"DEL4/18";"UOP01/MG"
136661;295913;2018-01-13;"sabado";"21:35:00";"MG";364;29,5;"FRUTAL";"Nao";"Ingestao de alcool";1;"Colisao traseira";"Sem Vitimas";"Plena Noite";"Decrescente";"Nublado";"Simples";"Reta";"Sim";241598;"Automóvel";"VW/VOYAGE 1.0";2008;"Condutor";"Ileso";57;"Masculino";1;0;0;0;"-20.016058";"-48.914489";"SR-MG";"DEL4/18";"UOP01/MG"
136661;295914;2018-01-13;"sabado";"21:35:00";"MG";364;29,5;"FRUTAL";"Nao";"Ingestao de alcool";1;"Colisao traseira";"Sem Vitimas";"Plena Noite";"Decrescente";"Nublado";"Simples";"Reta";"Sim";241598;"Automóvel";"VW/VOYAGE 1.0";2008;"Passageiro";"Ileso";49;"Feminino";1;0;0;0;"-20.016058";"-48.914489";"SR-MG";"DEL4/18";"UOP01/MG"
136661;295915;2018-01-13;"sabado";"21:35:00";"MG";364;29,5;"FRUTAL";"Nao";"Ingestao de alcool";1;"Colisao traseira";"Sem Vitimas";"Plena Noite";"Decrescente";"Nublado";"Simples";"Reta";"Sim";241598;"Automóvel";"VW/VOYAGE 1.0";2008;"Passageiro";"Ileso";16;"Feminino";1;0;0;0;"-20.016058";"-48.914489";"SR-MG";"DEL4/18";"UOP01/MG"
136661;295916;2018-01-13;"sabado";"21:35:00";"MG";364;29,5;"FRUTAL";"Nao";"Ingestao de alcool";1;"Colisao traseira";"Sem Vitimas";"Plena Noite";"Decrescente";"Nublado";"Simples";"Reta";"Sim";241598;"Automóvel";"VW/VOYAGE 1.0";2008;"Passageiro";"Ileso";19;"Feminino";1;0;0;0;"-20.016058";"-48.914489";"SR-MG";"DEL4/18";"UOP01/MG"
136661;295917;2018-01-13;"sabado";"21:35:00";"MG";364;29,5;"FRUTAL";"Nao";"Ingestao de alcool";1;"Colisao traseira";"Sem Vitimas";"Plena Noite";"Decrescente";"Nublado";"Simples";"Reta";"Sim";241597;"Ônibus";"MBENZ/MPOLO PARADISO R";2009;"Passageiro";"Ileso";38;"Feminino";1;0;0;0;"-20.016058";"-48.914489";"SR-MG";"DEL4/18";"UOP01/MG"
136662;296443;2018-05-28;"segunda-feira";"12:10:00";"MA";316;297,9;"PIO XII";"Sim";"Ingestao de alcool";1;"Queda de ocupante de veiculo";"Com Vitimas Feridas";"Pleno dia";"Crescente";"Ceu Claro";"Multipla";"Reta";"Sim";241936;"Motocicleta";"HONDA/CG 125 TITAN KSE";2003;"Condutor";"Lesoes Leves";30;"Masculino";0;1;0;0;"-3.88656928";"-45.16688705";"SR-MA";"DEL18/2";"UOP02/MA"
136682;295969;2018-02-10;"sabado";"03:20:00";"RJ";101;528;"PARATY";"Sim";"Ingestao de alcool";1;"Colisao frontal";"Com Vitimas Feridas";"Plena Noite";"Crescente";"Ceu Claro";"Simples";"Curva";"Nao";241635;"Automóvel";"VW/GOL 1.0";2007;"Condutor";"Lesoes Graves";58;"Masculino";0;0;1;0;"-23.218262";"-44.71344";"SR-RJ";"DEL5/3";"UOP03/RJ"
136682;295970;2018-02-10;"sabado";"03:20:00";"RJ";101;528;"PARATY";"Sim";"Ingestao de alcool";1;"Colisao frontal";"Com Vitimas Feridas";"Plena Noite";"Crescente";"Ceu Claro";"Simples";"Curva";"Nao";241636;"Automóvel";"I/FIAT SIENA EL FLEX";2012;"Condutor";"Ileso";29;"Masculino";1;0;0;0;"-23.218262";"-44.71344";"SR-RJ";"DEL5/3";"UOP03/RJ"
136682;295971;2018-02-10;"sabado";"03:20:00";"RJ";101;528;"PARATY";"Sim";"Ingestao de alcool";1;"Colisao frontal";"Com Vitimas Feridas";"Plena Noite";"Crescente";"Ceu Claro";"Simples";"Curva";"Nao";241637;"Automóvel";"CHEVROLET/ONIX 1.0MT LS";2016;"Condutor";"Ileso";38;"Masculino";1;0;0;0;"-23.218262";"-44.71344";"SR-RJ";"DEL5/3";"UOP03/RJ"
136695;296054;2018-05-28;"segunda-feira";"21:00:00";"SP";488;3,2;"APARECIDA";"Sim";"Ingestao de alcool";1;"Colisao frontal";"Com Vitimas Feridas";"Plena Noite";"Crescente";"Ceu Claro";"Dupla";"Reta";"Sim";241681;"Automóvel";"FIAT/ARGO DRIVE 1.3";2017;"Condutor";"Ileso";26;"Feminino";1;0;0;0;"-22.85655538";"-45.24454236";"SR-SP";"DEL6/8";"UOP02/SP"
136695;296053;2018-05-28;"segunda-feira";"21:00:00";"SP";488;3,2;"APARECIDA";"Sim";"Ingestao de alcool";1;"Colisao frontal";"Com Vitimas Feridas";"Plena Noite";"Crescente";"Ceu Claro";"Dupla";"Reta";"Sim";241682;"Bicicleta";"";NA;"Condutor";"Lesoes Graves";37;"Masculino";0;0;1;0;"-22.85655538";"-45.24454236";"SR-SP";"DEL6/8";"UOP02/SP"
136695;296055;2018-05-28;"segunda-feira";"21:00:00";"SP";488;3,2;"APARECIDA";"Sim";"Ingestao de alcool";1;"Colisao frontal";"Com Vitimas Feridas";"Plena Noite";"Crescente";"Ceu Claro";"Dupla";"Reta";"Sim";241681;"Automóvel";"FIAT/ARGO DRIVE 1.3";2017;"Testemunha";"Nao Informado";NA;"Nao Informado";0;0;0;0;"-22.85655538";"-45.24454236";"SR-SP";"DEL6/8";"UOP02/SP"
136695;296057;2018-05-28;"segunda-feira";"21:00:00";"SP";488;3,2;"APARECIDA";"Sim";"Ingestao de alcool";1;"Colisao frontal";"Com Vitimas Feridas";"Plena Noite";"Crescente";"Ceu Claro";"Dupla";"Reta";"Sim";241681;"Automóvel";"FIAT/ARGO DRIVE 1.3";2017;"Testemunha";"Nao Informado";NA;"Nao Informado";0;0;0;0;"-22.85655538";"-45.24454236";"SR-SP";"DEL6/8";"UOP02/SP"
136703;297219;2018-05-28;"segunda-feira";"22:10:00";"MG";116;702;"MURIAE";"Sim";"Ingestao de alcool";1;"Colisao traseira";"Com Vitimas Feridas";"Plena Noite";"Crescente";"Ceu Claro";"Simples";"Reta";"Nao";242539;"Carroca-charrete";"";NA;"Passageiro";"Lesoes Leves";15;"Feminino";0;1;0;0;"-21.10788063";"-42.37940457";"SR-MG";"DEL4/7";"UOP02/MG"
136703;297227;2018-05-28;"segunda-feira";"22:10:00";"MG";116;702;"MURIAE";"Sim";"Ingestao de alcool";1;"Colisao traseira";"Com Vitimas Feridas";"Plena Noite";"Crescente";"Ceu Claro";"Simples";"Reta";"Nao";241683;"Motocicleta";"HONDA/CG 150 FAN ESI";2009;"Condutor";"Ileso";49;"Masculino";1;0;0;0;"-21.10788063";"-42.37940457";"SR-MG";"DEL4/7";"UOP02/MG"
136703;297228;2018-05-28;"segunda-feira";"22:10:00";"MG";116;702;"MURIAE";"Sim";"Ingestao de alcool";1;"Colisao traseira";"Com Vitimas Feridas";"Plena Noite";"Crescente";"Ceu Claro";"Simples";"Reta";"Nao";242539;"Carroca-charrete";"";NA;"Condutor";"Ileso";36;"Masculino";1;0;0;0;"-21.10788063";"-42.37940457";"SR-MG";"DEL4/7";"UOP02/MG"
136712;296063;2018-05-29;"terca-feira";"00:00:00";"SC";101;6,2;"GARUVA";"Sim";"Ingestao de alcool";1;"Saida de leito carrocavel";"Com Vitimas Feridas";"Plena Noite";"Crescente";"Nublado";"Dupla";"Viaduto";"Sim";241686;"Motocicleta";"HONDA/CG 150 TITAN EX";2013;"Condutor";"Lesoes Leves";32;"Masculino";0;1;0;0;"-26.0361";"-48.8601";"SR-SC";"DEL8/3";"UOP01/SC"
136712;296065;2018-05-29;"terca-feira";"00:00:00";"SC";101;6,2;"GARUVA";"Sim";"Ingestao de alcool";1;"Saida de leito carrocavel";"Com Vitimas Feridas";"Plena Noite";"Crescente";"Nublado";"Dupla";"Viaduto";"Sim";241686;"Motocicleta";"HONDA/CG 150 TITAN EX";2013;"Passageiro";"Lesoes Leves";18;"Masculino";0;1;0;0;"-26.0361";"-48.8601";"SR-SC";"DEL8/3";"UOP01/SC"
136733;296108;2018-01-21;"domingo";"23:20:00";"MG";262;362;"BETIM";"Sim";"Ingestao de alcool";1;"Colisao traseira";"Com Vitimas Feridas";"Plena Noite";"Crescente";"Ceu Claro";"Dupla";"Nao Informado";"Nao";241728;"Caminhao";"M.BENZ/L 1418";1996;"Condutor";"Ileso";66;"Masculino";1;0;0;0;"-19.9704558";"-44.29392383";"SR-MG";"DEL4/1";"UOP03/MG"
136733;296109;2018-01-21;"domingo";"23:20:00";"MG";262;362;"BETIM";"Sim";"Ingestao de alcool";1;"Colisao traseira";"Com Vitimas Feridas";"Plena Noite";"Crescente";"Ceu Claro";"Dupla";"Nao Informado";"Nao";241729;"Automóvel";"FIAT/SIENA FIRE FLEX";2007;"Condutor";"Lesoes Graves";35;"Masculino";0;0;1;0;"-19.9704558";"-44.29392383";"SR-MG";"DEL4/1";"UOP03/MG"
136733;296110;2018-01-21;"domingo";"23:20:00";"MG";262;362;"BETIM";"Sim";"Ingestao de alcool";1;"Colisao traseira";"Com Vitimas Feridas";"Plena Noite";"Crescente";"Ceu Claro";"Dupla";"Nao Informado";"Nao";241729;"Automóvel";"FIAT/SIENA FIRE FLEX";2007;"Passageiro";"Lesoes Graves";34;"Feminino";0;0;1;0;"-19.9704558";"-44.29392383";"SR-MG";"DEL4/1";"UOP03/MG"
136733;296112;2018-01-21;"domingo";"23:20:00";"MG";262;362;"BETIM";"Sim";"Ingestao de alcool";1;"Colisao traseira";"Com Vitimas Feridas";"Plena Noite";"Crescente";"Ceu Claro";"Dupla";"Nao Informado";"Nao";241729;"Automóvel";"FIAT/SIENA FIRE FLEX";2007;"Passageiro";"Lesoes Graves";12;"Masculino";0;0;1;0;"-19.9704558";"-44.29392383";"SR-MG";"DEL4/1";"UOP03/MG"
136733;296111;2018-01-21;"domingo";"23:20:00";"MG";262;362;"BETIM";"Sim";"Ingestao de alcool";1;"Colisao traseira";"Com Vitimas Feridas";"Plena Noite";"Crescente";"Ceu Claro";"Dupla";"Nao Informado";"Nao";241729;"Automóvel";"FIAT/SIENA FIRE FLEX";2007;"Passageiro";"Lesoes Leves";3;"Masculino";0;1;0;0;"-19.9704558";"-44.29392383";"SR-MG";"DEL4/1";"UOP03/MG"
136744;297096;2018-05-29;"terca-feira";"01:00:00";"SC";280;231;"CANOINHAS";"Sim";"Ingestao de alcool";1;"Colisao com objeto estatico";"Sem Vitimas";"Plena Noite";"Crescente";"Nevoeiro/Neblina";"Simples";"Rotatória";"Nao";241746;"Automóvel";"TOYOTA/COROLLA XLI18FLEX";2009;"Condutor";"Ileso";45;"Masculino";1;0;0;0;"-26.189304";"-50.371712";"SR-SC";"DEL8/6";"UOP04/SC"
136755;296226;2018-05-29;"terca-feira";"13:15:00";"MG";381;349;"JOAO MONLEVADE";"Nao";"Ingestao de alcool";1;"Saida de leito carrocavel";"Com Vitimas Feridas";"Pleno dia";"Decrescente";"Ceu Claro";"Simples";"Reta";"Nao";241778;"Automóvel";"VW/GOL 1.0";2008;"Condutor";"Lesoes Leves";41;"Feminino";0;1;0;0;"-19.8563367";"-43.11026573";"SR-MG";"DEL4/3";"UOP01/MG"
136779;298698;2018-05-29;"terca-feira";"19:03:00";"GO";60;49;"APARECIDA DE GOIANIA";"Sim";"Ingestao de alcool";1;"Colisao lateral";"Com Vitimas Feridas";"Plena Noite";"Decrescente";"Ceu Claro";"Dupla";"Reta";"Nao";243803;"Motocicleta";"HONDA/CG150 FAN ESDI";2012;"Condutor";"Lesoes Graves";44;"Masculino";0;0;1;0;"-16.8101";"-49.2397";"SR-GO";"DEL1/2";"UOP01/GO"
136779;298861;2018-05-29;"terca-feira";"19:03:00";"GO";60;49;"APARECIDA DE GOIANIA";"Sim";"Ingestao de alcool";1;"Colisao lateral";"Com Vitimas Feridas";"Plena Noite";"Decrescente";"Ceu Claro";"Dupla";"Reta";"Nao";243804;"Motocicleta";"HONDA/CG 125 FAN";2008;"Condutor";"Lesoes Leves";24;"Masculino";0;1;0;0;"-16.8101";"-49.2397";"SR-GO";"DEL1/2";"UOP01/GO"
136913;297462;2018-05-30;"quarta-feira";"20:10:00";"PR";376;639,8;"TIJUCAS DO SUL";"Sim";"Ingestao de alcool";1;"Saida de leito carrocavel";"Sem Vitimas";"Plena Noite";"Decrescente";"Ceu Claro";"Dupla";"Reta";"Nao";242749;"Caminhonete";"I/VW AMAROK CD 4X4 TREND";2017;"Condutor";"Ileso";62;"Masculino";1;0;0;0;"-25.78350774";"-49.12124634";"SR-PR";"DEL7/1";"UOP08/PR"
136927;296586;2018-05-30;"quarta-feira";"22:00:00";"DF";40;3,8;"BRASILIA";"Sim";"Ingestao de alcool";1;"Tombamento";"Sem Vitimas";"Plena Noite";"Decrescente";"Ceu Claro";"Simples";"Reta";"Sim";242066;"Automóvel";"I/RENAULT SYMBOL PR1616V";2011;"Condutor";"Nao Informado";NA;"Nao Informado";0;0;0;0;"-16.012033";"-47.982124";"SR-DF";"DF";"UOP01/DF"
136927;298045;2018-05-30;"quarta-feira";"22:00:00";"DF";40;3,8;"BRASILIA";"Sim";"Ingestao de alcool";1;"Tombamento";"Sem Vitimas";"Plena Noite";"Decrescente";"Ceu Claro";"Simples";"Reta";"Sim";243256;"Automóvel";"";NA;"Condutor";"Nao Informado";NA;"Nao Informado";0;0;0;0;"-16.012033";"-47.982124";"SR-DF";"DF";"UOP01/DF"
136928;297237;2018-05-30;"quarta-feira";"23:00:00";"PR";376;176,8;"MARINGA";"Nao";"Ingestao de alcool";1;"Atropelamento de Pedestre";"Com Vitimas Feridas";"Plena Noite";"Crescente";"Ceu Claro";"Dupla";"Intersecao de vias";"Sim";242499;"Automóvel";"VW/GOL SPECIAL";1999;"Passageiro";"Ileso";23;"Masculino";1;0;0;0;"-23.412691";"-51.931583";"SR-PR";"DEL7/7";"UOP04/PR"
136928;297177;2018-05-30;"quarta-feira";"23:00:00";"PR";376;176,8;"MARINGA";"Nao";"Ingestao de alcool";1;"Atropelamento de Pedestre";"Com Vitimas Feridas";"Plena Noite";"Crescente";"Ceu Claro";"Dupla";"Intersecao de vias";"Sim";242499;"Automóvel";"VW/GOL SPECIAL";1999;"Condutor";"Ileso";22;"Masculino";1;0;0;0;"-23.412691";"-51.931583";"SR-PR";"DEL7/7";"UOP04/PR"
136928;297182;2018-05-30;"quarta-feira";"23:00:00";"PR";376;176,8;"MARINGA";"Nao";"Ingestao de alcool";1;"Atropelamento de Pedestre";"Com Vitimas Feridas";"Plena Noite";"Crescente";"Ceu Claro";"Dupla";"Intersecao de vias";"Sim";242499;"Automóvel";"VW/GOL SPECIAL";1999;"Pedestre";"Lesoes Leves";35;"Masculino";0;1;0;0;"-23.412691";"-51.931583";"SR-PR";"DEL7/7";"UOP04/PR"
136939;296593;2018-05-30;"quarta-feira";"23:00:00";"SC";101;189;"BIGUACU";"Sim";"Ingestao de alcool";1;"Incęndio";"Sem Vitimas";"Plena Noite";"Crescente";"Ceu Claro";"Dupla";"Reta";"Nao";242071;"Camioneta";"I/HYUNDAI IX35 2.0";2012;"Passageiro";"Ileso";36;"Feminino";1;0;0;0;"-27.46387089";"-48.64183811";"SR-SC";"DEL8/1";"UOP01/SC"
136939;296591;2018-05-30;"quarta-feira";"23:00:00";"SC";101;189;"BIGUACU";"Sim";"Ingestao de alcool";1;"Incęndio";"Sem Vitimas";"Plena Noite";"Crescente";"Ceu Claro";"Dupla";"Reta";"Nao";242071;"Camioneta";"I/HYUNDAI IX35 2.0";2012;"Condutor";"Ileso";39;"Masculino";1;0;0;0;"-27.46387089";"-48.64183811";"SR-SC";"DEL8/1";"UOP01/SC"
136940;296606;2018-05-31;"quinta-feira";"00:18:00";"MG";116;496,5;"INHAPIM";"Sim";"Ingestao de alcool";1;"Colisao transversal";"Com Vitimas Fatais";"Plena Noite";"Crescente";"Ceu Claro";"Simples";"Reta";"Nao";242082;"Automóvel";"FIAT/UNO MILLE FIRE FLEX";2007;"Passageiro";"Óbito";21;"Masculino";0;0;0;1;"-19.51809";"-42.127876";"SR-MG";"DEL4/6";"UOP02/MG"
136940;298002;2018-05-31;"quinta-feira";"00:18:00";"MG";116;496,5;"INHAPIM";"Sim";"Ingestao de alcool";1;"Colisao transversal";"Com Vitimas Fatais";"Plena Noite";"Crescente";"Ceu Claro";"Simples";"Reta";"Nao";242083;"Caminhao";"VW/24.250 CNC 6X2";2010;"Condutor";"Ileso";66;"Masculino";1;0;0;0;"-19.51809";"-42.127876";"SR-MG";"DEL4/6";"UOP02/MG"
136940;296605;2018-05-31;"quinta-feira";"00:18:00";"MG";116;496,5;"INHAPIM";"Sim";"Ingestao de alcool";1;"Colisao transversal";"Com Vitimas Fatais";"Plena Noite";"Crescente";"Ceu Claro";"Simples";"Reta";"Nao";242082;"Automóvel";"FIAT/UNO MILLE FIRE FLEX";2007;"Condutor";"Óbito";31;"Masculino";0;0;0;1;"-19.51809";"-42.127876";"SR-MG";"DEL4/6";"UOP02/MG"
136942;296663;2018-05-31;"quinta-feira";"00:55:00";"RS";116;41,1;"VACARIA";"Nao";"Ingestao de alcool e/ou substâncias psicoativas pelo pedestre";1;"Atropelamento de Pedestre";"Com Vitimas Feridas";"Plena Noite";"Crescente";"Nublado";"Simples";"Reta";"Nao";242100;"Caminhao";"M.BENZ/ATEGO 2425";2011;"Condutor";"Ileso";25;"Masculino";1;0;0;0;"-28.52524617";"-50.94702601";"SR-RS";"DEL9/5";"UOP03/RS"
136942;296664;2018-05-31;"quinta-feira";"00:55:00";"RS";116;41,1;"VACARIA";"Nao";"Ingestao de alcool e/ou substâncias psicoativas pelo pedestre";1;"Atropelamento de Pedestre";"Com Vitimas Feridas";"Plena Noite";"Crescente";"Nublado";"Simples";"Reta";"Nao";242100;"Caminhao";"M.BENZ/ATEGO 2425";2011;"Testemunha";"Nao Informado";NA;"Nao Informado";0;0;0;0;"-28.52524617";"-50.94702601";"SR-RS";"DEL9/5";"UOP03/RS"