"id";"pesid";"data_inversa";"dia_semana";"horario";"uf";"br";"km";"municipio";"causa_principal";"causa_acidente";"ordem_tipo_acidente";"tipo_acidente";"classificacao_acidente";"fase_dia";"sentido_via";"condicao_metereologica";"tipo_pista";"tracado_via";"uso_solo";"id_veiculo";"tipo_veiculo";"marca";"ano_fabricacao_veiculo";"tipo_envolvido";"estado_fisico";"idade";"sexo";"ilesos";"feridos_leves";"feridos_graves";"mortos";"latitude";"longitude";"regional";"delegacia";"uop"
136942;296625;2018-05-31;"quinta-feira";"00:55:00";"RS";116;41,1;"VACARIA";"Nao";"Ingestao de alcool e/ou substâncias psicoativas pelo pedestre";1;"Atropelamento de Pedestre";"Com Vitimas Feridas";"Plena Noite";"Crescente";"Nublado";"Simples";"Reta";"Nao";242100;"Caminhao";"M.BENZ/ATEGO 2425";2011;"Pedestre";"Lesoes Graves";33;"Masculino";0;0;1;0;"-28.52524617";"-50.94702601";"SR-RS";"DEL9/5";"UOP03/RS"
136943;298248;2018-05-31;"quinta-feira";"00:15:00";"SC";101;203;"SAO JOSE";"Sim";"Ingestao de alcool";1;"Colisao com objeto estatico";"Com Vitimas Feridas";"Plena Noite";"Decrescente";"Ceu Claro";"Dupla";"Reta";"Sim";243440;"Automóvel";"FORD/KA SE 1.0 HA B";2016;"Condutor";"Lesoes Leves";52;"Masculino";0;1;0;0;"-27.5742";"-48.6134";"SR-SC";"DEL8/1";"UOP01/SC"
136945;296725;2018-05-30;"quarta-feira";"23:50:00";"MT";163;1037;"MATUPA";"Sim";"Ingestao de alcool";1;"Atropelamento de Pedestre";"Com Vitimas Feridas";"Plena Noite";"Crescente";"Ceu Claro";"Simples";"Reta";"Sim";242158;"Automóvel";"GM/CELTA 4P LIFE";2010;"Condutor";"Ileso";47;"Masculino";1;0;0;0;"-10.18958024";"-54.94983673";"SR-MT";"DEL2/6";"UOP02/MT"
136945;296727;2018-05-30;"quarta-feira";"23:50:00";"MT";163;1037;"MATUPA";"Sim";"Ingestao de alcool";1;"Atropelamento de Pedestre";"Com Vitimas Feridas";"Plena Noite";"Crescente";"Ceu Claro";"Simples";"Reta";"Sim";242085;"Caminhao-trator";"SCANIA/R 440 A6X4";2012;"Pedestre";"Lesoes Leves";28;"Feminino";0;1;0;0;"-10.18958024";"-54.94983673";"SR-MT";"DEL2/6";"UOP02/MT"
136945;296724;2018-05-30;"quarta-feira";"23:50:00";"MT";163;1037;"MATUPA";"Sim";"Ingestao de alcool";1;"Atropelamento de Pedestre";"Com Vitimas Feridas";"Plena Noite";"Crescente";"Ceu Claro";"Simples";"Reta";"Sim";242085;"Caminhao-trator";"SCANIA/R 440 A6X4";2012;"Condutor";"Ileso";52;"Masculino";1;0;0;0;"-10.18958024";"-54.94983673";"SR-MT";"DEL2/6";"UOP02/MT"
136954;297851;2018-05-31;"quinta-feira";"04:00:00";"PR";369;18;"CAMBARA";"Sim";"Ingestao de alcool";1;"Capotamento";"Sem Vitimas";"Plena Noite";"Decrescente";"Ceu Claro";"Simples";"Reta";"Sim";242107;"Automóvel";"VW/GOL 1.0";2004;"Condutor";"Ileso";33;"Masculino";1;0;0;0;"-23.03389707";"-50.0607794";"SR-PR";"DEL7/7";"UOP06/PR"
136955;297148;2018-05-31;"quinta-feira";"04:40:00";"ES";262;6,1;"CARIACICA";"Sim";"Ingestao de alcool";1;"Colisao traseira";"Com Vitimas Feridas";"Plena Noite";"Crescente";"Ceu Claro";"Multipla";"Reta";"Sim";242096;"Automóvel";"VW/GOL I";NA;"Testemunha";"Nao Informado";NA;"Nao Informado";0;0;0;0;"-20.34092498";"-40.39601773";"SR-ES";"DEL12/1";"UOP01/ES"
136955;297153;2018-05-31;"quinta-feira";"04:40:00";"ES";262;6,1;"CARIACICA";"Sim";"Ingestao de alcool";1;"Colisao traseira";"Com Vitimas Feridas";"Plena Noite";"Crescente";"Ceu Claro";"Multipla";"Reta";"Sim";242097;"Bicicleta";"";NA;"Condutor";"Lesoes Leves";20;"Masculino";0;1;0;0;"-20.34092498";"-40.39601773";"SR-ES";"DEL12/1";"UOP01/ES"
136955;297189;2018-05-31;"quinta-feira";"04:40:00";"ES";262;6,1;"CARIACICA";"Sim";"Ingestao de alcool";1;"Colisao traseira";"Com Vitimas Feridas";"Plena Noite";"Crescente";"Ceu Claro";"Multipla";"Reta";"Sim";242096;"Automóvel";"VW/GOL I";NA;"Condutor";"Nao Informado";NA;"Nao Informado";0;0;0;0;"-20.34092498";"-40.39601773";"SR-ES";"DEL12/1";"UOP01/ES"
136957;299977;2018-05-31;"quinta-feira";"03:15:00";"SC";280;189;"MAFRA";"Sim";"Ingestao de alcool";1;"Saida de leito carrocavel";"Com Vitimas Feridas";"Plena Noite";"Decrescente";"Ceu Claro";"Simples";"Curva";"Nao";242092;"Automóvel";"RENAULT/SANDERO AUT1016V";2012;"Condutor";"Ileso";31;"Masculino";1;0;0;0;"-26.17528";"-49.971901";"SR-SC";"DEL8/6";"UOP01/SC"
136957;299979;2018-05-31;"quinta-feira";"03:15:00";"SC";280;189;"MAFRA";"Sim";"Ingestao de alcool";1;"Saida de leito carrocavel";"Com Vitimas Feridas";"Plena Noite";"Decrescente";"Ceu Claro";"Simples";"Curva";"Nao";242092;"Automóvel";"RENAULT/SANDERO AUT1016V";2012;"Passageiro";"Lesoes Leves";28;"Masculino";0;1;0;0;"-26.17528";"-49.971901";"SR-SC";"DEL8/6";"UOP01/SC"
136957;299981;2018-05-31;"quinta-feira";"03:15:00";"SC";280;189;"MAFRA";"Sim";"Ingestao de alcool";1;"Saida de leito carrocavel";"Com Vitimas Feridas";"Plena Noite";"Decrescente";"Ceu Claro";"Simples";"Curva";"Nao";242092;"Automóvel";"RENAULT/SANDERO AUT1016V";2012;"Passageiro";"Lesoes Leves";19;"Masculino";0;1;0;0;"-26.17528";"-49.971901";"SR-SC";"DEL8/6";"UOP01/SC"
136960;296618;2018-05-31;"quinta-feira";"03:30:00";"SC";282;5,8;"SAO JOSE";"Sim";"Ingestao de alcool";1;"Saida de leito carrocavel";"Com Vitimas Feridas";"Plena Noite";"Decrescente";"Ceu Claro";"Simples";"Curva";"Sim";242095;"Automóvel";"FORD/FIESTA";2006;"Condutor";"Lesoes Leves";41;"Feminino";0;1;0;0;"-27.588425";"-48.612919";"SR-SC";"DEL8/1";"UOP01/SC"
137008;296781;2018-05-31;"quinta-feira";"12:25:00";"GO";153;554;"PIRACANJUBA";"Nao";"Ingestao de alcool";1;"Colisao transversal";"Com Vitimas Feridas";"Pleno dia";"Decrescente";"Ceu Claro";"Dupla";"Reta";"Nao";242198;"Caminhao-trator";"SCANIA/R 440 A6X2";2013;"Condutor";"Ileso";33;"Masculino";1;0;0;0;"-17.1765";"-49.2104";"SR-GO";"DEL1/3";"UOP01/GO"
137008;296782;2018-05-31;"quinta-feira";"12:25:00";"GO";153;554;"PIRACANJUBA";"Nao";"Ingestao de alcool";1;"Colisao transversal";"Com Vitimas Feridas";"Pleno dia";"Decrescente";"Ceu Claro";"Dupla";"Reta";"Nao";242205;"Bicicleta";"";NA;"Condutor";"Lesoes Graves";58;"Masculino";0;0;1;0;"-17.1765";"-49.2104";"SR-GO";"DEL1/3";"UOP01/GO"
137022;296817;2018-05-31;"quinta-feira";"14:00:00";"GO";153;508,5;"APARECIDA DE GOIANIA";"Sim";"Ingestao de alcool";1;"Colisao com objeto estatico";"Sem Vitimas";"Pleno dia";"Crescente";"Ceu Claro";"Dupla";"Reta";"Nao";242209;"Automóvel";"VW/GOL 1000I";1995;"Condutor";"Ileso";34;"Masculino";1;0;0;0;"-16.7804";"-49.2371";"SR-GO";"DEL1/1";"UOP03/GO"
137047;296828;2018-05-31;"quinta-feira";"18:10:00";"ES";101;144;"LINHARES";"Sim";"Ingestao de alcool";1;"Colisao frontal";"Sem Vitimas";"Plena Noite";"Decrescente";"Ceu Claro";"Simples";"Reta";"Sim";242231;"Caminhao-trator";"SCANIA/R124 GA6X4NZ 400";2002;"Condutor";"Ileso";50;"Masculino";1;0;0;0;"-19.35945066";"-40.06441403";"SR-ES";"DEL12/4";"UOP01/ES"
137047;296829;2018-05-31;"quinta-feira";"18:10:00";"ES";101;144;"LINHARES";"Sim";"Ingestao de alcool";1;"Colisao frontal";"Sem Vitimas";"Plena Noite";"Decrescente";"Ceu Claro";"Simples";"Reta";"Sim";242232;"Automóvel";"FIAT/PALIO EL";1996;"Condutor";"Ileso";30;"Masculino";1;0;0;0;"-19.35945066";"-40.06441403";"SR-ES";"DEL12/4";"UOP01/ES"
137053;296855;2018-05-31;"quinta-feira";"17:50:00";"BA";116;9,5;"VITORIA DA CONQUISTA";"Nao";"Ingestao de alcool";1;"Colisao transversal";"Com Vitimas Feridas";"Plena Noite";"Decrescente";"Nublado";"Simples";"Reta";"Sim";242255;"Motocicleta";"HONDA/CG 150 TITAN KS";2004;"Condutor";"Lesoes Leves";44;"Masculino";0;1;0;0;"-14.855962";"-40.879066";"SR-BA";"DEL10/8";"UOP01/BA"
137053;296854;2018-05-31;"quinta-feira";"17:50:00";"BA";116;9,5;"VITORIA DA CONQUISTA";"Nao";"Ingestao de alcool";1;"Colisao transversal";"Com Vitimas Feridas";"Plena Noite";"Decrescente";"Nublado";"Simples";"Reta";"Sim";242254;"Micro-ônibus";"I/KIA BESTA GS GRAND";2001;"Condutor";"Ileso";45;"Masculino";1;0;0;0;"-14.855962";"-40.879066";"SR-BA";"DEL10/8";"UOP01/BA"
137063;298306;2018-05-31;"quinta-feira";"18:40:00";"RJ";116;104;"GUAPIMIRIM";"Sim";"Ingestao de alcool";1;"Colisao transversal";"Sem Vitimas";"Plena Noite";"Decrescente";"Ceu Claro";"Dupla";"Retorno Regulamentado";"Nao";242320;"Automóvel";"HONDA/CIVIC EXS";2006;"Condutor";"Ileso";53;"Masculino";1;0;0;0;"-22.5334613";"-42.9934668";"SR-RJ";"DEL5/4";"UOP02/RJ"
137063;298307;2018-05-31;"quinta-feira";"18:40:00";"RJ";116;104;"GUAPIMIRIM";"Sim";"Ingestao de alcool";1;"Colisao transversal";"Sem Vitimas";"Plena Noite";"Decrescente";"Ceu Claro";"Dupla";"Retorno Regulamentado";"Nao";243489;"Automóvel";"I/VW BORA";2010;"Condutor";"Ileso";70;"Masculino";1;0;0;0;"-22.5334613";"-42.9934668";"SR-RJ";"DEL5/4";"UOP02/RJ"
137068;296924;2018-05-31;"quinta-feira";"19:30:00";"SP";153;220,8;"MARILIA";"Sim";"Ingestao de alcool";1;"Capotamento";"Com Vitimas Fatais";"Plena Noite";"Decrescente";"Ceu Claro";"Simples";"Reta";"Nao";242324;"Trator de rodas";"M.A./VALMET";NA;"Condutor";"Óbito";59;"Masculino";0;0;0;1;"-22.005598";"-49.911068";"SR-SP";"DEL6/07";"UOP02/SP"
137081;296923;2018-05-31;"quinta-feira";"20:45:00";"GO";40;9;"LUZIANIA";"Nao";"Ingestao de alcool";1;"Saida de leito carrocavel";"Com Vitimas Feridas";"Plena Noite";"Decrescente";"Ceu Claro";"Dupla";"Reta";"Nao";242298;"Automóvel";"PEUGEOT/207PASSION XR S";2008;"Condutor";"Lesoes Graves";42;"Masculino";0;0;1;0;"-16.131158";"-47.957739";"SR-DF";"GO";"UOP01/DF"
137081;298216;2018-05-31;"quinta-feira";"20:45:00";"GO";40;9;"LUZIANIA";"Nao";"Ingestao de alcool";1;"Saida de leito carrocavel";"Com Vitimas Feridas";"Plena Noite";"Decrescente";"Ceu Claro";"Dupla";"Reta";"Nao";242298;"Automóvel";"PEUGEOT/207PASSION XR S";2008;"Passageiro";"Lesoes Leves";12;"Feminino";0;1;0;0;"-16.131158";"-47.957739";"SR-DF";"GO";"UOP01/DF"
137081;296925;2018-05-31;"quinta-feira";"20:45:00";"GO";40;9;"LUZIANIA";"Nao";"Ingestao de alcool";1;"Saida de leito carrocavel";"Com Vitimas Feridas";"Plena Noite";"Decrescente";"Ceu Claro";"Dupla";"Reta";"Nao";242298;"Automóvel";"PEUGEOT/207PASSION XR S";2008;"Passageiro";"Lesoes Graves";27;"Masculino";0;0;1;0;"-16.131158";"-47.957739";"SR-DF";"GO";"UOP01/DF"
137081;298215;2018-05-31;"quinta-feira";"20:45:00";"GO";40;9;"LUZIANIA";"Nao";"Ingestao de alcool";1;"Saida de leito carrocavel";"Com Vitimas Feridas";"Plena Noite";"Decrescente";"Ceu Claro";"Dupla";"Reta";"Nao";242298;"Automóvel";"PEUGEOT/207PASSION XR S";2008;"Passageiro";"Lesoes Leves";18;"Feminino";0;1;0;0;"-16.131158";"-47.957739";"SR-DF";"GO";"UOP01/DF"
137084;296928;2018-05-31;"quinta-feira";"20:50:00";"SE";101;92;"NOSSA SENHORA DO SOCORRO";"Sim";"Ingestao de alcool";1;"Queda de ocupante de veiculo";"Com Vitimas Feridas";"Plena Noite";"Decrescente";"Nublado";"Dupla";"Reta";"Sim";242316;"Motocicleta";"YAMAHA/YS150 FAZER SED";2015;"Condutor";"Lesoes Leves";37;"Masculino";0;1;0;0;"-10.9061";"-37.1503";"SR-SE";"DEL20/1";"UOP01/SE"
137103;297484;2018-05-31;"quinta-feira";"23:30:00";"MG";40;282,1;"TRES MARIAS";"Sim";"Ingestao de alcool e/ou substâncias psicoativas pelo pedestre";1;"Colisao frontal";"Com Vitimas Feridas";"Plena Noite";"Crescente";"Ceu Claro";"Simples";"Reta";"Nao";242756;"Automóvel";"VW/GOL 1.0";2004;"Condutor";"Lesoes Graves";38;"Masculino";0;0;1;0;"-18.249315";"-45.202118";"SR-MG";"DEL4/14";"UOP03/MG"
137103;297487;2018-05-31;"quinta-feira";"23:30:00";"MG";40;282,1;"TRES MARIAS";"Sim";"Ingestao de alcool e/ou substâncias psicoativas pelo pedestre";1;"Colisao frontal";"Com Vitimas Feridas";"Plena Noite";"Crescente";"Ceu Claro";"Simples";"Reta";"Nao";242757;"Caminhonete";"MMC/L200 TRITON GL D";2015;"Condutor";"Lesoes Leves";72;"Masculino";0;1;0;0;"-18.249315";"-45.202118";"SR-MG";"DEL4/14";"UOP03/MG"
137108;296994;2018-05-31;"quinta-feira";"20:30:00";"PR";376;593,2;"CURITIBA";"Sim";"Ingestao de alcool";1;"Colisao traseira";"Com Vitimas Feridas";"Plena Noite";"Crescente";"Ceu Claro";"Dupla";"Intersecao de vias";"Sim";242322;"Automóvel";"FIAT/STILO";2005;"Condutor";"Lesoes Leves";31;"Masculino";0;1;0;0;"-25.48206015";"-49.34897661";"SR-PR";"DEL7/1";"UOP04/PR"
137108;296993;2018-05-31;"quinta-feira";"20:30:00";"PR";376;593,2;"CURITIBA";"Sim";"Ingestao de alcool";1;"Colisao traseira";"Com Vitimas Feridas";"Plena Noite";"Crescente";"Ceu Claro";"Dupla";"Intersecao de vias";"Sim";242321;"Motocicleta";"YAMAHA/YBR 125ED";2003;"Condutor";"Lesoes Leves";36;"Masculino";0;1;0;0;"-25.48206015";"-49.34897661";"SR-PR";"DEL7/1";"UOP04/PR"
137108;298342;2018-05-31;"quinta-feira";"20:30:00";"PR";376;593,2;"CURITIBA";"Sim";"Ingestao de alcool";1;"Colisao traseira";"Com Vitimas Feridas";"Plena Noite";"Crescente";"Ceu Claro";"Dupla";"Intersecao de vias";"Sim";242322;"Automóvel";"FIAT/STILO";2005;"Testemunha";"Nao Informado";NA;"Nao Informado";0;0;0;0;"-25.48206015";"-49.34897661";"SR-PR";"DEL7/1";"UOP04/PR"
137108;298344;2018-05-31;"quinta-feira";"20:30:00";"PR";376;593,2;"CURITIBA";"Sim";"Ingestao de alcool";1;"Colisao traseira";"Com Vitimas Feridas";"Plena Noite";"Crescente";"Ceu Claro";"Dupla";"Intersecao de vias";"Sim";242322;"Automóvel";"FIAT/STILO";2005;"Testemunha";"Nao Informado";NA;"Nao Informado";0;0;0;0;"-25.48206015";"-49.34897661";"SR-PR";"DEL7/1";"UOP04/PR"
137111;298321;2018-06-01;"sexta-feira";"00:40:00";"MG";381;863;"POUSO ALEGRE";"Sim";"Ingestao de alcool";1;"Colisao com objeto estatico";"Sem Vitimas";"Pleno dia";"Crescente";"Ceu Claro";"Dupla";"Nao Informado";"Nao";242344;"Automóvel";"FORD/FIESTA SEDAN1.6FLEX";2011;"Passageiro";"Ileso";22;"Masculino";1;0;0;0;"-22.3478";"-45.9265";"SR-MG";"DEL4/10";"UOP01/MG"
137111;298323;2018-06-01;"sexta-feira";"00:40:00";"MG";381;863;"POUSO ALEGRE";"Sim";"Ingestao de alcool";1;"Colisao com objeto estatico";"Sem Vitimas";"Pleno dia";"Crescente";"Ceu Claro";"Dupla";"Nao Informado";"Nao";242344;"Automóvel";"FORD/FIESTA SEDAN1.6FLEX";2011;"Passageiro";"Ileso";19;"Masculino";1;0;0;0;"-22.3478";"-45.9265";"SR-MG";"DEL4/10";"UOP01/MG"
137111;296950;2018-06-01;"sexta-feira";"00:40:00";"MG";381;863;"POUSO ALEGRE";"Sim";"Ingestao de alcool";1;"Colisao com objeto estatico";"Sem Vitimas";"Pleno dia";"Crescente";"Ceu Claro";"Dupla";"Nao Informado";"Nao";242344;"Automóvel";"FORD/FIESTA SEDAN1.6FLEX";2011;"Condutor";"Ileso";21;"Masculino";1;0;0;0;"-22.3478";"-45.9265";"SR-MG";"DEL4/10";"UOP01/MG"
137120;297391;2018-06-01;"sexta-feira";"02:30:00";"PE";232;254,3;"ARCOVERDE";"Sim";"Ingestao de alcool";1;"Colisao frontal";"Sem Vitimas";"Plena Noite";"Decrescente";"Nublado";"Simples";"Reta";"Sim";242529;"Automóvel";"VW/GOL SPECIAL";2002;"Condutor";"Nao Informado";NA;"Nao Informado";0;0;0;0;"-8.424457";"-37.073231";"SR-PE";"DEL11/3";"UOP02/PE"
137120;297390;2018-06-01;"sexta-feira";"02:30:00";"PE";232;254,3;"ARCOVERDE";"Sim";"Ingestao de alcool";1;"Colisao frontal";"Sem Vitimas";"Plena Noite";"Decrescente";"Nublado";"Simples";"Reta";"Sim";242414;"Ônibus";"MBENZ/MPOLO PARADISO R";2016;"Condutor";"Ileso";48;"Masculino";1;0;0;0;"-8.424457";"-37.073231";"SR-PE";"DEL11/3";"UOP02/PE"
137127;297079;2018-06-01;"sexta-feira";"05:15:00";"RJ";116;313;"ITATIAIA";"Sim";"Ingestao de alcool";1;"Colisao com objeto estatico";"Com Vitimas Feridas";"Amanhecer";"Crescente";"Ignorado";"Dupla";"Desvio Temporario";"Nao";242436;"Automóvel";"VW/GOL 1.0 PLUS";2000;"Condutor";"Lesoes Leves";25;"Feminino";0;1;0;0;"-22.46872245";"-44.51268554";"SR-RJ";"DEL5/7";"UOP03/RJ"
137127;297082;2018-06-01;"sexta-feira";"05:15:00";"RJ";116;313;"ITATIAIA";"Sim";"Ingestao de alcool";1;"Colisao com objeto estatico";"Com Vitimas Feridas";"Amanhecer";"Crescente";"Ignorado";"Dupla";"Desvio Temporario";"Nao";242444;"Automóvel";"I/VW GOLF HIGHLINE AC";2014;"Condutor";"Ileso";46;"Masculino";1;0;0;0;"-22.46872245";"-44.51268554";"SR-RJ";"DEL5/7";"UOP03/RJ"
137128;296984;2018-06-01;"sexta-feira";"05:20:00";"PB";230;96;"GURINHEM";"Nao";"Ingestao de alcool";1;"Colisao com objeto estatico";"Com Vitimas Fatais";"Amanhecer";"Crescente";"Ceu Claro";"Dupla";"Reta";"Nao";242377;"Motocicleta";"HONDA/CG 160 START";2016;"Condutor";"Óbito";25;"Masculino";0;0;0;1;"-7.1755819";"-35.4074404";"SR-PB";"DEL14/1";"UOP03/PB"
137141;297037;2018-06-01;"sexta-feira";"06:30:00";"CE";122;69,2;"CHOROZINHO";"Sim";"Ingestao de alcool";1;"Colisao frontal";"Com Vitimas Feridas";"Pleno dia";"Crescente";"Ceu Claro";"Simples";"Reta";"Sim";242410;"Automóvel";"FIAT/SIENA 1.4 TETRAFUEL";2009;"Condutor";"Lesoes Leves";39;"Masculino";0;1;0;0;"-4.32775377";"-38.48500013";"SR-CE";"DEL16/3";"UOP02/CE"
137141;297033;2018-06-01;"sexta-feira";"06:30:00";"CE";122;69,2;"CHOROZINHO";"Sim";"Ingestao de alcool";1;"Colisao frontal";"Com Vitimas Feridas";"Pleno dia";"Crescente";"Ceu Claro";"Simples";"Reta";"Sim";242409;"Caminhao-trator";"SCANIA/T113 H 4X2 360";1996;"Condutor";"Ileso";28;"Masculino";1;0;0;0;"-4.32775377";"-38.48500013";"SR-CE";"DEL16/3";"UOP02/CE"
137175;297175;2018-05-28;"segunda-feira";"02:00:00";"MG";40;685,1;"RESSAQUINHA";"Nao";"Ingestao de alcool";1;"Saida de leito carrocavel";"Com Vitimas Fatais";"Plena Noite";"Decrescente";"Ignorado";"Simples";"Curva";"Nao";242495;"Automóvel";"FORD/KA FLEX";2010;"Condutor";"Óbito";29;"Masculino";0;0;0;1;"-21.0971";"-43.7678";"SR-MG";"DEL4/5";"UOP02/MG"
137175;297176;2018-05-28;"segunda-feira";"02:00:00";"MG";40;685,1;"RESSAQUINHA";"Nao";"Ingestao de alcool";1;"Saida de leito carrocavel";"Com Vitimas Fatais";"Plena Noite";"Decrescente";"Ignorado";"Simples";"Curva";"Nao";242495;"Automóvel";"FORD/KA FLEX";2010;"Passageiro";"Óbito";57;"Feminino";0;0;0;1;"-21.0971";"-43.7678";"SR-MG";"DEL4/5";"UOP02/MG"
137175;297180;2018-05-28;"segunda-feira";"02:00:00";"MG";40;685,1;"RESSAQUINHA";"Nao";"Ingestao de alcool";1;"Saida de leito carrocavel";"Com Vitimas Fatais";"Plena Noite";"Decrescente";"Ignorado";"Simples";"Curva";"Nao";242495;"Automóvel";"FORD/KA FLEX";2010;"Passageiro";"Óbito";50;"Feminino";0;0;0;1;"-21.0971";"-43.7678";"SR-MG";"DEL4/5";"UOP02/MG"
137178;298339;2018-06-01;"sexta-feira";"10:56:00";"PA";230;122;"MARABA";"Sim";"Ingestao de alcool e/ou substâncias psicoativas pelo pedestre";1;"Colisao transversal";"Com Vitimas Feridas";"Pleno dia";"Crescente";"Ceu Claro";"Simples";"Reta";"Sim";242544;"Automóvel";"CHEV/PRISMA 1.4MT LT";2013;"Condutor";"Ileso";42;"Masculino";1;0;0;0;"-5.3609026";"-49.12388563";"SR-PA";"DEL19/3";"UOP01/PA"
137178;298338;2018-06-01;"sexta-feira";"10:56:00";"PA";230;122;"MARABA";"Sim";"Ingestao de alcool e/ou substâncias psicoativas pelo pedestre";1;"Colisao transversal";"Com Vitimas Feridas";"Pleno dia";"Crescente";"Ceu Claro";"Simples";"Reta";"Sim";242543;"Motocicleta";"HONDA/POP 110I";2017;"Condutor";"Lesoes Leves";29;"Masculino";0;1;0;0;"-5.3609026";"-49.12388563";"SR-PA";"DEL19/3";"UOP01/PA"
137213;297165;2018-05-12;"sabado";"02:50:00";"RS";287;402;"SANTIAGO";"Sim";"Ingestao de alcool";1;"Saida de leito carrocavel";"Sem Vitimas";"Plena Noite";"Crescente";"Ceu Claro";"Simples";"Nao Informado";"Sim";242480;"Automóvel";"RENAULT/MEGANESD DYN 20";2006;"Condutor";"Ileso";56;"Masculino";1;0;0;0;"-29.16118918";"-54.87906363";"SR-RS";"DEL9/12";"UOP02/RS"
137214;297257;2018-06-01;"sexta-feira";"15:10:00";"ES";101;342,8;"GUARAPARI";"Nao";"Ingestao de alcool e/ou substâncias psicoativas pelo pedestre";1;"Atropelamento de Pedestre";"Com Vitimas Feridas";"Pleno dia";"Crescente";"Nublado";"Simples";"Reta";"Nao";242482;"Automóvel";"FIAT/DOBLO ADV 1.8 FLEX";2013;"Condutor";"Ileso";49;"Masculino";1;0;0;0;"-20.66049397";"-40.58795929";"SR-ES";"DEL12/3";"UOP01/ES"
137214;297259;2018-06-01;"sexta-feira";"15:10:00";"ES";101;342,8;"GUARAPARI";"Nao";"Ingestao de alcool e/ou substâncias psicoativas pelo pedestre";1;"Atropelamento de Pedestre";"Com Vitimas Feridas";"Pleno dia";"Crescente";"Nublado";"Simples";"Reta";"Nao";242482;"Automóvel";"FIAT/DOBLO ADV 1.8 FLEX";2013;"Testemunha";"Nao Informado";NA;"Nao Informado";0;0;0;0;"-20.66049397";"-40.58795929";"SR-ES";"DEL12/3";"UOP01/ES"
137214;297265;2018-06-01;"sexta-feira";"15:10:00";"ES";101;342,8;"GUARAPARI";"Nao";"Ingestao de alcool e/ou substâncias psicoativas pelo pedestre";1;"Atropelamento de Pedestre";"Com Vitimas Feridas";"Pleno dia";"Crescente";"Nublado";"Simples";"Reta";"Nao";242482;"Automóvel";"FIAT/DOBLO ADV 1.8 FLEX";2013;"Pedestre";"Lesoes Leves";29;"Masculino";0;1;0;0;"-20.66049397";"-40.58795929";"SR-ES";"DEL12/3";"UOP01/ES"
137238;297261;2018-06-01;"sexta-feira";"16:00:00";"SC";470;54,7;"BLUMENAU";"Sim";"Ingestao de alcool";1;"Colisao transversal";"Sem Vitimas";"Pleno dia";"Decrescente";"Nublado";"Simples";"Reta";"Nao";242515;"Caminhao";"M.BENZ/L 1620";1996;"Condutor";"Ileso";59;"Masculino";1;0;0;0;"-26.86588871";"-49.10006225";"SR-SC";"DEL8/4";"UOP01/SC"
137238;297263;2018-06-01;"sexta-feira";"16:00:00";"SC";470;54,7;"BLUMENAU";"Sim";"Ingestao de alcool";1;"Colisao transversal";"Sem Vitimas";"Pleno dia";"Decrescente";"Nublado";"Simples";"Reta";"Nao";242516;"Automóvel";"FIAT/PALIO FIRE ECONOMY";2012;"Condutor";"Ileso";60;"Feminino";1;0;0;0;"-26.86588871";"-49.10006225";"SR-SC";"DEL8/4";"UOP01/SC"
137278;298397;2018-06-01;"sexta-feira";"16:20:00";"PB";230;235,6;"JUAZEIRINHO";"Sim";"Ingestao de alcool";1;"Tombamento";"Com Vitimas Feridas";"Pleno dia";"Crescente";"Sol";"Simples";"Reta";"Nao";242600;"Motocicleta";"";NA;"Passageiro";"Lesoes Leves";26;"Masculino";0;1;0;0;"-7.0473";"-36.5268";"SR-PB";"DEL14/2";"UOP02/PB"
137278;298395;2018-06-01;"sexta-feira";"16:20:00";"PB";230;235,6;"JUAZEIRINHO";"Sim";"Ingestao de alcool";1;"Tombamento";"Com Vitimas Feridas";"Pleno dia";"Crescente";"Sol";"Simples";"Reta";"Nao";242600;"Motocicleta";"";NA;"Condutor";"Lesoes Leves";26;"Masculino";0;1;0;0;"-7.0473";"-36.5268";"SR-PB";"DEL14/2";"UOP02/PB"
137279;297271;2018-03-09;"sexta-feira";"17:30:00";"AL";316;259;"PILAR";"Sim";"Ingestao de alcool";1;"Colisao lateral";"Com Vitimas Feridas";"Anoitecer";"Decrescente";"Ceu Claro";"Simples";"Reta";"Nao";242594;"Automóvel";"VW/GOL SPECIAL";2001;"Condutor";"Ileso";55;"Masculino";1;0;0;0;"-9.590915";"-35.9394";"SR-AL";"DEL13/2";"UOP01/AL"
137279;297272;2018-03-09;"sexta-feira";"17:30:00";"AL";316;259;"PILAR";"Sim";"Ingestao de alcool";1;"Colisao lateral";"Com Vitimas Feridas";"Anoitecer";"Decrescente";"Ceu Claro";"Simples";"Reta";"Nao";242595;"Automóvel";"TOYOTA/COROLLA XEI20FLEX";2018;"Condutor";"Ileso";36;"Masculino";1;0;0;0;"-9.590915";"-35.9394";"SR-AL";"DEL13/2";"UOP01/AL"
137279;297273;2018-03-09;"sexta-feira";"17:30:00";"AL";316;259;"PILAR";"Sim";"Ingestao de alcool";1;"Colisao lateral";"Com Vitimas Feridas";"Anoitecer";"Decrescente";"Ceu Claro";"Simples";"Reta";"Nao";242596;"Motocicleta";"HONDA/CG 125 FAN KS";2011;"Condutor";"Lesoes Graves";32;"Feminino";0;0;1;0;"-9.590915";"-35.9394";"SR-AL";"DEL13/2";"UOP01/AL"