"id";"pesid";"data_inversa";"dia_semana";"horario";"uf";"br";"km";"municipio";"causa_principal";"causa_acidente";"ordem_tipo_acidente";"tipo_acidente";"classificacao_acidente";"fase_dia";"sentido_via";"condicao_metereologica";"tipo_pista";"tracado_via";"uso_solo";"id_veiculo";"tipo_veiculo";"marca";"ano_fabricacao_veiculo";"tipo_envolvido";"estado_fisico";"idade";"sexo";"ilesos";"feridos_leves";"feridos_graves";"mortos";"latitude";"longitude";"regional";"delegacia";"uop"
137284;297397;2018-06-01;"sexta-feira";"21:10:00";"RS";101;71,5;"OSORIO";"Nao";"Ingestao de alcool";1;"Saida de leito carrocavel";"Sem Vitimas";"Plena Noite";"Decrescente";"Chuva";"Dupla";"Reta";"Nao";242626;"Automóvel";"FIAT/PALIO EDX";1996;"Condutor";"Ileso";62;"Masculino";1;0;0;0;"-29.75956657";"-50.21670341";"SR-RS";"DEL9/3";"UOP01/RS"
137287;297439;2018-06-01;"sexta-feira";"21:45:00";"PR";116;162,9;"QUITANDINHA";"Sim";"Ingestao de alcool";1;"Colisao lateral";"Com Vitimas Feridas";"Plena Noite";"Decrescente";"Nublado";"Simples";"Reta";"Sim";242732;"Automóvel";"VW/VOYAGE 1.6";2011;"Condutor";"Lesoes Leves";50;"Masculino";0;1;0;0;"-25.874052";"-49.46559906";"SR-PR";"DEL7/1";"UOP03/PR"
137287;297442;2018-06-01;"sexta-feira";"21:45:00";"PR";116;162,9;"QUITANDINHA";"Sim";"Ingestao de alcool";1;"Colisao lateral";"Com Vitimas Feridas";"Plena Noite";"Decrescente";"Nublado";"Simples";"Reta";"Sim";242733;"Caminhao";"M.BENZ/L 1313";1979;"Condutor";"Ileso";36;"Masculino";1;0;0;0;"-25.874052";"-49.46559906";"SR-PR";"DEL7/1";"UOP03/PR"
137296;297746;2018-06-01;"sexta-feira";"23:30:00";"PR";369;178;"ROLANDIA";"Sim";"Ingestao de alcool";1;"Colisao traseira";"Com Vitimas Feridas";"Plena Noite";"Crescente";"Ceu Claro";"Simples";"Reta";"Sim";243020;"Caminhonete";"VW/NOVA SAVEIRO TL MBVS";2017;"Condutor";"Ileso";35;"Masculino";1;0;0;0;"-23.34566907";"-51.38654351";"SR-PR";"DEL7/7";"UOP01/PR"
137296;297765;2018-06-01;"sexta-feira";"23:30:00";"PR";369;178;"ROLANDIA";"Sim";"Ingestao de alcool";1;"Colisao traseira";"Com Vitimas Feridas";"Plena Noite";"Crescente";"Ceu Claro";"Simples";"Reta";"Sim";243022;"Motocicleta";"HONDA/CG150 FAN ESDI";2013;"Passageiro";"Lesoes Leves";19;"Masculino";0;1;0;0;"-23.34566907";"-51.38654351";"SR-PR";"DEL7/7";"UOP01/PR"
137296;297751;2018-06-01;"sexta-feira";"23:30:00";"PR";369;178;"ROLANDIA";"Sim";"Ingestao de alcool";1;"Colisao traseira";"Com Vitimas Feridas";"Plena Noite";"Crescente";"Ceu Claro";"Simples";"Reta";"Sim";243022;"Motocicleta";"HONDA/CG150 FAN ESDI";2013;"Condutor";"Lesoes Leves";22;"Masculino";0;1;0;0;"-23.34566907";"-51.38654351";"SR-PR";"DEL7/7";"UOP01/PR"
137297;297340;2018-06-01;"sexta-feira";"22:00:00";"SC";101;41,2;"JOINVILLE";"Sim";"Ingestao de alcool";1;"Colisao transversal";"Sem Vitimas";"Plena Noite";"Decrescente";"Nublado";"Simples";"Rotatória";"Sim";242656;"Motoneta";"HONDA/BIZ 100 KS";2014;"Condutor";"Ileso";28;"Masculino";1;0;0;0;"-26.324";"-48.8672";"SR-SC";"DEL8/3";"UOP01/SC"
137297;297341;2018-06-01;"sexta-feira";"22:00:00";"SC";101;41,2;"JOINVILLE";"Sim";"Ingestao de alcool";1;"Colisao transversal";"Sem Vitimas";"Plena Noite";"Decrescente";"Nublado";"Simples";"Rotatória";"Sim";242655;"Caminhonete";"RENAULT/MASTER MARIMAR A";2015;"Condutor";"Ileso";37;"Masculino";1;0;0;0;"-26.324";"-48.8672";"SR-SC";"DEL8/3";"UOP01/SC"
137310;297366;2018-06-02;"sabado";"01:40:00";"PR";376;182;"MARINGA";"Sim";"Ingestao de alcool";1;"Saida de leito carrocavel";"Com Vitimas Feridas";"Plena Noite";"Crescente";"Nublado";"Dupla";"Rotatória";"Sim";242685;"Automóvel";"VW/GOL CITY MB";2014;"Condutor";"Ileso";34;"Masculino";1;0;0;0;"-23.43226585";"-51.88760069";"SR-PR";"DEL7/7";"UOP04/PR"
137310;297367;2018-06-02;"sabado";"01:40:00";"PR";376;182;"MARINGA";"Sim";"Ingestao de alcool";1;"Saida de leito carrocavel";"Com Vitimas Feridas";"Plena Noite";"Crescente";"Nublado";"Dupla";"Rotatória";"Sim";242685;"Automóvel";"VW/GOL CITY MB";2014;"Passageiro";"Lesoes Leves";28;"Masculino";0;1;0;0;"-23.43226585";"-51.88760069";"SR-PR";"DEL7/7";"UOP04/PR"
137314;298864;2018-06-01;"sexta-feira";"23:00:00";"MG";365;21,9;"MONTES CLAROS";"Sim";"Ingestao de alcool e/ou substâncias psicoativas pelo pedestre";1;"Tombamento";"Sem Vitimas";"Plena Noite";"Decrescente";"Ceu Claro";"Simples";"Reta";"Nao";243959;"Caminhao";"VW/8.140";1998;"Condutor";"Ileso";50;"Masculino";1;0;0;0;"-16.864073";"-44.025379";"SR-MG";"DEL4/12";"UOP01/MG"
137317;298946;2018-06-02;"sabado";"05:20:00";"PE";101;62;"RECIFE";"Sim";"Ingestao de alcool";1;"Colisao com objeto estatico";"Sem Vitimas";"Pleno dia";"Decrescente";"Vento";"Multipla";"Reta";"Nao";242727;"Automóvel";"PEUGEOT/2008 CROSS EAT6";2018;"Condutor";"Ileso";30;"Masculino";1;0;0;0;"-8.0087";"-34.9375";"SR-PE";"DEL11/1";"UOP02/PE"
137318;298664;2018-06-02;"sabado";"05:20:00";"CE";222;20,8;"CAUCAIA";"Sim";"Ingestao de alcool";1;"Colisao frontal";"Com Vitimas Feridas";"Amanhecer";"Crescente";"Ceu Claro";"Simples";"Reta";"Nao";242705;"Automóvel";"CHEVROLET/ONIX 10MT JOYE";2017;"Condutor";"Lesoes Leves";24;"Masculino";0;1;0;0;"-3.73446412";"-38.74828577";"SR-CE";"DEL16/1";"UOP01/CE"
137318;298663;2018-06-02;"sabado";"05:20:00";"CE";222;20,8;"CAUCAIA";"Sim";"Ingestao de alcool";1;"Colisao frontal";"Com Vitimas Feridas";"Amanhecer";"Crescente";"Ceu Claro";"Simples";"Reta";"Nao";242704;"Ônibus";"VW/COMIL VERSATILE R";2012;"Condutor";"Ileso";32;"Masculino";1;0;0;0;"-3.73446412";"-38.74828577";"SR-CE";"DEL16/1";"UOP01/CE"
137320;298129;2018-06-02;"sabado";"04:30:00";"SE";235;19,5;"NOSSA SENHORA DO SOCORRO";"Sim";"Ingestao de alcool";1;"Colisao transversal";"Com Vitimas Feridas";"Amanhecer";"Decrescente";"Chuva";"Simples";"Reta";"Nao";242706;"Automóvel";"GM/CORSA WIND";1995;"Condutor";"Ileso";23;"Masculino";1;0;0;0;"-10.84079";"-37.215904";"SR-SE";"DEL20/1";"UOP01/SE"
137320;298132;2018-06-02;"sabado";"04:30:00";"SE";235;19,5;"NOSSA SENHORA DO SOCORRO";"Sim";"Ingestao de alcool";1;"Colisao transversal";"Com Vitimas Feridas";"Amanhecer";"Decrescente";"Chuva";"Simples";"Reta";"Nao";242707;"Motocicleta";"HONDA/CG 125 FAN";2008;"Condutor";"Lesoes Leves";32;"Masculino";0;1;0;0;"-10.84079";"-37.215904";"SR-SE";"DEL20/1";"UOP01/SE"
137327;298778;2018-06-02;"sabado";"05:00:00";"SC";470;75;"INDAIAL";"Sim";"Ingestao de alcool e/ou substâncias psicoativas pelo pedestre";1;"Colisao frontal";"Sem Vitimas";"Plena Noite";"Decrescente";"Nublado";"Simples";"Curva";"Nao";243862;"Caminhao-trator";"SCANIA/T112 E 6X4";1991;"Condutor";"Ileso";58;"Masculino";1;0;0;0;"-26.924833";"-49.284004";"SR-SC";"DEL8/4";"UOP01/SC"
137327;298782;2018-06-02;"sabado";"05:00:00";"SC";470;75;"INDAIAL";"Sim";"Ingestao de alcool e/ou substâncias psicoativas pelo pedestre";1;"Colisao frontal";"Sem Vitimas";"Plena Noite";"Decrescente";"Nublado";"Simples";"Curva";"Nao";243869;"Automóvel";"HYUNDAI/HB20 1.0M COMFOR";2015;"Condutor";"Ileso";23;"Masculino";1;0;0;0;"-26.924833";"-49.284004";"SR-SC";"DEL8/4";"UOP01/SC"
137332;297629;2018-06-02;"sabado";"07:15:00";"SE";235;11;"NOSSA SENHORA DO SOCORRO";"Sim";"Ingestao de alcool";1;"Colisao lateral";"Sem Vitimas";"Pleno dia";"Decrescente";"Nublado";"Simples";"Curva";"Nao";242744;"Automóvel";"CHEV/PRISMA 10MT JOYE";2017;"Condutor";"Ileso";30;"Masculino";1;0;0;0;"-10.87870499";"-37.14913121";"SR-SE";"DEL20/1";"UOP01/SE"
137332;297630;2018-06-02;"sabado";"07:15:00";"SE";235;11;"NOSSA SENHORA DO SOCORRO";"Sim";"Ingestao de alcool";1;"Colisao lateral";"Sem Vitimas";"Pleno dia";"Decrescente";"Nublado";"Simples";"Curva";"Nao";242745;"Automóvel";"GM/CELTA 4P LIFE";2008;"Condutor";"Ileso";30;"Masculino";1;0;0;0;"-10.87870499";"-37.14913121";"SR-SE";"DEL20/1";"UOP01/SE"
137352;297460;2018-06-02;"sabado";"08:20:00";"SC";101;192;"BIGUACU";"Sim";"Ingestao de alcool";1;"Colisao com objeto estatico";"Sem Vitimas";"Pleno dia";"Crescente";"Garoa/Chuvisco";"Dupla";"Curva";"Sim";242748;"Caminhonete";"VW/SAVEIRO CS TL MB";2014;"Condutor";"Ileso";55;"Masculino";1;0;0;0;"-27.4897";"-48.6559";"SR-SC";"DEL8/1";"UOP01/SC"
137426;300071;2018-06-02;"sabado";"16:30:00";"PE";232;408;"SERRA TALHADA";"Sim";"Ingestao de alcool";1;"Saida de leito carrocavel";"Sem Vitimas";"Pleno dia";"Decrescente";"Ceu Claro";"Simples";"Reta";"Sim";242815;"Automóvel";"VW/FOX 1.6 GII";2014;"Condutor";"Ileso";46;"Feminino";1;0;0;0;"-7.98386396";"-38.27971458";"SR-PE";"DEL11/4";"UOP01/PE"
137428;297617;2018-06-02;"sabado";"15:20:00";"PA";316;0,9;"ANANINDEUA";"Sim";"Ingestao de alcool";1;"Colisao traseira";"Com Vitimas Feridas";"Pleno dia";"Decrescente";"Ceu Claro";"Dupla";"Curva";"Sim";242843;"Automóvel";"VW/FOX 1.6 GII";2014;"Condutor";"Ileso";27;"Masculino";1;0;0;0;"-1.40310725";"-48.42892589";"SR-PA";"DEL19/1";"UOP01/PA"
137428;297618;2018-06-02;"sabado";"15:20:00";"PA";316;0,9;"ANANINDEUA";"Sim";"Ingestao de alcool";1;"Colisao traseira";"Com Vitimas Feridas";"Pleno dia";"Decrescente";"Ceu Claro";"Dupla";"Curva";"Sim";242844;"Motocicleta";"HONDA/CG 125 FAN ES";2009;"Condutor";"Lesoes Leves";31;"Masculino";0;1;0;0;"-1.40310725";"-48.42892589";"SR-PA";"DEL19/1";"UOP01/PA"
137438;297556;2018-06-02;"sabado";"17:30:00";"PR";116;206,9;"RIO NEGRO";"Sim";"Ingestao de alcool";1;"Saida de leito carrocavel";"Com Vitimas Feridas";"Anoitecer";"Crescente";"Chuva";"Simples";"Intersecao de vias";"Nao";242820;"Automóvel";"GM/KADETT GSI MPFI";1992;"Condutor";"Ileso";22;"Masculino";1;0;0;0;"-26.101749";"-49.780796";"SR-SC";"DEL8/6";"UOP01/SC"
137438;297557;2018-06-02;"sabado";"17:30:00";"PR";116;206,9;"RIO NEGRO";"Sim";"Ingestao de alcool";1;"Saida de leito carrocavel";"Com Vitimas Feridas";"Anoitecer";"Crescente";"Chuva";"Simples";"Intersecao de vias";"Nao";242820;"Automóvel";"GM/KADETT GSI MPFI";1992;"Passageiro";"Lesoes Leves";34;"Masculino";0;1;0;0;"-26.101749";"-49.780796";"SR-SC";"DEL8/6";"UOP01/SC"
137479;300037;2018-06-02;"sabado";"21:00:00";"MA";10;249;"IMPERATRIZ";"Sim";"Ingestao de alcool";1;"Colisao frontal";"Com Vitimas Feridas";"Plena Noite";"Decrescente";"Ceu Claro";"Simples";"Reta";"Sim";242962;"Motocicleta";"HONDA/POP100";2007;"Condutor";"Lesoes Graves";37;"Masculino";0;0;1;0;"-5.558508";"-47.45417";"SR-MA";"DEL18/4";"UOP01/MA"
137479;300034;2018-06-02;"sabado";"21:00:00";"MA";10;249;"IMPERATRIZ";"Sim";"Ingestao de alcool";1;"Colisao frontal";"Com Vitimas Feridas";"Plena Noite";"Decrescente";"Ceu Claro";"Simples";"Reta";"Sim";242961;"Caminhonete";"MMC/L200 TRITON 3.2 D";2013;"Condutor";"Ileso";35;"Masculino";1;0;0;0;"-5.558508";"-47.45417";"SR-MA";"DEL18/4";"UOP01/MA"
137481;301387;2018-06-02;"sabado";"21:30:00";"SC";101;201,3;"SAO JOSE";"Sim";"Ingestao de alcool";1;"Colisao com objeto estatico";"Com Vitimas Feridas";"Plena Noite";"Crescente";"Ceu Claro";"Dupla";"Reta";"Sim";242929;"Automóvel";"RENAULT/CLIO AUT 10 16VH";2004;"Condutor";"Lesoes Graves";25;"Masculino";0;0;1;0;"-27.55209282";"-48.61980015";"SR-SC";"DEL8/1";"UOP01/SC"
137482;298274;2018-06-02;"sabado";"21:20:00";"BA";367;52,6;"PORTO SEGURO";"Sim";"Ingestao de alcool";1;"Colisao frontal";"Com Vitimas Fatais";"Plena Noite";"Crescente";"Ceu Claro";"Simples";"Reta";"Nao";242914;"Caminhonete";"FIAT/STRADA TREK FLEX";2009;"Condutor";"Óbito";40;"Masculino";0;0;0;1;"-16.376616";"-39.31583";"SR-BA";"DEL10/9";"UOP01/BA"
137482;298278;2018-06-02;"sabado";"21:20:00";"BA";367;52,6;"PORTO SEGURO";"Sim";"Ingestao de alcool";1;"Colisao frontal";"Com Vitimas Fatais";"Plena Noite";"Crescente";"Ceu Claro";"Simples";"Reta";"Nao";243457;"Caminhao";"FORD/CARGO 1723 B";2016;"Condutor";"Ileso";41;"Masculino";1;0;0;0;"-16.376616";"-39.31583";"SR-BA";"DEL10/9";"UOP01/BA"
137482;303587;2018-06-02;"sabado";"21:20:00";"BA";367;52,6;"PORTO SEGURO";"Sim";"Ingestao de alcool";1;"Colisao frontal";"Com Vitimas Fatais";"Plena Noite";"Crescente";"Ceu Claro";"Simples";"Reta";"Nao";247840;"Automóvel";"VW/GOL 1.0";2010;"Condutor";"Ileso";41;"Masculino";1;0;0;0;"-16.376616";"-39.31583";"SR-BA";"DEL10/9";"UOP01/BA"
137485;299087;2018-06-02;"sabado";"20:30:00";"BA";324;617;"SALVADOR";"Nao";"Ingestao de alcool";1;"Colisao lateral";"Com Vitimas Feridas";"Plena Noite";"Decrescente";"Nublado";"Dupla";"Reta";"Nao";244147;"Automóvel";"I/VW BEETLE";2008;"Condutor";"Ileso";32;"Masculino";1;0;0;0;"-12.8966337";"-38.44868155";"SR-BA";"DEL10/1";"UOP01/BA"
137485;299080;2018-06-02;"sabado";"20:30:00";"BA";324;617;"SALVADOR";"Nao";"Ingestao de alcool";1;"Colisao lateral";"Com Vitimas Feridas";"Plena Noite";"Decrescente";"Nublado";"Dupla";"Reta";"Nao";244140;"Automóvel";"GM/CORSA WIND";2000;"Condutor";"Ileso";30;"Masculino";1;0;0;0;"-12.8966337";"-38.44868155";"SR-BA";"DEL10/1";"UOP01/BA"
137485;299081;2018-06-02;"sabado";"20:30:00";"BA";324;617;"SALVADOR";"Nao";"Ingestao de alcool";1;"Colisao lateral";"Com Vitimas Feridas";"Plena Noite";"Decrescente";"Nublado";"Dupla";"Reta";"Nao";244141;"Automóvel";"FIAT/UNO MILLE ECONOMY";2011;"Condutor";"Ileso";64;"Masculino";1;0;0;0;"-12.8966337";"-38.44868155";"SR-BA";"DEL10/1";"UOP01/BA"
137485;299083;2018-06-02;"sabado";"20:30:00";"BA";324;617;"SALVADOR";"Nao";"Ingestao de alcool";1;"Colisao lateral";"Com Vitimas Feridas";"Plena Noite";"Decrescente";"Nublado";"Dupla";"Reta";"Nao";244141;"Automóvel";"FIAT/UNO MILLE ECONOMY";2011;"Passageiro";"Lesoes Leves";23;"Feminino";0;1;0;0;"-12.8966337";"-38.44868155";"SR-BA";"DEL10/1";"UOP01/BA"
137492;298494;2018-06-02;"sabado";"19:50:00";"MT";364;507;"JANGADA";"Sim";"Ingestao de alcool";1;"Saida de leito carrocavel";"Com Vitimas Feridas";"Plena Noite";"Decrescente";"Garoa/Chuvisco";"Simples";"Reta";"Nao";242928;"Motocicleta";"HONDA/CG 160 FAN ESDI";2016;"Condutor";"Lesoes Leves";34;"Masculino";0;1;0;0;"-15.205317";"-56.507271";"SR-MT";"DEL2/4";"UOP02/MT"
137501;297660;2018-06-02;"sabado";"18:00:00";"MG";262;39,4;"MANHUACU";"Sim";"Ingestao de alcool";1;"Colisao traseira";"Com Vitimas Feridas";"Anoitecer";"Crescente";"Ceu Claro";"Simples";"Reta";"Sim";242952;"Automóvel";"VW/GOL 16V PLUS";2001;"Condutor";"Lesoes Leves";33;"Feminino";0;1;0;0;"-20.271677";"-42.039505";"SR-MG";"DEL4/6";"UOP04/MG"
137501;297651;2018-06-02;"sabado";"18:00:00";"MG";262;39,4;"MANHUACU";"Sim";"Ingestao de alcool";1;"Colisao traseira";"Com Vitimas Feridas";"Anoitecer";"Crescente";"Ceu Claro";"Simples";"Reta";"Sim";242940;"Utilitario";"I/TOYOTA HILUXSW4 SRV4X4";2013;"Condutor";"Ileso";58;"Masculino";1;0;0;0;"-20.271677";"-42.039505";"SR-MG";"DEL4/6";"UOP04/MG"
137501;297662;2018-06-02;"sabado";"18:00:00";"MG";262;39,4;"MANHUACU";"Sim";"Ingestao de alcool";1;"Colisao traseira";"Com Vitimas Feridas";"Anoitecer";"Crescente";"Ceu Claro";"Simples";"Reta";"Sim";242952;"Automóvel";"VW/GOL 16V PLUS";2001;"Passageiro";"Lesoes Leves";57;"Feminino";0;1;0;0;"-20.271677";"-42.039505";"SR-MG";"DEL4/6";"UOP04/MG"
137529;301350;2018-06-03;"domingo";"01:40:00";"SP";116;170,7;"JACAREI";"Nao";"Ingestao de alcool";1;"Colisao lateral";"Com Vitimas Feridas";"Plena Noite";"Crescente";"Ceu Claro";"Dupla";"Reta";"Nao";243053;"Automóvel";"FORD/FIESTA FLEX";2010;"Condutor";"Ileso";30;"Feminino";1;0;0;0;"-23.30771469";"-46.0540312";"SR-SP";"DEL6/2";"UOP01/SP"
137529;301493;2018-06-03;"domingo";"01:40:00";"SP";116;170,7;"JACAREI";"Nao";"Ingestao de alcool";1;"Colisao lateral";"Com Vitimas Feridas";"Plena Noite";"Crescente";"Ceu Claro";"Dupla";"Reta";"Nao";243053;"Automóvel";"FORD/FIESTA FLEX";2010;"Testemunha";"Nao Informado";NA;"Nao Informado";0;0;0;0;"-23.30771469";"-46.0540312";"SR-SP";"DEL6/2";"UOP01/SP"
137529;301348;2018-06-03;"domingo";"01:40:00";"SP";116;170,7;"JACAREI";"Nao";"Ingestao de alcool";1;"Colisao lateral";"Com Vitimas Feridas";"Plena Noite";"Crescente";"Ceu Claro";"Dupla";"Reta";"Nao";243052;"Automóvel";"VW/UP CROSS MDV";2017;"Condutor";"Lesoes Leves";39;"Masculino";0;1;0;0;"-23.30771469";"-46.0540312";"SR-SP";"DEL6/2";"UOP01/SP"
137538;299482;2018-06-03;"domingo";"03:30:00";"SE";235;44;"ITABAIANA";"Sim";"Ingestao de alcool e/ou substâncias psicoativas pelo pedestre";1;"Tombamento";"Com Vitimas Feridas";"Plena Noite";"Crescente";"Nublado";"Simples";"Reta";"Nao";242999;"Ciclomotor";"I/SHINERAY XY 50 Q";2014;"Condutor";"Lesoes Leves";40;"Masculino";0;1;0;0;"-10.75489";"-37.394836";"SR-SE";"DEL20/1";"UOP02/SE"
137554;299284;2018-06-03;"domingo";"03:50:00";"RJ";393;196;"PARAIBA DO SUL";"Sim";"Ingestao de alcool";1;"Saida de leito carrocavel";"Sem Vitimas";"Plena Noite";"Crescente";"Ceu Claro";"Simples";"Curva";"Nao";244292;"Automóvel";"CITROEN/C3 AIRCROSS EXCA";2013;"Condutor";"Ileso";41;"Feminino";1;0;0;0;"-22.233154";"-43.419754";"SR-RJ";"DEL5/5";"UOP01/RJ"
137555;301031;2018-06-03;"domingo";"05:40:00";"PR";376;107;"PARANAVAI";"Sim";"Ingestao de alcool";2;"Capotamento";"Com Vitimas Feridas";"Plena Noite";"Decrescente";"Nevoeiro/Neblina";"Simples";"Reta";"Sim";242985;"Automóvel";"FIAT/PALIO FIRE";2014;"Condutor";"Lesoes Leves";25;"Masculino";0;1;0;0;"-23.067074";"-52.427238";"SR-PR";"DEL7/7";"UOP05/PR"
137556;297984;2018-06-03;"domingo";"01:30:00";"CE";304;94;"ARACATI";"Nao";"Ingestao de alcool";1;"Colisao traseira";"Com Vitimas Feridas";"Plena Noite";"Crescente";"Ignorado";"Simples";"Reta";"Nao";243206;"Caminhonete";"MMC/L200 TRITON GLS D";2014;"Passageiro";"Ileso";23;"Feminino";1;0;0;0;"-4.828323";"-37.480507";"SR-CE";"DEL16/3";"UOP03/CE"
137556;297987;2018-06-03;"domingo";"01:30:00";"CE";304;94;"ARACATI";"Nao";"Ingestao de alcool";1;"Colisao traseira";"Com Vitimas Feridas";"Plena Noite";"Crescente";"Ignorado";"Simples";"Reta";"Nao";243206;"Caminhonete";"MMC/L200 TRITON GLS D";2014;"Passageiro";"Ileso";34;"Feminino";1;0;0;0;"-4.828323";"-37.480507";"SR-CE";"DEL16/3";"UOP03/CE"
137556;297990;2018-06-03;"domingo";"01:30:00";"CE";304;94;"ARACATI";"Nao";"Ingestao de alcool";1;"Colisao traseira";"Com Vitimas Feridas";"Plena Noite";"Crescente";"Ignorado";"Simples";"Reta";"Nao";243206;"Caminhonete";"MMC/L200 TRITON GLS D";2014;"Passageiro";"Ileso";24;"Masculino";1;0;0;0;"-4.828323";"-37.480507";"SR-CE";"DEL16/3";"UOP03/CE"
137556;297991;2018-06-03;"domingo";"01:30:00";"CE";304;94;"ARACATI";"Nao";"Ingestao de alcool";1;"Colisao traseira";"Com Vitimas Feridas";"Plena Noite";"Crescente";"Ignorado";"Simples";"Reta";"Nao";243206;"Caminhonete";"MMC/L200 TRITON GLS D";2014;"Passageiro";"Ileso";27;"Masculino";1;0;0;0;"-4.828323";"-37.480507";"SR-CE";"DEL16/3";"UOP03/CE"
137556;298043;2018-06-03;"domingo";"01:30:00";"CE";304;94;"ARACATI";"Nao";"Ingestao de alcool";1;"Colisao traseira";"Com Vitimas Feridas";"Plena Noite";"Crescente";"Ignorado";"Simples";"Reta";"Nao";243206;"Caminhonete";"MMC/L200 TRITON GLS D";2014;"Condutor";"Ileso";30;"Masculino";1;0;0;0;"-4.828323";"-37.480507";"SR-CE";"DEL16/3";"UOP03/CE"
137556;298051;2018-06-03;"domingo";"01:30:00";"CE";304;94;"ARACATI";"Nao";"Ingestao de alcool";1;"Colisao traseira";"Com Vitimas Feridas";"Plena Noite";"Crescente";"Ignorado";"Simples";"Reta";"Nao";243200;"Carroca-charrete";"";NA;"Condutor";"Lesoes Leves";47;"Masculino";0;1;0;0;"-4.828323";"-37.480507";"SR-CE";"DEL16/3";"UOP03/CE"
137558;298263;2018-06-03;"domingo";"04:00:00";"SP";153;70,5;"SAO JOSE DO RIO PRETO";"Sim";"Ingestao de alcool";1;"Colisao traseira";"Com Vitimas Feridas";"Plena Noite";"Decrescente";"Ceu Claro";"Simples";"Reta";"Sim";243442;"Caminhonete";"VW/NOVA SAVEIRO CE CROSS";2014;"Condutor";"Ileso";31;"Masculino";1;0;0;0;"-20.851978";"-49.400703";"SR-SP";"DEL6/9";"UOP01/SP"
137558;298269;2018-06-03;"domingo";"04:00:00";"SP";153;70,5;"SAO JOSE DO RIO PRETO";"Sim";"Ingestao de alcool";1;"Colisao traseira";"Com Vitimas Feridas";"Plena Noite";"Decrescente";"Ceu Claro";"Simples";"Reta";"Sim";243444;"Automóvel";"VW/PARATI LS";1986;"Passageiro";"Lesoes Leves";18;"Feminino";0;1;0;0;"-20.851978";"-49.400703";"SR-SP";"DEL6/9";"UOP01/SP"
137558;298270;2018-06-03;"domingo";"04:00:00";"SP";153;70,5;"SAO JOSE DO RIO PRETO";"Sim";"Ingestao de alcool";1;"Colisao traseira";"Com Vitimas Feridas";"Plena Noite";"Decrescente";"Ceu Claro";"Simples";"Reta";"Sim";243444;"Automóvel";"VW/PARATI LS";1986;"Passageiro";"Ileso";18;"Feminino";1;0;0;0;"-20.851978";"-49.400703";"SR-SP";"DEL6/9";"UOP01/SP"
137558;298271;2018-06-03;"domingo";"04:00:00";"SP";153;70,5;"SAO JOSE DO RIO PRETO";"Sim";"Ingestao de alcool";1;"Colisao traseira";"Com Vitimas Feridas";"Plena Noite";"Decrescente";"Ceu Claro";"Simples";"Reta";"Sim";243444;"Automóvel";"VW/PARATI LS";1986;"Passageiro";"Ileso";21;"Feminino";1;0;0;0;"-20.851978";"-49.400703";"SR-SP";"DEL6/9";"UOP01/SP"
137558;298266;2018-06-03;"domingo";"04:00:00";"SP";153;70,5;"SAO JOSE DO RIO PRETO";"Sim";"Ingestao de alcool";1;"Colisao traseira";"Com Vitimas Feridas";"Plena Noite";"Decrescente";"Ceu Claro";"Simples";"Reta";"Sim";243444;"Automóvel";"VW/PARATI LS";1986;"Condutor";"Ileso";22;"Masculino";1;0;0;0;"-20.851978";"-49.400703";"SR-SP";"DEL6/9";"UOP01/SP"
137558;298265;2018-06-03;"domingo";"04:00:00";"SP";153;70,5;"SAO JOSE DO RIO PRETO";"Sim";"Ingestao de alcool";1;"Colisao traseira";"Com Vitimas Feridas";"Plena Noite";"Decrescente";"Ceu Claro";"Simples";"Reta";"Sim";243442;"Caminhonete";"VW/NOVA SAVEIRO CE CROSS";2014;"Passageiro";"Ileso";38;"Masculino";1;0;0;0;"-20.851978";"-49.400703";"SR-SP";"DEL6/9";"UOP01/SP"
137558;298267;2018-06-03;"domingo";"04:00:00";"SP";153;70,5;"SAO JOSE DO RIO PRETO";"Sim";"Ingestao de alcool";1;"Colisao traseira";"Com Vitimas Feridas";"Plena Noite";"Decrescente";"Ceu Claro";"Simples";"Reta";"Sim";243444;"Automóvel";"VW/PARATI LS";1986;"Passageiro";"Ileso";23;"Masculino";1;0;0;0;"-20.851978";"-49.400703";"SR-SP";"DEL6/9";"UOP01/SP"
137559;297701;2018-06-03;"domingo";"05:00:00";"GO";153;636;"MORRINHOS";"Sim";"Ingestao de alcool";1;"Saida de leito carrocavel";"Com Vitimas Feridas";"Plena Noite";"Crescente";"Ceu Claro";"Dupla";"Reta";"Nao";242982;"Automóvel";"FIAT/UNO MILLE FIRE FLEX";2006;"Condutor";"Lesoes Leves";67;"Masculino";0;1;0;0;"-17.83972782";"-49.21722651";"SR-GO";"DEL1/3";"UOP01/GO"
137561;298253;2018-06-03;"domingo";"05:40:00";"ES";262;160,8;"IBATIBA";"Sim";"Ingestao de alcool";1;"Colisao frontal";"Com Vitimas Feridas";"Amanhecer";"Crescente";"Nevoeiro/Neblina";"Simples";"Nao Informado";"Nao";243089;"Automóvel";"GM/CORSA MILENIUM";2001;"Condutor";"Lesoes Leves";38;"Masculino";0;1;0;0;"-20.23717374";"-41.51843905";"SR-ES";"DEL12/1";"UOP02/ES"