"id";"pesid";"data_inversa";"dia_semana";"horario";"uf";"br";"km";"municipio";"causa_principal";"causa_acidente";"ordem_tipo_acidente";"tipo_acidente";"classificacao_acidente";"fase_dia";"sentido_via";"condicao_metereologica";"tipo_pista";"tracado_via";"uso_solo";"id_veiculo";"tipo_veiculo";"marca";"ano_fabricacao_veiculo";"tipo_envolvido";"estado_fisico";"idade";"sexo";"ilesos";"feridos_leves";"feridos_graves";"mortos";"latitude";"longitude";"regional";"delegacia";"uop"
139017;302967;2018-06-09;"sabado";"20:30:00";"RJ";356;167;"SAO JOAO DA BARRA";"Sim";"Ingestao de alcool";1;"Colisao frontal";"Com Vitimas Feridas";"Plena Noite";"Crescente";"Ceu Claro";"Simples";"Reta";"Nao";245851;"Automóvel";"FIAT/UNO MILLE";1993;"Condutor";"Ileso";23;"Masculino";1;0;0;0;"-21.718555";"-41.101276";"SR-RJ";"DEL5/8";"UOP02/RJ"
139018;308399;2018-06-09;"sabado";"19:00:00";"ES";101;65;"SAO MATEUS";"Sim";"Ingestao de alcool";1;"Colisao traseira";"Com Vitimas Feridas";"Plena Noite";"Crescente";"Chuva";"Dupla";"Reta";"Nao";251673;"Caminhonete";"FIAT/STRADA FIRE FLEX";2011;"Condutor";"Lesoes Leves";68;"Masculino";0;1;0;0;"-18.72926644";"-39.85984147";"SR-ES";"DEL12/4";"UOP02/ES"
139018;308404;2018-06-09;"sabado";"19:00:00";"ES";101;65;"SAO MATEUS";"Sim";"Ingestao de alcool";1;"Colisao traseira";"Com Vitimas Feridas";"Plena Noite";"Crescente";"Chuva";"Dupla";"Reta";"Nao";251677;"Automóvel";"VW/FOX 1.0";2006;"Condutor";"Ileso";46;"Masculino";1;0;0;0;"-18.72926644";"-39.85984147";"SR-ES";"DEL12/4";"UOP02/ES"
139022;300987;2018-06-09;"sabado";"19:45:00";"RO";364;199,2;"PIMENTA BUENO";"Sim";"Ingestao de alcool";1;"Colisao com objeto estatico";"Com Vitimas Feridas";"Plena Noite";"Crescente";"Ceu Claro";"Simples";"Rotatória";"Sim";245796;"Motocicleta";"HONDA/CG 125 FAN KS";2009;"Condutor";"Lesoes Leves";33;"Masculino";0;1;0;0;"-11.657657";"-61.191631";"SR-RO";"DEL21/2";"UOP02/RO"
139023;300850;2018-06-09;"sabado";"20:20:00";"PR";116;126;"FAZENDA RIO GRANDE";"Nao";"Ingestao de alcool";1;"Colisao traseira";"Sem Vitimas";"Plena Noite";"Decrescente";"Nublado";"Dupla";"Reta";"Sim";245664;"Automóvel";"HONDA/HR-V EX CVT";2016;"Condutor";"Ileso";40;"Feminino";1;0;0;0;"-25.63626455";"-49.31350708";"SR-PR";"DEL7/1";"UOP03/PR"
139023;300848;2018-06-09;"sabado";"20:20:00";"PR";116;126;"FAZENDA RIO GRANDE";"Nao";"Ingestao de alcool";1;"Colisao traseira";"Sem Vitimas";"Plena Noite";"Decrescente";"Nublado";"Dupla";"Reta";"Sim";245663;"Automóvel";"PEUGEOT/206 SW16 PRES FX";2005;"Condutor";"Ileso";27;"Masculino";1;0;0;0;"-25.63626455";"-49.31350708";"SR-PR";"DEL7/1";"UOP03/PR"
139024;300998;2018-06-09;"sabado";"21:00:00";"SC";470;36;"GASPAR";"Sim";"Ingestao de alcool";1;"Colisao lateral";"Sem Vitimas";"Plena Noite";"Decrescente";"Ceu Claro";"Simples";"Reta";"Nao";245727;"Automóvel";"FIAT/UNO WAY 1.0";2011;"Condutor";"Ileso";48;"Masculino";1;0;0;0;"-26.90907843";"-48.94625902";"SR-SC";"DEL8/4";"UOP01/SC"
139024;300999;2018-06-09;"sabado";"21:00:00";"SC";470;36;"GASPAR";"Sim";"Ingestao de alcool";1;"Colisao lateral";"Sem Vitimas";"Plena Noite";"Decrescente";"Ceu Claro";"Simples";"Reta";"Nao";245728;"Caminhonete";"REANAULT/OROCH 16 4X2";2017;"Condutor";"Ileso";39;"Masculino";1;0;0;0;"-26.90907843";"-48.94625902";"SR-SC";"DEL8/4";"UOP01/SC"
139033;301017;2018-06-09;"sabado";"20:15:00";"RO";364;340,9;"JI-PARANA";"Sim";"Ingestao de alcool";1;"Engavetamento";"Sem Vitimas";"Plena Noite";"Decrescente";"Ceu Claro";"Dupla";"Intersecao de vias";"Sim";245810;"Automóvel";"CHEV/PRISMA 1.4MT LT";2013;"Condutor";"Ileso";38;"Feminino";1;0;0;0;"-10.89239516";"-61.93053246";"SR-RO";"DEL21/2";"UOP01/RO"
139033;301022;2018-06-09;"sabado";"20:15:00";"RO";364;340,9;"JI-PARANA";"Sim";"Ingestao de alcool";1;"Engavetamento";"Sem Vitimas";"Plena Noite";"Decrescente";"Ceu Claro";"Dupla";"Intersecao de vias";"Sim";245811;"Caminhonete";"FIAT/STRADA WORKING CE";2012;"Condutor";"Ileso";38;"Masculino";1;0;0;0;"-10.89239516";"-61.93053246";"SR-RO";"DEL21/2";"UOP01/RO"
139033;301024;2018-06-09;"sabado";"20:15:00";"RO";364;340,9;"JI-PARANA";"Sim";"Ingestao de alcool";1;"Engavetamento";"Sem Vitimas";"Plena Noite";"Decrescente";"Ceu Claro";"Dupla";"Intersecao de vias";"Sim";245809;"Automóvel";"";NA;"Condutor";"Ileso";NA;"Masculino";1;0;0;0;"-10.89239516";"-61.93053246";"SR-RO";"DEL21/2";"UOP01/RO"
139035;302955;2018-06-09;"sabado";"20:15:00";"MS";463;0,5;"DOURADOS";"Sim";"Ingestao de alcool";1;"Queda de ocupante de veiculo";"Com Vitimas Feridas";"Plena Noite";"Decrescente";"Ceu Claro";"Simples";"Reta";"Sim";247333;"Motoneta";"HONDA/BIZ 125 ES";2015;"Condutor";"Lesoes Leves";45;"Masculino";0;1;0;0;"-22.25947052";"-54.80995417";"SR-MS";"DEL3/4";"UOP01/MS"
139039;302961;2018-06-09;"sabado";"17:30:00";"MG";262;431,2;"NOVA SERRANA";"Nao";"Ingestao de alcool";1;"Colisao com objeto estatico";"Com Vitimas Feridas";"Anoitecer";"Crescente";"Ceu Claro";"Dupla";"Curva";"Nao";245693;"Automóvel";"VW/GOL 1.0 GIV";2011;"Condutor";"Lesoes Leves";24;"Masculino";0;1;0;0;"-19.894";"-44.8819";"SR-MG";"DEL4/8";"UOP03/MG"
139039;302963;2018-06-09;"sabado";"17:30:00";"MG";262;431,2;"NOVA SERRANA";"Nao";"Ingestao de alcool";1;"Colisao com objeto estatico";"Com Vitimas Feridas";"Anoitecer";"Crescente";"Ceu Claro";"Dupla";"Curva";"Nao";245693;"Automóvel";"VW/GOL 1.0 GIV";2011;"Passageiro";"Lesoes Leves";16;"Feminino";0;1;0;0;"-19.894";"-44.8819";"SR-MG";"DEL4/8";"UOP03/MG"
139046;300873;2018-06-09;"sabado";"22:30:00";"PB";104;135,1;"QUEIMADAS";"Sim";"Ingestao de alcool";1;"Saida de leito carrocavel";"Com Vitimas Feridas";"Plena Noite";"Decrescente";"Nublado";"Simples";"Reta";"Nao";245701;"Motocicleta";"HONDA/NX 200";1993;"Condutor";"Lesoes Graves";36;"Masculino";0;0;1;0;"-7.33453";"-35.89814";"SR-PB";"DEL14/2";"UOP03/PB"
139048;303051;2018-06-09;"sabado";"23:02:00";"PR";376;5;"APUCARANA";"Sim";"Ingestao de alcool";1;"Colisao traseira";"Sem Vitimas";"Plena Noite";"Decrescente";"Ceu Claro";"Dupla";"Reta";"Sim";245744;"Camioneta";"FORD/ECOSPORT XLS1.6FLEX";2007;"Condutor";"Ileso";42;"Masculino";1;0;0;0;"-23.5513";"-51.461266";"SR-PR";"DEL7/7";"UOP03/PR"
139048;303053;2018-06-09;"sabado";"23:02:00";"PR";376;5;"APUCARANA";"Sim";"Ingestao de alcool";1;"Colisao traseira";"Sem Vitimas";"Plena Noite";"Decrescente";"Ceu Claro";"Dupla";"Reta";"Sim";245745;"Automóvel";"VW/GOL CLI";1995;"Condutor";"Ileso";40;"Masculino";1;0;0;0;"-23.5513";"-51.461266";"SR-PR";"DEL7/7";"UOP03/PR"
139063;301552;2018-06-10;"domingo";"00:30:00";"BA";101;86,7;"NOVA VICOSA";"Sim";"Ingestao de alcool";1;"Saida de leito carrocavel";"Com Vitimas Feridas";"Plena Noite";"Crescente";"Nublado";"Simples";"Reta";"Sim";245754;"Automóvel";"FIAT/UNO S";1986;"Condutor";"Lesoes Graves";28;"Masculino";0;0;1;0;"-17.88587";"-39.83772";"SR-BA";"DEL10/1";"UOP04/BA"
139068;302802;2018-06-10;"domingo";"00:50:00";"PR";277;70;"SAO JOSE DOS PINHAIS";"Sim";"Ingestao de alcool";1;"Colisao traseira";"Sem Vitimas";"Plena Noite";"Crescente";"Nublado";"Dupla";"Reta";"Nao";245813;"Automóvel";"RENAULT/CLIO AUT 1.0 H";2004;"Condutor";"Ileso";36;"Masculino";1;0;0;0;"-25.50784568";"-49.13726806";"SR-PR";"DEL7/1";"UOP06/PR"
139068;302806;2018-06-10;"domingo";"00:50:00";"PR";277;70;"SAO JOSE DOS PINHAIS";"Sim";"Ingestao de alcool";1;"Colisao traseira";"Sem Vitimas";"Plena Noite";"Crescente";"Nublado";"Dupla";"Reta";"Nao";245814;"Automóvel";"VW/GOL 1.6 POWER";2010;"Condutor";"Ileso";33;"Masculino";1;0;0;0;"-25.50784568";"-49.13726806";"SR-PR";"DEL7/1";"UOP06/PR"
139074;300929;2018-06-10;"domingo";"01:40:00";"SC";101;358,6;"SANGAO";"Sim";"Ingestao de alcool";1;"Saida de leito carrocavel";"Com Vitimas Feridas";"Plena Noite";"Crescente";"Ceu Claro";"Simples";"Curva";"Nao";245748;"Automóvel";"FIAT/PALIO FIRE FLEX";2007;"Condutor";"Lesoes Leves";44;"Masculino";0;1;0;0;"-28.64239857";"-49.0995186";"SR-SC";"DEL8/2";"UOP01/SC"
139076;301113;2018-06-10;"domingo";"01:00:00";"MA";230;0,1;"BARAO DE GRAJAU";"Sim";"Ingestao de alcool";1;"Colisao traseira";"Com Vitimas Feridas";"Plena Noite";"Decrescente";"Ceu Claro";"Simples";"Curva";"Nao";245916;"Motocicleta";"HONDA/POP 110I";2018;"Condutor";"Ileso";18;"Masculino";1;0;0;0;"-6.760894";"-43.01105";"SR-PI";"DEL17/3";"UOP01/PI"
139076;301117;2018-06-10;"domingo";"01:00:00";"MA";230;0,1;"BARAO DE GRAJAU";"Sim";"Ingestao de alcool";1;"Colisao traseira";"Com Vitimas Feridas";"Plena Noite";"Decrescente";"Ceu Claro";"Simples";"Curva";"Nao";245918;"Motocicleta";"YAMAHA/YS150 FAZER SED";2014;"Condutor";"Ileso";45;"Masculino";1;0;0;0;"-6.760894";"-43.01105";"SR-PI";"DEL17/3";"UOP01/PI"
139076;301114;2018-06-10;"domingo";"01:00:00";"MA";230;0,1;"BARAO DE GRAJAU";"Sim";"Ingestao de alcool";1;"Colisao traseira";"Com Vitimas Feridas";"Plena Noite";"Decrescente";"Ceu Claro";"Simples";"Curva";"Nao";245916;"Motocicleta";"HONDA/POP 110I";2018;"Passageiro";"Lesoes Leves";21;"Feminino";0;1;0;0;"-6.760894";"-43.01105";"SR-PI";"DEL17/3";"UOP01/PI"
139080;301010;2018-06-10;"domingo";"01:20:00";"MS";262;556;"MIRANDA";"Sim";"Ingestao de alcool";1;"Queda de ocupante de veiculo";"Com Vitimas Feridas";"Plena Noite";"Decrescente";"Nublado";"Simples";"Rotatória";"Sim";245795;"Motocicleta";"HONDA/CG 150 FAN ESI";2011;"Condutor";"Lesoes Leves";26;"Masculino";0;1;0;0;"-20.2342141";"-56.3781144";"SR-MS";"DEL3/3";"UOP02/MS"
139082;301536;2018-06-10;"domingo";"02:30:00";"RN";226;12,1;"MACAIBA";"Sim";"Ingestao de alcool";1;"Colisao lateral";"Com Vitimas Feridas";"Plena Noite";"Crescente";"Nublado";"Simples";"Curva";"Sim";245802;"Automóvel";"FIAT/PALIO FIRE ECONOMY";2010;"Condutor";"Ileso";23;"Masculino";1;0;0;0;"-5.847669";"-35.312698";"SR-RN";"DEL15/1";"UOP02/RN"
139082;301588;2018-06-10;"domingo";"02:30:00";"RN";226;12,1;"MACAIBA";"Sim";"Ingestao de alcool";1;"Colisao lateral";"Com Vitimas Feridas";"Plena Noite";"Crescente";"Nublado";"Simples";"Curva";"Sim";245801;"Ciclomotor";"I/SHINERAY XY50Q PHOENIX";2013;"Passageiro";"Lesoes Leves";13;"Masculino";0;1;0;0;"-5.847669";"-35.312698";"SR-RN";"DEL15/1";"UOP02/RN"
139082;301531;2018-06-10;"domingo";"02:30:00";"RN";226;12,1;"MACAIBA";"Sim";"Ingestao de alcool";1;"Colisao lateral";"Com Vitimas Feridas";"Plena Noite";"Crescente";"Nublado";"Simples";"Curva";"Sim";245801;"Ciclomotor";"I/SHINERAY XY50Q PHOENIX";2013;"Condutor";"Lesoes Leves";31;"Masculino";0;1;0;0;"-5.847669";"-35.312698";"SR-RN";"DEL15/1";"UOP02/RN"
139083;300933;2018-05-25;"sexta-feira";"00:10:00";"BA";324;622,9;"SALVADOR";"Nao";"Ingestao de alcool";1;"Atropelamento de Pedestre";"Com Vitimas Feridas";"Plena Noite";"Crescente";"Garoa/Chuvisco";"Dupla";"Reta";"Nao";245756;"Automóvel";"CHEVROLET/ONIX 1.0MT LT";2016;"Pedestre";"Lesoes Graves";37;"Masculino";0;0;1;0;"-12.941448";"-38.470671";"SR-BA";"DEL10/1";"UOP01/BA"
139083;300934;2018-05-25;"sexta-feira";"00:10:00";"BA";324;622,9;"SALVADOR";"Nao";"Ingestao de alcool";1;"Atropelamento de Pedestre";"Com Vitimas Feridas";"Plena Noite";"Crescente";"Garoa/Chuvisco";"Dupla";"Reta";"Nao";245756;"Automóvel";"CHEVROLET/ONIX 1.0MT LT";2016;"Condutor";"Ileso";46;"Masculino";1;0;0;0;"-12.941448";"-38.470671";"SR-BA";"DEL10/1";"UOP01/BA"
139087;301035;2018-06-10;"domingo";"00:50:00";"RS";285;294,2;"PASSO FUNDO";"Nao";"Ingestao de alcool";1;"Saida de leito carrocavel";"Com Vitimas Feridas";"Plena Noite";"Crescente";"Nublado";"Simples";"Curva";"Nao";245762;"Automóvel";"FIAT/STILO 16V";2003;"Condutor";"Lesoes Graves";38;"Masculino";0;0;1;0;"-28.2314412";"-52.40206003";"SR-RS";"DEL9/8";"UOP01/RS"
139089;301723;2018-06-10;"domingo";"03:00:00";"SC";101;218;"PALHOCA";"Sim";"Ingestao de alcool e/ou substâncias psicoativas pelo pedestre";1;"Saida de leito carrocavel";"Sem Vitimas";"Plena Noite";"Crescente";"Ceu Claro";"Dupla";"Reta";"Nao";246434;"Automóvel";"I/RENAULT SYMBOL EX1616V";2009;"Condutor";"Ileso";35;"Masculino";1;0;0;0;"-27.6854";"-48.6664";"SR-SC";"DEL8/1";"UOP02/SC"
139098;301937;2018-06-09;"sabado";"23:55:00";"SP";153;307;"SAO PEDRO DO TURVO";"Sim";"Ingestao de alcool";1;"Saida de leito carrocavel";"Sem Vitimas";"Plena Noite";"Decrescente";"Ceu Claro";"Simples";"Reta";"Nao";246577;"Automóvel";"GM/MONZA GL";1995;"Condutor";"Ileso";53;"Masculino";1;0;0;0;"-22.64918525";"-49.88954365";"SR-SP";"DEL6/07";"UOP03/SP"
139104;302987;2018-06-10;"domingo";"04:00:00";"SC";101;210;"SAO JOSE";"Sim";"Ingestao de alcool";1;"Saida de leito carrocavel";"Com Vitimas Feridas";"Plena Noite";"Crescente";"Ceu Claro";"Dupla";"Reta";"Sim";245792;"Automóvel";"FORD/FIESTA FLEX";2006;"Condutor";"Ileso";27;"Masculino";1;0;0;0;"-27.61890438";"-48.64814758";"SR-SC";"DEL8/1";"UOP01/SC"
139104;302988;2018-06-10;"domingo";"04:00:00";"SC";101;210;"SAO JOSE";"Sim";"Ingestao de alcool";1;"Saida de leito carrocavel";"Com Vitimas Feridas";"Plena Noite";"Crescente";"Ceu Claro";"Dupla";"Reta";"Sim";245792;"Automóvel";"FORD/FIESTA FLEX";2006;"Passageiro";"Lesoes Leves";23;"Feminino";0;1;0;0;"-27.61890438";"-48.64814758";"SR-SC";"DEL8/1";"UOP01/SC"
139108;300989;2018-06-10;"domingo";"04:25:00";"PR";277;636;"CEU AZUL";"Sim";"Ingestao de alcool";1;"Saida de leito carrocavel";"Sem Vitimas";"Plena Noite";"Decrescente";"Vento";"Simples";"Reta";"Sim";245793;"Automóvel";"FIAT/UNO MILLE EP";1995;"Condutor";"Ileso";29;"Masculino";1;0;0;0;"-25.144945";"-53.83749";"SR-PR";"DEL7/5";"UOP02/PR"
139110;303117;2018-06-10;"domingo";"02:00:00";"GO";60;36;"GOIANIA";"Sim";"Ingestao de alcool";1;"Saida de leito carrocavel";"Com Vitimas Feridas";"Plena Noite";"Crescente";"Ceu Claro";"Dupla";"Rotatória";"Sim";245798;"Motocicleta";"YAMAHA/YBR 125E";2008;"Testemunha";"Nao Informado";NA;"Nao Informado";0;0;0;0;"-16.72880027";"-49.35060471";"SR-GO";"DEL1/1";"UOP02/GO"
139110;303115;2018-06-10;"domingo";"02:00:00";"GO";60;36;"GOIANIA";"Sim";"Ingestao de alcool";1;"Saida de leito carrocavel";"Com Vitimas Feridas";"Plena Noite";"Crescente";"Ceu Claro";"Dupla";"Rotatória";"Sim";245798;"Motocicleta";"YAMAHA/YBR 125E";2008;"Condutor";"Lesoes Leves";39;"Masculino";0;1;0;0;"-16.72880027";"-49.35060471";"SR-GO";"DEL1/1";"UOP02/GO"
139114;301249;2018-06-10;"domingo";"05:30:00";"RS";116;263;"CANOAS";"Nao";"Ingestao de alcool";1;"Colisao transversal";"Sem Vitimas";"Plena Noite";"Crescente";"Garoa/Chuvisco";"Dupla";"Intersecao de vias";"Sim";246008;"Automóvel";"FORD/FIESTA FLEX";2010;"Condutor";"Ileso";46;"Masculino";1;0;0;0;"-29.90391447";"-51.17690027";"SR-RS";"DEL9/1";"UOP01/RS"
139114;301253;2018-06-10;"domingo";"05:30:00";"RS";116;263;"CANOAS";"Nao";"Ingestao de alcool";1;"Colisao transversal";"Sem Vitimas";"Plena Noite";"Crescente";"Garoa/Chuvisco";"Dupla";"Intersecao de vias";"Sim";246008;"Automóvel";"FORD/FIESTA FLEX";2010;"Passageiro";"Ileso";45;"Feminino";1;0;0;0;"-29.90391447";"-51.17690027";"SR-RS";"DEL9/1";"UOP01/RS"
139114;301254;2018-06-10;"domingo";"05:30:00";"RS";116;263;"CANOAS";"Nao";"Ingestao de alcool";1;"Colisao transversal";"Sem Vitimas";"Plena Noite";"Crescente";"Garoa/Chuvisco";"Dupla";"Intersecao de vias";"Sim";246009;"Automóvel";"GM/CORSA SUPER";1997;"Condutor";"Ileso";22;"Masculino";1;0;0;0;"-29.90391447";"-51.17690027";"SR-RS";"DEL9/1";"UOP01/RS"
139114;301255;2018-06-10;"domingo";"05:30:00";"RS";116;263;"CANOAS";"Nao";"Ingestao de alcool";1;"Colisao transversal";"Sem Vitimas";"Plena Noite";"Crescente";"Garoa/Chuvisco";"Dupla";"Intersecao de vias";"Sim";246009;"Automóvel";"GM/CORSA SUPER";1997;"Passageiro";"Ileso";33;"Feminino";1;0;0;0;"-29.90391447";"-51.17690027";"SR-RS";"DEL9/1";"UOP01/RS"
139116;302437;2018-06-10;"domingo";"03:40:00";"SC";280;32;"ARAQUARI";"Sim";"Ingestao de alcool e/ou substâncias psicoativas pelo pedestre";1;"Atropelamento de Pedestre";"Com Vitimas Feridas";"Plena Noite";"Crescente";"Nublado";"Simples";"Nao Informado";"Nao";245806;"Caminhao";"FORD/CARGO 816 S";2015;"Condutor";"Ileso";56;"Masculino";1;0;0;0;"-26.420618";"-48.779335";"SR-SC";"DEL8/3";"UOP03/SC"
139116;303763;2018-06-10;"domingo";"03:40:00";"SC";280;32;"ARAQUARI";"Sim";"Ingestao de alcool e/ou substâncias psicoativas pelo pedestre";1;"Atropelamento de Pedestre";"Com Vitimas Feridas";"Plena Noite";"Crescente";"Nublado";"Simples";"Nao Informado";"Nao";245806;"Caminhao";"FORD/CARGO 816 S";2015;"Pedestre";"Lesoes Graves";22;"Masculino";0;0;1;0;"-26.420618";"-48.779335";"SR-SC";"DEL8/3";"UOP03/SC"
139132;303876;2018-06-10;"domingo";"03:00:00";"SP";116;4;"GUARULHOS";"Sim";"Ingestao de alcool";1;"Colisao com objeto estatico";"Com Vitimas Feridas";"Plena Noite";"Crescente";"Nublado";"Simples";"Curva";"Nao";248051;"Automóvel";"GM/VECTRA GLS";1999;"Condutor";"Lesoes Leves";32;"Masculino";0;1;0;0;"-23.42277176";"-46.48416531";"SR-SP";"DEL6/1";"UOP01/SP"
139140;301122;2018-06-10;"domingo";"08:10:00";"MG";50;180;"UBERABA";"Sim";"Ingestao de alcool";1;"Tombamento";"Com Vitimas Feridas";"Pleno dia";"Crescente";"Ceu Claro";"Dupla";"Intersecao de vias";"Sim";245917;"Motoneta";"I/TRAXX JL50Q 2";2006;"Passageiro";"Lesoes Leves";40;"Feminino";0;1;0;0;"-19.77843545";"-47.92340398";"SR-MG";"DEL4/15";"UOP01/MG"
139140;301120;2018-06-10;"domingo";"08:10:00";"MG";50;180;"UBERABA";"Sim";"Ingestao de alcool";1;"Tombamento";"Com Vitimas Feridas";"Pleno dia";"Crescente";"Ceu Claro";"Dupla";"Intersecao de vias";"Sim";245917;"Motoneta";"I/TRAXX JL50Q 2";2006;"Condutor";"Ileso";48;"Masculino";1;0;0;0;"-19.77843545";"-47.92340398";"SR-MG";"DEL4/15";"UOP01/MG"
139146;301414;2018-06-10;"domingo";"07:10:00";"CE";222;122;"ITAPAJE";"Nao";"Ingestao de alcool";1;"Colisao traseira";"Sem Vitimas";"Pleno dia";"Crescente";"Ceu Claro";"Simples";"Reta";"Sim";246156;"Automóvel";"FIAT/MOBI DRIVE";2017;"Condutor";"Ileso";53;"Masculino";1;0;0;0;"-3.699389";"-39.574257";"SR-CE";"DEL16/4";"UOP03/CE"
139146;301420;2018-06-10;"domingo";"07:10:00";"CE";222;122;"ITAPAJE";"Nao";"Ingestao de alcool";1;"Colisao traseira";"Sem Vitimas";"Pleno dia";"Crescente";"Ceu Claro";"Simples";"Reta";"Sim";246157;"Automóvel";"GM/CELTA 4P LIFE";2007;"Condutor";"Ileso";27;"Masculino";1;0;0;0;"-3.699389";"-39.574257";"SR-CE";"DEL16/4";"UOP03/CE"
139162;301094;2018-05-20;"domingo";"18:50:00";"RS";470;249;"SAO PEDRO DA SERRA";"Sim";"Ingestao de alcool";1;"Colisao frontal";"Com Vitimas Feridas";"Plena Noite";"Decrescente";"Garoa/Chuvisco";"Simples";"Curva";"Nao";245903;"Automóvel";"FORD/FIESTA FLEX";2007;"Passageiro";"Lesoes Leves";21;"Feminino";0;1;0;0;"-29.400733";"-51.503298";"SR-RS";"DEL9/6";"UOP01/RS"
139162;301091;2018-05-20;"domingo";"18:50:00";"RS";470;249;"SAO PEDRO DA SERRA";"Sim";"Ingestao de alcool";1;"Colisao frontal";"Com Vitimas Feridas";"Plena Noite";"Decrescente";"Garoa/Chuvisco";"Simples";"Curva";"Nao";245902;"Camioneta";"FORD/ECOSPORT XLS 1.6L";2003;"Condutor";"Ileso";30;"Masculino";1;0;0;0;"-29.400733";"-51.503298";"SR-RS";"DEL9/6";"UOP01/RS"
139162;301092;2018-05-20;"domingo";"18:50:00";"RS";470;249;"SAO PEDRO DA SERRA";"Sim";"Ingestao de alcool";1;"Colisao frontal";"Com Vitimas Feridas";"Plena Noite";"Decrescente";"Garoa/Chuvisco";"Simples";"Curva";"Nao";245903;"Automóvel";"FORD/FIESTA FLEX";2007;"Condutor";"Lesoes Leves";29;"Masculino";0;1;0;0;"-29.400733";"-51.503298";"SR-RS";"DEL9/6";"UOP01/RS"
139162;301093;2018-05-20;"domingo";"18:50:00";"RS";470;249;"SAO PEDRO DA SERRA";"Sim";"Ingestao de alcool";1;"Colisao frontal";"Com Vitimas Feridas";"Plena Noite";"Decrescente";"Garoa/Chuvisco";"Simples";"Curva";"Nao";245903;"Automóvel";"FORD/FIESTA FLEX";2007;"Passageiro";"Lesoes Leves";55;"Feminino";0;1;0;0;"-29.400733";"-51.503298";"SR-RS";"DEL9/6";"UOP01/RS"
139173;301206;2018-06-10;"domingo";"10:50:00";"PE";232;422,4;"SERRA TALHADA";"Sim";"Ingestao de alcool";1;"Colisao traseira";"Com Vitimas Feridas";"Pleno dia";"Crescente";"Ceu Claro";"Simples";"Reta";"Sim";245964;"Automóvel";"HONDA/CIVIC LXS";2006;"Condutor";"Ileso";54;"Masculino";1;0;0;0;"-8.001183";"-38.429585";"SR-PE";"DEL11/4";"UOP01/PE"
139173;301208;2018-06-10;"domingo";"10:50:00";"PE";232;422,4;"SERRA TALHADA";"Sim";"Ingestao de alcool";1;"Colisao traseira";"Com Vitimas Feridas";"Pleno dia";"Crescente";"Ceu Claro";"Simples";"Reta";"Sim";245965;"Automóvel";"GM/CHEVETTE";1984;"Condutor";"Lesoes Graves";59;"Masculino";0;0;1;0;"-8.001183";"-38.429585";"SR-PE";"DEL11/4";"UOP01/PE"
139193;301259;2018-06-10;"domingo";"12:50:00";"MS";163;252,7;"DOURADOS";"Sim";"Ingestao de alcool";1;"Colisao com objeto estatico";"Sem Vitimas";"Pleno dia";"Decrescente";"Nublado";"Dupla";"Curva";"Nao";246020;"Automóvel";"FIAT/UNO MILLE SX YOUNG";1997;"Passageiro";"Ileso";35;"Masculino";1;0;0;0;"-22.27952627";"-54.82226014";"SR-MS";"DEL3/4";"UOP01/MS"
139193;301257;2018-06-10;"domingo";"12:50:00";"MS";163;252,7;"DOURADOS";"Sim";"Ingestao de alcool";1;"Colisao com objeto estatico";"Sem Vitimas";"Pleno dia";"Decrescente";"Nublado";"Dupla";"Curva";"Nao";246020;"Automóvel";"FIAT/UNO MILLE SX YOUNG";1997;"Condutor";"Ileso";28;"Masculino";1;0;0;0;"-22.27952627";"-54.82226014";"SR-MS";"DEL3/4";"UOP01/MS"
139194;301262;2018-06-10;"domingo";"13:45:00";"PA";316;7,3;"ANANINDEUA";"Sim";"Ingestao de alcool";1;"Colisao lateral";"Com Vitimas Feridas";"Pleno dia";"Decrescente";"Ceu Claro";"Dupla";"Reta";"Sim";246018;"Automóvel";"TOYOTA/ETIOS HB X 13L MT";2017;"Condutor";"Ileso";53;"Masculino";1;0;0;0;"-1.37015633";"-48.3813107";"SR-PA";"DEL19/1";"UOP01/PA"
139194;301268;2018-06-10;"domingo";"13:45:00";"PA";316;7,3;"ANANINDEUA";"Sim";"Ingestao de alcool";1;"Colisao lateral";"Com Vitimas Feridas";"Pleno dia";"Decrescente";"Ceu Claro";"Dupla";"Reta";"Sim";246019;"Bicicleta";"";NA;"Condutor";"Lesoes Leves";62;"Masculino";0;1;0;0;"-1.37015633";"-48.3813107";"SR-PA";"DEL19/1";"UOP01/PA"
139208;301435;2018-06-10;"domingo";"15:45:00";"CE";116;141;"RUSSAS";"Sim";"Ingestao de alcool";1;"Colisao transversal";"Com Vitimas Feridas";"Pleno dia";"Decrescente";"Ceu Claro";"Simples";"Reta";"Sim";246185;"Automóvel";"TOYOTA/COROLLA GLI18 CVT";2014;"Condutor";"Ileso";57;"Masculino";1;0;0;0;"-4.76893946";"-38.05344251";"SR-CE";"DEL16/3";"UOP01/CE"
139208;301487;2018-06-10;"domingo";"15:45:00";"CE";116;141;"RUSSAS";"Sim";"Ingestao de alcool";1;"Colisao transversal";"Com Vitimas Feridas";"Pleno dia";"Decrescente";"Ceu Claro";"Simples";"Reta";"Sim";246185;"Automóvel";"TOYOTA/COROLLA GLI18 CVT";2014;"Passageiro";"Ileso";55;"Feminino";1;0;0;0;"-4.76893946";"-38.05344251";"SR-CE";"DEL16/3";"UOP01/CE"