"id";"pesid";"data_inversa";"dia_semana";"horario";"uf";"br";"km";"municipio";"causa_principal";"causa_acidente";"ordem_tipo_acidente";"tipo_acidente";"classificacao_acidente";"fase_dia";"sentido_via";"condicao_metereologica";"tipo_pista";"tracado_via";"uso_solo";"id_veiculo";"tipo_veiculo";"marca";"ano_fabricacao_veiculo";"tipo_envolvido";"estado_fisico";"idade";"sexo";"ilesos";"feridos_leves";"feridos_graves";"mortos";"latitude";"longitude";"regional";"delegacia";"uop"
139208;301434;2018-06-10;"domingo";"15:45:00";"CE";116;141;"RUSSAS";"Sim";"Ingestao de alcool";1;"Colisao transversal";"Com Vitimas Feridas";"Pleno dia";"Decrescente";"Ceu Claro";"Simples";"Reta";"Sim";246184;"Ciclomotor";"I/TRAXX JL50Q 8";NA;"Condutor";"Lesoes Graves";71;"Masculino";0;0;1;0;"-4.76893946";"-38.05344251";"SR-CE";"DEL16/3";"UOP01/CE"
139216;301316;2018-06-10;"domingo";"16:00:00";"PI";316;7,8;"TERESINA";"Sim";"Ingestao de alcool";1;"Colisao traseira";"Sem Vitimas";"Pleno dia";"Crescente";"Sol";"Simples";"Reta";"Sim";246058;"Automóvel";"VW/GOL HIGHWAY";2002;"Condutor";"Ileso";51;"Masculino";1;0;0;0;"-5.155847";"-42.771732";"SR-PI";"DEL17/1";"UOP02/PI"
139216;301318;2018-06-10;"domingo";"16:00:00";"PI";316;7,8;"TERESINA";"Sim";"Ingestao de alcool";1;"Colisao traseira";"Sem Vitimas";"Pleno dia";"Crescente";"Sol";"Simples";"Reta";"Sim";246059;"Automóvel";"CHEVROLET/ONIX 1.0MT LT";2017;"Condutor";"Ileso";25;"Masculino";1;0;0;0;"-5.155847";"-42.771732";"SR-PI";"DEL17/1";"UOP02/PI"
139216;301320;2018-06-10;"domingo";"16:00:00";"PI";316;7,8;"TERESINA";"Sim";"Ingestao de alcool";1;"Colisao traseira";"Sem Vitimas";"Pleno dia";"Crescente";"Sol";"Simples";"Reta";"Sim";246060;"Automóvel";"FIAT/UNO WAY 1.0";2010;"Condutor";"Ileso";29;"Masculino";1;0;0;0;"-5.155847";"-42.771732";"SR-PI";"DEL17/1";"UOP02/PI"
139226;301482;2018-06-10;"domingo";"17:30:00";"RJ";101;247;"SILVA JARDIM";"Nao";"Ingestao de alcool";1;"Colisao lateral";"Com Vitimas Feridas";"Pleno dia";"Decrescente";"Ceu Claro";"Dupla";"Reta";"Nao";246241;"Caminhao-trator";"SCANIA/G 380 A4X2";2010;"Condutor";"Ileso";44;"Masculino";1;0;0;0;"-22.658882";"-42.494251";"SR-RJ";"DEL5/2";"UOP03/RJ"
139226;301483;2018-06-10;"domingo";"17:30:00";"RJ";101;247;"SILVA JARDIM";"Nao";"Ingestao de alcool";1;"Colisao lateral";"Com Vitimas Feridas";"Pleno dia";"Decrescente";"Ceu Claro";"Dupla";"Reta";"Nao";246242;"Motocicleta";"HONDA/CG150 TITAN MIX ES";2010;"Passageiro";"Lesoes Leves";38;"Masculino";0;1;0;0;"-22.658882";"-42.494251";"SR-RJ";"DEL5/2";"UOP03/RJ"
139226;301484;2018-06-10;"domingo";"17:30:00";"RJ";101;247;"SILVA JARDIM";"Nao";"Ingestao de alcool";1;"Colisao lateral";"Com Vitimas Feridas";"Pleno dia";"Decrescente";"Ceu Claro";"Dupla";"Reta";"Nao";246242;"Motocicleta";"HONDA/CG150 TITAN MIX ES";2010;"Condutor";"Lesoes Leves";39;"Masculino";0;1;0;0;"-22.658882";"-42.494251";"SR-RJ";"DEL5/2";"UOP03/RJ"
139227;305106;2018-06-10;"domingo";"17:30:00";"PB";230;35;"SANTA RITA";"Sim";"Ingestao de alcool";1;"Colisao traseira";"Com Vitimas Feridas";"Anoitecer";"Decrescente";"Ceu Claro";"Multipla";"Reta";"Nao";246590;"Motocicleta";"HONDA/NXR150 BROS ES";2012;"Condutor";"Lesoes Leves";34;"Masculino";0;1;0;0;"-7.1268";"-34.9412";"SR-PB";"DEL14/1";"UOP01/PB"
139227;305108;2018-06-10;"domingo";"17:30:00";"PB";230;35;"SANTA RITA";"Sim";"Ingestao de alcool";1;"Colisao traseira";"Com Vitimas Feridas";"Anoitecer";"Decrescente";"Ceu Claro";"Multipla";"Reta";"Nao";246591;"Automóvel";"CITROEN/AIRCROSS A FEEL";2016;"Condutor";"Ileso";23;"Masculino";1;0;0;0;"-7.1268";"-34.9412";"SR-PB";"DEL14/1";"UOP01/PB"
139229;303291;2018-06-10;"domingo";"17:20:00";"TO";153;333;"GUARAI";"Sim";"Ingestao de alcool e/ou substâncias psicoativas pelo pedestre";1;"Colisao com objeto estatico";"Com Vitimas Feridas";"Pleno dia";"Decrescente";"Ceu Claro";"Simples";"Reta";"Sim";246211;"Caminhonete";"FIAT/STRADA FIRE FLEX";2010;"Passageiro";"Lesoes Leves";19;"Feminino";0;1;0;0;"-8.81739";"-48.512207";"SR-TO";"UOP03/TO";""
139229;303293;2018-06-10;"domingo";"17:20:00";"TO";153;333;"GUARAI";"Sim";"Ingestao de alcool e/ou substâncias psicoativas pelo pedestre";1;"Colisao com objeto estatico";"Com Vitimas Feridas";"Pleno dia";"Decrescente";"Ceu Claro";"Simples";"Reta";"Sim";246211;"Caminhonete";"FIAT/STRADA FIRE FLEX";2010;"Passageiro";"Lesoes Leves";19;"Feminino";0;1;0;0;"-8.81739";"-48.512207";"SR-TO";"UOP03/TO";""
139229;303373;2018-06-10;"domingo";"17:20:00";"TO";153;333;"GUARAI";"Sim";"Ingestao de alcool e/ou substâncias psicoativas pelo pedestre";1;"Colisao com objeto estatico";"Com Vitimas Feridas";"Pleno dia";"Decrescente";"Ceu Claro";"Simples";"Reta";"Sim";246212;"Caminhonete";"FIAT/TORO FREEDOM MT D";2016;"Condutor";"Ileso";32;"Masculino";1;0;0;0;"-8.81739";"-48.512207";"SR-TO";"UOP03/TO";""
139229;303284;2018-06-10;"domingo";"17:20:00";"TO";153;333;"GUARAI";"Sim";"Ingestao de alcool e/ou substâncias psicoativas pelo pedestre";1;"Colisao com objeto estatico";"Com Vitimas Feridas";"Pleno dia";"Decrescente";"Ceu Claro";"Simples";"Reta";"Sim";246211;"Caminhonete";"FIAT/STRADA FIRE FLEX";2010;"Condutor";"Lesoes Leves";21;"Masculino";0;1;0;0;"-8.81739";"-48.512207";"SR-TO";"UOP03/TO";""
139229;303287;2018-06-10;"domingo";"17:20:00";"TO";153;333;"GUARAI";"Sim";"Ingestao de alcool e/ou substâncias psicoativas pelo pedestre";1;"Colisao com objeto estatico";"Com Vitimas Feridas";"Pleno dia";"Decrescente";"Ceu Claro";"Simples";"Reta";"Sim";246211;"Caminhonete";"FIAT/STRADA FIRE FLEX";2010;"Passageiro";"Lesoes Leves";22;"Masculino";0;1;0;0;"-8.81739";"-48.512207";"SR-TO";"UOP03/TO";""
139229;303290;2018-06-10;"domingo";"17:20:00";"TO";153;333;"GUARAI";"Sim";"Ingestao de alcool e/ou substâncias psicoativas pelo pedestre";1;"Colisao com objeto estatico";"Com Vitimas Feridas";"Pleno dia";"Decrescente";"Ceu Claro";"Simples";"Reta";"Sim";246211;"Caminhonete";"FIAT/STRADA FIRE FLEX";2010;"Passageiro";"Lesoes Graves";19;"Feminino";0;0;1;0;"-8.81739";"-48.512207";"SR-TO";"UOP03/TO";""
139239;303314;2018-06-10;"domingo";"18:20:00";"PR";376;0;"MARINGA";"Nao";"Ingestao de alcool";1;"Tombamento";"Com Vitimas Feridas";"Plena Noite";"Crescente";"Ceu Claro";"Dupla";"Curva";"Sim";246134;"Motocicleta";"HONDA/CG 150 TITAN KS";2006;"Condutor";"Lesoes Leves";26;"Masculino";0;1;0;0;"-23.40864298";"-51.98933059";"SR-PR";"DEL7/7";"UOP04/PR"
139243;301392;2018-06-10;"domingo";"18:30:00";"CE";20;382,6;"CAUCAIA";"Sim";"Ingestao de alcool";1;"Colisao lateral";"Com Vitimas Feridas";"Pleno dia";"Crescente";"Ceu Claro";"Simples";"Reta";"Nao";246108;"Utilitario";"I/TOYOTA HILUXSW4 SRV4X4";2008;"Condutor";"Ileso";32;"Masculino";1;0;0;0;"-3.89482596";"-38.83610666";"SR-CE";"DEL16/1";"UOP01/CE"
139243;301395;2018-06-10;"domingo";"18:30:00";"CE";20;382,6;"CAUCAIA";"Sim";"Ingestao de alcool";1;"Colisao lateral";"Com Vitimas Feridas";"Pleno dia";"Crescente";"Ceu Claro";"Simples";"Reta";"Nao";246146;"Motocicleta";"HONDA/CG 150 TITAN KS";2006;"Condutor";"Lesoes Graves";33;"Masculino";0;0;1;0;"-3.89482596";"-38.83610666";"SR-CE";"DEL16/1";"UOP01/CE"
139249;301360;2018-06-10;"domingo";"18:30:00";"BA";324;516;"FEIRA DE SANTANA";"Sim";"Ingestao de alcool";1;"Atropelamento de Pedestre";"Com Vitimas Feridas";"Plena Noite";"Crescente";"Ceu Claro";"Simples";"Reta";"Sim";246101;"Motocicleta";"";NA;"Condutor";"Nao Informado";NA;"Nao Informado";0;0;0;0;"-12.2546";"-38.93238";"SR-BA";"DEL10/2";"UOP01/BA"
139249;301362;2018-06-10;"domingo";"18:30:00";"BA";324;516;"FEIRA DE SANTANA";"Sim";"Ingestao de alcool";1;"Atropelamento de Pedestre";"Com Vitimas Feridas";"Plena Noite";"Crescente";"Ceu Claro";"Simples";"Reta";"Sim";246101;"Motocicleta";"";NA;"Testemunha";"Nao Informado";NA;"Nao Informado";0;0;0;0;"-12.2546";"-38.93238";"SR-BA";"DEL10/2";"UOP01/BA"
139249;301363;2018-06-10;"domingo";"18:30:00";"BA";324;516;"FEIRA DE SANTANA";"Sim";"Ingestao de alcool";1;"Atropelamento de Pedestre";"Com Vitimas Feridas";"Plena Noite";"Crescente";"Ceu Claro";"Simples";"Reta";"Sim";246101;"Motocicleta";"";NA;"Pedestre";"Lesoes Leves";41;"Masculino";0;1;0;0;"-12.2546";"-38.93238";"SR-BA";"DEL10/2";"UOP01/BA"
139253;301497;2018-06-10;"domingo";"18:45:00";"DF";80;17,9;"BRASILIA";"Sim";"Ingestao de alcool";1;"Colisao traseira";"Com Vitimas Feridas";"Anoitecer";"Decrescente";"Ceu Claro";"Dupla";"Reta";"Sim";246256;"Carroca-charrete";"";NA;"Passageiro";"Lesoes Leves";27;"Masculino";0;1;0;0;"-15.67355629";"-48.20474256";"SR-DF";"DF";"UOP06/DF"
139253;301496;2018-06-10;"domingo";"18:45:00";"DF";80;17,9;"BRASILIA";"Sim";"Ingestao de alcool";1;"Colisao traseira";"Com Vitimas Feridas";"Anoitecer";"Decrescente";"Ceu Claro";"Dupla";"Reta";"Sim";246256;"Carroca-charrete";"";NA;"Condutor";"Lesoes Leves";23;"Masculino";0;1;0;0;"-15.67355629";"-48.20474256";"SR-DF";"DF";"UOP06/DF"
139253;301494;2018-06-10;"domingo";"18:45:00";"DF";80;17,9;"BRASILIA";"Sim";"Ingestao de alcool";1;"Colisao traseira";"Com Vitimas Feridas";"Anoitecer";"Decrescente";"Ceu Claro";"Dupla";"Reta";"Sim";246158;"Caminhonete";"FIAT/STRADA FIRE FLEX";2011;"Condutor";"Ileso";45;"Masculino";1;0;0;0;"-15.67355629";"-48.20474256";"SR-DF";"DF";"UOP06/DF"
139258;303447;2018-06-10;"domingo";"18:10:00";"MS";60;380;"CAMPO GRANDE";"Sim";"Ingestao de alcool";1;"Tombamento";"Com Vitimas Feridas";"Pleno dia";"Crescente";"Ceu Claro";"Simples";"Reta";"Nao";247691;"Motocicleta";"HONDA/CG 150 TITAN ES";2006;"Condutor";"Lesoes Leves";47;"Masculino";0;1;0;0;"-20.627657";"-54.749178";"SR-MS";"DEL3/1";"UOP04/MS"
139258;303448;2018-06-10;"domingo";"18:10:00";"MS";60;380;"CAMPO GRANDE";"Sim";"Ingestao de alcool";1;"Tombamento";"Com Vitimas Feridas";"Pleno dia";"Crescente";"Ceu Claro";"Simples";"Reta";"Nao";247691;"Motocicleta";"HONDA/CG 150 TITAN ES";2006;"Testemunha";"Nao Informado";NA;"Nao Informado";0;0;0;0;"-20.627657";"-54.749178";"SR-MS";"DEL3/1";"UOP04/MS"
139265;301479;2018-06-10;"domingo";"18:45:00";"MS";163;259,4;"DOURADOS";"Sim";"Ingestao de alcool";1;"Colisao com objeto estatico";"Com Vitimas Feridas";"Plena Noite";"Crescente";"Nublado";"Dupla";"Reta";"Sim";246235;"Motocicleta";"HONDA/CG 125";1989;"Condutor";"Lesoes Graves";59;"Masculino";0;0;1;0;"-22.24942171";"-54.77476358";"SR-MS";"DEL3/4";"UOP01/MS"
139269;303623;2018-06-10;"domingo";"16:00:00";"MS";463;110;"PONTA PORA";"Nao";"Ingestao de alcool";1;"Colisao traseira";"Com Vitimas Feridas";"Anoitecer";"Decrescente";"Ceu Claro";"Dupla";"Reta";"Sim";246274;"Automóvel";"FORD/FIESTA SEDAN FLEX";2010;"Condutor";"Nao Informado";NA;"Nao Informado";0;0;0;0;"-22.5859366";"-55.70193231";"SR-MS";"DEL3/4";"UOP03/MS"
139269;301519;2018-06-10;"domingo";"16:00:00";"MS";463;110;"PONTA PORA";"Nao";"Ingestao de alcool";1;"Colisao traseira";"Com Vitimas Feridas";"Anoitecer";"Decrescente";"Ceu Claro";"Dupla";"Reta";"Sim";246273;"Automóvel";"CHEV/PRISMA 1.0MT LT";2014;"Condutor";"Lesoes Leves";45;"Masculino";0;1;0;0;"-22.5859366";"-55.70193231";"SR-MS";"DEL3/4";"UOP03/MS"
139274;303493;2018-06-10;"domingo";"19:30:00";"TO";153;148,1;"ARAGUAINA";"Nao";"Ingestao de alcool";1;"Colisao lateral";"Com Vitimas Feridas";"Plena Noite";"Decrescente";"Ceu Claro";"Multipla";"Reta";"Nao";246182;"Caminhonete";"CHEVROLET/S10 HC DD4A";2017;"Condutor";"Ileso";52;"Masculino";1;0;0;0;"-7.230276";"-48.252102";"SR-TO";"UOP04/TO";""
139274;303496;2018-06-10;"domingo";"19:30:00";"TO";153;148,1;"ARAGUAINA";"Nao";"Ingestao de alcool";1;"Colisao lateral";"Com Vitimas Feridas";"Plena Noite";"Decrescente";"Ceu Claro";"Multipla";"Reta";"Nao";246182;"Caminhonete";"CHEVROLET/S10 HC DD4A";2017;"Passageiro";"Ileso";16;"Feminino";1;0;0;0;"-7.230276";"-48.252102";"SR-TO";"UOP04/TO";""
139274;303497;2018-06-10;"domingo";"19:30:00";"TO";153;148,1;"ARAGUAINA";"Nao";"Ingestao de alcool";1;"Colisao lateral";"Com Vitimas Feridas";"Plena Noite";"Decrescente";"Ceu Claro";"Multipla";"Reta";"Nao";246182;"Caminhonete";"CHEVROLET/S10 HC DD4A";2017;"Passageiro";"Ileso";19;"Feminino";1;0;0;0;"-7.230276";"-48.252102";"SR-TO";"UOP04/TO";""
139274;303498;2018-06-10;"domingo";"19:30:00";"TO";153;148,1;"ARAGUAINA";"Nao";"Ingestao de alcool";1;"Colisao lateral";"Com Vitimas Feridas";"Plena Noite";"Decrescente";"Ceu Claro";"Multipla";"Reta";"Nao";246182;"Caminhonete";"CHEVROLET/S10 HC DD4A";2017;"Passageiro";"Ileso";16;"Feminino";1;0;0;0;"-7.230276";"-48.252102";"SR-TO";"UOP04/TO";""
139274;303500;2018-06-10;"domingo";"19:30:00";"TO";153;148,1;"ARAGUAINA";"Nao";"Ingestao de alcool";1;"Colisao lateral";"Com Vitimas Feridas";"Plena Noite";"Decrescente";"Ceu Claro";"Multipla";"Reta";"Nao";247744;"Motoneta";"HONDA/BIZ 125 ES";2009;"Condutor";"Lesoes Graves";50;"Feminino";0;0;1;0;"-7.230276";"-48.252102";"SR-TO";"UOP04/TO";""
139286;301786;2018-06-10;"domingo";"19:15:00";"MT";163;844;"SINOP";"Sim";"Ingestao de alcool";1;"Queda de ocupante de veiculo";"Com Vitimas Feridas";"Plena Noite";"Decrescente";"Ceu Claro";"Simples";"Reta";"Nao";246190;"Motoneta";"HONDA/BIZ 125";2018;"Condutor";"Ileso";29;"Masculino";1;0;0;0;"-11.7828377";"-55.47469139";"SR-MT";"DEL2/6";"UOP02/MT"
139286;301784;2018-06-10;"domingo";"19:15:00";"MT";163;844;"SINOP";"Sim";"Ingestao de alcool";1;"Queda de ocupante de veiculo";"Com Vitimas Feridas";"Plena Noite";"Decrescente";"Ceu Claro";"Simples";"Reta";"Nao";246189;"Motocicleta";"HONDA/CG 125 FAN KS";2012;"Condutor";"Lesoes Graves";36;"Masculino";0;0;1;0;"-11.7828377";"-55.47469139";"SR-MT";"DEL2/6";"UOP02/MT"
139292;301408;2018-06-10;"domingo";"19:30:00";"ES";262;143;"MUNIZ FREIRE";"Sim";"Ingestao de alcool";1;"Queda de ocupante de veiculo";"Com Vitimas Feridas";"Plena Noite";"Crescente";"Nublado";"Simples";"Reta";"Nao";246159;"Motocicleta";"HONDA/CG 150 TITAN KS";2005;"Condutor";"Ileso";43;"Masculino";1;0;0;0;"-20.23637848";"-41.398893";"SR-ES";"DEL12/1";"UOP02/ES"
139292;301410;2018-06-10;"domingo";"19:30:00";"ES";262;143;"MUNIZ FREIRE";"Sim";"Ingestao de alcool";1;"Queda de ocupante de veiculo";"Com Vitimas Feridas";"Plena Noite";"Crescente";"Nublado";"Simples";"Reta";"Nao";246159;"Motocicleta";"HONDA/CG 150 TITAN KS";2005;"Passageiro";"Lesoes Leves";31;"Masculino";0;1;0;0;"-20.23637848";"-41.398893";"SR-ES";"DEL12/1";"UOP02/ES"
139310;303368;2018-06-10;"domingo";"22:10:00";"SC";282;259,9;"SAO JOSE DO CERRITO";"Sim";"Ingestao de alcool";1;"Saida de leito carrocavel";"Com Vitimas Feridas";"Plena Noite";"Decrescente";"Nublado";"Simples";"Reta";"Nao";246215;"Caminhonete";"CHEVROLET/S10 ADV FD2";2016;"Condutor";"Lesoes Leves";29;"Masculino";0;1;0;0;"-27.653334";"-50.59449";"SR-SC";"DEL8/5";"UOP02/SC"
139310;303370;2018-06-10;"domingo";"22:10:00";"SC";282;259,9;"SAO JOSE DO CERRITO";"Sim";"Ingestao de alcool";1;"Saida de leito carrocavel";"Com Vitimas Feridas";"Plena Noite";"Decrescente";"Nublado";"Simples";"Reta";"Nao";246215;"Caminhonete";"CHEVROLET/S10 ADV FD2";2016;"Passageiro";"Lesoes Leves";23;"Feminino";0;1;0;0;"-27.653334";"-50.59449";"SR-SC";"DEL8/5";"UOP02/SC"
139313;303215;2018-06-10;"domingo";"19:00:00";"RS";153;641;"BAGE";"Sim";"Ingestao de alcool";1;"Saida de leito carrocavel";"Com Vitimas Feridas";"Anoitecer";"Decrescente";"Garoa/Chuvisco";"Simples";"Rotatória";"Nao";246153;"Automóvel";"VW/GOL CL";1991;"Condutor";"Lesoes Leves";36;"Masculino";0;1;0;0;"-31.404545";"-54.134209";"SR-RS";"DEL9/11";"UOP03/RS"
139326;303603;2018-06-10;"domingo";"20:30:00";"MG";116;482,3;"DOM CAVATI";"Sim";"Ingestao de alcool";1;"Colisao traseira";"Com Vitimas Feridas";"Plena Noite";"Crescente";"Ceu Claro";"Simples";"Reta";"Sim";246244;"Automóvel";"VW/VOYAGE CITY MB";2014;"Condutor";"Ileso";55;"Masculino";1;0;0;0;"-19.400147";"-42.115231";"SR-MG";"DEL4/6";"UOP02/MG"
139326;303607;2018-06-10;"domingo";"20:30:00";"MG";116;482,3;"DOM CAVATI";"Sim";"Ingestao de alcool";1;"Colisao traseira";"Com Vitimas Feridas";"Plena Noite";"Crescente";"Ceu Claro";"Simples";"Reta";"Sim";246247;"Automóvel";"FIAT/UNO MILLE FIRE FLEX";2007;"Condutor";"Ileso";61;"Masculino";1;0;0;0;"-19.400147";"-42.115231";"SR-MG";"DEL4/6";"UOP02/MG"
139326;303762;2018-06-10;"domingo";"20:30:00";"MG";116;482,3;"DOM CAVATI";"Sim";"Ingestao de alcool";1;"Colisao traseira";"Com Vitimas Feridas";"Plena Noite";"Crescente";"Ceu Claro";"Simples";"Reta";"Sim";246247;"Automóvel";"FIAT/UNO MILLE FIRE FLEX";2007;"Passageiro";"Lesoes Leves";49;"Masculino";0;1;0;0;"-19.400147";"-42.115231";"SR-MG";"DEL4/6";"UOP02/MG"
139332;301431;2018-06-10;"domingo";"23:40:00";"PR";277;723;"FOZ DO IGUACU";"Sim";"Ingestao de alcool";1;"Colisao traseira";"Com Vitimas Feridas";"Plena Noite";"Crescente";"Ceu Claro";"Dupla";"Reta";"Sim";246191;"Automóvel";"RENAULT/SANDERO EXP1016V";2013;"Condutor";"Ileso";41;"Masculino";1;0;0;0;"-25.498783";"-54.529865";"SR-PR";"DEL7/5";"UOP01/PR"
139332;301436;2018-06-10;"domingo";"23:40:00";"PR";277;723;"FOZ DO IGUACU";"Sim";"Ingestao de alcool";1;"Colisao traseira";"Com Vitimas Feridas";"Plena Noite";"Crescente";"Ceu Claro";"Dupla";"Reta";"Sim";246192;"Automóvel";"FIAT/SIENA ELX";2001;"Condutor";"Lesoes Leves";24;"Masculino";0;1;0;0;"-25.498783";"-54.529865";"SR-PR";"DEL7/5";"UOP01/PR"
139335;303619;2018-06-10;"domingo";"19:20:00";"PB";230;157,8;"CAMPINA GRANDE";"Sim";"Ingestao de alcool";1;"Colisao frontal";"Com Vitimas Feridas";"Plena Noite";"Crescente";"Ceu Claro";"Simples";"Reta";"Sim";246506;"Automóvel";"HONDA/CIVIC LXS FLEX";2007;"Condutor";"Lesoes Leves";52;"Masculino";0;1;0;0;"-7.261921";"-35.922327";"SR-PB";"DEL14/2";"UOP01/PB"
139335;303615;2018-06-10;"domingo";"19:20:00";"PB";230;157,8;"CAMPINA GRANDE";"Sim";"Ingestao de alcool";1;"Colisao frontal";"Com Vitimas Feridas";"Plena Noite";"Crescente";"Ceu Claro";"Simples";"Reta";"Sim";246505;"Automóvel";"GM/CLASSIC LIFE";2006;"Condutor";"Lesoes Graves";36;"Masculino";0;0;1;0;"-7.261921";"-35.922327";"SR-PB";"DEL14/2";"UOP01/PB"
139335;303621;2018-06-10;"domingo";"19:20:00";"PB";230;157,8;"CAMPINA GRANDE";"Sim";"Ingestao de alcool";1;"Colisao frontal";"Com Vitimas Feridas";"Plena Noite";"Crescente";"Ceu Claro";"Simples";"Reta";"Sim";246506;"Automóvel";"HONDA/CIVIC LXS FLEX";2007;"Passageiro";"Lesoes Leves";6;"Masculino";0;1;0;0;"-7.261921";"-35.922327";"SR-PB";"DEL14/2";"UOP01/PB"
139335;303688;2018-06-10;"domingo";"19:20:00";"PB";230;157,8;"CAMPINA GRANDE";"Sim";"Ingestao de alcool";1;"Colisao frontal";"Com Vitimas Feridas";"Plena Noite";"Crescente";"Ceu Claro";"Simples";"Reta";"Sim";246506;"Automóvel";"HONDA/CIVIC LXS FLEX";2007;"Testemunha";"Nao Informado";NA;"Nao Informado";0;0;0;0;"-7.261921";"-35.922327";"SR-PB";"DEL14/2";"UOP01/PB"
139335;303692;2018-06-10;"domingo";"19:20:00";"PB";230;157,8;"CAMPINA GRANDE";"Sim";"Ingestao de alcool";1;"Colisao frontal";"Com Vitimas Feridas";"Plena Noite";"Crescente";"Ceu Claro";"Simples";"Reta";"Sim";246506;"Automóvel";"HONDA/CIVIC LXS FLEX";2007;"Testemunha";"Nao Informado";NA;"Nao Informado";0;0;0;0;"-7.261921";"-35.922327";"SR-PB";"DEL14/2";"UOP01/PB"
139335;303686;2018-06-10;"domingo";"19:20:00";"PB";230;157,8;"CAMPINA GRANDE";"Sim";"Ingestao de alcool";1;"Colisao frontal";"Com Vitimas Feridas";"Plena Noite";"Crescente";"Ceu Claro";"Simples";"Reta";"Sim";246506;"Automóvel";"HONDA/CIVIC LXS FLEX";2007;"Testemunha";"Nao Informado";NA;"Nao Informado";0;0;0;0;"-7.261921";"-35.922327";"SR-PB";"DEL14/2";"UOP01/PB"
139336;305508;2018-06-11;"segunda-feira";"00:30:00";"GO";153;509,5;"APARECIDA DE GOIANIA";"Sim";"Ingestao de alcool";1;"Colisao frontal";"Com Vitimas Feridas";"Plena Noite";"Decrescente";"Ceu Claro";"Dupla";"Nao Informado";"Sim";246208;"Automóvel";"FIAT/UNO MILLE ECONOMY";2012;"Condutor";"Ileso";51;"Masculino";1;0;0;0;"-16.78473304";"-49.23735112";"SR-GO";"DEL1/1";"UOP03/GO"
139336;305510;2018-06-11;"segunda-feira";"00:30:00";"GO";153;509,5;"APARECIDA DE GOIANIA";"Sim";"Ingestao de alcool";1;"Colisao frontal";"Com Vitimas Feridas";"Plena Noite";"Decrescente";"Ceu Claro";"Dupla";"Nao Informado";"Sim";246209;"Motocicleta";"HONDA/CG 125 TODAY";1989;"Condutor";"Lesoes Graves";56;"Masculino";0;0;1;0;"-16.78473304";"-49.23735112";"SR-GO";"DEL1/1";"UOP03/GO"
139355;305075;2018-06-11;"segunda-feira";"05:30:00";"RN";101;117,5;"SAO JOSE DE MIPIBU";"Sim";"Ingestao de alcool";1;"Colisao traseira";"Com Vitimas Feridas";"Pleno dia";"Crescente";"Ceu Claro";"Dupla";"Reta";"Nao";246262;"Automóvel";"VW/GOL CLI";1995;"Condutor";"Ileso";24;"Masculino";1;0;0;0;"-6.01185924";"-35.25499821";"SR-RN";"DEL15/1";"UOP01/RN"
139355;305080;2018-06-11;"segunda-feira";"05:30:00";"RN";101;117,5;"SAO JOSE DE MIPIBU";"Sim";"Ingestao de alcool";1;"Colisao traseira";"Com Vitimas Feridas";"Pleno dia";"Crescente";"Ceu Claro";"Dupla";"Reta";"Nao";246263;"Motocicleta";"HONDA/CG 125 TITAN";1997;"Condutor";"Lesoes Graves";40;"Masculino";0;0;1;0;"-6.01185924";"-35.25499821";"SR-RN";"DEL15/1";"UOP01/RN"
139355;305082;2018-06-11;"segunda-feira";"05:30:00";"RN";101;117,5;"SAO JOSE DE MIPIBU";"Sim";"Ingestao de alcool";1;"Colisao traseira";"Com Vitimas Feridas";"Pleno dia";"Crescente";"Ceu Claro";"Dupla";"Reta";"Nao";246263;"Motocicleta";"HONDA/CG 125 TITAN";1997;"Passageiro";"Lesoes Leves";32;"Masculino";0;1;0;0;"-6.01185924";"-35.25499821";"SR-RN";"DEL15/1";"UOP01/RN"
139404;301559;2018-06-09;"sabado";"06:00:00";"PB";230;27,1;"JOAO PESSOA";"Sim";"Ingestao de alcool";1;"Atropelamento de Pedestre";"Com Vitimas Feridas";"Pleno dia";"Decrescente";"Ceu Claro";"Dupla";"Reta";"Sim";246310;"Automóvel";"GM/CLASSIC LIFE";2005;"Condutor";"Lesoes Leves";29;"Masculino";0;1;0;0;"-7.1677";"-34.8855";"SR-PB";"DEL14/1";"UOP01/PB"
139404;301560;2018-06-09;"sabado";"06:00:00";"PB";230;27,1;"JOAO PESSOA";"Sim";"Ingestao de alcool";1;"Atropelamento de Pedestre";"Com Vitimas Feridas";"Pleno dia";"Decrescente";"Ceu Claro";"Dupla";"Reta";"Sim";246310;"Automóvel";"GM/CLASSIC LIFE";2005;"Passageiro";"Lesoes Leves";44;"Masculino";0;1;0;0;"-7.1677";"-34.8855";"SR-PB";"DEL14/1";"UOP01/PB"
139404;301561;2018-06-09;"sabado";"06:00:00";"PB";230;27,1;"JOAO PESSOA";"Sim";"Ingestao de alcool";1;"Atropelamento de Pedestre";"Com Vitimas Feridas";"Pleno dia";"Decrescente";"Ceu Claro";"Dupla";"Reta";"Sim";246310;"Automóvel";"GM/CLASSIC LIFE";2005;"Pedestre";"Lesoes Leves";39;"Masculino";0;1;0;0;"-7.1677";"-34.8855";"SR-PB";"DEL14/1";"UOP01/PB"