"id";"pesid";"data_inversa";"dia_semana";"horario";"uf";"br";"km";"municipio";"causa_principal";"causa_acidente";"ordem_tipo_acidente";"tipo_acidente";"classificacao_acidente";"fase_dia";"sentido_via";"condicao_metereologica";"tipo_pista";"tracado_via";"uso_solo";"id_veiculo";"tipo_veiculo";"marca";"ano_fabricacao_veiculo";"tipo_envolvido";"estado_fisico";"idade";"sexo";"ilesos";"feridos_leves";"feridos_graves";"mortos";"latitude";"longitude";"regional";"delegacia";"uop"
140074;303374;2018-06-10;"domingo";"11:30:00";"MS";163;816;"SONORA";"Sim";"Ingestao de alcool";1;"Colisao traseira";"Com Vitimas Feridas";"Pleno dia";"Decrescente";"Ceu Claro";"Simples";"Nao Informado";"Nao";247648;"Automóvel";"VW/GOL 1.0";2005;"Condutor";"Ileso";24;"Masculino";1;0;0;0;"-17.78136";"-54.747727";"SR-MS";"DEL3/6";"UOP01/MS"
140074;303375;2018-06-10;"domingo";"11:30:00";"MS";163;816;"SONORA";"Sim";"Ingestao de alcool";1;"Colisao traseira";"Com Vitimas Feridas";"Pleno dia";"Decrescente";"Ceu Claro";"Simples";"Nao Informado";"Nao";247648;"Automóvel";"VW/GOL 1.0";2005;"Passageiro";"Ileso";32;"Masculino";1;0;0;0;"-17.78136";"-54.747727";"SR-MS";"DEL3/6";"UOP01/MS"
140074;303377;2018-06-10;"domingo";"11:30:00";"MS";163;816;"SONORA";"Sim";"Ingestao de alcool";1;"Colisao traseira";"Com Vitimas Feridas";"Pleno dia";"Decrescente";"Ceu Claro";"Simples";"Nao Informado";"Nao";247649;"Automóvel";"FIAT/UNO SPORTING 1.4";2014;"Condutor";"Ileso";35;"Masculino";1;0;0;0;"-17.78136";"-54.747727";"SR-MS";"DEL3/6";"UOP01/MS"
140074;303378;2018-06-10;"domingo";"11:30:00";"MS";163;816;"SONORA";"Sim";"Ingestao de alcool";1;"Colisao traseira";"Com Vitimas Feridas";"Pleno dia";"Decrescente";"Ceu Claro";"Simples";"Nao Informado";"Nao";247649;"Automóvel";"FIAT/UNO SPORTING 1.4";2014;"Passageiro";"Ileso";11;"Feminino";1;0;0;0;"-17.78136";"-54.747727";"SR-MS";"DEL3/6";"UOP01/MS"
140074;303379;2018-06-10;"domingo";"11:30:00";"MS";163;816;"SONORA";"Sim";"Ingestao de alcool";1;"Colisao traseira";"Com Vitimas Feridas";"Pleno dia";"Decrescente";"Ceu Claro";"Simples";"Nao Informado";"Nao";247649;"Automóvel";"FIAT/UNO SPORTING 1.4";2014;"Passageiro";"Ileso";33;"Feminino";1;0;0;0;"-17.78136";"-54.747727";"SR-MS";"DEL3/6";"UOP01/MS"
140074;303385;2018-06-10;"domingo";"11:30:00";"MS";163;816;"SONORA";"Sim";"Ingestao de alcool";1;"Colisao traseira";"Com Vitimas Feridas";"Pleno dia";"Decrescente";"Ceu Claro";"Simples";"Nao Informado";"Nao";247648;"Automóvel";"VW/GOL 1.0";2005;"Passageiro";"Lesoes Leves";32;"Masculino";0;1;0;0;"-17.78136";"-54.747727";"SR-MS";"DEL3/6";"UOP01/MS"
140088;303433;2018-05-20;"domingo";"20:25:00";"PB";230;26,4;"JOAO PESSOA";"Sim";"Ingestao de alcool";1;"Atropelamento de Pedestre";"Com Vitimas Feridas";"Pleno dia";"Crescente";"Ceu Claro";"Dupla";"Reta";"Sim";247678;"Automóvel";"";NA;"Condutor";"Nao Informado";NA;"Nao Informado";0;0;0;0;"-7.1693";"-34.8782";"SR-PB";"DEL14/1";"UOP01/PB"
140088;303434;2018-05-20;"domingo";"20:25:00";"PB";230;26,4;"JOAO PESSOA";"Sim";"Ingestao de alcool";1;"Atropelamento de Pedestre";"Com Vitimas Feridas";"Pleno dia";"Crescente";"Ceu Claro";"Dupla";"Reta";"Sim";247678;"Automóvel";"";NA;"Pedestre";"Lesoes Graves";32;"Masculino";0;0;1;0;"-7.1693";"-34.8782";"SR-PB";"DEL14/1";"UOP01/PB"
140095;303449;2018-05-26;"sabado";"18:00:00";"RS";287;390,7;"SANTIAGO";"Sim";"Ingestao de alcool e/ou substâncias psicoativas pelo pedestre";1;"Saida de leito carrocavel";"Sem Vitimas";"Plena Noite";"Decrescente";"Ceu Claro";"Simples";"Reta";"Nao";247695;"Automóvel";"VW/FUSCA 1500";1973;"Condutor";"Ileso";41;"Masculino";1;0;0;0;"-29.22589389";"-54.83894348";"SR-RS";"DEL9/12";"UOP02/RS"
140121;303489;2018-06-10;"domingo";"20:15:00";"MG";262;526;"LUZ";"Sim";"Ingestao de alcool";1;"Colisao com objeto estatico";"Sem Vitimas";"Plena Noite";"Decrescente";"Ceu Claro";"Simples";"Desvio Temporario";"Nao";247730;"Automóvel";"IMP/FORD ESCORT 1.8I GL";1996;"Condutor";"Ileso";37;"Masculino";1;0;0;0;"-19.782372";"-45.676441";"SR-MG";"DEL4/8";"UOP02/MG"
140132;303609;2018-06-14;"quinta-feira";"16:00:00";"GO";20;2;"FORMOSA";"Sim";"Ingestao de alcool e/ou substâncias psicoativas pelo pedestre";1;"Atropelamento de Pedestre";"Com Vitimas Feridas";"Pleno dia";"Crescente";"Ceu Claro";"Simples";"Desvio Temporario";"Sim";247850;"Automóvel";"VW/GOL ROCK IN RIO";2011;"Condutor";"Ileso";30;"Masculino";1;0;0;0;"-15.57387";"-47.327488";"SR-DF";"GO";"UOP04/DF"
140132;303612;2018-06-14;"quinta-feira";"16:00:00";"GO";20;2;"FORMOSA";"Sim";"Ingestao de alcool e/ou substâncias psicoativas pelo pedestre";1;"Atropelamento de Pedestre";"Com Vitimas Feridas";"Pleno dia";"Crescente";"Ceu Claro";"Simples";"Desvio Temporario";"Sim";247850;"Automóvel";"VW/GOL ROCK IN RIO";2011;"Passageiro";"Ileso";53;"Masculino";1;0;0;0;"-15.57387";"-47.327488";"SR-DF";"GO";"UOP04/DF"
140132;303613;2018-06-14;"quinta-feira";"16:00:00";"GO";20;2;"FORMOSA";"Sim";"Ingestao de alcool e/ou substâncias psicoativas pelo pedestre";1;"Atropelamento de Pedestre";"Com Vitimas Feridas";"Pleno dia";"Crescente";"Ceu Claro";"Simples";"Desvio Temporario";"Sim";247850;"Automóvel";"VW/GOL ROCK IN RIO";2011;"Passageiro";"Ileso";22;"Masculino";1;0;0;0;"-15.57387";"-47.327488";"SR-DF";"GO";"UOP04/DF"
140132;303620;2018-06-14;"quinta-feira";"16:00:00";"GO";20;2;"FORMOSA";"Sim";"Ingestao de alcool e/ou substâncias psicoativas pelo pedestre";1;"Atropelamento de Pedestre";"Com Vitimas Feridas";"Pleno dia";"Crescente";"Ceu Claro";"Simples";"Desvio Temporario";"Sim";247850;"Automóvel";"VW/GOL ROCK IN RIO";2011;"Pedestre";"Lesoes Leves";56;"Masculino";0;1;0;0;"-15.57387";"-47.327488";"SR-DF";"GO";"UOP04/DF"
140134;303511;2018-02-11;"domingo";"21:50:00";"AL";104;41;"UNIAO DOS PALMARES";"Sim";"Ingestao de alcool";1;"Colisao frontal";"Com Vitimas Fatais";"Plena Noite";"Decrescente";"Ceu Claro";"Simples";"Curva";"Nao";247766;"Automóvel";"FIAT/UNO MILLE SMART";2000;"Passageiro";"Lesoes Graves";30;"Feminino";0;0;1;0;"-9.17153";"-36.0212";"SR-AL";"DEL13/1";"UOP02/AL"
140134;303510;2018-02-11;"domingo";"21:50:00";"AL";104;41;"UNIAO DOS PALMARES";"Sim";"Ingestao de alcool";1;"Colisao frontal";"Com Vitimas Fatais";"Plena Noite";"Decrescente";"Ceu Claro";"Simples";"Curva";"Nao";247767;"Automóvel";"FIAT/UNO MILLE WAY ECON";2011;"Condutor";"Lesoes Graves";38;"Masculino";0;0;1;0;"-9.17153";"-36.0212";"SR-AL";"DEL13/1";"UOP02/AL"
140134;303509;2018-02-11;"domingo";"21:50:00";"AL";104;41;"UNIAO DOS PALMARES";"Sim";"Ingestao de alcool";1;"Colisao frontal";"Com Vitimas Fatais";"Plena Noite";"Decrescente";"Ceu Claro";"Simples";"Curva";"Nao";247766;"Automóvel";"FIAT/UNO MILLE SMART";2000;"Condutor";"Óbito";41;"Masculino";0;0;0;1;"-9.17153";"-36.0212";"SR-AL";"DEL13/1";"UOP02/AL"
140176;304097;2018-06-14;"quinta-feira";"18:40:00";"GO";20;179;"SIMOLANDIA";"Sim";"Ingestao de alcool";1;"Atropelamento de Pedestre";"Com Vitimas Feridas";"Plena Noite";"Crescente";"Ceu Claro";"Simples";"Reta";"Sim";248211;"Motoneta";"HONDA/BIZ 125 EX";2012;"Pedestre";"Lesoes Graves";41;"Masculino";0;0;1;0;"-14.485163";"-46.498554";"SR-DF";"GO";"UOP05/DF"
140176;304092;2018-06-14;"quinta-feira";"18:40:00";"GO";20;179;"SIMOLANDIA";"Sim";"Ingestao de alcool";1;"Atropelamento de Pedestre";"Com Vitimas Feridas";"Plena Noite";"Crescente";"Ceu Claro";"Simples";"Reta";"Sim";248211;"Motoneta";"HONDA/BIZ 125 EX";2012;"Condutor";"Lesoes Graves";25;"Masculino";0;0;1;0;"-14.485163";"-46.498554";"SR-DF";"GO";"UOP05/DF"
140201;305253;2018-06-14;"quinta-feira";"23:55:00";"PR";277;601;"CASCAVEL";"Sim";"Ingestao de alcool";1;"Saida de leito carrocavel";"Com Vitimas Feridas";"Plena Noite";"Crescente";"Chuva";"Dupla";"Reta";"Nao";249252;"Automóvel";"CHEVROLET/ONIX 1.4MT LT";2013;"Condutor";"Lesoes Leves";52;"Masculino";0;1;0;0;"-25.02102788";"-53.54652321";"SR-PR";"DEL7/4";"UOP01/PR"
140218;305173;2018-06-15;"sexta-feira";"04:30:00";"RN";101;125,1;"SAO JOSE DE MIPIBU";"Sim";"Ingestao de alcool";1;"Colisao com objeto estatico";"Sem Vitimas";"Amanhecer";"Crescente";"Ceu Claro";"Dupla";"Retorno Regulamentado";"Sim";248471;"Automóvel";"FIAT/PUNTO ATTRACTIVE";2011;"Condutor";"Ileso";33;"Masculino";1;0;0;0;"-6.07893703";"-35.23428082";"SR-RN";"DEL15/1";"UOP01/RN"
140229;303778;2018-06-15;"sexta-feira";"03:00:00";"SC";470;4;"NAVEGANTES";"Sim";"Ingestao de alcool";1;"Saida de leito carrocavel";"Sem Vitimas";"Plena Noite";"Decrescente";"Chuva";"Simples";"Reta";"Sim";247954;"Automóvel";"GM/CORSA SUPER";1999;"Condutor";"Nao Informado";NA;"Nao Informado";0;0;0;0;"-26.87323409";"-48.67046356";"SR-SC";"DEL8/4";"UOP04/SC"
140373;304110;2018-06-15;"sexta-feira";"18:30:00";"PE";428;174,9;"PETROLINA";"Sim";"Ingestao de alcool";1;"Atropelamento de Pedestre";"Com Vitimas Feridas";"Plena Noite";"Crescente";"Ceu Claro";"Simples";"Reta";"Nao";248227;"Motocicleta";"YAMAHA/YBR125 FACTOR K";2013;"Condutor";"Lesoes Graves";20;"Masculino";0;0;1;0;"-9.252337";"-40.425278";"SR-PE";"DEL11/6";"UOP01/PE"
140373;304115;2018-06-15;"sexta-feira";"18:30:00";"PE";428;174,9;"PETROLINA";"Sim";"Ingestao de alcool";1;"Atropelamento de Pedestre";"Com Vitimas Feridas";"Plena Noite";"Crescente";"Ceu Claro";"Simples";"Reta";"Nao";248227;"Motocicleta";"YAMAHA/YBR125 FACTOR K";2013;"Pedestre";"Lesoes Graves";45;"Masculino";0;0;1;0;"-9.252337";"-40.425278";"SR-PE";"DEL11/6";"UOP01/PE"
140383;304078;2018-06-15;"sexta-feira";"19:00:00";"RS";153;46,5;"ERECHIM";"Sim";"Ingestao de alcool";1;"Colisao frontal";"Com Vitimas Feridas";"Plena Noite";"Decrescente";"Ceu Claro";"Simples";"Reta";"Sim";248204;"Caminhao-trator";"M.BENZ/AXOR 2544 S";2009;"Passageiro";"Ileso";33;"Masculino";1;0;0;0;"-27.639467";"-52.242184";"SR-RS";"DEL9/8";"UOP02/RS"
140383;304077;2018-06-15;"sexta-feira";"19:00:00";"RS";153;46,5;"ERECHIM";"Sim";"Ingestao de alcool";1;"Colisao frontal";"Com Vitimas Feridas";"Plena Noite";"Decrescente";"Ceu Claro";"Simples";"Reta";"Sim";248204;"Caminhao-trator";"M.BENZ/AXOR 2544 S";2009;"Condutor";"Ileso";30;"Masculino";1;0;0;0;"-27.639467";"-52.242184";"SR-RS";"DEL9/8";"UOP02/RS"
140383;304076;2018-06-15;"sexta-feira";"19:00:00";"RS";153;46,5;"ERECHIM";"Sim";"Ingestao de alcool";1;"Colisao frontal";"Com Vitimas Feridas";"Plena Noite";"Decrescente";"Ceu Claro";"Simples";"Reta";"Sim";248203;"Automóvel";"GM/VECTRA GL";1997;"Condutor";"Ileso";45;"Masculino";1;0;0;0;"-27.639467";"-52.242184";"SR-RS";"DEL9/8";"UOP02/RS"
140383;304079;2018-06-15;"sexta-feira";"19:00:00";"RS";153;46,5;"ERECHIM";"Sim";"Ingestao de alcool";1;"Colisao frontal";"Com Vitimas Feridas";"Plena Noite";"Decrescente";"Ceu Claro";"Simples";"Reta";"Sim";248203;"Automóvel";"GM/VECTRA GL";1997;"Passageiro";"Lesoes Leves";16;"Feminino";0;1;0;0;"-27.639467";"-52.242184";"SR-RS";"DEL9/8";"UOP02/RS"
140391;305811;2018-06-15;"sexta-feira";"20:05:00";"PR";469;16;"FOZ DO IGUACU";"Sim";"Ingestao de alcool";1;"Colisao frontal";"Com Vitimas Feridas";"Plena Noite";"Decrescente";"Ignorado";"Simples";"Reta";"Sim";249663;"Automóvel";"FORD/FIESTA STREET";2005;"Condutor";"Lesoes Leves";43;"Masculino";0;1;0;0;"-25.5844";"-54.5245";"SR-PR";"DEL7/5";"UOP04/PR"
140391;305817;2018-06-15;"sexta-feira";"20:05:00";"PR";469;16;"FOZ DO IGUACU";"Sim";"Ingestao de alcool";1;"Colisao frontal";"Com Vitimas Feridas";"Plena Noite";"Decrescente";"Ignorado";"Simples";"Reta";"Sim";249665;"Automóvel";"FORD/KA SE 1.0 HA B";2017;"Condutor";"Ileso";36;"Masculino";1;0;0;0;"-25.5844";"-54.5245";"SR-PR";"DEL7/5";"UOP04/PR"
140391;305818;2018-06-15;"sexta-feira";"20:05:00";"PR";469;16;"FOZ DO IGUACU";"Sim";"Ingestao de alcool";1;"Colisao frontal";"Com Vitimas Feridas";"Plena Noite";"Decrescente";"Ignorado";"Simples";"Reta";"Sim";249665;"Automóvel";"FORD/KA SE 1.0 HA B";2017;"Passageiro";"Lesoes Leves";36;"Feminino";0;1;0;0;"-25.5844";"-54.5245";"SR-PR";"DEL7/5";"UOP04/PR"
140396;305636;2018-06-15;"sexta-feira";"21:00:00";"CE";116;19;"EUSEBIO";"Sim";"Ingestao de alcool";1;"Colisao transversal";"Com Vitimas Feridas";"Plena Noite";"Decrescente";"Ceu Claro";"Dupla";"Reta";"Sim";248266;"Motocicleta";"HONDA/CG 125 CARGO ES";2009;"Condutor";"Lesoes Leves";36;"Masculino";0;1;0;0;"-3.91552735";"-38.50657582";"SR-CE";"DEL16/1";"UOP02/CE"
140396;305640;2018-06-15;"sexta-feira";"21:00:00";"CE";116;19;"EUSEBIO";"Sim";"Ingestao de alcool";1;"Colisao transversal";"Com Vitimas Feridas";"Plena Noite";"Decrescente";"Ceu Claro";"Dupla";"Reta";"Sim";248267;"Bicicleta";"";NA;"Condutor";"Lesoes Leves";33;"Masculino";0;1;0;0;"-3.91552735";"-38.50657582";"SR-CE";"DEL16/1";"UOP02/CE"
140412;304310;2018-06-15;"sexta-feira";"21:00:00";"MG";116;760,9;"LEOPOLDINA";"Sim";"Ingestao de alcool";1;"Atropelamento de Pedestre";"Com Vitimas Feridas";"Plena Noite";"Crescente";"Nublado";"Simples";"Reta";"Nao";248296;"Motocicleta";"YAMAHA/XT 600 E";1996;"Condutor";"Ileso";38;"Masculino";1;0;0;0;"-21.51994624";"-42.61637449";"SR-MG";"DEL4/7";"UOP01/MG"
140412;304313;2018-06-15;"sexta-feira";"21:00:00";"MG";116;760,9;"LEOPOLDINA";"Sim";"Ingestao de alcool";1;"Atropelamento de Pedestre";"Com Vitimas Feridas";"Plena Noite";"Crescente";"Nublado";"Simples";"Reta";"Nao";248296;"Motocicleta";"YAMAHA/XT 600 E";1996;"Pedestre";"Lesoes Graves";45;"Masculino";0;0;1;0;"-21.51994624";"-42.61637449";"SR-MG";"DEL4/7";"UOP01/MG"
140419;304200;2018-06-15;"sexta-feira";"22:00:00";"TO";153;414,4;"MIRANORTE";"Sim";"Ingestao de alcool";1;"Saida de leito carrocavel";"Com Vitimas Feridas";"Plena Noite";"Crescente";"Ceu Claro";"Dupla";"Reta";"Sim";248320;"Motocicleta";"HONDA/POP 110I";2016;"Condutor";"Lesoes Graves";48;"Masculino";0;0;1;0;"-9.542";"-48.594746";"SR-TO";"UOP02/TO";""
140422;305512;2018-06-15;"sexta-feira";"22:50:00";"ES";101;288,9;"CARIACICA";"Sim";"Ingestao de alcool";1;"Colisao com objeto estatico";"Com Vitimas Feridas";"Plena Noite";"Crescente";"Ceu Claro";"Dupla";"Reta";"Sim";249462;"Motocicleta";"HONDA/CG 125 FAN KS";2015;"Condutor";"Lesoes Graves";33;"Masculino";0;0;1;0;"-20.27952793";"-40.39302707";"SR-ES";"DEL12/1";"UOP01/ES"
140423;304738;2018-06-15;"sexta-feira";"19:00:00";"BA";242;950,4;"LUIS EDUARDO MAGALHAES";"Sim";"Ingestao de alcool";1;"Colisao frontal";"Com Vitimas Feridas";"Plena Noite";"Crescente";"Ceu Claro";"Simples";"Reta";"Nao";248376;"Caminhao";"MERCEDES BENZ/";1975;"Condutor";"Ileso";53;"Masculino";1;0;0;0;"-12.30880863";"-46.31492615";"SR-BA";"DEL10/10";"UOP01/BA"
140423;304742;2018-06-15;"sexta-feira";"19:00:00";"BA";242;950,4;"LUIS EDUARDO MAGALHAES";"Sim";"Ingestao de alcool";1;"Colisao frontal";"Com Vitimas Feridas";"Plena Noite";"Crescente";"Ceu Claro";"Simples";"Reta";"Nao";248377;"Automóvel";"GM/ASTRA HB 4P ADVANTAGE";2008;"Condutor";"Lesoes Leves";24;"Masculino";0;1;0;0;"-12.30880863";"-46.31492615";"SR-BA";"DEL10/10";"UOP01/BA"
140423;304744;2018-06-15;"sexta-feira";"19:00:00";"BA";242;950,4;"LUIS EDUARDO MAGALHAES";"Sim";"Ingestao de alcool";1;"Colisao frontal";"Com Vitimas Feridas";"Plena Noite";"Crescente";"Ceu Claro";"Simples";"Reta";"Nao";248377;"Automóvel";"GM/ASTRA HB 4P ADVANTAGE";2008;"Passageiro";"Lesoes Leves";40;"Masculino";0;1;0;0;"-12.30880863";"-46.31492615";"SR-BA";"DEL10/10";"UOP01/BA"
140431;305411;2018-06-15;"sexta-feira";"23:40:00";"RN";406;169,6;"SAO GONCALO DO AMARANTE";"Sim";"Ingestao de alcool";1;"Colisao traseira";"Com Vitimas Feridas";"Plena Noite";"Crescente";"Garoa/Chuvisco";"Dupla";"Desvio Temporario";"Sim";248341;"Automóvel";"FIAT/SIENA ESSENCE 1.6";2017;"Condutor";"Ileso";53;"Masculino";1;0;0;0;"-5.7579575";"-35.3015198";"SR-RN";"DEL15/2";"UOP01/RN"
140431;305415;2018-06-15;"sexta-feira";"23:40:00";"RN";406;169,6;"SAO GONCALO DO AMARANTE";"Sim";"Ingestao de alcool";1;"Colisao traseira";"Com Vitimas Feridas";"Plena Noite";"Crescente";"Garoa/Chuvisco";"Dupla";"Desvio Temporario";"Sim";248342;"Motocicleta";"";NA;"Condutor";"Lesoes Leves";25;"Masculino";0;1;0;0;"-5.7579575";"-35.3015198";"SR-RN";"DEL15/2";"UOP01/RN"
140431;305416;2018-06-15;"sexta-feira";"23:40:00";"RN";406;169,6;"SAO GONCALO DO AMARANTE";"Sim";"Ingestao de alcool";1;"Colisao traseira";"Com Vitimas Feridas";"Plena Noite";"Crescente";"Garoa/Chuvisco";"Dupla";"Desvio Temporario";"Sim";248342;"Motocicleta";"";NA;"Passageiro";"Lesoes Leves";24;"Feminino";0;1;0;0;"-5.7579575";"-35.3015198";"SR-RN";"DEL15/2";"UOP01/RN"
140434;305718;2018-06-15;"sexta-feira";"23:30:00";"PE";101;91,7;"CABO DE SANTO AGOSTINHO";"Sim";"Ingestao de alcool";1;"Atropelamento de Pedestre";"Com Vitimas Feridas";"Plena Noite";"Decrescente";"Garoa/Chuvisco";"Simples";"Reta";"Sim";249591;"Caminhao-trator";"M.BENZ/AXOR 2544 S";2015;"Condutor";"Nao Informado";NA;"Nao Informado";0;0;0;0;"-8.2402451";"-34.98617649";"SR-PE";"DEL11/1";"UOP03/PE"
140434;305903;2018-06-15;"sexta-feira";"23:30:00";"PE";101;91,7;"CABO DE SANTO AGOSTINHO";"Sim";"Ingestao de alcool";1;"Atropelamento de Pedestre";"Com Vitimas Feridas";"Plena Noite";"Decrescente";"Garoa/Chuvisco";"Simples";"Reta";"Sim";249604;"Semireboque";"SR/METALESP MAXITANK 3ED";2015;"Pedestre";"Lesoes Graves";29;"Masculino";0;0;1;0;"-8.2402451";"-34.98617649";"SR-PE";"DEL11/1";"UOP03/PE"
140434;305910;2018-06-15;"sexta-feira";"23:30:00";"PE";101;91,7;"CABO DE SANTO AGOSTINHO";"Sim";"Ingestao de alcool";1;"Atropelamento de Pedestre";"Com Vitimas Feridas";"Plena Noite";"Decrescente";"Garoa/Chuvisco";"Simples";"Reta";"Sim";249604;"Semireboque";"SR/METALESP MAXITANK 3ED";2015;"Pedestre";"Lesoes Graves";54;"Masculino";0;0;1;0;"-8.2402451";"-34.98617649";"SR-PE";"DEL11/1";"UOP03/PE"
140434;305711;2018-06-15;"sexta-feira";"23:30:00";"PE";101;91,7;"CABO DE SANTO AGOSTINHO";"Sim";"Ingestao de alcool";1;"Atropelamento de Pedestre";"Com Vitimas Feridas";"Plena Noite";"Decrescente";"Garoa/Chuvisco";"Simples";"Reta";"Sim";248343;"Automóvel";"FIAT/IDEA ADVENTURE 1.8";2013;"Condutor";"Lesoes Leves";39;"Masculino";0;1;0;0;"-8.2402451";"-34.98617649";"SR-PE";"DEL11/1";"UOP03/PE"
140439;304704;2018-06-15;"sexta-feira";"23:00:00";"MT";364;277,8;"JACIARA";"Sim";"Ingestao de alcool";1;"Colisao traseira";"Com Vitimas Feridas";"Plena Noite";"Decrescente";"Ceu Claro";"Dupla";"Reta";"Nao";248384;"Automóvel";"VW/GOL 1.0 GIV";2012;"Passageiro";"Lesoes Leves";22;"Feminino";0;1;0;0;"-15.94731709";"-55.00561596";"SR-MT";"DEL2/1";"UOP02/MT"
140439;304703;2018-06-15;"sexta-feira";"23:00:00";"MT";364;277,8;"JACIARA";"Sim";"Ingestao de alcool";1;"Colisao traseira";"Com Vitimas Feridas";"Plena Noite";"Decrescente";"Ceu Claro";"Dupla";"Reta";"Nao";248384;"Automóvel";"VW/GOL 1.0 GIV";2012;"Condutor";"Lesoes Leves";20;"Masculino";0;1;0;0;"-15.94731709";"-55.00561596";"SR-MT";"DEL2/1";"UOP02/MT"
140441;304720;2018-06-15;"sexta-feira";"23:30:00";"BA";116;931,3;"ENCRUZILHADA";"Sim";"Ingestao de alcool";1;"Colisao traseira";"Com Vitimas Feridas";"Plena Noite";"Crescente";"Ceu Claro";"Simples";"Reta";"Nao";248414;"Automóvel";"FIAT/DOBLO ESSENCE 1.8";2014;"Condutor";"Lesoes Leves";34;"Masculino";0;1;0;0;"-15.71559465";"-41.33056641";"SR-BA";"DEL10/8";"UOP03/BA"
140441;304750;2018-06-15;"sexta-feira";"23:30:00";"BA";116;931,3;"ENCRUZILHADA";"Sim";"Ingestao de alcool";1;"Colisao traseira";"Com Vitimas Feridas";"Plena Noite";"Crescente";"Ceu Claro";"Simples";"Reta";"Nao";248415;"Caminhao-trator";"VOLVO/FH 460 6X2T";2012;"Condutor";"Ileso";35;"Masculino";1;0;0;0;"-15.71559465";"-41.33056641";"SR-BA";"DEL10/8";"UOP03/BA"
140456;306554;2018-06-16;"sabado";"04:15:00";"SC";470;92;"ASCURRA";"Sim";"Ingestao de alcool";1;"Saida de leito carrocavel";"Sem Vitimas";"Plena Noite";"Crescente";"Nublado";"Simples";"Reta";"Sim";248365;"Automóvel";"FIAT/UNO MILLE FIRE";2003;"Condutor";"Ileso";36;"Masculino";1;0;0;0;"-26.96922398";"-49.36784339";"SR-SC";"DEL8/4";"UOP01/SC"
140464;304245;2018-06-16;"sabado";"02:30:00";"MS";267;29,3;"BATAGUASSU";"Sim";"Ingestao de alcool";1;"Capotamento";"Com Vitimas Feridas";"Plena Noite";"Crescente";"Ceu Claro";"Dupla";"Reta";"Sim";248366;"Automóvel";"VW/GOLF";2000;"Condutor";"Lesoes Leves";22;"Masculino";0;1;0;0;"-21.7203499";"-52.4184285";"SR-MS";"DEL3/7";"UOP01/MS"
140470;304248;2018-06-15;"sexta-feira";"22:00:00";"MG";365;608;"UBERLANDIA";"Sim";"Ingestao de alcool";1;"Tombamento";"Com Vitimas Feridas";"Plena Noite";"Decrescente";"Ceu Claro";"Dupla";"Viaduto";"Nao";248369;"Motocicleta";"HONDA/CG 125 TITAN";1998;"Condutor";"Lesoes Leves";22;"Masculino";0;1;0;0;"-18.91018406";"-48.17195892";"SR-MG";"DEL4/15";"UOP01/MG"
140487;304353;2018-06-16;"sabado";"07:40:00";"SC";282;5,5;"SAO JOSE";"Sim";"Ingestao de alcool";1;"Colisao com objeto estatico";"Com Vitimas Feridas";"Pleno dia";"Crescente";"Nublado";"Multipla";"Reta";"Sim";248481;"Automóvel";"FIAT/PALIO ELX FLEX";2009;"Testemunha";"Nao Informado";NA;"Nao Informado";0;0;0;0;"-27.5899948";"-48.6097383";"SR-SC";"DEL8/1";"UOP01/SC"
140487;304344;2018-06-16;"sabado";"07:40:00";"SC";282;5,5;"SAO JOSE";"Sim";"Ingestao de alcool";1;"Colisao com objeto estatico";"Com Vitimas Feridas";"Pleno dia";"Crescente";"Nublado";"Multipla";"Reta";"Sim";248481;"Automóvel";"FIAT/PALIO ELX FLEX";2009;"Condutor";"Ileso";30;"Masculino";1;0;0;0;"-27.5899948";"-48.6097383";"SR-SC";"DEL8/1";"UOP01/SC"
140487;304351;2018-06-16;"sabado";"07:40:00";"SC";282;5,5;"SAO JOSE";"Sim";"Ingestao de alcool";1;"Colisao com objeto estatico";"Com Vitimas Feridas";"Pleno dia";"Crescente";"Nublado";"Multipla";"Reta";"Sim";248481;"Automóvel";"FIAT/PALIO ELX FLEX";2009;"Passageiro";"Lesoes Leves";28;"Masculino";0;1;0;0;"-27.5899948";"-48.6097383";"SR-SC";"DEL8/1";"UOP01/SC"
140488;305656;2018-06-16;"sabado";"05:00:00";"RS";116;414,4;"CAMAQUA";"Sim";"Ingestao de alcool";1;"Saida de leito carrocavel";"Sem Vitimas";"Plena Noite";"Crescente";"Nublado";"Simples";"Reta";"Nao";248461;"Automóvel";"FIAT/PALIO EX";2000;"Condutor";"Ileso";49;"Masculino";1;0;0;0;"-30.93469";"-51.92465";"SR-RS";"DEL9/2";"UOP02/RS"
140494;304266;2018-06-16;"sabado";"08:15:00";"RS";116;306,3;"GUAIBA";"Sim";"Ingestao de alcool";1;"Saida de leito carrocavel";"Com Vitimas Feridas";"Pleno dia";"Crescente";"Nevoeiro/Neblina";"Simples";"Reta";"Sim";248410;"Automóvel";"VW/GOL 1.0";2009;"Condutor";"Lesoes Leves";35;"Masculino";0;1;0;0;"-30.17054515";"-51.38674736";"SR-RS";"DEL9/2";"UOP01/RS"