"id";"pesid";"data_inversa";"dia_semana";"horario";"uf";"br";"km";"municipio";"causa_principal";"causa_acidente";"ordem_tipo_acidente";"tipo_acidente";"classificacao_acidente";"fase_dia";"sentido_via";"condicao_metereologica";"tipo_pista";"tracado_via";"uso_solo";"id_veiculo";"tipo_veiculo";"marca";"ano_fabricacao_veiculo";"tipo_envolvido";"estado_fisico";"idade";"sexo";"ilesos";"feridos_leves";"feridos_graves";"mortos";"latitude";"longitude";"regional";"delegacia";"uop"
140502;304880;2018-06-15;"sexta-feira";"19:30:00";"RO";435;64,5;"VILHENA";"Nao";"Ingestao de alcool";1;"Saida de leito carrocavel";"Sem Vitimas";"Plena Noite";"Crescente";"Ceu Claro";"Simples";"Curva";"Nao";248938;"Caminhonete";"FIAT/STRADA WORKING";2014;"Passageiro";"Ileso";NA;"Feminino";1;0;0;0;"-13.08750413";"-60.37433624";"SR-RO";"DEL21/4";"UOP02/RO"
140502;304877;2018-06-15;"sexta-feira";"19:30:00";"RO";435;64,5;"VILHENA";"Nao";"Ingestao de alcool";1;"Saida de leito carrocavel";"Sem Vitimas";"Plena Noite";"Crescente";"Ceu Claro";"Simples";"Curva";"Nao";248938;"Caminhonete";"FIAT/STRADA WORKING";2014;"Condutor";"Ileso";43;"Masculino";1;0;0;0;"-13.08750413";"-60.37433624";"SR-RO";"DEL21/4";"UOP02/RO"
140562;306290;2018-06-16;"sabado";"15:25:00";"SC";101;236;"PALHOCA";"Sim";"Ingestao de alcool e/ou substâncias psicoativas pelo pedestre";1;"Colisao lateral";"Sem Vitimas";"Pleno dia";"Crescente";"Ceu Claro";"Dupla";"Reta";"Nao";248618;"Caminhao-trator";"M.BENZ/ACTROS 2651S6X4";2017;"Condutor";"Ileso";41;"Masculino";1;0;0;0;"-27.836";"-48.6313";"SR-SC";"DEL8/1";"UOP02/SC"
140562;306292;2018-06-16;"sabado";"15:25:00";"SC";101;236;"PALHOCA";"Sim";"Ingestao de alcool e/ou substâncias psicoativas pelo pedestre";1;"Colisao lateral";"Sem Vitimas";"Pleno dia";"Crescente";"Ceu Claro";"Dupla";"Reta";"Nao";248619;"Caminhao";"FORD/CARGO 2422 E";2010;"Condutor";"Ileso";55;"Masculino";1;0;0;0;"-27.836";"-48.6313";"SR-SC";"DEL8/1";"UOP02/SC"
140587;304492;2018-06-16;"sabado";"17:45:00";"MG";365;612;"UBERLANDIA";"Sim";"Ingestao de alcool";1;"Colisao traseira";"Sem Vitimas";"Pleno dia";"Crescente";"Ceu Claro";"Simples";"Reta";"Sim";248595;"Automóvel";"FORD/ESCORT 1.8I GHIA";1994;"Condutor";"Ileso";71;"Masculino";1;0;0;0;"-18.91619262";"-48.21339704";"SR-MG";"DEL4/15";"UOP01/MG"
140587;304494;2018-06-16;"sabado";"17:45:00";"MG";365;612;"UBERLANDIA";"Sim";"Ingestao de alcool";1;"Colisao traseira";"Sem Vitimas";"Pleno dia";"Crescente";"Ceu Claro";"Simples";"Reta";"Sim";248596;"Automóvel";"CHEVROLET/CRUZE LT NB";2011;"Condutor";"Ileso";53;"Feminino";1;0;0;0;"-18.91619262";"-48.21339704";"SR-MG";"DEL4/15";"UOP01/MG"
140596;304515;2018-06-16;"sabado";"17:50:00";"PE";423;75,6;"JUPI";"Nao";"Ingestao de alcool";1;"Atropelamento de Pedestre";"Com Vitimas Feridas";"Plena Noite";"Crescente";"Ceu Claro";"Simples";"Curva";"Sim";248617;"Caminhao";"M.BENZ/ACCELO 815";2015;"Pedestre";"Lesoes Graves";25;"Masculino";0;0;1;0;"-8.72811451";"-36.4317584";"SR-PE";"DEL11/3";"UOP01/PE"
140596;304508;2018-06-16;"sabado";"17:50:00";"PE";423;75,6;"JUPI";"Nao";"Ingestao de alcool";1;"Atropelamento de Pedestre";"Com Vitimas Feridas";"Plena Noite";"Crescente";"Ceu Claro";"Simples";"Curva";"Sim";248617;"Caminhao";"M.BENZ/ACCELO 815";2015;"Condutor";"Ileso";60;"Masculino";1;0;0;0;"-8.72811451";"-36.4317584";"SR-PE";"DEL11/3";"UOP01/PE"
140601;304514;2018-06-16;"sabado";"19:10:00";"BA";407;120,8;"SENHOR DO BONFIM";"Sim";"Ingestao de alcool";1;"Atropelamento de Pedestre";"Com Vitimas Feridas";"Plena Noite";"Decrescente";"Ceu Claro";"Simples";"Reta";"Sim";248623;"Automóvel";"GM/VECTRA SEDAN";2003;"Condutor";"Ileso";38;"Masculino";1;0;0;0;"-10.403843";"-40.180546";"SR-BA";"DEL10/4";"UOP01/BA"
140601;304516;2018-06-16;"sabado";"19:10:00";"BA";407;120,8;"SENHOR DO BONFIM";"Sim";"Ingestao de alcool";1;"Atropelamento de Pedestre";"Com Vitimas Feridas";"Plena Noite";"Decrescente";"Ceu Claro";"Simples";"Reta";"Sim";248623;"Automóvel";"GM/VECTRA SEDAN";2003;"Pedestre";"Lesoes Leves";NA;"Masculino";0;1;0;0;"-10.403843";"-40.180546";"SR-BA";"DEL10/4";"UOP01/BA"
140610;304542;2018-06-16;"sabado";"19:40:00";"SC";470;61;"BLUMENAU";"Sim";"Ingestao de alcool";1;"Colisao frontal";"Sem Vitimas";"Plena Noite";"Decrescente";"Nublado";"Simples";"Reta";"Nao";248650;"Automóvel";"TOYOTA/BANDEIRANTE";1974;"Condutor";"Ileso";45;"Masculino";1;0;0;0;"-26.882263";"-49.160112";"SR-SC";"DEL8/4";"UOP01/SC"
140610;304540;2018-06-16;"sabado";"19:40:00";"SC";470;61;"BLUMENAU";"Sim";"Ingestao de alcool";1;"Colisao frontal";"Sem Vitimas";"Plena Noite";"Decrescente";"Nublado";"Simples";"Reta";"Nao";248649;"Automóvel";"VW/GOL 1.0";2009;"Condutor";"Ileso";27;"Masculino";1;0;0;0;"-26.882263";"-49.160112";"SR-SC";"DEL8/4";"UOP01/SC"
140615;306509;2018-06-16;"sabado";"19:25:00";"DF";20;21;"BRASILIA";"Sim";"Ingestao de alcool";1;"Colisao traseira";"Com Vitimas Feridas";"Plena Noite";"Crescente";"Ceu Claro";"Dupla";"Reta";"Sim";248664;"Micro-ônibus";"I/M.BENZ313CDI SPRINTERM";2011;"Condutor";"Ileso";36;"Masculino";1;0;0;0;"-15.603384";"-47.684692";"SR-DF";"DF";"UOP04/DF"
140615;306520;2018-06-16;"sabado";"19:25:00";"DF";20;21;"BRASILIA";"Sim";"Ingestao de alcool";1;"Colisao traseira";"Com Vitimas Feridas";"Plena Noite";"Crescente";"Ceu Claro";"Dupla";"Reta";"Sim";248665;"Utilitario";"SUZUKI/JIMNY 4 SPORT";2015;"Condutor";"Lesoes Leves";54;"Masculino";0;1;0;0;"-15.603384";"-47.684692";"SR-DF";"DF";"UOP04/DF"
140615;306516;2018-06-16;"sabado";"19:25:00";"DF";20;21;"BRASILIA";"Sim";"Ingestao de alcool";1;"Colisao traseira";"Com Vitimas Feridas";"Plena Noite";"Crescente";"Ceu Claro";"Dupla";"Reta";"Sim";248664;"Micro-ônibus";"I/M.BENZ313CDI SPRINTERM";2011;"Passageiro";"Lesoes Leves";10;"Masculino";0;1;0;0;"-15.603384";"-47.684692";"SR-DF";"DF";"UOP04/DF"
140615;306511;2018-06-16;"sabado";"19:25:00";"DF";20;21;"BRASILIA";"Sim";"Ingestao de alcool";1;"Colisao traseira";"Com Vitimas Feridas";"Plena Noite";"Crescente";"Ceu Claro";"Dupla";"Reta";"Sim";248664;"Micro-ônibus";"I/M.BENZ313CDI SPRINTERM";2011;"Passageiro";"Lesoes Leves";43;"Masculino";0;1;0;0;"-15.603384";"-47.684692";"SR-DF";"DF";"UOP04/DF"
140615;306513;2018-06-16;"sabado";"19:25:00";"DF";20;21;"BRASILIA";"Sim";"Ingestao de alcool";1;"Colisao traseira";"Com Vitimas Feridas";"Plena Noite";"Crescente";"Ceu Claro";"Dupla";"Reta";"Sim";248664;"Micro-ônibus";"I/M.BENZ313CDI SPRINTERM";2011;"Passageiro";"Lesoes Leves";34;"Masculino";0;1;0;0;"-15.603384";"-47.684692";"SR-DF";"DF";"UOP04/DF"
140615;306514;2018-06-16;"sabado";"19:25:00";"DF";20;21;"BRASILIA";"Sim";"Ingestao de alcool";1;"Colisao traseira";"Com Vitimas Feridas";"Plena Noite";"Crescente";"Ceu Claro";"Dupla";"Reta";"Sim";248664;"Micro-ônibus";"I/M.BENZ313CDI SPRINTERM";2011;"Passageiro";"Lesoes Leves";21;"Masculino";0;1;0;0;"-15.603384";"-47.684692";"SR-DF";"DF";"UOP04/DF"
140615;306515;2018-06-16;"sabado";"19:25:00";"DF";20;21;"BRASILIA";"Sim";"Ingestao de alcool";1;"Colisao traseira";"Com Vitimas Feridas";"Plena Noite";"Crescente";"Ceu Claro";"Dupla";"Reta";"Sim";248664;"Micro-ônibus";"I/M.BENZ313CDI SPRINTERM";2011;"Passageiro";"Lesoes Leves";46;"Feminino";0;1;0;0;"-15.603384";"-47.684692";"SR-DF";"DF";"UOP04/DF"
140615;306517;2018-06-16;"sabado";"19:25:00";"DF";20;21;"BRASILIA";"Sim";"Ingestao de alcool";1;"Colisao traseira";"Com Vitimas Feridas";"Plena Noite";"Crescente";"Ceu Claro";"Dupla";"Reta";"Sim";248664;"Micro-ônibus";"I/M.BENZ313CDI SPRINTERM";2011;"Passageiro";"Lesoes Leves";26;"Feminino";0;1;0;0;"-15.603384";"-47.684692";"SR-DF";"DF";"UOP04/DF"
140615;306518;2018-06-16;"sabado";"19:25:00";"DF";20;21;"BRASILIA";"Sim";"Ingestao de alcool";1;"Colisao traseira";"Com Vitimas Feridas";"Plena Noite";"Crescente";"Ceu Claro";"Dupla";"Reta";"Sim";248664;"Micro-ônibus";"I/M.BENZ313CDI SPRINTERM";2011;"Passageiro";"Lesoes Leves";42;"Feminino";0;1;0;0;"-15.603384";"-47.684692";"SR-DF";"DF";"UOP04/DF"
140620;304523;2018-06-16;"sabado";"20:00:00";"SC";470;53;"BLUMENAU";"Sim";"Ingestao de alcool";1;"Colisao lateral";"Com Vitimas Feridas";"Plena Noite";"Decrescente";"Nublado";"Simples";"Rotatória";"Nao";248632;"Motocicleta";"HONDA/CB 300R";2010;"Condutor";"Lesoes Leves";22;"Masculino";0;1;0;0;"-26.862855";"-49.085082";"SR-SC";"DEL8/4";"UOP01/SC"
140620;304524;2018-06-16;"sabado";"20:00:00";"SC";470;53;"BLUMENAU";"Sim";"Ingestao de alcool";1;"Colisao lateral";"Com Vitimas Feridas";"Plena Noite";"Decrescente";"Nublado";"Simples";"Rotatória";"Nao";248633;"Automóvel";"VW/PARATI CL";1995;"Condutor";"Ileso";28;"Masculino";1;0;0;0;"-26.862855";"-49.085082";"SR-SC";"DEL8/4";"UOP01/SC"
140623;304564;2018-06-16;"sabado";"20:25:00";"SP";116;210;"GUARULHOS";"Sim";"Ingestao de alcool";1;"Colisao com objeto estatico";"Sem Vitimas";"Plena Noite";"Crescente";"Nublado";"Multipla";"Reta";"Sim";248671;"Automóvel";"VW/SANTANA";1997;"Condutor";"Ileso";60;"Masculino";1;0;0;0;"-23.4278859";"-46.40934738";"SR-SP";"DEL6/1";"UOP01/SP"
140624;304577;2018-06-16;"sabado";"20:00:00";"PR";373;364;"CORONEL VIVIDA";"Sim";"Ingestao de alcool";1;"Saida de leito carrocavel";"Com Vitimas Feridas";"Plena Noite";"Crescente";"Ceu Claro";"Simples";"Reta";"Nao";248695;"Caminhonete";"CHEVROLET/MONTANA LS";2012;"Passageiro";"Ileso";47;"Masculino";1;0;0;0;"-25.9234667";"-52.39757538";"SR-PR";"DEL7/3";"UOP02/PR"
140624;304578;2018-06-16;"sabado";"20:00:00";"PR";373;364;"CORONEL VIVIDA";"Sim";"Ingestao de alcool";1;"Saida de leito carrocavel";"Com Vitimas Feridas";"Plena Noite";"Crescente";"Ceu Claro";"Simples";"Reta";"Nao";248695;"Caminhonete";"CHEVROLET/MONTANA LS";2012;"Condutor";"Lesoes Leves";40;"Feminino";0;1;0;0;"-25.9234667";"-52.39757538";"SR-PR";"DEL7/3";"UOP02/PR"
140625;304695;2018-06-16;"sabado";"20:40:00";"DF";70;14;"BRASILIA";"Sim";"Ingestao de alcool";1;"Colisao lateral";"Com Vitimas Feridas";"Plena Noite";"Decrescente";"Ceu Claro";"Dupla";"Reta";"Nao";248705;"Automóvel";"FIAT/UNO MILLE SMART";2001;"Condutor";"Lesoes Leves";32;"Masculino";0;1;0;0;"-15.797312";"-48.176056";"SR-DF";"DF";"UOP06/DF"
140625;304697;2018-06-16;"sabado";"20:40:00";"DF";70;14;"BRASILIA";"Sim";"Ingestao de alcool";1;"Colisao lateral";"Com Vitimas Feridas";"Plena Noite";"Decrescente";"Ceu Claro";"Dupla";"Reta";"Nao";248705;"Automóvel";"FIAT/UNO MILLE SMART";2001;"Passageiro";"Ileso";9;"Masculino";1;0;0;0;"-15.797312";"-48.176056";"SR-DF";"DF";"UOP06/DF"
140625;304698;2018-06-16;"sabado";"20:40:00";"DF";70;14;"BRASILIA";"Sim";"Ingestao de alcool";1;"Colisao lateral";"Com Vitimas Feridas";"Plena Noite";"Decrescente";"Ceu Claro";"Dupla";"Reta";"Nao";248706;"Caminhonete";"GM/D20 CUSTOM S";1993;"Passageiro";"Ileso";45;"Feminino";1;0;0;0;"-15.797312";"-48.176056";"SR-DF";"DF";"UOP06/DF"
140625;304693;2018-06-16;"sabado";"20:40:00";"DF";70;14;"BRASILIA";"Sim";"Ingestao de alcool";1;"Colisao lateral";"Com Vitimas Feridas";"Plena Noite";"Decrescente";"Ceu Claro";"Dupla";"Reta";"Nao";248706;"Caminhonete";"GM/D20 CUSTOM S";1993;"Condutor";"Ileso";62;"Masculino";1;0;0;0;"-15.797312";"-48.176056";"SR-DF";"DF";"UOP06/DF"
140625;304696;2018-06-16;"sabado";"20:40:00";"DF";70;14;"BRASILIA";"Sim";"Ingestao de alcool";1;"Colisao lateral";"Com Vitimas Feridas";"Plena Noite";"Decrescente";"Ceu Claro";"Dupla";"Reta";"Nao";248705;"Automóvel";"FIAT/UNO MILLE SMART";2001;"Passageiro";"Lesoes Leves";31;"Feminino";0;1;0;0;"-15.797312";"-48.176056";"SR-DF";"DF";"UOP06/DF"
140635;305751;2018-06-16;"sabado";"21:00:00";"PI";402;32,7;"PARNAIBA";"Sim";"Ingestao de alcool";1;"Tombamento";"Com Vitimas Feridas";"Plena Noite";"Decrescente";"Ceu Claro";"Simples";"Reta";"Sim";249628;"Motocicleta";"HONDA/POP 110I";2017;"Condutor";"Lesoes Leves";21;"Masculino";0;1;0;0;"-2.93232617";"-41.74976349";"SR-PI";"DEL17/5";"UOP01/PI"
140647;304647;2018-06-16;"sabado";"21:00:00";"GO";60;100;"ANAPOLIS";"Sim";"Ingestao de alcool";1;"Capotamento";"Sem Vitimas";"Plena Noite";"Decrescente";"Ceu Claro";"Dupla";"Reta";"Sim";248777;"Automóvel";"RENAULT/LOGAN EXP 16";2011;"Condutor";"Ileso";48;"Masculino";1;0;0;0;"-16.3979";"-48.9664";"SR-GO";"DEL1/2";"UOP01/GO"
140648;304620;2018-06-16;"sabado";"20:55:00";"DF";40;1;"BRASILIA";"Nao";"Ingestao de alcool";1;"Colisao com objeto estatico";"Sem Vitimas";"Plena Noite";"Decrescente";"Ceu Claro";"Dupla";"Reta";"Sim";248707;"Automóvel";"PEUGEOT/207PASSION XS A";2010;"Testemunha";"Nao Informado";NA;"Nao Informado";0;0;0;0;"-15.98790962";"-47.98697049";"SR-DF";"DF";"UOP01/DF"
140648;304619;2018-06-16;"sabado";"20:55:00";"DF";40;1;"BRASILIA";"Nao";"Ingestao de alcool";1;"Colisao com objeto estatico";"Sem Vitimas";"Plena Noite";"Decrescente";"Ceu Claro";"Dupla";"Reta";"Sim";248707;"Automóvel";"PEUGEOT/207PASSION XS A";2010;"Condutor";"Ileso";44;"Masculino";1;0;0;0;"-15.98790962";"-47.98697049";"SR-DF";"DF";"UOP01/DF"
140649;304576;2018-06-16;"sabado";"22:00:00";"RJ";40;102;"DUQUE DE CAXIAS";"Sim";"Ingestao de alcool";1;"Colisao com objeto estatico";"Sem Vitimas";"Plena Noite";"Crescente";"Chuva";"Multipla";"Reta";"Nao";248693;"Automóvel";"FIAT/PALIO FIRE FLEX";2006;"Condutor";"Ileso";NA;"Ignorado";1;0;0;0;"-22.6300518";"-43.2853484";"SR-RJ";"DEL5/1";"UOP01/RJ"
140657;306335;2018-06-16;"sabado";"15:20:00";"RJ";40;88;"PETROPOLIS";"Sim";"Ingestao de alcool";1;"Capotamento";"Com Vitimas Feridas";"Pleno dia";"Decrescente";"Chuva";"Simples";"Curva";"Nao";248703;"Automóvel";"FORD/KA";1997;"Condutor";"Lesoes Leves";47;"Masculino";0;1;0;0;"-22.55541647";"-43.2274729";"SR-RJ";"DEL5/6";"UOP03/RJ"
140662;304628;2018-06-17;"domingo";"00:50:00";"GO";80;178;"URUACU";"Sim";"Ingestao de alcool";1;"Colisao traseira";"Com Vitimas Feridas";"Plena Noite";"Crescente";"Ceu Claro";"Simples";"Reta";"Nao";248749;"Automóvel";"HONDA/CIVIC LX";1999;"Condutor";"Ileso";25;"Masculino";1;0;0;0;"-14.63607449";"-49.17566299";"SR-GO";"DEL1/7";"UOP02/GO"
140662;306643;2018-06-17;"domingo";"00:50:00";"GO";80;178;"URUACU";"Sim";"Ingestao de alcool";1;"Colisao traseira";"Com Vitimas Feridas";"Plena Noite";"Crescente";"Ceu Claro";"Simples";"Reta";"Nao";248750;"Automóvel";"FIAT/SIENA FIRE FLEX";2005;"Passageiro";"Lesoes Leves";77;"Feminino";0;1;0;0;"-14.63607449";"-49.17566299";"SR-GO";"DEL1/7";"UOP02/GO"
140662;306644;2018-06-17;"domingo";"00:50:00";"GO";80;178;"URUACU";"Sim";"Ingestao de alcool";1;"Colisao traseira";"Com Vitimas Feridas";"Plena Noite";"Crescente";"Ceu Claro";"Simples";"Reta";"Nao";248750;"Automóvel";"FIAT/SIENA FIRE FLEX";2005;"Passageiro";"Ileso";43;"Feminino";1;0;0;0;"-14.63607449";"-49.17566299";"SR-GO";"DEL1/7";"UOP02/GO"
140662;304629;2018-06-17;"domingo";"00:50:00";"GO";80;178;"URUACU";"Sim";"Ingestao de alcool";1;"Colisao traseira";"Com Vitimas Feridas";"Plena Noite";"Crescente";"Ceu Claro";"Simples";"Reta";"Nao";248750;"Automóvel";"FIAT/SIENA FIRE FLEX";2005;"Condutor";"Ileso";60;"Masculino";1;0;0;0;"-14.63607449";"-49.17566299";"SR-GO";"DEL1/7";"UOP02/GO"
140662;306657;2018-06-17;"domingo";"00:50:00";"GO";80;178;"URUACU";"Sim";"Ingestao de alcool";1;"Colisao traseira";"Com Vitimas Feridas";"Plena Noite";"Crescente";"Ceu Claro";"Simples";"Reta";"Nao";248750;"Automóvel";"FIAT/SIENA FIRE FLEX";2005;"Passageiro";"Lesoes Leves";45;"Feminino";0;1;0;0;"-14.63607449";"-49.17566299";"SR-GO";"DEL1/7";"UOP02/GO"
140679;304775;2018-06-17;"domingo";"03:20:00";"PA";230;116;"MARABA";"Sim";"Ingestao de alcool e/ou substâncias psicoativas pelo pedestre";1;"Tombamento";"Com Vitimas Fatais";"Plena Noite";"Crescente";"Ceu Claro";"Dupla";"Reta";"Sim";248873;"Motocicleta";"HONDA/NXR160 BROS ESDD";2017;"Condutor";"Óbito";42;"Masculino";0;0;0;1;"-5.359473";"-49.083012";"SR-PA";"DEL19/3";"UOP01/PA"
140680;304622;2018-06-17;"domingo";"03:10:00";"SC";101;354;"SANGAO";"Sim";"Ingestao de alcool";1;"Colisao traseira";"Sem Vitimas";"Plena Noite";"Crescente";"Nublado";"Dupla";"Curva";"Nao";248748;"Automóvel";"FORD/FIESTA FLEX";2009;"Condutor";"Ileso";53;"Masculino";1;0;0;0;"-28.64540221";"-49.10024464";"SR-SC";"DEL8/2";"UOP01/SC"
140683;308160;2018-06-17;"domingo";"03:50:00";"SP";116;60;"GUARATINGUETA";"Sim";"Ingestao de alcool";1;"Capotamento";"Com Vitimas Feridas";"Plena Noite";"Crescente";"Ceu Claro";"Dupla";"Reta";"Nao";248754;"Automóvel";"VW/GOL 1.0";2008;"Passageiro";"Lesoes Leves";21;"Masculino";0;1;0;0;"-22.791122";"-45.161125";"SR-SP";"DEL6/8";"UOP02/SP"
140683;308155;2018-06-17;"domingo";"03:50:00";"SP";116;60;"GUARATINGUETA";"Sim";"Ingestao de alcool";1;"Capotamento";"Com Vitimas Feridas";"Plena Noite";"Crescente";"Ceu Claro";"Dupla";"Reta";"Nao";248754;"Automóvel";"VW/GOL 1.0";2008;"Condutor";"Lesoes Graves";21;"Masculino";0;0;1;0;"-22.791122";"-45.161125";"SR-SP";"DEL6/8";"UOP02/SP"
140683;308164;2018-06-17;"domingo";"03:50:00";"SP";116;60;"GUARATINGUETA";"Sim";"Ingestao de alcool";1;"Capotamento";"Com Vitimas Feridas";"Plena Noite";"Crescente";"Ceu Claro";"Dupla";"Reta";"Nao";248754;"Automóvel";"VW/GOL 1.0";2008;"Passageiro";"Lesoes Leves";20;"Masculino";0;1;0;0;"-22.791122";"-45.161125";"SR-SP";"DEL6/8";"UOP02/SP"
140688;304616;2018-06-17;"domingo";"03:50:00";"RJ";101;281,3;"ITABORAI";"Sim";"Ingestao de alcool";1;"Colisao com objeto estatico";"Com Vitimas Feridas";"Plena Noite";"Crescente";"Chuva";"Dupla";"Reta";"Sim";248744;"Caminhonete";"VW/SAVEIRO 1.6";2008;"Condutor";"Ileso";46;"Masculino";1;0;0;0;"-22.73740487";"-42.7899936";"SR-RJ";"DEL5/2";"UOP03/RJ"
140688;304618;2018-06-17;"domingo";"03:50:00";"RJ";101;281,3;"ITABORAI";"Sim";"Ingestao de alcool";1;"Colisao com objeto estatico";"Com Vitimas Feridas";"Plena Noite";"Crescente";"Chuva";"Dupla";"Reta";"Sim";248744;"Caminhonete";"VW/SAVEIRO 1.6";2008;"Passageiro";"Lesoes Leves";50;"Feminino";0;1;0;0;"-22.73740487";"-42.7899936";"SR-RJ";"DEL5/2";"UOP03/RJ"
140692;304649;2018-06-17;"domingo";"04:45:00";"CE";222;236,8;"SOBRAL";"Sim";"Ingestao de alcool";1;"Saida de leito carrocavel";"Com Vitimas Fatais";"Amanhecer";"Crescente";"Ceu Claro";"Simples";"Reta";"Nao";248782;"Automóvel";"GM/CELTA 4P SPIRIT";2010;"Condutor";"Lesoes Leves";23;"Masculino";0;1;0;0;"-3.725859";"-40.3394754";"SR-CE";"DEL16/4";"UOP01/CE"
140692;306280;2018-06-17;"domingo";"04:45:00";"CE";222;236,8;"SOBRAL";"Sim";"Ingestao de alcool";1;"Saida de leito carrocavel";"Com Vitimas Fatais";"Amanhecer";"Crescente";"Ceu Claro";"Simples";"Reta";"Nao";248782;"Automóvel";"GM/CELTA 4P SPIRIT";2010;"Passageiro";"Lesoes Graves";42;"Feminino";0;0;1;0;"-3.725859";"-40.3394754";"SR-CE";"DEL16/4";"UOP01/CE"
140692;304650;2018-06-17;"domingo";"04:45:00";"CE";222;236,8;"SOBRAL";"Sim";"Ingestao de alcool";1;"Saida de leito carrocavel";"Com Vitimas Fatais";"Amanhecer";"Crescente";"Ceu Claro";"Simples";"Reta";"Nao";248782;"Automóvel";"GM/CELTA 4P SPIRIT";2010;"Passageiro";"Óbito";27;"Feminino";0;0;0;1;"-3.725859";"-40.3394754";"SR-CE";"DEL16/4";"UOP01/CE"
140692;306282;2018-06-17;"domingo";"04:45:00";"CE";222;236,8;"SOBRAL";"Sim";"Ingestao de alcool";1;"Saida de leito carrocavel";"Com Vitimas Fatais";"Amanhecer";"Crescente";"Ceu Claro";"Simples";"Reta";"Nao";248782;"Automóvel";"GM/CELTA 4P SPIRIT";2010;"Passageiro";"Óbito";54;"Masculino";0;0;0;1;"-3.725859";"-40.3394754";"SR-CE";"DEL16/4";"UOP01/CE"
140692;306284;2018-06-17;"domingo";"04:45:00";"CE";222;236,8;"SOBRAL";"Sim";"Ingestao de alcool";1;"Saida de leito carrocavel";"Com Vitimas Fatais";"Amanhecer";"Crescente";"Ceu Claro";"Simples";"Reta";"Nao";248782;"Automóvel";"GM/CELTA 4P SPIRIT";2010;"Passageiro";"Lesoes Graves";46;"Masculino";0;0;1;0;"-3.725859";"-40.3394754";"SR-CE";"DEL16/4";"UOP01/CE"
140700;306359;2018-06-17;"domingo";"02:00:00";"PR";476;141;"CURITIBA";"Sim";"Ingestao de alcool";1;"Colisao com objeto estatico";"Com Vitimas Feridas";"Plena Noite";"Decrescente";"Garoa/Chuvisco";"Multipla";"Curva";"Sim";250026;"Automóvel";"RENAULT/LOGAN AUT 1016V";2010;"Passageiro";"Lesoes Leves";48;"Feminino";0;1;0;0;"-25.528614";"-49.298798";"SR-PR";"DEL7/1";"UOP06/PR"
140700;306358;2018-06-17;"domingo";"02:00:00";"PR";476;141;"CURITIBA";"Sim";"Ingestao de alcool";1;"Colisao com objeto estatico";"Com Vitimas Feridas";"Plena Noite";"Decrescente";"Garoa/Chuvisco";"Multipla";"Curva";"Sim";250026;"Automóvel";"RENAULT/LOGAN AUT 1016V";2010;"Condutor";"Ileso";46;"Masculino";1;0;0;0;"-25.528614";"-49.298798";"SR-PR";"DEL7/1";"UOP06/PR"
140700;306360;2018-06-17;"domingo";"02:00:00";"PR";476;141;"CURITIBA";"Sim";"Ingestao de alcool";1;"Colisao com objeto estatico";"Com Vitimas Feridas";"Plena Noite";"Decrescente";"Garoa/Chuvisco";"Multipla";"Curva";"Sim";250026;"Automóvel";"RENAULT/LOGAN AUT 1016V";2010;"Passageiro";"Lesoes Leves";16;"Masculino";0;1;0;0;"-25.528614";"-49.298798";"SR-PR";"DEL7/1";"UOP06/PR"
140702;306398;2018-06-17;"domingo";"05:55:00";"SP";116;216;"GUARULHOS";"Sim";"Ingestao de alcool";1;"Colisao traseira";"Com Vitimas Feridas";"Amanhecer";"Decrescente";"Ceu Claro";"Multipla";"Reta";"Sim";250006;"Automóvel";"";NA;"Condutor";"Ileso";NA;"Ignorado";1;0;0;0;"-23.45211306";"-46.46656573";"SR-SP";"DEL6/1";"UOP01/SP"
140702;306340;2018-06-17;"domingo";"05:55:00";"SP";116;216;"GUARULHOS";"Sim";"Ingestao de alcool";1;"Colisao traseira";"Com Vitimas Feridas";"Amanhecer";"Decrescente";"Ceu Claro";"Multipla";"Reta";"Sim";248783;"Automóvel";"VW/GOL PLUS MI";1997;"Condutor";"Ileso";19;"Masculino";1;0;0;0;"-23.45211306";"-46.46656573";"SR-SP";"DEL6/1";"UOP01/SP"
140702;306347;2018-06-17;"domingo";"05:55:00";"SP";116;216;"GUARULHOS";"Sim";"Ingestao de alcool";1;"Colisao traseira";"Com Vitimas Feridas";"Amanhecer";"Decrescente";"Ceu Claro";"Multipla";"Reta";"Sim";248784;"Automóvel";"FIAT/UNO MILLE FIRE FLEX";2008;"Condutor";"Ileso";21;"Masculino";1;0;0;0;"-23.45211306";"-46.46656573";"SR-SP";"DEL6/1";"UOP01/SP"
140702;306350;2018-06-17;"domingo";"05:55:00";"SP";116;216;"GUARULHOS";"Sim";"Ingestao de alcool";1;"Colisao traseira";"Com Vitimas Feridas";"Amanhecer";"Decrescente";"Ceu Claro";"Multipla";"Reta";"Sim";248784;"Automóvel";"FIAT/UNO MILLE FIRE FLEX";2008;"Passageiro";"Lesoes Leves";18;"Masculino";0;1;0;0;"-23.45211306";"-46.46656573";"SR-SP";"DEL6/1";"UOP01/SP"
140720;304655;2018-06-17;"domingo";"07:25:00";"SC";101;157,2;"PORTO BELO";"Sim";"Ingestao de alcool";1;"Saida de leito carrocavel";"Com Vitimas Feridas";"Pleno dia";"Crescente";"Ceu Claro";"Dupla";"Reta";"Sim";248788;"Automóvel";"FIAT/PALIO ATTRACTIV 1.0";2012;"Condutor";"Lesoes Leves";25;"Feminino";0;1;0;0;"-27.1901";"-48.6123";"SR-SC";"DEL8/4";"UOP03/SC"