"id";"pesid";"data_inversa";"dia_semana";"horario";"uf";"br";"km";"municipio";"causa_principal";"causa_acidente";"ordem_tipo_acidente";"tipo_acidente";"classificacao_acidente";"fase_dia";"sentido_via";"condicao_metereologica";"tipo_pista";"tracado_via";"uso_solo";"id_veiculo";"tipo_veiculo";"marca";"ano_fabricacao_veiculo";"tipo_envolvido";"estado_fisico";"idade";"sexo";"ilesos";"feridos_leves";"feridos_graves";"mortos";"latitude";"longitude";"regional";"delegacia";"uop"
141220;306227;2018-06-19;"terca-feira";"17:15:00";"SC";101;372,3;"ICARA";"Sim";"Ingestao de alcool";1;"Colisao traseira";"Sem Vitimas";"Pleno dia";"Decrescente";"Ceu Claro";"Dupla";"Reta";"Nao";249816;"Camioneta";"FORD/ECOSPORT FSL 1.6";2014;"Condutor";"Ileso";54;"Masculino";1;0;0;0;"-28.70700961";"-49.20587355";"SR-SC";"DEL8/2";"UOP01/SC"
141285;306345;2018-06-19;"terca-feira";"22:45:00";"RS";392;10,2;"RIO GRANDE";"Nao";"Ingestao de alcool";1;"Colisao lateral";"Sem Vitimas";"Plena Noite";"Decrescente";"Nublado";"Dupla";"Reta";"Sim";249927;"Caminhao-trator";"M.BENZ/AXOR 2644S6X4";2013;"Condutor";"Ileso";47;"Masculino";1;0;0;0;"-32.116108";"-52.120995";"SR-RS";"DEL9/7";"UOP02/RS"
141285;306346;2018-06-19;"terca-feira";"22:45:00";"RS";392;10,2;"RIO GRANDE";"Nao";"Ingestao de alcool";1;"Colisao lateral";"Sem Vitimas";"Plena Noite";"Decrescente";"Nublado";"Dupla";"Reta";"Sim";249928;"Camioneta";"FORD/ECOSPORT XLT";2008;"Condutor";"Ileso";37;"Masculino";1;0;0;0;"-32.116108";"-52.120995";"SR-RS";"DEL9/7";"UOP02/RS"
141316;310945;2018-06-20;"quarta-feira";"07:15:00";"SC";101;135;"BALNEARIO CAMBORIU";"Sim";"Ingestao de alcool";1;"Colisao traseira";"Com Vitimas Feridas";"Amanhecer";"Decrescente";"Ceu Claro";"Dupla";"Reta";"Sim";249976;"Automóvel";"FORD/FIESTA 1.6 FLEX";2013;"Condutor";"Ileso";31;"Masculino";1;0;0;0;"-27.0081";"-48.617";"SR-SC";"DEL8/4";"UOP03/SC"
141316;310950;2018-06-20;"quarta-feira";"07:15:00";"SC";101;135;"BALNEARIO CAMBORIU";"Sim";"Ingestao de alcool";1;"Colisao traseira";"Com Vitimas Feridas";"Amanhecer";"Decrescente";"Ceu Claro";"Dupla";"Reta";"Sim";253270;"Motocicleta";"YAMAHA/YBR 125ED";2007;"Condutor";"Lesoes Graves";58;"Masculino";0;0;1;0;"-27.0081";"-48.617";"SR-SC";"DEL8/4";"UOP03/SC"
141316;310952;2018-06-20;"quarta-feira";"07:15:00";"SC";101;135;"BALNEARIO CAMBORIU";"Sim";"Ingestao de alcool";1;"Colisao traseira";"Com Vitimas Feridas";"Amanhecer";"Decrescente";"Ceu Claro";"Dupla";"Reta";"Sim";253275;"Bicicleta";"";NA;"Condutor";"Lesoes Graves";24;"Masculino";0;0;1;0;"-27.0081";"-48.617";"SR-SC";"DEL8/4";"UOP03/SC"
141338;306343;2018-05-31;"quinta-feira";"20:10:00";"PB";412;40;"SAO JOAO DO CARIRI";"Sim";"Ingestao de alcool";1;"Colisao frontal";"Com Vitimas Fatais";"Plena Noite";"Crescente";"Ceu Claro";"Simples";"Reta";"Nao";250012;"Caminhao";"";NA;"Condutor";"Nao Informado";NA;"Nao Informado";0;0;0;0;"-7.328369";"-36.404278";"SR-PB";"DEL14/2";"UOP02/PB"
141338;306342;2018-05-31;"quinta-feira";"20:10:00";"PB";412;40;"SAO JOAO DO CARIRI";"Sim";"Ingestao de alcool";1;"Colisao frontal";"Com Vitimas Fatais";"Plena Noite";"Crescente";"Ceu Claro";"Simples";"Reta";"Nao";250011;"Motocicleta";"HONDA/NXR150 BROS ES";2008;"Condutor";"Óbito";51;"Masculino";0;0;0;1;"-7.328369";"-36.404278";"SR-PB";"DEL14/2";"UOP02/PB"
141361;306524;2018-06-20;"quarta-feira";"11:30:00";"MS";163;458,2;"CAMPO GRANDE";"Sim";"Ingestao de alcool";1;"Queda de ocupante de veiculo";"Com Vitimas Feridas";"Pleno dia";"Decrescente";"Sol";"Simples";"Reta";"Nao";250154;"Motocicleta";"";NA;"Condutor";"Lesoes Leves";42;"Masculino";0;1;0;0;"-20.654424";"-54.563547";"SR-MS";"DEL3/1";"UOP01/MS"
141382;306452;2018-06-20;"quarta-feira";"12:00:00";"ES";101;148;"LINHARES";"Sim";"Ingestao de alcool";1;"Colisao com objeto em movimento";"Com Vitimas Feridas";"Pleno dia";"Decrescente";"Nublado";"Dupla";"Reta";"Sim";250108;"Caminhao";"";NA;"Condutor";"Ileso";NA;"Masculino";1;0;0;0;"-19.37611394";"-40.06621599";"SR-ES";"DEL12/4";"UOP01/ES"
141382;306457;2018-06-20;"quarta-feira";"12:00:00";"ES";101;148;"LINHARES";"Sim";"Ingestao de alcool";1;"Colisao com objeto em movimento";"Com Vitimas Feridas";"Pleno dia";"Decrescente";"Nublado";"Dupla";"Reta";"Sim";250115;"Bicicleta";"";NA;"Condutor";"Lesoes Leves";58;"Masculino";0;1;0;0;"-19.37611394";"-40.06621599";"SR-ES";"DEL12/4";"UOP01/ES"
141389;306461;2018-06-03;"domingo";"21:30:00";"RS";470;11;"BARRACAO";"Nao";"Ingestao de alcool e/ou substâncias psicoativas pelo pedestre";1;"Atropelamento de Pedestre";"Com Vitimas Feridas";"Plena Noite";"Decrescente";"Ceu Claro";"Simples";"Reta";"Nao";250118;"Automóvel";"FIAT/PALIO ESSENCE 1.6";2014;"Condutor";"Ileso";29;"Masculino";1;0;0;0;"-27.662331";"-51.456161";"SR-RS";"DEL14/8";"UOP05/RS"
141389;306462;2018-06-03;"domingo";"21:30:00";"RS";470;11;"BARRACAO";"Nao";"Ingestao de alcool e/ou substâncias psicoativas pelo pedestre";1;"Atropelamento de Pedestre";"Com Vitimas Feridas";"Plena Noite";"Decrescente";"Ceu Claro";"Simples";"Reta";"Nao";250118;"Automóvel";"FIAT/PALIO ESSENCE 1.6";2014;"Passageiro";"Ileso";31;"Feminino";1;0;0;0;"-27.662331";"-51.456161";"SR-RS";"DEL14/8";"UOP05/RS"
141389;306463;2018-06-03;"domingo";"21:30:00";"RS";470;11;"BARRACAO";"Nao";"Ingestao de alcool e/ou substâncias psicoativas pelo pedestre";1;"Atropelamento de Pedestre";"Com Vitimas Feridas";"Plena Noite";"Decrescente";"Ceu Claro";"Simples";"Reta";"Nao";250118;"Automóvel";"FIAT/PALIO ESSENCE 1.6";2014;"Pedestre";"Lesoes Graves";43;"Masculino";0;0;1;0;"-27.662331";"-51.456161";"SR-RS";"DEL14/8";"UOP05/RS"
141462;308086;2018-06-20;"quarta-feira";"20:50:00";"SC";280;23,5;"ARAQUARI";"Sim";"Ingestao de alcool";1;"Colisao frontal";"Com Vitimas Feridas";"Plena Noite";"Decrescente";"Nublado";"Simples";"Reta";"Sim";250347;"Automóvel";"GM/VECTRA GLS";1997;"Condutor";"Lesoes Leves";55;"Masculino";0;1;0;0;"-26.37483359";"-48.71659127";"SR-SC";"DEL8/3";"UOP03/SC"
141462;308088;2018-06-20;"quarta-feira";"20:50:00";"SC";280;23,5;"ARAQUARI";"Sim";"Ingestao de alcool";1;"Colisao frontal";"Com Vitimas Feridas";"Plena Noite";"Decrescente";"Nublado";"Simples";"Reta";"Sim";250348;"Automóvel";"GM/CORSA WIND";1996;"Condutor";"Lesoes Graves";36;"Masculino";0;0;1;0;"-26.37483359";"-48.71659127";"SR-SC";"DEL8/3";"UOP03/SC"
141462;308090;2018-06-20;"quarta-feira";"20:50:00";"SC";280;23,5;"ARAQUARI";"Sim";"Ingestao de alcool";1;"Colisao frontal";"Com Vitimas Feridas";"Plena Noite";"Decrescente";"Nublado";"Simples";"Reta";"Sim";250348;"Automóvel";"GM/CORSA WIND";1996;"Testemunha";"Nao Informado";NA;"Nao Informado";0;0;0;0;"-26.37483359";"-48.71659127";"SR-SC";"DEL8/3";"UOP03/SC"
141462;308091;2018-06-20;"quarta-feira";"20:50:00";"SC";280;23,5;"ARAQUARI";"Sim";"Ingestao de alcool";1;"Colisao frontal";"Com Vitimas Feridas";"Plena Noite";"Decrescente";"Nublado";"Simples";"Reta";"Sim";250348;"Automóvel";"GM/CORSA WIND";1996;"Testemunha";"Nao Informado";NA;"Nao Informado";0;0;0;0;"-26.37483359";"-48.71659127";"SR-SC";"DEL8/3";"UOP03/SC"
141462;308093;2018-06-20;"quarta-feira";"20:50:00";"SC";280;23,5;"ARAQUARI";"Sim";"Ingestao de alcool";1;"Colisao frontal";"Com Vitimas Feridas";"Plena Noite";"Decrescente";"Nublado";"Simples";"Reta";"Sim";250348;"Automóvel";"GM/CORSA WIND";1996;"Testemunha";"Nao Informado";NA;"Nao Informado";0;0;0;0;"-26.37483359";"-48.71659127";"SR-SC";"DEL8/3";"UOP03/SC"
141462;308094;2018-06-20;"quarta-feira";"20:50:00";"SC";280;23,5;"ARAQUARI";"Sim";"Ingestao de alcool";1;"Colisao frontal";"Com Vitimas Feridas";"Plena Noite";"Decrescente";"Nublado";"Simples";"Reta";"Sim";250348;"Automóvel";"GM/CORSA WIND";1996;"Testemunha";"Nao Informado";NA;"Nao Informado";0;0;0;0;"-26.37483359";"-48.71659127";"SR-SC";"DEL8/3";"UOP03/SC"
141464;306759;2018-06-20;"quarta-feira";"21:50:00";"SC";470;52,1;"BLUMENAU";"Sim";"Ingestao de alcool";1;"Colisao frontal";"Com Vitimas Fatais";"Plena Noite";"Crescente";"Nublado";"Simples";"Reta";"Sim";250317;"Motocicleta";"HONDA/CG 150 TITAN EX";2013;"Testemunha";"Nao Informado";NA;"Nao Informado";0;0;0;0;"-26.85975043";"-49.0758661";"SR-SC";"DEL8/4";"UOP01/SC"
141464;306746;2018-06-20;"quarta-feira";"21:50:00";"SC";470;52,1;"BLUMENAU";"Sim";"Ingestao de alcool";1;"Colisao frontal";"Com Vitimas Fatais";"Plena Noite";"Crescente";"Nublado";"Simples";"Reta";"Sim";250317;"Motocicleta";"HONDA/CG 150 TITAN EX";2013;"Condutor";"Óbito";30;"Masculino";0;0;0;1;"-26.85975043";"-49.0758661";"SR-SC";"DEL8/4";"UOP01/SC"
141464;306751;2018-06-20;"quarta-feira";"21:50:00";"SC";470;52,1;"BLUMENAU";"Sim";"Ingestao de alcool";1;"Colisao frontal";"Com Vitimas Fatais";"Plena Noite";"Crescente";"Nublado";"Simples";"Reta";"Sim";250318;"Camioneta";"I/HONDA CR-V LX";2010;"Condutor";"Ileso";52;"Masculino";1;0;0;0;"-26.85975043";"-49.0758661";"SR-SC";"DEL8/4";"UOP01/SC"
141464;306747;2018-06-20;"quarta-feira";"21:50:00";"SC";470;52,1;"BLUMENAU";"Sim";"Ingestao de alcool";1;"Colisao frontal";"Com Vitimas Fatais";"Plena Noite";"Crescente";"Nublado";"Simples";"Reta";"Sim";250317;"Motocicleta";"HONDA/CG 150 TITAN EX";2013;"Passageiro";"Óbito";25;"Masculino";0;0;0;1;"-26.85975043";"-49.0758661";"SR-SC";"DEL8/4";"UOP01/SC"
141468;306740;2018-06-20;"quarta-feira";"21:00:00";"PA";316;63,9;"CASTANHAL";"Sim";"Ingestao de alcool";1;"Colisao traseira";"Com Vitimas Feridas";"Plena Noite";"Crescente";"Garoa/Chuvisco";"Dupla";"Reta";"Sim";250306;"Automóvel";"I/CHEVROLET CLASSIC LS";2014;"Condutor";"Ileso";39;"Masculino";1;0;0;0;"-1.29627612";"-47.92030334";"SR-PA";"DEL19/1";"UOP02/PA"
141468;311287;2018-06-20;"quarta-feira";"21:00:00";"PA";316;63,9;"CASTANHAL";"Sim";"Ingestao de alcool";1;"Colisao traseira";"Com Vitimas Feridas";"Plena Noite";"Crescente";"Garoa/Chuvisco";"Dupla";"Reta";"Sim";253439;"Motocicleta";"HONDA/ML 125";NA;"Testemunha";"Nao Informado";NA;"Nao Informado";0;0;0;0;"-1.29627612";"-47.92030334";"SR-PA";"DEL19/1";"UOP02/PA"
141468;311286;2018-06-20;"quarta-feira";"21:00:00";"PA";316;63,9;"CASTANHAL";"Sim";"Ingestao de alcool";1;"Colisao traseira";"Com Vitimas Feridas";"Plena Noite";"Crescente";"Garoa/Chuvisco";"Dupla";"Reta";"Sim";253439;"Motocicleta";"HONDA/ML 125";NA;"Condutor";"Lesoes Graves";31;"Masculino";0;0;1;0;"-1.29627612";"-47.92030334";"SR-PA";"DEL19/1";"UOP02/PA"
141478;310899;2018-06-21;"quinta-feira";"00:00:00";"GO";40;9,3;"LUZIANIA";"Sim";"Ingestao de alcool";1;"Colisao traseira";"Com Vitimas Feridas";"Plena Noite";"Decrescente";"Ceu Claro";"Dupla";"Reta";"Sim";250324;"Automóvel";"FIAT/UNO ELECTRONIC";1993;"Passageiro";"Ileso";20;"Feminino";1;0;0;0;"-16.12895";"-47.959125";"SR-DF";"GO";"UOP01/DF"
141478;310907;2018-06-21;"quinta-feira";"00:00:00";"GO";40;9,3;"LUZIANIA";"Sim";"Ingestao de alcool";1;"Colisao traseira";"Com Vitimas Feridas";"Plena Noite";"Decrescente";"Ceu Claro";"Dupla";"Reta";"Sim";250324;"Automóvel";"FIAT/UNO ELECTRONIC";1993;"Passageiro";"Ileso";NA;"Masculino";1;0;0;0;"-16.12895";"-47.959125";"SR-DF";"GO";"UOP01/DF"
141478;310897;2018-06-21;"quinta-feira";"00:00:00";"GO";40;9,3;"LUZIANIA";"Sim";"Ingestao de alcool";1;"Colisao traseira";"Com Vitimas Feridas";"Plena Noite";"Decrescente";"Ceu Claro";"Dupla";"Reta";"Sim";250324;"Automóvel";"FIAT/UNO ELECTRONIC";1993;"Condutor";"Lesoes Leves";33;"Masculino";0;1;0;0;"-16.12895";"-47.959125";"SR-DF";"GO";"UOP01/DF"
141478;310908;2018-06-21;"quinta-feira";"00:00:00";"GO";40;9,3;"LUZIANIA";"Sim";"Ingestao de alcool";1;"Colisao traseira";"Com Vitimas Feridas";"Plena Noite";"Decrescente";"Ceu Claro";"Dupla";"Reta";"Sim";250325;"Automóvel";"RENAULT/LOGAN EXPR 16 M";2013;"Condutor";"Ileso";40;"Masculino";1;0;0;0;"-16.12895";"-47.959125";"SR-DF";"GO";"UOP01/DF"
141482;308105;2018-06-20;"quarta-feira";"23:40:00";"SP";116;185;"SANTA ISABEL";"Sim";"Ingestao de alcool";1;"Colisao traseira";"Sem Vitimas";"Plena Noite";"Decrescente";"Ceu Claro";"Dupla";"Reta";"Nao";250381;"Caminhao";"M.BENZ/1215 C";2001;"Condutor";"Ileso";47;"Masculino";1;0;0;0;"-23.35199292";"-46.18776262";"SR-SP";"DEL6/2";"UOP01/SP"
141482;308106;2018-06-20;"quarta-feira";"23:40:00";"SP";116;185;"SANTA ISABEL";"Sim";"Ingestao de alcool";1;"Colisao traseira";"Sem Vitimas";"Plena Noite";"Decrescente";"Ceu Claro";"Dupla";"Reta";"Nao";250382;"Caminhao-trator";"SCANIA/L111S";1981;"Condutor";"Ileso";42;"Masculino";1;0;0;0;"-23.35199292";"-46.18776262";"SR-SP";"DEL6/2";"UOP01/SP"
141579;306990;2018-06-21;"quinta-feira";"15:15:00";"SC";101;26,7;"JOINVILLE";"Sim";"Ingestao de alcool";1;"Colisao lateral";"Com Vitimas Feridas";"Pleno dia";"Crescente";"Ceu Claro";"Dupla";"Reta";"Nao";250498;"Camioneta";"FORD/F1000 4X4 D";1994;"Condutor";"Ileso";67;"Masculino";1;0;0;0;"-26.2015";"-48.9132";"SR-SC";"DEL8/3";"UOP01/SC"
141579;306992;2018-06-21;"quinta-feira";"15:15:00";"SC";101;26,7;"JOINVILLE";"Sim";"Ingestao de alcool";1;"Colisao lateral";"Com Vitimas Feridas";"Pleno dia";"Crescente";"Ceu Claro";"Dupla";"Reta";"Nao";250499;"Bicicleta";"";NA;"Condutor";"Lesoes Leves";63;"Masculino";0;1;0;0;"-26.2015";"-48.9132";"SR-SC";"DEL8/3";"UOP01/SC"
141654;307132;2018-06-21;"quinta-feira";"21:35:00";"PE";104;71,8;"CARUARU";"Sim";"Ingestao de alcool";1;"Saida de leito carrocavel";"Sem Vitimas";"Plena Noite";"Decrescente";"Ceu Claro";"Dupla";"Reta";"Nao";250641;"Automóvel";"CHEVROLET/CRUZE LT NB";2013;"Condutor";"Ileso";30;"Masculino";1;0;0;0;"-8.33088644";"-35.98228455";"SR-PE";"DEL11/2";"UOP01/PE"
141668;309069;2018-06-22;"sexta-feira";"00:15:00";"SC";101;195;"BIGUACU";"Sim";"Ingestao de alcool";1;"Colisao traseira";"Sem Vitimas";"Plena Noite";"Decrescente";"Ceu Claro";"Dupla";"Reta";"Sim";252183;"Automóvel";"GM/ASTRA SEDAN ELEGANCE";2004;"Condutor";"Ileso";25;"Masculino";1;0;0;0;"-27.50751587";"-48.64649525";"SR-SC";"DEL8/1";"UOP01/SC"
141668;309066;2018-06-22;"sexta-feira";"00:15:00";"SC";101;195;"BIGUACU";"Sim";"Ingestao de alcool";1;"Colisao traseira";"Sem Vitimas";"Plena Noite";"Decrescente";"Ceu Claro";"Dupla";"Reta";"Sim";252180;"Automóvel";"I/PEUGEOT 307 16 PR PK";2009;"Condutor";"Ileso";24;"Masculino";1;0;0;0;"-27.50751587";"-48.64649525";"SR-SC";"DEL8/1";"UOP01/SC"
141669;309145;2018-06-22;"sexta-feira";"00:05:00";"RJ";393;289;"VOLTA REDONDA";"Sim";"Ingestao de alcool";1;"Colisao traseira";"Com Vitimas Feridas";"Plena Noite";"Crescente";"Ceu Claro";"Dupla";"Reta";"Sim";252227;"Automóvel";"FIAT/PALIO FIRE";2002;"Condutor";"Lesoes Leves";45;"Masculino";0;1;0;0;"-22.5177626";"-44.1081256";"SR-RJ";"DEL5/5";"UOP02/RJ"
141669;309147;2018-06-22;"sexta-feira";"00:05:00";"RJ";393;289;"VOLTA REDONDA";"Sim";"Ingestao de alcool";1;"Colisao traseira";"Com Vitimas Feridas";"Plena Noite";"Crescente";"Ceu Claro";"Dupla";"Reta";"Sim";252227;"Automóvel";"FIAT/PALIO FIRE";2002;"Passageiro";"Ileso";48;"Masculino";1;0;0;0;"-22.5177626";"-44.1081256";"SR-RJ";"DEL5/5";"UOP02/RJ"
141669;309146;2018-06-22;"sexta-feira";"00:05:00";"RJ";393;289;"VOLTA REDONDA";"Sim";"Ingestao de alcool";1;"Colisao traseira";"Com Vitimas Feridas";"Plena Noite";"Crescente";"Ceu Claro";"Dupla";"Reta";"Sim";252229;"Camioneta";"HYUNDAI/TUCSON GLSB";2014;"Condutor";"Ileso";48;"Masculino";1;0;0;0;"-22.5177626";"-44.1081256";"SR-RJ";"DEL5/5";"UOP02/RJ"
141672;311219;2018-06-21;"quinta-feira";"23:45:00";"MG";262;488,7;"BOM DESPACHO";"Sim";"Ingestao de alcool";1;"Danos eventuais";"Sem Vitimas";"Plena Noite";"Decrescente";"Ceu Claro";"Simples";"Nao Informado";"Nao";251013;"Caminhao-trator";"SCANIA/R 440 A6X4";2014;"Condutor";"Ileso";57;"Masculino";1;0;0;0;"-19.78245357";"-45.36452293";"SR-MG";"DEL4/8";"UOP03/MG"
141673;308656;2018-06-22;"sexta-feira";"00:30:00";"GO";50;280,6;"CATALAO";"Sim";"Ingestao de alcool";1;"Colisao com objeto estatico";"Com Vitimas Feridas";"Plena Noite";"Crescente";"Ignorado";"Simples";"Nao Informado";"Sim";251820;"Motocicleta";"HONDA/CG 125 FAN ES";2010;"Condutor";"Lesoes Leves";49;"Masculino";0;1;0;0;"-18.1815723";"-47.94096708";"SR-GO";"DEL1/6";"UOP01/GO"
141676;310451;2018-06-22;"sexta-feira";"02:20:00";"RN";226;175,3;"CURRAIS NOVOS";"Sim";"Ingestao de alcool";1;"Queda de ocupante de veiculo";"Com Vitimas Feridas";"Plena Noite";"Crescente";"Ceu Claro";"Simples";"Curva";"Sim";252902;"Motocicleta";"HONDA/CG 150 FAN ESI";2011;"Condutor";"Lesoes Leves";29;"Masculino";0;1;0;0;"-6.25717796";"-36.51193667";"SR-RN";"DEL15/3";"UOP02/RN"
141678;309219;2018-06-22;"sexta-feira";"02:50:00";"PR";376;494,9;"PONTA GROSSA";"Sim";"Ingestao de alcool";1;"Saida de leito carrocavel";"Sem Vitimas";"Plena Noite";"Crescente";"Nublado";"Dupla";"Reta";"Sim";252287;"Automóvel";"RENAULT/LOGAN AUT 1016V";2013;"Condutor";"Ileso";NA;"Masculino";1;0;0;0;"-25.1330856";"-50.16790599";"SR-PR";"DEL7/3";"UOP03/PR"
141686;308657;2018-06-22;"sexta-feira";"01:50:00";"MG";40;773;"JUIZ DE FORA";"Sim";"Ingestao de alcool";1;"Colisao com objeto estatico";"Sem Vitimas";"Plena Noite";"Decrescente";"Nevoeiro/Neblina";"Dupla";"Reta";"Nao";251822;"Automóvel";"FIAT/TIPO 1.6 MPI";1996;"Condutor";"Ileso";37;"Masculino";1;0;0;0;"-21.64466417";"-43.43513489";"SR-MG";"DEL4/5";"UOP01/MG"
141708;307183;2018-06-17;"domingo";"18:30:00";"MS";163;834;"SONORA";"Nao";"Ingestao de alcool";1;"Saida de leito carrocavel";"Com Vitimas Feridas";"Plena Noite";"Crescente";"Ceu Claro";"Simples";"Desvio Temporario";"Nao";250680;"Automóvel";"FIAT/UNO MILLE WAY ECON";2010;"Passageiro";"Lesoes Leves";22;"Masculino";0;1;0;0;"-17.615897";"-54.744268";"SR-MS";"DEL3/6";"UOP01/MS"
141708;307182;2018-06-17;"domingo";"18:30:00";"MS";163;834;"SONORA";"Nao";"Ingestao de alcool";1;"Saida de leito carrocavel";"Com Vitimas Feridas";"Plena Noite";"Crescente";"Ceu Claro";"Simples";"Desvio Temporario";"Nao";250680;"Automóvel";"FIAT/UNO MILLE WAY ECON";2010;"Condutor";"Lesoes Graves";47;"Masculino";0;0;1;0;"-17.615897";"-54.744268";"SR-MS";"DEL3/6";"UOP01/MS"
141730;307566;2018-06-22;"sexta-feira";"11:50:00";"GO";80;13;"PADRE BERNARDO";"Sim";"Ingestao de alcool";1;"Tombamento";"Com Vitimas Feridas";"Pleno dia";"Crescente";"Ceu Claro";"Simples";"Curva";"Nao";251014;"Caminhao";"VOLVO/VM 330 8X2R";2015;"Condutor";"Lesoes Leves";54;"Masculino";0;1;0;0;"-15.434683";"-48.19275";"SR-DF";"GO";"UOP06/DF"
141756;311336;2018-06-22;"sexta-feira";"14:05:00";"PR";376;596,2;"CURITIBA";"Sim";"Ingestao de alcool";3;"Capotamento";"Sem Vitimas";"Pleno dia";"Decrescente";"Ceu Claro";"Dupla";"Reta";"Sim";250845;"Caminhao-trator";"M.BENZ/AXOR 2536 LS";2016;"Condutor";"Ileso";30;"Masculino";1;0;0;0;"-25.49604467";"-49.3427968";"SR-PR";"DEL7/1";"UOP04/PR"
141756;311334;2018-06-22;"sexta-feira";"14:05:00";"PR";376;596,2;"CURITIBA";"Sim";"Ingestao de alcool";3;"Capotamento";"Sem Vitimas";"Pleno dia";"Decrescente";"Ceu Claro";"Dupla";"Reta";"Sim";250844;"Automóvel";"FIAT/SIENA FIRE";2002;"Condutor";"Ileso";58;"Masculino";1;0;0;0;"-25.49604467";"-49.3427968";"SR-PR";"DEL7/1";"UOP04/PR"
141756;311335;2018-06-22;"sexta-feira";"14:05:00";"PR";376;596,2;"CURITIBA";"Sim";"Ingestao de alcool";3;"Capotamento";"Sem Vitimas";"Pleno dia";"Decrescente";"Ceu Claro";"Dupla";"Reta";"Sim";250846;"Automóvel";"FIAT/SIENA FIRE FLEX";2006;"Condutor";"Ileso";49;"Masculino";1;0;0;0;"-25.49604467";"-49.3427968";"SR-PR";"DEL7/1";"UOP04/PR"
141798;309315;2018-06-22;"sexta-feira";"17:00:00";"PR";376;616;"SAO JOSE DOS PINHAIS";"Sim";"Ingestao de alcool";2;"Colisao com objeto estatico";"Sem Vitimas";"Pleno dia";"Crescente";"Sol";"Dupla";"Nao Informado";"Sim";250816;"Automóvel";"GM/ASTRA HB 2P COMFORT";2004;"Condutor";"Ileso";30;"Masculino";1;0;0;0;"-25.58400528";"-49.17664968";"SR-PR";"DEL7/1";"UOP08/PR"
141805;310077;2018-06-22;"sexta-feira";"18:00:00";"GO";40;7;"VALPARAISO DE GOIAS";"Sim";"Ingestao de alcool";1;"Atropelamento de Pedestre";"Com Vitimas Feridas";"Pleno dia";"Decrescente";"Ceu Claro";"Dupla";"Reta";"Sim";252656;"Motocicleta";"";NA;"Pedestre";"Lesoes Leves";35;"Masculino";0;1;0;0;"-16.1057311";"-47.97396898";"SR-DF";"GO";"UOP01/DF"
141805;310076;2018-06-22;"sexta-feira";"18:00:00";"GO";40;7;"VALPARAISO DE GOIAS";"Sim";"Ingestao de alcool";1;"Atropelamento de Pedestre";"Com Vitimas Feridas";"Pleno dia";"Decrescente";"Ceu Claro";"Dupla";"Reta";"Sim";252656;"Motocicleta";"";NA;"Condutor";"Ileso";NA;"Ignorado";1;0;0;0;"-16.1057311";"-47.97396898";"SR-DF";"GO";"UOP01/DF"
141810;309282;2018-06-22;"sexta-feira";"19:10:00";"SC";101;206;"SAO JOSE";"Sim";"Ingestao de alcool";1;"Colisao traseira";"Com Vitimas Feridas";"Plena Noite";"Decrescente";"Nublado";"Multipla";"Reta";"Sim";250852;"Automóvel";"CITROEN/C3 GLX 14 FLEX";2011;"Condutor";"Ileso";38;"Feminino";1;0;0;0;"-27.6001";"-48.6225";"SR-SC";"DEL8/1";"UOP01/SC"
141810;309261;2018-06-22;"sexta-feira";"19:10:00";"SC";101;206;"SAO JOSE";"Sim";"Ingestao de alcool";1;"Colisao traseira";"Com Vitimas Feridas";"Plena Noite";"Decrescente";"Nublado";"Multipla";"Reta";"Sim";250851;"Automóvel";"FORD/FIESTA STREET";2002;"Condutor";"Ileso";29;"Masculino";1;0;0;0;"-27.6001";"-48.6225";"SR-SC";"DEL8/1";"UOP01/SC"
141810;309287;2018-06-22;"sexta-feira";"19:10:00";"SC";101;206;"SAO JOSE";"Sim";"Ingestao de alcool";1;"Colisao traseira";"Com Vitimas Feridas";"Plena Noite";"Decrescente";"Nublado";"Multipla";"Reta";"Sim";250853;"Motocicleta";"HONDA/CG 150 FAN ESI";2012;"Condutor";"Ileso";35;"Masculino";1;0;0;0;"-27.6001";"-48.6225";"SR-SC";"DEL8/1";"UOP01/SC"
141810;309288;2018-06-22;"sexta-feira";"19:10:00";"SC";101;206;"SAO JOSE";"Sim";"Ingestao de alcool";1;"Colisao traseira";"Com Vitimas Feridas";"Plena Noite";"Decrescente";"Nublado";"Multipla";"Reta";"Sim";250854;"Motocicleta";"HONDA/XRE 300";2014;"Condutor";"Lesoes Leves";33;"Masculino";0;1;0;0;"-27.6001";"-48.6225";"SR-SC";"DEL8/1";"UOP01/SC"
141833;307472;2018-06-22;"sexta-feira";"17:50:00";"MA";135;195,8;"ALTO ALEGRE DO MARANHAO";"Sim";"Ingestao de alcool";1;"Colisao com objeto estatico";"Com Vitimas Feridas";"Anoitecer";"Crescente";"Ignorado";"Simples";"Reta";"Nao";250871;"Motocicleta";"HONDA/CG 150 TITAN KS";2008;"Condutor";"Lesoes Graves";48;"Masculino";0;0;1;0;"-4.17864851";"-44.46853638";"SR-MA";"DEL18/3";"UOP01/MA"
141833;307413;2018-06-22;"sexta-feira";"17:50:00";"MA";135;195,8;"ALTO ALEGRE DO MARANHAO";"Sim";"Ingestao de alcool";1;"Colisao com objeto estatico";"Com Vitimas Feridas";"Anoitecer";"Crescente";"Ignorado";"Simples";"Reta";"Nao";250870;"Automóvel";"I/GM CLASSIC LIFE";2007;"Condutor";"Lesoes Graves";28;"Masculino";0;0;1;0;"-4.17864851";"-44.46853638";"SR-MA";"DEL18/3";"UOP01/MA"