"id";"pesid";"data_inversa";"dia_semana";"horario";"uf";"br";"km";"municipio";"causa_principal";"causa_acidente";"ordem_tipo_acidente";"tipo_acidente";"classificacao_acidente";"fase_dia";"sentido_via";"condicao_metereologica";"tipo_pista";"tracado_via";"uso_solo";"id_veiculo";"tipo_veiculo";"marca";"ano_fabricacao_veiculo";"tipo_envolvido";"estado_fisico";"idade";"sexo";"ilesos";"feridos_leves";"feridos_graves";"mortos";"latitude";"longitude";"regional";"delegacia";"uop"
142422;310834;2018-06-25;"segunda-feira";"09:15:00";"PI";316;308;"PICOS";"Sim";"Ingestao de alcool";1;"Colisao lateral";"Com Vitimas Feridas";"Pleno dia";"Decrescente";"Ceu Claro";"Simples";"Reta";"Sim";251976;"Caminhonete";"MMC/L200 OUTDOOR";2008;"Condutor";"Ileso";70;"Masculino";1;0;0;0;"-7.07777844";"-41.48321629";"SR-PI";"DEL17/4";"UOP01/PI"
142422;310829;2018-06-25;"segunda-feira";"09:15:00";"PI";316;308;"PICOS";"Sim";"Ingestao de alcool";1;"Colisao lateral";"Com Vitimas Feridas";"Pleno dia";"Decrescente";"Ceu Claro";"Simples";"Reta";"Sim";251975;"Motocicleta";"HONDA/NXR125 BROS ES";2005;"Condutor";"Lesoes Leves";50;"Masculino";0;1;0;0;"-7.07777844";"-41.48321629";"SR-PI";"DEL17/4";"UOP01/PI"
142463;308866;2018-06-25;"segunda-feira";"13:50:00";"SP";116;282;"EMBU DAS ARTES";"Sim";"Ingestao de alcool";1;"Colisao com objeto estatico";"Com Vitimas Feridas";"Pleno dia";"Crescente";"Ceu Claro";"Dupla";"Curva";"Nao";251992;"Automóvel";"I/FIAT SIENA EL FLEX";2009;"Condutor";"Lesoes Leves";56;"Masculino";0;1;0;0;"-23.6889767";"-46.8617755";"SR-SP";"DEL6/4";"UOP01/SP"
142476;309110;2018-06-25;"segunda-feira";"15:15:00";"AL";104;91;"RIO LARGO";"Sim";"Ingestao de alcool";1;"Queda de ocupante de veiculo";"Com Vitimas Feridas";"Pleno dia";"Crescente";"Ceu Claro";"Dupla";"Reta";"Sim";252208;"Motocicleta";"HONDA/POP100";2008;"Condutor";"Lesoes Graves";NA;"Masculino";0;0;1;0;"-9.504678";"-35.809657";"SR-AL";"DEL13/1";"UOP01/AL"
142491;311900;2018-06-25;"segunda-feira";"16:00:00";"BA";407;125,4;"SENHOR DO BONFIM";"Sim";"Ingestao de alcool";1;"Atropelamento de Pedestre";"Com Vitimas Feridas";"Pleno dia";"Crescente";"Ceu Claro";"Simples";"Nao Informado";"Sim";254056;"Automóvel";"";NA;"Condutor";"Nao Informado";NA;"Nao Informado";0;0;0;0;"-10.4513466";"-40.1833246";"SR-BA";"DEL10/4";"UOP01/BA"
142491;311875;2018-06-25;"segunda-feira";"16:00:00";"BA";407;125,4;"SENHOR DO BONFIM";"Sim";"Ingestao de alcool";1;"Atropelamento de Pedestre";"Com Vitimas Feridas";"Pleno dia";"Crescente";"Ceu Claro";"Simples";"Nao Informado";"Sim";254056;"Automóvel";"";NA;"Pedestre";"Lesoes Leves";26;"Feminino";0;1;0;0;"-10.4513466";"-40.1833246";"SR-BA";"DEL10/4";"UOP01/BA"
142572;311625;2018-06-25;"segunda-feira";"21:30:00";"SC";470;54,1;"BLUMENAU";"Sim";"Ingestao de alcool";1;"Saida de leito carrocavel";"Sem Vitimas";"Plena Noite";"Crescente";"Chuva";"Simples";"Curva";"Nao";253748;"Caminhonete";"FIAT/FIORINO 1.4 FLEX";2015;"Condutor";"Ileso";49;"Masculino";1;0;0;0;"-26.87146837";"-49.11162257";"SR-SC";"DEL8/4";"UOP01/SC"
142649;310236;2018-06-26;"terca-feira";"13:00:00";"PR";153;335;"IRATI";"Sim";"Ingestao de alcool";1;"Colisao frontal";"Com Vitimas Feridas";"Pleno dia";"Decrescente";"Ceu Claro";"Simples";"Curva";"Sim";252574;"Automóvel";"GM/CORSA SEDAN";2002;"Passageiro";"Lesoes Graves";52;"Feminino";0;0;1;0;"-25.48494628";"-50.64173162";"SR-PR";"DEL7/3";"UOP04/PR"
142649;310202;2018-06-26;"terca-feira";"13:00:00";"PR";153;335;"IRATI";"Sim";"Ingestao de alcool";1;"Colisao frontal";"Com Vitimas Feridas";"Pleno dia";"Decrescente";"Ceu Claro";"Simples";"Curva";"Sim";252574;"Automóvel";"GM/CORSA SEDAN";2002;"Condutor";"Lesoes Leves";59;"Masculino";0;1;0;0;"-25.48494628";"-50.64173162";"SR-PR";"DEL7/3";"UOP04/PR"
142649;310238;2018-06-26;"terca-feira";"13:00:00";"PR";153;335;"IRATI";"Sim";"Ingestao de alcool";1;"Colisao frontal";"Com Vitimas Feridas";"Pleno dia";"Decrescente";"Ceu Claro";"Simples";"Curva";"Sim";252575;"Camioneta";"I/LIFAN X60 1.8L VVT";2014;"Condutor";"Lesoes Leves";53;"Feminino";0;1;0;0;"-25.48494628";"-50.64173162";"SR-PR";"DEL7/3";"UOP04/PR"
142765;312305;2018-06-26;"terca-feira";"16:50:00";"GO";40;34;"LUZIANIA";"Sim";"Ingestao de alcool";1;"Atropelamento de Pedestre";"Com Vitimas Feridas";"Pleno dia";"Crescente";"Ceu Claro";"Dupla";"Reta";"Nao";252793;"Motoneta";"HONDA/C100 BIZ";2002;"Condutor";"Lesoes Graves";30;"Masculino";0;0;1;0;"-16.307704";"-47.843207";"SR-DF";"GO";"UOP01/DF"
142765;312306;2018-06-26;"terca-feira";"16:50:00";"GO";40;34;"LUZIANIA";"Sim";"Ingestao de alcool";1;"Atropelamento de Pedestre";"Com Vitimas Feridas";"Pleno dia";"Crescente";"Ceu Claro";"Dupla";"Reta";"Nao";252793;"Motoneta";"HONDA/C100 BIZ";2002;"Pedestre";"Lesoes Graves";54;"Masculino";0;0;1;0;"-16.307704";"-47.843207";"SR-DF";"GO";"UOP01/DF"
142782;310138;2018-06-26;"terca-feira";"17:50:00";"BA";324;521;"FEIRA DE SANTANA";"Sim";"Ingestao de alcool";2;"Queda de ocupante de veiculo";"Com Vitimas Feridas";"Anoitecer";"Decrescente";"Chuva";"Dupla";"Reta";"Nao";252671;"Motocicleta";"YAMAHA/FACTOR YBR125 E";2009;"Pedestre";"Lesoes Leves";NA;"Masculino";0;1;0;0;"-12.2872374";"-38.9150447";"SR-BA";"DEL10/1";"UOP01/BA"
142782;310136;2018-06-26;"terca-feira";"17:50:00";"BA";324;521;"FEIRA DE SANTANA";"Sim";"Ingestao de alcool";2;"Queda de ocupante de veiculo";"Com Vitimas Feridas";"Anoitecer";"Decrescente";"Chuva";"Dupla";"Reta";"Nao";252671;"Motocicleta";"YAMAHA/FACTOR YBR125 E";2009;"Condutor";"Lesoes Leves";54;"Masculino";0;1;0;0;"-12.2872374";"-38.9150447";"SR-BA";"DEL10/1";"UOP01/BA"
142798;310330;2018-06-26;"terca-feira";"18:20:00";"BA";367;67,7;"EUNAPOLIS";"Sim";"Ingestao de alcool";1;"Colisao lateral";"Com Vitimas Feridas";"Anoitecer";"Decrescente";"Ceu Claro";"Simples";"Reta";"Nao";252728;"Caminhao-trator";"M.BENZ/AXOR 3344S6X4";2017;"Condutor";"Ileso";45;"Masculino";1;0;0;0;"-16.384632";"-39.442307";"SR-BA";"DEL10/9";"UOP01/BA"
142798;310329;2018-06-26;"terca-feira";"18:20:00";"BA";367;67,7;"EUNAPOLIS";"Sim";"Ingestao de alcool";1;"Colisao lateral";"Com Vitimas Feridas";"Anoitecer";"Decrescente";"Ceu Claro";"Simples";"Reta";"Nao";252727;"Motocicleta";"HONDA/NXR150 BROS ES";2012;"Condutor";"Lesoes Graves";32;"Masculino";0;0;1;0;"-16.384632";"-39.442307";"SR-BA";"DEL10/9";"UOP01/BA"
142803;310249;2018-06-26;"terca-feira";"19:00:00";"BA";101;168;"FEIRA DE SANTANA";"Sim";"Ingestao de alcool";1;"Colisao transversal";"Sem Vitimas";"Plena Noite";"Crescente";"Ceu Claro";"Simples";"Reta";"Nao";252686;"Automóvel";"FIAT/DOBLO HLX 1.8 FLEX";2010;"Condutor";"Ileso";44;"Masculino";1;0;0;0;"-12.3602452";"-38.8349302";"SR-BA";"DEL10/1";"UOP03/BA"
142803;310298;2018-06-26;"terca-feira";"19:00:00";"BA";101;168;"FEIRA DE SANTANA";"Sim";"Ingestao de alcool";1;"Colisao transversal";"Sem Vitimas";"Plena Noite";"Crescente";"Ceu Claro";"Simples";"Reta";"Nao";252764;"Caminhao";"VW/24.280 CRM 6X2";2015;"Condutor";"Ileso";58;"Masculino";1;0;0;0;"-12.3602452";"-38.8349302";"SR-BA";"DEL10/1";"UOP03/BA"
142827;310252;2018-06-26;"terca-feira";"20:30:00";"SC";153;111,8;"CONCORDIA";"Sim";"Ingestao de alcool";1;"Saida de leito carrocavel";"Com Vitimas Feridas";"Plena Noite";"Crescente";"Garoa/Chuvisco";"Simples";"Reta";"Nao";252769;"Automóvel";"VW/GOL SPECIAL";1999;"Condutor";"Lesoes Graves";32;"Masculino";0;0;1;0;"-27.332684";"-51.976712";"SR-SC";"DEL8/7";"UOP03/SC"
142832;311567;2018-06-26;"terca-feira";"22:50:00";"PI";402;43;"PARNAIBA";"Sim";"Ingestao de alcool";1;"Colisao traseira";"Sem Vitimas";"Plena Noite";"Decrescente";"Ceu Claro";"Simples";"Reta";"Nao";252777;"Automóvel";"HONDA/FIT LX";2007;"Condutor";"Ileso";54;"Masculino";1;0;0;0;"-2.932223";"-41.754227";"SR-PI";"DEL17/5";"UOP01/PI"
142929;310531;2018-06-09;"sabado";"20:30:00";"MS";262;516;"AQUIDAUANA";"Sim";"Ingestao de alcool";1;"Tombamento";"Com Vitimas Feridas";"Plena Noite";"Crescente";"Ceu Claro";"Simples";"Reta";"Nao";252970;"Motocicleta";"YAMAHA/YBR150 FACTOR E";2017;"Condutor";"Lesoes Graves";34;"Masculino";0;0;1;0;"-20.41294637";"-56.06486857";"SR-MS";"DEL3/3";"UOP01/MS"
142979;310813;2018-06-27;"quarta-feira";"20:05:00";"PR";277;77;"SAO JOSE DOS PINHAIS";"Sim";"Ingestao de alcool";1;"Colisao traseira";"Com Vitimas Feridas";"Plena Noite";"Decrescente";"Nublado";"Dupla";"Reta";"Nao";253080;"Automóvel";"TOYOTA/COROLLA GLI18 CVT";2016;"Condutor";"Ileso";56;"Masculino";1;0;0;0;"-25.53097949";"-49.08639908";"SR-PR";"DEL7/1";"UOP01/PR"
142979;310815;2018-06-27;"quarta-feira";"20:05:00";"PR";277;77;"SAO JOSE DOS PINHAIS";"Sim";"Ingestao de alcool";1;"Colisao traseira";"Com Vitimas Feridas";"Plena Noite";"Decrescente";"Nublado";"Dupla";"Reta";"Nao";253080;"Automóvel";"TOYOTA/COROLLA GLI18 CVT";2016;"Passageiro";"Lesoes Leves";43;"Feminino";0;1;0;0;"-25.53097949";"-49.08639908";"SR-PR";"DEL7/1";"UOP01/PR"
142979;310812;2018-06-27;"quarta-feira";"20:05:00";"PR";277;77;"SAO JOSE DOS PINHAIS";"Sim";"Ingestao de alcool";1;"Colisao traseira";"Com Vitimas Feridas";"Plena Noite";"Decrescente";"Nublado";"Dupla";"Reta";"Nao";253079;"Automóvel";"FORD/FIESTA 1.6 FLEX";2005;"Condutor";"Lesoes Leves";44;"Masculino";0;1;0;0;"-25.53097949";"-49.08639908";"SR-PR";"DEL7/1";"UOP01/PR"
142981;310698;2018-06-27;"quarta-feira";"17:10:00";"RO";364;343,8;"JI-PARANA";"Sim";"Ingestao de alcool e/ou substâncias psicoativas pelo pedestre";1;"Engavetamento";"Sem Vitimas";"Pleno dia";"Decrescente";"Ceu Claro";"Multipla";"Reta";"Sim";253046;"Automóvel";"I/FIAT SIENA ELX FLEX";2009;"Condutor";"Ileso";31;"Masculino";1;0;0;0;"-10.878848";"-61.944893";"SR-RO";"DEL21/2";"UOP01/RO"
142981;310697;2018-06-27;"quarta-feira";"17:10:00";"RO";364;343,8;"JI-PARANA";"Sim";"Ingestao de alcool e/ou substâncias psicoativas pelo pedestre";1;"Engavetamento";"Sem Vitimas";"Pleno dia";"Decrescente";"Ceu Claro";"Multipla";"Reta";"Sim";253045;"Automóvel";"CHEV/PRISMA 1.4MT LT";2016;"Condutor";"Ileso";45;"Masculino";1;0;0;0;"-10.878848";"-61.944893";"SR-RO";"DEL21/2";"UOP01/RO"
142981;310703;2018-06-27;"quarta-feira";"17:10:00";"RO";364;343,8;"JI-PARANA";"Sim";"Ingestao de alcool e/ou substâncias psicoativas pelo pedestre";1;"Engavetamento";"Sem Vitimas";"Pleno dia";"Decrescente";"Ceu Claro";"Multipla";"Reta";"Sim";253047;"Automóvel";"FIAT/PALIO HLX FLEX";2005;"Condutor";"Ileso";26;"Masculino";1;0;0;0;"-10.878848";"-61.944893";"SR-RO";"DEL21/2";"UOP01/RO"
142988;310639;2018-06-27;"quarta-feira";"19:00:00";"RJ";101;484;"ANGRA DOS REIS";"Sim";"Ingestao de alcool";1;"Saida de leito carrocavel";"Com Vitimas Feridas";"Plena Noite";"Decrescente";"Nublado";"Simples";"Curva";"Nao";253058;"Automóvel";"I/KIA CERATO SX3 1.6ATNB";2010;"Condutor";"Lesoes Leves";33;"Feminino";0;1;0;0;"-22.993499";"-44.302649";"SR-RJ";"DEL5/3";"UOP02/RJ"
142993;311746;2018-06-27;"quarta-feira";"19:10:00";"PR";376;614,9;"SAO JOSE DOS PINHAIS";"Sim";"Ingestao de alcool";1;"Colisao com objeto estatico";"Sem Vitimas";"Plena Noite";"Crescente";"Ceu Claro";"Dupla";"Intersecao de vias";"Nao";253932;"Caminhao-trator";"SCANIA/R113 H 4X2 360";1995;"Condutor";"Ileso";42;"Masculino";1;0;0;0;"-25.57917509";"-49.1785783";"SR-PR";"DEL7/1";"UOP01/PR"
143021;310802;2018-06-27;"quarta-feira";"20:00:00";"RO";319;62;"PORTO VELHO";"Nao";"Ingestao de alcool";1;"Colisao lateral";"Sem Vitimas";"Plena Noite";"Crescente";"Ceu Claro";"Dupla";"Retorno Regulamentado";"Sim";253185;"Automóvel";"VW/UP TAKE MA";2014;"Condutor";"Ileso";33;"Masculino";1;0;0;0;"-8.75415847";"-63.887043";"SR-RO";"DEL21/1";"UOP01/RO"
143021;310804;2018-06-27;"quarta-feira";"20:00:00";"RO";319;62;"PORTO VELHO";"Nao";"Ingestao de alcool";1;"Colisao lateral";"Sem Vitimas";"Plena Noite";"Crescente";"Ceu Claro";"Dupla";"Retorno Regulamentado";"Sim";253186;"Camioneta";"I/CHERY TIGGO FL 2.0 AT";2014;"Condutor";"Ileso";32;"Masculino";1;0;0;0;"-8.75415847";"-63.887043";"SR-RO";"DEL21/1";"UOP01/RO"
143023;310720;2018-06-27;"quarta-feira";"18:30:00";"RO";364;426,8;"JARU";"Sim";"Ingestao de alcool";1;"Queda de ocupante de veiculo";"Com Vitimas Feridas";"Anoitecer";"Crescente";"Ceu Claro";"Simples";"Rotatória";"Sim";253092;"Motocicleta";"HONDA/NXR150 BROS ES";2014;"Condutor";"Lesoes Leves";37;"Masculino";0;1;0;0;"-10.42689781";"-62.48818785";"SR-RO";"DEL21/3";"UOP02/RO"
143034;312432;2018-06-27;"quarta-feira";"22:29:00";"SP";116;156,4;"SAO JOSE DOS CAMPOS";"Sim";"Ingestao de alcool";1;"Capotamento";"Com Vitimas Feridas";"Plena Noite";"Crescente";"Nublado";"Dupla";"Reta";"Sim";253181;"Automóvel";"VW/GOL 1.0";2009;"Condutor";"Lesoes Leves";23;"Masculino";0;1;0;0;"-23.25104622";"-45.93697071";"SR-SP";"DEL6/2";"UOP01/SP"
143038;312549;2018-06-27;"quarta-feira";"23:20:00";"RN";101;106,7;"PARNAMIRIM";"Sim";"Ingestao de alcool";1;"Colisao traseira";"Com Vitimas Feridas";"Plena Noite";"Crescente";"Ceu Claro";"Dupla";"Intersecao de vias";"Sim";253230;"Automóvel";"FIAT/UNO MILLE FIRE FLEX";2005;"Condutor";"Ileso";36;"Masculino";1;0;0;0;"-5.91502072";"-35.26251018";"SR-RN";"DEL15/1";"UOP01/RN"
143038;312552;2018-06-27;"quarta-feira";"23:20:00";"RN";101;106,7;"PARNAMIRIM";"Sim";"Ingestao de alcool";1;"Colisao traseira";"Com Vitimas Feridas";"Plena Noite";"Crescente";"Ceu Claro";"Dupla";"Intersecao de vias";"Sim";253231;"Automóvel";"I/KIA CERATO EX2 1.6L";2010;"Condutor";"Lesoes Leves";32;"Feminino";0;1;0;0;"-5.91502072";"-35.26251018";"SR-RN";"DEL15/1";"UOP01/RN"
143047;310843;2018-06-28;"quinta-feira";"00:40:00";"RN";101;109;"PARNAMIRIM";"Sim";"Ingestao de alcool";1;"Tombamento";"Com Vitimas Feridas";"Plena Noite";"Crescente";"Ceu Claro";"Dupla";"Reta";"Sim";253216;"Motocicleta";"YAMAHA/FACTOR YBR125 K";2011;"Condutor";"Lesoes Leves";31;"Masculino";0;1;0;0;"-5.93378323";"-35.26491165";"SR-RN";"DEL15/1";"UOP01/RN"
143048;311590;2018-06-28;"quinta-feira";"01:20:00";"PA";316;54,2;"CASTANHAL";"Nao";"Ingestao de alcool";1;"Colisao traseira";"Com Vitimas Feridas";"Plena Noite";"Decrescente";"Ceu Claro";"Dupla";"Reta";"Sim";253221;"Caminhao";"VW/24.280 CRM 6X2";2014;"Condutor";"Ileso";25;"Masculino";1;0;0;0;"-1.30563462";"-47.99962699";"SR-PA";"DEL19/1";"UOP02/PA"
143048;311685;2018-06-28;"quinta-feira";"01:20:00";"PA";316;54,2;"CASTANHAL";"Nao";"Ingestao de alcool";1;"Colisao traseira";"Com Vitimas Feridas";"Plena Noite";"Decrescente";"Ceu Claro";"Dupla";"Reta";"Sim";253222;"Automóvel";"HONDA/FIT DX FLEX";2011;"Condutor";"Lesoes Graves";22;"Masculino";0;0;1;0;"-1.30563462";"-47.99962699";"SR-PA";"DEL19/1";"UOP02/PA"
143048;311700;2018-06-28;"quinta-feira";"01:20:00";"PA";316;54,2;"CASTANHAL";"Nao";"Ingestao de alcool";1;"Colisao traseira";"Com Vitimas Feridas";"Plena Noite";"Decrescente";"Ceu Claro";"Dupla";"Reta";"Sim";253222;"Automóvel";"HONDA/FIT DX FLEX";2011;"Passageiro";"Lesoes Graves";23;"Masculino";0;0;1;0;"-1.30563462";"-47.99962699";"SR-PA";"DEL19/1";"UOP02/PA"
143048;311698;2018-06-28;"quinta-feira";"01:20:00";"PA";316;54,2;"CASTANHAL";"Nao";"Ingestao de alcool";1;"Colisao traseira";"Com Vitimas Feridas";"Plena Noite";"Decrescente";"Ceu Claro";"Dupla";"Reta";"Sim";253222;"Automóvel";"HONDA/FIT DX FLEX";2011;"Passageiro";"Lesoes Graves";24;"Masculino";0;0;1;0;"-1.30563462";"-47.99962699";"SR-PA";"DEL19/1";"UOP02/PA"
143049;310794;2018-06-28;"quinta-feira";"01:00:00";"PR";369;201;"APUCARANA";"Sim";"Ingestao de alcool";1;"Saida de leito carrocavel";"Sem Vitimas";"Plena Noite";"Crescente";"Ceu Claro";"Simples";"Reta";"Sim";253182;"Automóvel";"FORD/KA FLEX";2010;"Condutor";"Ileso";44;"Masculino";1;0;0;0;"-23.52873662";"-51.47094727";"SR-PR";"DEL7/7";"UOP03/PR"
143060;312479;2018-06-27;"quarta-feira";"19:55:00";"PR";116;70;"CAMPINA GRANDE DO SUL";"Sim";"Ingestao de alcool";1;"Colisao com objeto estatico";"Sem Vitimas";"Plena Noite";"Crescente";"Nevoeiro/Neblina";"Dupla";"Reta";"Nao";253193;"Automóvel";"GM/CORSA GL 1.6";1997;"Condutor";"Ileso";54;"Masculino";1;0;0;0;"-25.338497";"-49.03793";"SR-PR";"DEL7/1";"UOP02/PR"
143061;313107;2018-06-28;"quinta-feira";"03:00:00";"CE";222;132,4;"ITAPAJE";"Sim";"Ingestao de alcool";2;"Saida de leito carrocavel";"Com Vitimas Feridas";"Plena Noite";"Decrescente";"Ceu Claro";"Simples";"Reta";"Nao";253261;"Caminhao-trator";"IVECO/STRALIS 570S41T";2011;"Condutor";"Ileso";40;"Masculino";1;0;0;0;"-3.71489323";"-39.63489532";"SR-CE";"DEL16/4";"UOP03/CE"
143061;313113;2018-06-28;"quinta-feira";"03:00:00";"CE";222;132,4;"ITAPAJE";"Sim";"Ingestao de alcool";2;"Saida de leito carrocavel";"Com Vitimas Feridas";"Plena Noite";"Decrescente";"Ceu Claro";"Simples";"Reta";"Nao";253260;"Automóvel";"CHEVROLET/ONIX 1.4MT LTZ";2014;"Condutor";"Lesoes Graves";24;"Feminino";0;0;1;0;"-3.71489323";"-39.63489532";"SR-CE";"DEL16/4";"UOP03/CE"
143061;313248;2018-06-28;"quinta-feira";"03:00:00";"CE";222;132,4;"ITAPAJE";"Sim";"Ingestao de alcool";2;"Saida de leito carrocavel";"Com Vitimas Feridas";"Plena Noite";"Decrescente";"Ceu Claro";"Simples";"Reta";"Nao";253260;"Automóvel";"CHEVROLET/ONIX 1.4MT LTZ";2014;"Passageiro";"Lesoes Graves";32;"Masculino";0;0;1;0;"-3.71489323";"-39.63489532";"SR-CE";"DEL16/4";"UOP03/CE"
143097;310936;2018-01-27;"sabado";"07:30:00";"MG";50;81,2;"UBERLANDIA";"Sim";"Ingestao de alcool";3;"Capotamento";"Com Vitimas Feridas";"Pleno dia";"Decrescente";"Ceu Claro";"Dupla";"Viaduto";"Nao";253271;"Automóvel";"GM/CORSA HATCH MAXX";2012;"Condutor";"Lesoes Leves";32;"Masculino";0;1;0;0;"-18.97238612";"-48.2144317";"SR-MG";"DEL4/15";"UOP01/MG"
143097;310937;2018-01-27;"sabado";"07:30:00";"MG";50;81,2;"UBERLANDIA";"Sim";"Ingestao de alcool";3;"Capotamento";"Com Vitimas Feridas";"Pleno dia";"Decrescente";"Ceu Claro";"Dupla";"Viaduto";"Nao";253272;"Automóvel";"VW/NOVO GOL 1.0 CITY";2014;"Condutor";"Ileso";32;"Masculino";1;0;0;0;"-18.97238612";"-48.2144317";"SR-MG";"DEL4/15";"UOP01/MG"
143144;311227;2018-06-28;"quinta-feira";"12:30:00";"MS";60;423,5;"SIDROLANDIA";"Nao";"Ingestao de alcool";1;"Colisao traseira";"Com Vitimas Feridas";"Pleno dia";"Decrescente";"Ceu Claro";"Simples";"Reta";"Sim";253483;"Automóvel";"FORD/ESCORT 1.6I GL";1995;"Condutor";"Lesoes Leves";31;"Masculino";0;1;0;0;"-20.92091803";"-54.95181084";"SR-MS";"DEL3/1";"UOP04/MS"
143144;311230;2018-06-28;"quinta-feira";"12:30:00";"MS";60;423,5;"SIDROLANDIA";"Nao";"Ingestao de alcool";1;"Colisao traseira";"Com Vitimas Feridas";"Pleno dia";"Decrescente";"Ceu Claro";"Simples";"Reta";"Sim";253484;"Automóvel";"CHEV/SPIN 1.8L AT LTZ";2017;"Condutor";"Ileso";34;"Masculino";1;0;0;0;"-20.92091803";"-54.95181084";"SR-MS";"DEL3/1";"UOP04/MS"
143157;311107;2018-06-06;"quarta-feira";"19:30:00";"PB";104;129,4;"CAMPINA GRANDE";"Sim";"Ingestao de alcool";1;"Atropelamento de Pedestre";"Com Vitimas Feridas";"Plena Noite";"Decrescente";"Ignorado";"Simples";"Reta";"Sim";253380;"Outros";"";NA;"Pedestre";"Lesoes Leves";35;"Masculino";0;1;0;0;"-7.2851365";"-35.88953611";"SR-PB";"DEL14/2";"UOP01/PB"
143157;311108;2018-06-06;"quarta-feira";"19:30:00";"PB";104;129,4;"CAMPINA GRANDE";"Sim";"Ingestao de alcool";1;"Atropelamento de Pedestre";"Com Vitimas Feridas";"Plena Noite";"Decrescente";"Ignorado";"Simples";"Reta";"Sim";253380;"Outros";"";NA;"Condutor";"Nao Informado";NA;"Nao Informado";0;0;0;0;"-7.2851365";"-35.88953611";"SR-PB";"DEL14/2";"UOP01/PB"
143164;311269;2018-06-28;"quinta-feira";"16:10:00";"PE";110;110,4;"SERTANIA";"Nao";"Ingestao de alcool";2;"Saida de leito carrocavel";"Com Vitimas Fatais";"Pleno dia";"Decrescente";"Ceu Claro";"Simples";"Curva";"Nao";253479;"Automóvel";"FIAT/UNO MILLE FIRE FLEX";2005;"Condutor";"Nao Informado";NA;"Nao Informado";0;0;0;0;"-8.419475";"-37.392643";"SR-PE";"DEL11/3";"UOP02/PE"
143164;311322;2018-06-28;"quinta-feira";"16:10:00";"PE";110;110,4;"SERTANIA";"Nao";"Ingestao de alcool";2;"Saida de leito carrocavel";"Com Vitimas Fatais";"Pleno dia";"Decrescente";"Ceu Claro";"Simples";"Curva";"Nao";253479;"Automóvel";"FIAT/UNO MILLE FIRE FLEX";2005;"Testemunha";"Nao Informado";NA;"Nao Informado";0;0;0;0;"-8.419475";"-37.392643";"SR-PE";"DEL11/3";"UOP02/PE"
143164;311323;2018-06-28;"quinta-feira";"16:10:00";"PE";110;110,4;"SERTANIA";"Nao";"Ingestao de alcool";2;"Saida de leito carrocavel";"Com Vitimas Fatais";"Pleno dia";"Decrescente";"Ceu Claro";"Simples";"Curva";"Nao";253479;"Automóvel";"FIAT/UNO MILLE FIRE FLEX";2005;"Testemunha";"Nao Informado";NA;"Nao Informado";0;0;0;0;"-8.419475";"-37.392643";"SR-PE";"DEL11/3";"UOP02/PE"
143164;311268;2018-06-28;"quinta-feira";"16:10:00";"PE";110;110,4;"SERTANIA";"Nao";"Ingestao de alcool";2;"Saida de leito carrocavel";"Com Vitimas Fatais";"Pleno dia";"Decrescente";"Ceu Claro";"Simples";"Curva";"Nao";253517;"Motocicleta";"HONDA/CG 125 CARGO";2003;"Condutor";"Óbito";28;"Masculino";0;0;0;1;"-8.419475";"-37.392643";"SR-PE";"DEL11/3";"UOP02/PE"
143181;311371;2018-06-28;"quinta-feira";"16:25:00";"RO";174;14,7;"VILHENA";"Sim";"Ingestao de alcool";1;"Atropelamento de Pedestre";"Com Vitimas Feridas";"Pleno dia";"Decrescente";"Ceu Claro";"Dupla";"Reta";"Sim";253608;"Bicicleta";"";NA;"Condutor";"Lesoes Leves";NA;"Masculino";0;1;0;0;"-12.733067";"-60.12981";"SR-RO";"DEL21/4";"UOP01/RO"
143181;311370;2018-06-28;"quinta-feira";"16:25:00";"RO";174;14,7;"VILHENA";"Sim";"Ingestao de alcool";1;"Atropelamento de Pedestre";"Com Vitimas Feridas";"Pleno dia";"Decrescente";"Ceu Claro";"Dupla";"Reta";"Sim";253607;"Caminhonete";"VW/NOVA SAVEIRO CS";2013;"Condutor";"Ileso";60;"Masculino";1;0;0;0;"-12.733067";"-60.12981";"SR-RO";"DEL21/4";"UOP01/RO"
143219;311296;2018-06-28;"quinta-feira";"19:10:00";"GO";153;505,9;"APARECIDA DE GOIANIA";"Sim";"Ingestao de alcool";1;"Colisao transversal";"Com Vitimas Feridas";"Plena Noite";"Crescente";"Ceu Claro";"Simples";"Intersecao de vias";"Sim";253516;"Motoneta";"YAMAHA/T115 CRYPTON ED";2014;"Condutor";"Lesoes Leves";21;"Masculino";0;1;0;0;"-16.7633";"-49.24";"SR-GO";"DEL1/1";"UOP01/GO"
143219;311299;2018-06-28;"quinta-feira";"19:10:00";"GO";153;505,9;"APARECIDA DE GOIANIA";"Sim";"Ingestao de alcool";1;"Colisao transversal";"Com Vitimas Feridas";"Plena Noite";"Crescente";"Ceu Claro";"Simples";"Intersecao de vias";"Sim";253516;"Motoneta";"YAMAHA/T115 CRYPTON ED";2014;"Passageiro";"Lesoes Leves";42;"Masculino";0;1;0;0;"-16.7633";"-49.24";"SR-GO";"DEL1/1";"UOP01/GO"
143219;311289;2018-06-28;"quinta-feira";"19:10:00";"GO";153;505,9;"APARECIDA DE GOIANIA";"Sim";"Ingestao de alcool";1;"Colisao transversal";"Com Vitimas Feridas";"Plena Noite";"Crescente";"Ceu Claro";"Simples";"Intersecao de vias";"Sim";253515;"Automóvel";"CHEVROLET/ONIX 1.0MT LT";2014;"Condutor";"Ileso";28;"Feminino";1;0;0;0;"-16.7633";"-49.24";"SR-GO";"DEL1/1";"UOP01/GO"