"id";"pesid";"data_inversa";"dia_semana";"horario";"uf";"br";"km";"municipio";"causa_principal";"causa_acidente";"ordem_tipo_acidente";"tipo_acidente";"classificacao_acidente";"fase_dia";"sentido_via";"condicao_metereologica";"tipo_pista";"tracado_via";"uso_solo";"id_veiculo";"tipo_veiculo";"marca";"ano_fabricacao_veiculo";"tipo_envolvido";"estado_fisico";"idade";"sexo";"ilesos";"feridos_leves";"feridos_graves";"mortos";"latitude";"longitude";"regional";"delegacia";"uop"
143253;311321;2018-06-28;"quinta-feira";"22:20:00";"SC";282;198,8;"LAGES";"Sim";"Ingestao de alcool";1;"Saida de leito carrocavel";"Sem Vitimas";"Plena Noite";"Crescente";"Chuva";"Simples";"Reta";"Nao";253557;"Caminhao-trator";"SCANIA/G 360 A6X2";2013;"Condutor";"Ileso";48;"Masculino";1;0;0;0;"-27.75525361";"-50.11671066";"SR-SC";"DEL8/5";"UOP01/SC"
143269;313012;2018-06-29;"sexta-feira";"03:40:00";"PE";104;100,3;"CUPIRA";"Nao";"Ingestao de alcool";2;"Colisao com objeto estatico";"Com Vitimas Fatais";"Plena Noite";"Crescente";"Garoa/Chuvisco";"Simples";"Curva";"Nao";253623;"Automóvel";"I/HYUNDAI ELANTRA GLS";2012;"Passageiro";"Lesoes Leves";27;"Feminino";0;1;0;0;"-8.563684";"-35.947582";"SR-PE";"DEL11/2";"UOP01/PE"
143269;311373;2018-06-29;"sexta-feira";"03:40:00";"PE";104;100,3;"CUPIRA";"Nao";"Ingestao de alcool";2;"Colisao com objeto estatico";"Com Vitimas Fatais";"Plena Noite";"Crescente";"Garoa/Chuvisco";"Simples";"Curva";"Nao";253623;"Automóvel";"I/HYUNDAI ELANTRA GLS";2012;"Condutor";"Óbito";23;"Masculino";0;0;0;1;"-8.563684";"-35.947582";"SR-PE";"DEL11/2";"UOP01/PE"
143273;312905;2018-06-29;"sexta-feira";"05:40:00";"ES";393;0,1;"CACHOEIRO DE ITAPEMIRIM";"Sim";"Ingestao de alcool";1;"Colisao frontal";"Com Vitimas Feridas";"Amanhecer";"Crescente";"Ceu Claro";"Simples";"Reta";"Sim";253637;"Automóvel";"FORD/FIESTA FLEX";2012;"Condutor";"Lesoes Leves";23;"Masculino";0;1;0;0;"-20.84694092";"-41.15289688";"SR-ES";"DEL12/3";"UOP02/ES"
143273;312900;2018-06-29;"sexta-feira";"05:40:00";"ES";393;0,1;"CACHOEIRO DE ITAPEMIRIM";"Sim";"Ingestao de alcool";1;"Colisao frontal";"Com Vitimas Feridas";"Amanhecer";"Crescente";"Ceu Claro";"Simples";"Reta";"Sim";253636;"Automóvel";"VW/NOVO FOX TL MA";2014;"Condutor";"Lesoes Leves";37;"Feminino";0;1;0;0;"-20.84694092";"-41.15289688";"SR-ES";"DEL12/3";"UOP02/ES"
143273;312931;2018-06-29;"sexta-feira";"05:40:00";"ES";393;0,1;"CACHOEIRO DE ITAPEMIRIM";"Sim";"Ingestao de alcool";1;"Colisao frontal";"Com Vitimas Feridas";"Amanhecer";"Crescente";"Ceu Claro";"Simples";"Reta";"Sim";253636;"Automóvel";"VW/NOVO FOX TL MA";2014;"Passageiro";"Lesoes Leves";38;"Feminino";0;1;0;0;"-20.84694092";"-41.15289688";"SR-ES";"DEL12/3";"UOP02/ES"
143273;312930;2018-06-29;"sexta-feira";"05:40:00";"ES";393;0,1;"CACHOEIRO DE ITAPEMIRIM";"Sim";"Ingestao de alcool";1;"Colisao frontal";"Com Vitimas Feridas";"Amanhecer";"Crescente";"Ceu Claro";"Simples";"Reta";"Sim";253636;"Automóvel";"VW/NOVO FOX TL MA";2014;"Passageiro";"Lesoes Leves";66;"Feminino";0;1;0;0;"-20.84694092";"-41.15289688";"SR-ES";"DEL12/3";"UOP02/ES"
143273;312933;2018-06-29;"sexta-feira";"05:40:00";"ES";393;0,1;"CACHOEIRO DE ITAPEMIRIM";"Sim";"Ingestao de alcool";1;"Colisao frontal";"Com Vitimas Feridas";"Amanhecer";"Crescente";"Ceu Claro";"Simples";"Reta";"Sim";253636;"Automóvel";"VW/NOVO FOX TL MA";2014;"Passageiro";"Lesoes Leves";118;"Feminino";0;1;0;0;"-20.84694092";"-41.15289688";"SR-ES";"DEL12/3";"UOP02/ES"
143273;312932;2018-06-29;"sexta-feira";"05:40:00";"ES";393;0,1;"CACHOEIRO DE ITAPEMIRIM";"Sim";"Ingestao de alcool";1;"Colisao frontal";"Com Vitimas Feridas";"Amanhecer";"Crescente";"Ceu Claro";"Simples";"Reta";"Sim";253636;"Automóvel";"VW/NOVO FOX TL MA";2014;"Passageiro";"Lesoes Leves";117;"Masculino";0;1;0;0;"-20.84694092";"-41.15289688";"SR-ES";"DEL12/3";"UOP02/ES"
143367;311743;2018-06-29;"sexta-feira";"13:45:00";"PR";376;188,9;"MARIALVA";"Sim";"Ingestao de alcool";2;"Colisao com objeto estatico";"Com Vitimas Feridas";"Pleno dia";"Crescente";"Sol";"Dupla";"Reta";"Nao";253844;"Automóvel";"GM/CORSA SUPER";1997;"Passageiro";"Lesoes Graves";14;"Masculino";0;0;1;0;"-23.46548531";"-51.83001366";"SR-PR";"DEL7/7";"UOP04/PR"
143367;311741;2018-06-29;"sexta-feira";"13:45:00";"PR";376;188,9;"MARIALVA";"Sim";"Ingestao de alcool";2;"Colisao com objeto estatico";"Com Vitimas Feridas";"Pleno dia";"Crescente";"Sol";"Dupla";"Reta";"Nao";253844;"Automóvel";"GM/CORSA SUPER";1997;"Condutor";"Lesoes Leves";34;"Masculino";0;1;0;0;"-23.46548531";"-51.83001366";"SR-PR";"DEL7/7";"UOP04/PR"
143367;311742;2018-06-29;"sexta-feira";"13:45:00";"PR";376;188,9;"MARIALVA";"Sim";"Ingestao de alcool";2;"Colisao com objeto estatico";"Com Vitimas Feridas";"Pleno dia";"Crescente";"Sol";"Dupla";"Reta";"Nao";253844;"Automóvel";"GM/CORSA SUPER";1997;"Passageiro";"Lesoes Leves";13;"Feminino";0;1;0;0;"-23.46548531";"-51.83001366";"SR-PR";"DEL7/7";"UOP04/PR"
143390;311825;2018-06-29;"sexta-feira";"15:30:00";"RJ";495;2;"TERESOPOLIS";"Sim";"Ingestao de alcool";1;"Colisao frontal";"Com Vitimas Fatais";"Pleno dia";"Crescente";"Ceu Claro";"Simples";"Curva";"Nao";254004;"Automóvel";"HONDA/HR-V EXL CVT";2015;"Condutor";"Óbito";50;"Feminino";0;0;0;1;"-22.403718";"-42.997391";"SR-RJ";"DEL5/6";"UOP01/RJ"
143390;313359;2018-06-29;"sexta-feira";"15:30:00";"RJ";495;2;"TERESOPOLIS";"Sim";"Ingestao de alcool";1;"Colisao frontal";"Com Vitimas Fatais";"Pleno dia";"Crescente";"Ceu Claro";"Simples";"Curva";"Nao";254005;"Caminhao";"VW/10.160 DRC 4X2";2013;"Condutor";"Ileso";36;"Masculino";1;0;0;0;"-22.403718";"-42.997391";"SR-RJ";"DEL5/6";"UOP01/RJ"
143460;311870;2018-06-29;"sexta-feira";"19:50:00";"RO";364;202;"PIMENTA BUENO";"Sim";"Ingestao de alcool";2;"Saida de leito carrocavel";"Sem Vitimas";"Plena Noite";"Decrescente";"Ceu Claro";"Simples";"Reta";"Nao";253999;"Caminhonete";"GM/MONTANA CONQUEST";2007;"Condutor";"Ileso";53;"Masculino";1;0;0;0;"-11.636755";"-61.200279";"SR-RO";"DEL21/2";"UOP02/RO"
143460;311867;2018-06-29;"sexta-feira";"19:50:00";"RO";364;202;"PIMENTA BUENO";"Sim";"Ingestao de alcool";2;"Saida de leito carrocavel";"Sem Vitimas";"Plena Noite";"Decrescente";"Ceu Claro";"Simples";"Reta";"Nao";253998;"Caminhao-trator";"SCANIA/R 440 A6X4";2014;"Condutor";"Ileso";35;"Masculino";1;0;0;0;"-11.636755";"-61.200279";"SR-RO";"DEL21/2";"UOP02/RO"
143471;313470;2018-06-29;"sexta-feira";"21:00:00";"RJ";101;404;"ITAGUAI";"Sim";"Ingestao de alcool";1;"Queda de ocupante de veiculo";"Com Vitimas Feridas";"Plena Noite";"Crescente";"Vento";"Dupla";"Reta";"Sim";253968;"Bicicleta";"";NA;"Condutor";"Lesoes Leves";30;"Masculino";0;1;0;0;"-22.85276554";"-43.78271967";"SR-RJ";"DEL5/3";"UOP01/RJ"
143477;313527;2018-06-29;"sexta-feira";"23:40:00";"SP";116;160;"SAO JOSE DOS CAMPOS";"Nao";"Ingestao de alcool";1;"Colisao com objeto estatico";"Sem Vitimas";"Plena Noite";"Crescente";"Ceu Claro";"Dupla";"Reta";"Nao";254097;"Automóvel";"GM/ASTRA HB 4P ADVANTAGE";2009;"Condutor";"Ileso";51;"Masculino";1;0;0;0;"-23.270334";"-45.967042";"SR-SP";"DEL6/2";"UOP01/SP"
143481;312692;2018-06-29;"sexta-feira";"19:00:00";"MT";364;544;"ROSARIO OESTE";"Sim";"Ingestao de alcool";1;"Colisao frontal";"Sem Vitimas";"Plena Noite";"Crescente";"Ceu Claro";"Dupla";"Reta";"Sim";253985;"Automóvel";"FORD/FIESTA STREET";2005;"Condutor";"Ileso";56;"Masculino";1;0;0;0;"-14.896422";"-56.465771";"SR-MT";"DEL2/4";"UOP01/MT"
143481;312698;2018-06-29;"sexta-feira";"19:00:00";"MT";364;544;"ROSARIO OESTE";"Sim";"Ingestao de alcool";1;"Colisao frontal";"Sem Vitimas";"Plena Noite";"Crescente";"Ceu Claro";"Dupla";"Reta";"Sim";253986;"Caminhao-trator";"SCANIA/R 440 A6X4";2013;"Condutor";"Ileso";33;"Masculino";1;0;0;0;"-14.896422";"-56.465771";"SR-MT";"DEL2/4";"UOP01/MT"
143483;313405;2018-06-29;"sexta-feira";"21:30:00";"SP";488;5;"APARECIDA";"Nao";"Ingestao de alcool";1;"Colisao transversal";"Com Vitimas Feridas";"Plena Noite";"Crescente";"Nublado";"Dupla";"Curva";"Sim";254019;"Automóvel";"CHEVROLET/CRUZE LTZ NB";2011;"Condutor";"Lesoes Leves";22;"Masculino";0;1;0;0;"-22.865681";"-45.25523";"SR-SP";"DEL6/8";"UOP02/SP"
143483;313407;2018-06-29;"sexta-feira";"21:30:00";"SP";488;5;"APARECIDA";"Nao";"Ingestao de alcool";1;"Colisao transversal";"Com Vitimas Feridas";"Plena Noite";"Crescente";"Nublado";"Dupla";"Curva";"Sim";254020;"Automóvel";"IMP/FORD ESCORT GL 16V F";1997;"Condutor";"Lesoes Leves";48;"Masculino";0;1;0;0;"-22.865681";"-45.25523";"SR-SP";"DEL6/8";"UOP02/SP"
143493;313366;2018-06-29;"sexta-feira";"23:30:00";"RS";285;199;"LAGOA VERMELHA";"Sim";"Ingestao de alcool";1;"Colisao frontal";"Com Vitimas Feridas";"Plena Noite";"Crescente";"Ceu Claro";"Simples";"Reta";"Sim";254015;"Automóvel";"FORD/BELINA";1984;"Condutor";"Ileso";53;"Masculino";1;0;0;0;"-28.205301";"-51.519993";"SR-RS";"DEL14/8";"UOP05/RS"
143493;313365;2018-06-29;"sexta-feira";"23:30:00";"RS";285;199;"LAGOA VERMELHA";"Sim";"Ingestao de alcool";1;"Colisao frontal";"Com Vitimas Feridas";"Plena Noite";"Crescente";"Ceu Claro";"Simples";"Reta";"Sim";254014;"Automóvel";"GM/CELTA 5 PORTAS SUPER";2004;"Condutor";"Lesoes Leves";61;"Masculino";0;1;0;0;"-28.205301";"-51.519993";"SR-RS";"DEL14/8";"UOP05/RS"
143498;315145;2018-06-30;"sabado";"01:15:00";"SC";101;202;"SAO JOSE";"Sim";"Ingestao de alcool";1;"Queda de ocupante de veiculo";"Com Vitimas Feridas";"Plena Noite";"Crescente";"Chuva";"Multipla";"Curva";"Sim";254033;"Motocicleta";"HONDA/CG 125 FAN";2007;"Condutor";"Lesoes Leves";35;"Masculino";0;1;0;0;"-27.5651";"-48.6144";"SR-SC";"DEL8/1";"UOP01/SC"
143502;313370;2018-06-29;"sexta-feira";"22:55:00";"MG";40;48;"PARACATU";"Sim";"Ingestao de alcool";1;"Colisao traseira";"Com Vitimas Fatais";"Plena Noite";"Crescente";"Ceu Claro";"Simples";"Nao Informado";"Nao";254040;"Ônibus";"SCANIA/MPOLO PARADIS LDR";2011;"Condutor";"Ileso";51;"Masculino";1;0;0;0;"-17.241491";"-46.818447";"SR-MG";"DEL4/14";"UOP01/MG"
143502;313419;2018-06-29;"sexta-feira";"22:55:00";"MG";40;48;"PARACATU";"Sim";"Ingestao de alcool";1;"Colisao traseira";"Com Vitimas Fatais";"Plena Noite";"Crescente";"Ceu Claro";"Simples";"Nao Informado";"Nao";254040;"Ônibus";"SCANIA/MPOLO PARADIS LDR";2011;"Testemunha";"Nao Informado";NA;"Nao Informado";0;0;0;0;"-17.241491";"-46.818447";"SR-MG";"DEL4/14";"UOP01/MG"
143502;311865;2018-06-29;"sexta-feira";"22:55:00";"MG";40;48;"PARACATU";"Sim";"Ingestao de alcool";1;"Colisao traseira";"Com Vitimas Fatais";"Plena Noite";"Crescente";"Ceu Claro";"Simples";"Nao Informado";"Nao";254039;"Bicicleta";"MONARK/";NA;"Condutor";"Óbito";41;"Masculino";0;0;0;1;"-17.241491";"-46.818447";"SR-MG";"DEL4/14";"UOP01/MG"
143503;311934;2018-06-30;"sabado";"02:40:00";"SC";470;93;"APIUNA";"Sim";"Ingestao de alcool";1;"Colisao com objeto estatico";"Com Vitimas Feridas";"Plena Noite";"Crescente";"Nublado";"Simples";"Ponte";"Nao";254082;"Automóvel";"I/RENAULT FLUENCE DYN20M";2011;"Condutor";"Ileso";26;"Masculino";1;0;0;0;"-26.99416552";"-49.37594891";"SR-SC";"DEL8/4";"UOP01/SC"
143503;311933;2018-06-30;"sabado";"02:40:00";"SC";470;93;"APIUNA";"Sim";"Ingestao de alcool";1;"Colisao com objeto estatico";"Com Vitimas Feridas";"Plena Noite";"Crescente";"Nublado";"Simples";"Ponte";"Nao";254081;"Automóvel";"VW/GOL 1000";1996;"Condutor";"Lesoes Leves";55;"Masculino";0;1;0;0;"-26.99416552";"-49.37594891";"SR-SC";"DEL8/4";"UOP01/SC"
143505;312399;2018-06-30;"sabado";"03:45:00";"PR";376;487,8;"PONTA GROSSA";"Sim";"Ingestao de alcool";1;"Saida de leito carrocavel";"Com Vitimas Feridas";"Plena Noite";"Decrescente";"Ceu Claro";"Simples";"Curva";"Nao";254130;"Caminhao-trator";"SCANIA/T142 H 4X2 S";1989;"Condutor";"Lesoes Leves";56;"Masculino";0;1;0;0;"-25.0825089";"-50.19027561";"SR-PR";"DEL7/3";"UOP03/PR"
143508;313463;2018-06-30;"sabado";"04:00:00";"MG";262;450;"NOVA SERRANA";"Sim";"Ingestao de alcool";1;"Colisao traseira";"Com Vitimas Feridas";"Plena Noite";"Decrescente";"Vento";"Simples";"Reta";"Nao";254083;"Automóvel";"VW/GOL CL";1991;"Passageiro";"Lesoes Leves";38;"Masculino";0;1;0;0;"-19.86489362";"-44.99794006";"SR-MG";"DEL4/8";"UOP03/MG"
143508;313468;2018-06-30;"sabado";"04:00:00";"MG";262;450;"NOVA SERRANA";"Sim";"Ingestao de alcool";1;"Colisao traseira";"Com Vitimas Feridas";"Plena Noite";"Decrescente";"Vento";"Simples";"Reta";"Nao";255361;"Automóvel";"GM/ASTRA GL";1999;"Condutor";"Ileso";41;"Masculino";1;0;0;0;"-19.86489362";"-44.99794006";"SR-MG";"DEL4/8";"UOP03/MG"
143508;313462;2018-06-30;"sabado";"04:00:00";"MG";262;450;"NOVA SERRANA";"Sim";"Ingestao de alcool";1;"Colisao traseira";"Com Vitimas Feridas";"Plena Noite";"Decrescente";"Vento";"Simples";"Reta";"Nao";254083;"Automóvel";"VW/GOL CL";1991;"Condutor";"Nao Informado";NA;"Nao Informado";0;0;0;0;"-19.86489362";"-44.99794006";"SR-MG";"DEL4/8";"UOP03/MG"
143510;311902;2018-06-30;"sabado";"03:05:00";"SC";282;503,5;"XANXERE";"Nao";"Ingestao de alcool";1;"Colisao com objeto estatico";"Com Vitimas Feridas";"Plena Noite";"Decrescente";"Nublado";"Dupla";"Curva";"Nao";254059;"Automóvel";"I/VW PASSAT VAR 2.0T FSI";2008;"Condutor";"Lesoes Leves";24;"Masculino";0;1;0;0;"-26.88492";"-52.399788";"SR-SC";"DEL8/8";"UOP01/SC"
143510;311905;2018-06-30;"sabado";"03:05:00";"SC";282;503,5;"XANXERE";"Nao";"Ingestao de alcool";1;"Colisao com objeto estatico";"Com Vitimas Feridas";"Plena Noite";"Decrescente";"Nublado";"Dupla";"Curva";"Nao";254059;"Automóvel";"I/VW PASSAT VAR 2.0T FSI";2008;"Passageiro";"Lesoes Graves";15;"Masculino";0;0;1;0;"-26.88492";"-52.399788";"SR-SC";"DEL8/8";"UOP01/SC"
143518;312888;2018-06-30;"sabado";"05:10:00";"SC";282;3,5;"FLORIANOPOLIS";"Sim";"Ingestao de alcool";1;"Colisao com objeto estatico";"Com Vitimas Feridas";"Plena Noite";"Decrescente";"Nublado";"Dupla";"Reta";"Sim";254936;"Automóvel";"FORD/FIESTA HA 1.6L SEAB";2016;"Condutor";"Lesoes Graves";22;"Masculino";0;0;1;0;"-27.58982078";"-48.60920006";"SR-SC";"DEL8/1";"UOP01/SC"
143528;311968;2018-06-30;"sabado";"04:30:00";"RJ";40;118;"DUQUE DE CAXIAS";"Sim";"Ingestao de alcool";1;"Colisao com objeto estatico";"Com Vitimas Feridas";"Plena Noite";"Crescente";"Nevoeiro/Neblina";"Dupla";"Reta";"Sim";254092;"Automóvel";"I/PEUGEOT 307SD 20S M FL";2006;"Condutor";"Ileso";63;"Masculino";1;0;0;0;"-22.75101331";"-43.28757048";"SR-RJ";"DEL5/1";"UOP01/RJ"
143528;311969;2018-06-30;"sabado";"04:30:00";"RJ";40;118;"DUQUE DE CAXIAS";"Sim";"Ingestao de alcool";1;"Colisao com objeto estatico";"Com Vitimas Feridas";"Plena Noite";"Crescente";"Nevoeiro/Neblina";"Dupla";"Reta";"Sim";254092;"Automóvel";"I/PEUGEOT 307SD 20S M FL";2006;"Passageiro";"Lesoes Leves";20;"Masculino";0;1;0;0;"-22.75101331";"-43.28757048";"SR-RJ";"DEL5/1";"UOP01/RJ"
143537;312087;2018-06-30;"sabado";"07:35:00";"CE";20;412;"MARACANAU";"Sim";"Ingestao de alcool";1;"Colisao frontal";"Com Vitimas Feridas";"Pleno dia";"Decrescente";"Ceu Claro";"Simples";"Nao Informado";"Nao";254200;"Caminhao";"VOLVO/VM 270 4X2R";2013;"Condutor";"Ileso";37;"Masculino";1;0;0;0;"-3.80669488";"-38.638798";"SR-CE";"DEL16/1";"UOP01/CE"
143537;312079;2018-06-30;"sabado";"07:35:00";"CE";20;412;"MARACANAU";"Sim";"Ingestao de alcool";1;"Colisao frontal";"Com Vitimas Feridas";"Pleno dia";"Decrescente";"Ceu Claro";"Simples";"Nao Informado";"Nao";254199;"Automóvel";"TOYOTA/ETIOS SD XLS";2013;"Passageiro";"Lesoes Leves";44;"Feminino";0;1;0;0;"-3.80669488";"-38.638798";"SR-CE";"DEL16/1";"UOP01/CE"
143537;312078;2018-06-30;"sabado";"07:35:00";"CE";20;412;"MARACANAU";"Sim";"Ingestao de alcool";1;"Colisao frontal";"Com Vitimas Feridas";"Pleno dia";"Decrescente";"Ceu Claro";"Simples";"Nao Informado";"Nao";254199;"Automóvel";"TOYOTA/ETIOS SD XLS";2013;"Condutor";"Lesoes Graves";38;"Masculino";0;0;1;0;"-3.80669488";"-38.638798";"SR-CE";"DEL16/1";"UOP01/CE"
143538;312320;2018-06-30;"sabado";"06:50:00";"RN";405;152;"PAU DOS FERROS";"Sim";"Ingestao de alcool";1;"Colisao com objeto estatico";"Com Vitimas Feridas";"Pleno dia";"Decrescente";"Ceu Claro";"Simples";"Reta";"Sim";254292;"Automóvel";"GM/CORSA SEDAN PREMIUM";2007;"Condutor";"Nao Informado";NA;"Nao Informado";0;0;0;0;"-6.123893";"-38.206509";"SR-RN";"DEL15/4";"UOP02/RN"
143538;312321;2018-06-30;"sabado";"06:50:00";"RN";405;152;"PAU DOS FERROS";"Sim";"Ingestao de alcool";1;"Colisao com objeto estatico";"Com Vitimas Feridas";"Pleno dia";"Decrescente";"Ceu Claro";"Simples";"Reta";"Sim";254442;"Motocicleta";"HONDA/NXR150 BROS ES";2008;"Condutor";"Nao Informado";NA;"Nao Informado";0;0;0;0;"-6.123893";"-38.206509";"SR-RN";"DEL15/4";"UOP02/RN"
143538;312318;2018-06-30;"sabado";"06:50:00";"RN";405;152;"PAU DOS FERROS";"Sim";"Ingestao de alcool";1;"Colisao com objeto estatico";"Com Vitimas Feridas";"Pleno dia";"Decrescente";"Ceu Claro";"Simples";"Reta";"Sim";254442;"Motocicleta";"HONDA/NXR150 BROS ES";2008;"Pedestre";"Lesoes Leves";61;"Masculino";0;1;0;0;"-6.123893";"-38.206509";"SR-RN";"DEL15/4";"UOP02/RN"
143538;312315;2018-06-30;"sabado";"06:50:00";"RN";405;152;"PAU DOS FERROS";"Sim";"Ingestao de alcool";1;"Colisao com objeto estatico";"Com Vitimas Feridas";"Pleno dia";"Decrescente";"Ceu Claro";"Simples";"Reta";"Sim";254271;"Automóvel";"GM/KADETT LITE";1994;"Condutor";"Ileso";31;"Masculino";1;0;0;0;"-6.123893";"-38.206509";"SR-RN";"DEL15/4";"UOP02/RN"
143554;314359;2018-06-30;"sabado";"04:00:00";"RO";421;50;"MONTE NEGRO";"Sim";"Ingestao de alcool";1;"Tombamento";"Com Vitimas Feridas";"Amanhecer";"Crescente";"Ceu Claro";"Simples";"Rotatória";"Sim";256011;"Motoneta";"HONDA/BIZ 125 ES";2014;"Condutor";"Lesoes Graves";38;"Masculino";0;0;1;0;"-10.265562";"-63.295811";"SR-RO";"DEL21/3";"UOP04/RO"
143602;312192;2018-06-30;"sabado";"12:25:00";"PE";232;5,6;"RECIFE";"Sim";"Ingestao de alcool";1;"Colisao traseira";"Com Vitimas Feridas";"Pleno dia";"Crescente";"Ceu Claro";"Dupla";"Reta";"Sim";254234;"Caminhao";"M.BENZ/L 1113";1977;"Condutor";"Ileso";53;"Masculino";1;0;0;0;"-8.070171";"-34.951167";"SR-PE";"DEL11/1";"UOP01/PE"
143602;312196;2018-06-30;"sabado";"12:25:00";"PE";232;5,6;"RECIFE";"Sim";"Ingestao de alcool";1;"Colisao traseira";"Com Vitimas Feridas";"Pleno dia";"Crescente";"Ceu Claro";"Dupla";"Reta";"Sim";254235;"Automóvel";"RENAULT/SANDERO AUT1016V";2012;"Passageiro";"Ileso";NA;"Feminino";1;0;0;0;"-8.070171";"-34.951167";"SR-PE";"DEL11/1";"UOP01/PE"
143602;312198;2018-06-30;"sabado";"12:25:00";"PE";232;5,6;"RECIFE";"Sim";"Ingestao de alcool";1;"Colisao traseira";"Com Vitimas Feridas";"Pleno dia";"Crescente";"Ceu Claro";"Dupla";"Reta";"Sim";254236;"Automóvel";"FIAT/PALIO ATTRACTIV 1.0";2011;"Condutor";"Ileso";40;"Feminino";1;0;0;0;"-8.070171";"-34.951167";"SR-PE";"DEL11/1";"UOP01/PE"
143602;312195;2018-06-30;"sabado";"12:25:00";"PE";232;5,6;"RECIFE";"Sim";"Ingestao de alcool";1;"Colisao traseira";"Com Vitimas Feridas";"Pleno dia";"Crescente";"Ceu Claro";"Dupla";"Reta";"Sim";254235;"Automóvel";"RENAULT/SANDERO AUT1016V";2012;"Condutor";"Lesoes Leves";42;"Masculino";0;1;0;0;"-8.070171";"-34.951167";"SR-PE";"DEL11/1";"UOP01/PE"
143629;313300;2018-06-30;"sabado";"14:15:00";"PR";373;175;"PONTA GROSSA";"Sim";"Ingestao de alcool";1;"Colisao com objeto estatico";"Sem Vitimas";"Pleno dia";"Decrescente";"Ceu Claro";"Dupla";"Reta";"Sim";254291;"Automóvel";"VW/GOL 16V";1999;"Condutor";"Ileso";59;"Masculino";1;0;0;0;"-25.080475";"-50.197807";"SR-PR";"DEL7/3";"UOP01/PR"
143632;312164;2018-06-30;"sabado";"15:25:00";"BA";101;703,9;"EUNAPOLIS";"Sim";"Ingestao de alcool";1;"Colisao frontal";"Com Vitimas Feridas";"Pleno dia";"Decrescente";"Nublado";"Simples";"Nao Informado";"Nao";254277;"Motocicleta";"HONDA/NXR160 BROS ESDD";2015;"Passageiro";"Lesoes Leves";27;"Masculino";0;1;0;0;"-16.267445";"-39.58471656";"SR-BA";"DEL10/9";"UOP01/BA"
143632;312163;2018-06-30;"sabado";"15:25:00";"BA";101;703,9;"EUNAPOLIS";"Sim";"Ingestao de alcool";1;"Colisao frontal";"Com Vitimas Feridas";"Pleno dia";"Decrescente";"Nublado";"Simples";"Nao Informado";"Nao";254277;"Motocicleta";"HONDA/NXR160 BROS ESDD";2015;"Condutor";"Lesoes Graves";34;"Masculino";0;0;1;0;"-16.267445";"-39.58471656";"SR-BA";"DEL10/9";"UOP01/BA"
143632;312165;2018-06-30;"sabado";"15:25:00";"BA";101;703,9;"EUNAPOLIS";"Sim";"Ingestao de alcool";1;"Colisao frontal";"Com Vitimas Feridas";"Pleno dia";"Decrescente";"Nublado";"Simples";"Nao Informado";"Nao";254278;"Automóvel";"FIAT/PALIO FIRE ECONOMY";2010;"Condutor";"Ileso";40;"Masculino";1;0;0;0;"-16.267445";"-39.58471656";"SR-BA";"DEL10/9";"UOP01/BA"
143652;312224;2018-06-30;"sabado";"17:45:00";"MA";135;6,5;"SAO LUIS";"Sim";"Ingestao de alcool";1;"Saida de leito carrocavel";"Com Vitimas Feridas";"Pleno dia";"Crescente";"Ceu Claro";"Dupla";"Reta";"Sim";254284;"Automóvel";"FIAT/PALIO EX";2000;"Condutor";"Lesoes Leves";54;"Masculino";0;1;0;0;"-2.6229367";"-44.2595979";"SR-MA";"DEL18/1";"UOP01/MA"
143660;312287;2018-06-30;"sabado";"17:45:00";"MG";146;502,9;"BANDEIRA DO SUL";"Sim";"Ingestao de alcool";1;"Saida de leito carrocavel";"Com Vitimas Feridas";"Anoitecer";"Crescente";"Ceu Claro";"Simples";"Curva";"Nao";254414;"Automóvel";"VW/GOL CL SC";2015;"Condutor";"Lesoes Leves";37;"Masculino";0;1;0;0;"-21.72464008";"-46.41662478";"SR-MG";"DEL4/13";"UOP01/MG"
143664;313496;2018-06-30;"sabado";"17:45:00";"MG";146;522;"GUAXUPE";"Sim";"Ingestao de alcool";1;"Colisao traseira";"Com Vitimas Feridas";"Anoitecer";"Crescente";"Ceu Claro";"Simples";"Reta";"Nao";254388;"Automóvel";"FIAT/PALIO FIRE ECONOMY";2010;"Condutor";"Ileso";41;"Masculino";1;0;0;0;"-21.29038";"-46.692806";"SR-MG";"DEL4/13";"UOP01/MG"
143664;313500;2018-06-30;"sabado";"17:45:00";"MG";146;522;"GUAXUPE";"Sim";"Ingestao de alcool";1;"Colisao traseira";"Com Vitimas Feridas";"Anoitecer";"Crescente";"Ceu Claro";"Simples";"Reta";"Nao";254388;"Automóvel";"FIAT/PALIO FIRE ECONOMY";2010;"Passageiro";"Lesoes Leves";42;"Feminino";0;1;0;0;"-21.29038";"-46.692806";"SR-MG";"DEL4/13";"UOP01/MG"
143664;313493;2018-06-30;"sabado";"17:45:00";"MG";146;522;"GUAXUPE";"Sim";"Ingestao de alcool";1;"Colisao traseira";"Com Vitimas Feridas";"Anoitecer";"Crescente";"Ceu Claro";"Simples";"Reta";"Nao";254387;"Automóvel";"GM/CORSA SUPER";1997;"Condutor";"Ileso";56;"Masculino";1;0;0;0;"-21.29038";"-46.692806";"SR-MG";"DEL4/13";"UOP01/MG"