"id";"pesid";"data_inversa";"dia_semana";"horario";"uf";"br";"km";"municipio";"causa_principal";"causa_acidente";"ordem_tipo_acidente";"tipo_acidente";"classificacao_acidente";"fase_dia";"sentido_via";"condicao_metereologica";"tipo_pista";"tracado_via";"uso_solo";"id_veiculo";"tipo_veiculo";"marca";"ano_fabricacao_veiculo";"tipo_envolvido";"estado_fisico";"idade";"sexo";"ilesos";"feridos_leves";"feridos_graves";"mortos";"latitude";"longitude";"regional";"delegacia";"uop"
143666;313925;2018-06-30;"sabado";"18:20:00";"RJ";116;81;"TERESOPOLIS";"Sim";"Ingestao de alcool";1;"Colisao lateral";"Sem Vitimas";"Anoitecer";"Crescente";"Ceu Claro";"Simples";"Curva";"Sim";254368;"Ônibus";"MBENZ/MPOLO PARADISO R";2011;"Condutor";"Ileso";67;"Masculino";1;0;0;0;"-22.42446746";"-42.95365155";"SR-RJ";"DEL5/4";"UOP01/RJ"
143666;313920;2018-06-30;"sabado";"18:20:00";"RJ";116;81;"TERESOPOLIS";"Sim";"Ingestao de alcool";1;"Colisao lateral";"Sem Vitimas";"Anoitecer";"Crescente";"Ceu Claro";"Simples";"Curva";"Sim";254367;"Ônibus";"SCANIA/MPOLO PARADISO R";2014;"Condutor";"Ileso";34;"Masculino";1;0;0;0;"-22.42446746";"-42.95365155";"SR-RJ";"DEL5/4";"UOP01/RJ"
143666;313934;2018-06-30;"sabado";"18:20:00";"RJ";116;81;"TERESOPOLIS";"Sim";"Ingestao de alcool";1;"Colisao lateral";"Sem Vitimas";"Anoitecer";"Crescente";"Ceu Claro";"Simples";"Curva";"Sim";254369;"Caminhonete";"FORD/PAMPA 1.8I L";1997;"Condutor";"Ileso";65;"Masculino";1;0;0;0;"-22.42446746";"-42.95365155";"SR-RJ";"DEL5/4";"UOP01/RJ"
143667;312251;2018-06-30;"sabado";"18:12:00";"GO";40;1;"VALPARAISO DE GOIAS";"Nao";"Ingestao de alcool";1;"Colisao traseira";"Sem Vitimas";"Plena Noite";"Crescente";"Ceu Claro";"Dupla";"Reta";"Sim";254372;"Automóvel";"I/FIAT SIENA EL 1.0 FLEX";2013;"Condutor";"Ileso";37;"Feminino";1;0;0;0;"-16.058245";"-47.982825";"SR-DF";"GO";"UOP01/DF"
143667;314583;2018-06-30;"sabado";"18:12:00";"GO";40;1;"VALPARAISO DE GOIAS";"Nao";"Ingestao de alcool";1;"Colisao traseira";"Sem Vitimas";"Plena Noite";"Crescente";"Ceu Claro";"Dupla";"Reta";"Sim";254372;"Automóvel";"I/FIAT SIENA EL 1.0 FLEX";2013;"Passageiro";"Ileso";53;"Feminino";1;0;0;0;"-16.058245";"-47.982825";"SR-DF";"GO";"UOP01/DF"
143667;314584;2018-06-30;"sabado";"18:12:00";"GO";40;1;"VALPARAISO DE GOIAS";"Nao";"Ingestao de alcool";1;"Colisao traseira";"Sem Vitimas";"Plena Noite";"Crescente";"Ceu Claro";"Dupla";"Reta";"Sim";254372;"Automóvel";"I/FIAT SIENA EL 1.0 FLEX";2013;"Passageiro";"Ileso";34;"Feminino";1;0;0;0;"-16.058245";"-47.982825";"SR-DF";"GO";"UOP01/DF"
143667;314582;2018-06-30;"sabado";"18:12:00";"GO";40;1;"VALPARAISO DE GOIAS";"Nao";"Ingestao de alcool";1;"Colisao traseira";"Sem Vitimas";"Plena Noite";"Crescente";"Ceu Claro";"Dupla";"Reta";"Sim";254371;"Automóvel";"PEUGEOT/2008 GRIFFE";2015;"Condutor";"Ileso";57;"Masculino";1;0;0;0;"-16.058245";"-47.982825";"SR-DF";"GO";"UOP01/DF"
143677;313751;2018-06-30;"sabado";"18:45:00";"PI";316;11,1;"TERESINA";"Sim";"Ingestao de alcool";1;"Colisao com objeto estatico";"Com Vitimas Feridas";"Plena Noite";"Crescente";"Ceu Claro";"Dupla";"Reta";"Nao";254439;"Automóvel";"CHEVROLET/CELTA 1.0L LT";2011;"Condutor";"Lesoes Graves";39;"Masculino";0;0;1;0;"-5.191861";"-42.760719";"SR-PI";"DEL17/1";"UOP02/PI"
143677;313794;2018-06-30;"sabado";"18:45:00";"PI";316;11,1;"TERESINA";"Sim";"Ingestao de alcool";1;"Colisao com objeto estatico";"Com Vitimas Feridas";"Plena Noite";"Crescente";"Ceu Claro";"Dupla";"Reta";"Nao";254439;"Automóvel";"CHEVROLET/CELTA 1.0L LT";2011;"Passageiro";"Ileso";2;"Feminino";1;0;0;0;"-5.191861";"-42.760719";"SR-PI";"DEL17/1";"UOP02/PI"
143677;313790;2018-06-30;"sabado";"18:45:00";"PI";316;11,1;"TERESINA";"Sim";"Ingestao de alcool";1;"Colisao com objeto estatico";"Com Vitimas Feridas";"Plena Noite";"Crescente";"Ceu Claro";"Dupla";"Reta";"Nao";254439;"Automóvel";"CHEVROLET/CELTA 1.0L LT";2011;"Passageiro";"Lesoes Leves";907;"Masculino";0;1;0;0;"-5.191861";"-42.760719";"SR-PI";"DEL17/1";"UOP02/PI"
143677;313792;2018-06-30;"sabado";"18:45:00";"PI";316;11,1;"TERESINA";"Sim";"Ingestao de alcool";1;"Colisao com objeto estatico";"Com Vitimas Feridas";"Plena Noite";"Crescente";"Ceu Claro";"Dupla";"Reta";"Nao";254439;"Automóvel";"CHEVROLET/CELTA 1.0L LT";2011;"Passageiro";"Lesoes Leves";907;"Masculino";0;1;0;0;"-5.191861";"-42.760719";"SR-PI";"DEL17/1";"UOP02/PI"
143677;313823;2018-06-30;"sabado";"18:45:00";"PI";316;11,1;"TERESINA";"Sim";"Ingestao de alcool";1;"Colisao com objeto estatico";"Com Vitimas Feridas";"Plena Noite";"Crescente";"Ceu Claro";"Dupla";"Reta";"Nao";254439;"Automóvel";"CHEVROLET/CELTA 1.0L LT";2011;"Passageiro";"Lesoes Leves";907;"Feminino";0;1;0;0;"-5.191861";"-42.760719";"SR-PI";"DEL17/1";"UOP02/PI"
143677;313824;2018-06-30;"sabado";"18:45:00";"PI";316;11,1;"TERESINA";"Sim";"Ingestao de alcool";1;"Colisao com objeto estatico";"Com Vitimas Feridas";"Plena Noite";"Crescente";"Ceu Claro";"Dupla";"Reta";"Nao";254439;"Automóvel";"CHEVROLET/CELTA 1.0L LT";2011;"Passageiro";"Lesoes Leves";34;"Feminino";0;1;0;0;"-5.191861";"-42.760719";"SR-PI";"DEL17/1";"UOP02/PI"
143677;313772;2018-06-30;"sabado";"18:45:00";"PI";316;11,1;"TERESINA";"Sim";"Ingestao de alcool";1;"Colisao com objeto estatico";"Com Vitimas Feridas";"Plena Noite";"Crescente";"Ceu Claro";"Dupla";"Reta";"Nao";254439;"Automóvel";"CHEVROLET/CELTA 1.0L LT";2011;"Passageiro";"Lesoes Leves";907;"Feminino";0;1;0;0;"-5.191861";"-42.760719";"SR-PI";"DEL17/1";"UOP02/PI"
143677;313788;2018-06-30;"sabado";"18:45:00";"PI";316;11,1;"TERESINA";"Sim";"Ingestao de alcool";1;"Colisao com objeto estatico";"Com Vitimas Feridas";"Plena Noite";"Crescente";"Ceu Claro";"Dupla";"Reta";"Nao";254439;"Automóvel";"CHEVROLET/CELTA 1.0L LT";2011;"Passageiro";"Lesoes Leves";10;"Masculino";0;1;0;0;"-5.191861";"-42.760719";"SR-PI";"DEL17/1";"UOP02/PI"
143677;313778;2018-06-30;"sabado";"18:45:00";"PI";316;11,1;"TERESINA";"Sim";"Ingestao de alcool";1;"Colisao com objeto estatico";"Com Vitimas Feridas";"Plena Noite";"Crescente";"Ceu Claro";"Dupla";"Reta";"Nao";254439;"Automóvel";"CHEVROLET/CELTA 1.0L LT";2011;"Passageiro";"Lesoes Graves";907;"Feminino";0;0;1;0;"-5.191861";"-42.760719";"SR-PI";"DEL17/1";"UOP02/PI"
143677;313754;2018-06-30;"sabado";"18:45:00";"PI";316;11,1;"TERESINA";"Sim";"Ingestao de alcool";1;"Colisao com objeto estatico";"Com Vitimas Feridas";"Plena Noite";"Crescente";"Ceu Claro";"Dupla";"Reta";"Nao";254439;"Automóvel";"CHEVROLET/CELTA 1.0L LT";2011;"Passageiro";"Lesoes Leves";907;"Feminino";0;1;0;0;"-5.191861";"-42.760719";"SR-PI";"DEL17/1";"UOP02/PI"
143677;313769;2018-06-30;"sabado";"18:45:00";"PI";316;11,1;"TERESINA";"Sim";"Ingestao de alcool";1;"Colisao com objeto estatico";"Com Vitimas Feridas";"Plena Noite";"Crescente";"Ceu Claro";"Dupla";"Reta";"Nao";254439;"Automóvel";"CHEVROLET/CELTA 1.0L LT";2011;"Passageiro";"Lesoes Leves";907;"Feminino";0;1;0;0;"-5.191861";"-42.760719";"SR-PI";"DEL17/1";"UOP02/PI"
143689;312351;2018-06-30;"sabado";"20:20:00";"SC";280;188;"MAFRA";"Sim";"Ingestao de alcool";1;"Colisao frontal";"Com Vitimas Feridas";"Plena Noite";"Crescente";"Ceu Claro";"Simples";"Curva";"Nao";254419;"Automóvel";"VW/FOX 1.6 GII";2012;"Condutor";"Lesoes Graves";53;"Masculino";0;0;1;0;"-26.16961279";"-49.96082738";"SR-SC";"DEL8/6";"UOP01/SC"
143689;312361;2018-06-30;"sabado";"20:20:00";"SC";280;188;"MAFRA";"Sim";"Ingestao de alcool";1;"Colisao frontal";"Com Vitimas Feridas";"Plena Noite";"Crescente";"Ceu Claro";"Simples";"Curva";"Nao";254418;"Trator de rodas";"";NA;"Passageiro";"Lesoes Graves";55;"Masculino";0;0;1;0;"-26.16961279";"-49.96082738";"SR-SC";"DEL8/6";"UOP01/SC"
143689;312360;2018-06-30;"sabado";"20:20:00";"SC";280;188;"MAFRA";"Sim";"Ingestao de alcool";1;"Colisao frontal";"Com Vitimas Feridas";"Plena Noite";"Crescente";"Ceu Claro";"Simples";"Curva";"Nao";254418;"Trator de rodas";"";NA;"Condutor";"Lesoes Leves";37;"Masculino";0;1;0;0;"-26.16961279";"-49.96082738";"SR-SC";"DEL8/6";"UOP01/SC"
143702;312281;2018-06-30;"sabado";"21:25:00";"GO";60;5;"ALEXANIA";"Sim";"Ingestao de alcool";1;"Saida de leito carrocavel";"Com Vitimas Feridas";"Plena Noite";"Decrescente";"Ceu Claro";"Dupla";"Curva";"Nao";254399;"Automóvel";"I/VW BORA";2006;"Condutor";"Lesoes Graves";65;"Masculino";0;0;1;0;"-16.094168";"-48.517212";"SR-DF";"GO";"UOP03/DF"
143708;312272;2018-06-30;"sabado";"20:40:00";"MG";381;170;"GOVERNADOR VALADARES";"Sim";"Ingestao de alcool";1;"Colisao frontal";"Com Vitimas Feridas";"Plena Noite";"Decrescente";"Ceu Claro";"Simples";"Reta";"Nao";254384;"Automóvel";"VW/GOL 16V POWER";2002;"Condutor";"Lesoes Graves";39;"Masculino";0;0;1;0;"-18.9579438";"-42.0772038";"SR-MG";"DEL4/6";"UOP01/MG"
143708;312274;2018-06-30;"sabado";"20:40:00";"MG";381;170;"GOVERNADOR VALADARES";"Sim";"Ingestao de alcool";1;"Colisao frontal";"Com Vitimas Feridas";"Plena Noite";"Decrescente";"Ceu Claro";"Simples";"Reta";"Nao";254385;"Automóvel";"VW/PARATI 1.8 EVIDENCE";2002;"Condutor";"Ileso";21;"Masculino";1;0;0;0;"-18.9579438";"-42.0772038";"SR-MG";"DEL4/6";"UOP01/MG"
143708;312278;2018-06-30;"sabado";"20:40:00";"MG";381;170;"GOVERNADOR VALADARES";"Sim";"Ingestao de alcool";1;"Colisao frontal";"Com Vitimas Feridas";"Plena Noite";"Decrescente";"Ceu Claro";"Simples";"Reta";"Nao";254385;"Automóvel";"VW/PARATI 1.8 EVIDENCE";2002;"Passageiro";"Lesoes Graves";21;"Feminino";0;0;1;0;"-18.9579438";"-42.0772038";"SR-MG";"DEL4/6";"UOP01/MG"
143708;312279;2018-06-30;"sabado";"20:40:00";"MG";381;170;"GOVERNADOR VALADARES";"Sim";"Ingestao de alcool";1;"Colisao frontal";"Com Vitimas Feridas";"Plena Noite";"Decrescente";"Ceu Claro";"Simples";"Reta";"Nao";254385;"Automóvel";"VW/PARATI 1.8 EVIDENCE";2002;"Passageiro";"Lesoes Graves";47;"Feminino";0;0;1;0;"-18.9579438";"-42.0772038";"SR-MG";"DEL4/6";"UOP01/MG"
143715;313378;2018-06-30;"sabado";"21:20:00";"BA";242;584;"IBOTIRAMA";"Sim";"Ingestao de alcool";1;"Colisao frontal";"Com Vitimas Feridas";"Plena Noite";"Decrescente";"Ceu Claro";"Simples";"Reta";"Sim";254413;"Automóvel";"CHEVROLET/ONIX 10MT JOYE";2017;"Condutor";"Ileso";40;"Masculino";1;0;0;0;"-12.17495875";"-43.20882082";"SR-BA";"DEL 10/10";"UOP02/BA"
143715;313372;2018-06-30;"sabado";"21:20:00";"BA";242;584;"IBOTIRAMA";"Sim";"Ingestao de alcool";1;"Colisao frontal";"Com Vitimas Feridas";"Plena Noite";"Decrescente";"Ceu Claro";"Simples";"Reta";"Sim";254412;"Automóvel";"VW/GOL 16V";1998;"Condutor";"Lesoes Leves";21;"Masculino";0;1;0;0;"-12.17495875";"-43.20882082";"SR-BA";"DEL 10/10";"UOP02/BA"
143720;312296;2018-07-01;"domingo";"00:20:00";"RS";290;90;"PORTO ALEGRE";"Sim";"Ingestao de alcool";1;"Saida de leito carrocavel";"Sem Vitimas";"Plena Noite";"Crescente";"Nublado";"Multipla";"Reta";"Sim";254424;"Automóvel";"RENAULT/SCENIC RXE 2.0";1999;"Condutor";"Ileso";28;"Masculino";1;0;0;0;"-29.96872835";"-51.16539001";"SR-RS";"DEL9/1";"UOP01/RS"
143721;312333;2018-06-30;"sabado";"22:00:00";"MA";135;89;"ITAPECURU MIRIM";"Sim";"Ingestao de alcool";1;"Colisao lateral";"Com Vitimas Feridas";"Plena Noite";"Decrescente";"Ceu Claro";"Simples";"Curva";"Nao";254465;"Motocicleta";"HONDA/CG 125 FAN ES";2011;"Condutor";"Lesoes Graves";34;"Masculino";0;0;1;0;"-3.19909419";"-44.36016912";"SR-MA";"DEL18/1";"UOP02/MA"
143721;312340;2018-06-30;"sabado";"22:00:00";"MA";135;89;"ITAPECURU MIRIM";"Sim";"Ingestao de alcool";1;"Colisao lateral";"Com Vitimas Feridas";"Plena Noite";"Decrescente";"Ceu Claro";"Simples";"Curva";"Nao";254466;"Caminhao-trator";"IVECO/STRALIS 800S48TZ";2018;"Condutor";"Ileso";52;"Masculino";1;0;0;0;"-3.19909419";"-44.36016912";"SR-MA";"DEL18/1";"UOP02/MA"
143726;313836;2018-06-30;"sabado";"23:15:00";"PR";116;98;"SAO JOSE DOS PINHAIS";"Sim";"Ingestao de alcool e/ou substâncias psicoativas pelo pedestre";1;"Saida de leito carrocavel";"Com Vitimas Feridas";"Pleno dia";"Decrescente";"Ceu Claro";"Dupla";"Reta";"Nao";254425;"Automóvel";"FIAT/ELBA CS";1988;"Condutor";"Lesoes Leves";49;"Masculino";0;1;0;0;"-25.519745";"-49.134327";"SR-PR";"DEL7/1";"UOP01/PR"
143728;312337;2018-07-01;"domingo";"00:30:00";"PA";316;66;"CASTANHAL";"Sim";"Ingestao de alcool";1;"Colisao transversal";"Com Vitimas Feridas";"Plena Noite";"Crescente";"Ceu Claro";"Dupla";"Reta";"Sim";254470;"Automóvel";"FIAT/SIENA ATTRACTIV 1.4";2018;"Condutor";"Lesoes Graves";22;"Masculino";0;0;1;0;"-1.295804";"-47.910839";"SR-PA";"DEL19/1";"UOP02/PA"
143728;312339;2018-07-01;"domingo";"00:30:00";"PA";316;66;"CASTANHAL";"Sim";"Ingestao de alcool";1;"Colisao transversal";"Com Vitimas Feridas";"Plena Noite";"Crescente";"Ceu Claro";"Dupla";"Reta";"Sim";254471;"Automóvel";"FIAT/PALIO EDX";1997;"Condutor";"Lesoes Leves";37;"Masculino";0;1;0;0;"-1.295804";"-47.910839";"SR-PA";"DEL19/1";"UOP02/PA"
143728;312343;2018-07-01;"domingo";"00:30:00";"PA";316;66;"CASTANHAL";"Sim";"Ingestao de alcool";1;"Colisao transversal";"Com Vitimas Feridas";"Plena Noite";"Crescente";"Ceu Claro";"Dupla";"Reta";"Sim";254471;"Automóvel";"FIAT/PALIO EDX";1997;"Passageiro";"Lesoes Leves";21;"Masculino";0;1;0;0;"-1.295804";"-47.910839";"SR-PA";"DEL19/1";"UOP02/PA"
143730;312610;2018-06-30;"sabado";"22:30:00";"MT";70;1;"BARRA DO GARCAS";"Nao";"Ingestao de alcool";1;"Colisao transversal";"Com Vitimas Feridas";"Plena Noite";"Decrescente";"Ceu Claro";"Simples";"Intersecao de vias";"Sim";254427;"Caminhonete";"GM/S10 DELUXE 2.2 E";1996;"Condutor";"Ileso";38;"Masculino";1;0;0;0;"-15.891638";"-52.262032";"SR-MT";"DEL2/8";"UOP01/MT"
143730;312614;2018-06-30;"sabado";"22:30:00";"MT";70;1;"BARRA DO GARCAS";"Nao";"Ingestao de alcool";1;"Colisao transversal";"Com Vitimas Feridas";"Plena Noite";"Decrescente";"Ceu Claro";"Simples";"Intersecao de vias";"Sim";254428;"Motocicleta";"HONDA/CG 125 FAN KS";2010;"Passageiro";"Lesoes Leves";29;"Masculino";0;1;0;0;"-15.891638";"-52.262032";"SR-MT";"DEL2/8";"UOP01/MT"
143730;312608;2018-06-30;"sabado";"22:30:00";"MT";70;1;"BARRA DO GARCAS";"Nao";"Ingestao de alcool";1;"Colisao transversal";"Com Vitimas Feridas";"Plena Noite";"Decrescente";"Ceu Claro";"Simples";"Intersecao de vias";"Sim";254428;"Motocicleta";"HONDA/CG 125 FAN KS";2010;"Condutor";"Lesoes Leves";25;"Masculino";0;1;0;0;"-15.891638";"-52.262032";"SR-MT";"DEL2/8";"UOP01/MT"
143732;312576;2018-07-01;"domingo";"00:15:00";"RJ";116;164,8;"RIO DE JANEIRO";"Sim";"Ingestao de alcool";1;"Colisao traseira";"Sem Vitimas";"Plena Noite";"Crescente";"Nublado";"Multipla";"Reta";"Sim";254638;"Automóvel";"HONDA/CITY LX FLEX";2011;"Condutor";"Ileso";30;"Masculino";1;0;0;0;"-22.81117578";"-43.33358645";"SR-RJ";"DEL5/1";"UOP02/RJ"
143732;312578;2018-07-01;"domingo";"00:15:00";"RJ";116;164,8;"RIO DE JANEIRO";"Sim";"Ingestao de alcool";1;"Colisao traseira";"Sem Vitimas";"Plena Noite";"Crescente";"Nublado";"Multipla";"Reta";"Sim";254639;"Automóvel";"FIAT/PUNTO ELX 1.4";2007;"Condutor";"Ileso";31;"Feminino";1;0;0;0;"-22.81117578";"-43.33358645";"SR-RJ";"DEL5/1";"UOP02/RJ"
143734;313767;2018-06-30;"sabado";"19:20:00";"AM";174;895;"MANAUS";"Sim";"Ingestao de alcool e/ou substâncias psicoativas pelo pedestre";1;"Saida de leito carrocavel";"Com Vitimas Feridas";"Plena Noite";"Crescente";"Ceu Claro";"Simples";"Desvio Temporario";"Nao";255579;"Caminhonete";"CHEVROLET/S10 LS DD4";2017;"Pedestre";"Ileso";NA;"Masculino";1;0;0;0;"-2.87583639";"-60.03582001";"SR-AM";"UOP01/AM";""
143734;313765;2018-06-30;"sabado";"19:20:00";"AM";174;895;"MANAUS";"Sim";"Ingestao de alcool e/ou substâncias psicoativas pelo pedestre";1;"Saida de leito carrocavel";"Com Vitimas Feridas";"Plena Noite";"Crescente";"Ceu Claro";"Simples";"Desvio Temporario";"Nao";255579;"Caminhonete";"CHEVROLET/S10 LS DD4";2017;"Condutor";"Lesoes Leves";38;"Masculino";0;1;0;0;"-2.87583639";"-60.03582001";"SR-AM";"UOP01/AM";""
143736;312322;2018-07-01;"domingo";"02:00:00";"ES";262;163;"IBATIBA";"Sim";"Ingestao de alcool";1;"Colisao traseira";"Com Vitimas Feridas";"Plena Noite";"Crescente";"Nevoeiro/Neblina";"Simples";"Reta";"Nao";254449;"Automóvel";"FIAT/UNO ELECTRONIC";1994;"Condutor";"Lesoes Leves";39;"Feminino";0;1;0;0;"-20.23445575";"-41.5282774";"SR-ES";"DEL12/1";"UOP02/ES"
143736;312323;2018-07-01;"domingo";"02:00:00";"ES";262;163;"IBATIBA";"Sim";"Ingestao de alcool";1;"Colisao traseira";"Com Vitimas Feridas";"Plena Noite";"Crescente";"Nevoeiro/Neblina";"Simples";"Reta";"Nao";254450;"Caminhonete";"FIAT/STRADA WORKING";2014;"Condutor";"Ileso";22;"Masculino";1;0;0;0;"-20.23445575";"-41.5282774";"SR-ES";"DEL12/1";"UOP02/ES"
143737;314022;2018-06-30;"sabado";"22:30:00";"MT";174;382;"CONQUISTA DOESTE";"Sim";"Ingestao de alcool";1;"Colisao traseira";"Com Vitimas Feridas";"Plena Noite";"Decrescente";"Ceu Claro";"Simples";"Curva";"Nao";254447;"Motocicleta";"HONDA/NXR125 BROS ES";2004;"Condutor";"Lesoes Graves";38;"Masculino";0;0;1;0;"-14.526892";"-59.5602";"SR-MT";"DEL2/7";"UOP01/MT"
143737;314020;2018-06-30;"sabado";"22:30:00";"MT";174;382;"CONQUISTA DOESTE";"Sim";"Ingestao de alcool";1;"Colisao traseira";"Com Vitimas Feridas";"Plena Noite";"Decrescente";"Ceu Claro";"Simples";"Curva";"Nao";254446;"Caminhonete";"FIAT/STRADA FIRE FLEX";2005;"Condutor";"Ileso";33;"Masculino";1;0;0;0;"-14.526892";"-59.5602";"SR-MT";"DEL2/7";"UOP01/MT"
143737;314021;2018-06-30;"sabado";"22:30:00";"MT";174;382;"CONQUISTA DOESTE";"Sim";"Ingestao de alcool";1;"Colisao traseira";"Com Vitimas Feridas";"Plena Noite";"Decrescente";"Ceu Claro";"Simples";"Curva";"Nao";254446;"Caminhonete";"FIAT/STRADA FIRE FLEX";2005;"Passageiro";"Lesoes Leves";26;"Masculino";0;1;0;0;"-14.526892";"-59.5602";"SR-MT";"DEL2/7";"UOP01/MT"
143739;313739;2018-07-01;"domingo";"03:30:00";"SC";470;8,5;"NAVEGANTES";"Sim";"Ingestao de alcool";1;"Saida de leito carrocavel";"Com Vitimas Feridas";"Plena Noite";"Decrescente";"Nublado";"Simples";"Curva";"Nao";254480;"Automóvel";"FORD/FIESTA GL";2000;"Condutor";"Lesoes Leves";27;"Masculino";0;1;0;0;"-26.83688";"-48.718853";"SR-SC";"DEL8/4";"UOP04/SC"
143739;313740;2018-07-01;"domingo";"03:30:00";"SC";470;8,5;"NAVEGANTES";"Sim";"Ingestao de alcool";1;"Saida de leito carrocavel";"Com Vitimas Feridas";"Plena Noite";"Decrescente";"Nublado";"Simples";"Curva";"Nao";254480;"Automóvel";"FORD/FIESTA GL";2000;"Passageiro";"Lesoes Leves";22;"Masculino";0;1;0;0;"-26.83688";"-48.718853";"SR-SC";"DEL8/4";"UOP04/SC"
143739;313742;2018-07-01;"domingo";"03:30:00";"SC";470;8,5;"NAVEGANTES";"Sim";"Ingestao de alcool";1;"Saida de leito carrocavel";"Com Vitimas Feridas";"Plena Noite";"Decrescente";"Nublado";"Simples";"Curva";"Nao";254480;"Automóvel";"FORD/FIESTA GL";2000;"Passageiro";"Lesoes Leves";21;"Masculino";0;1;0;0;"-26.83688";"-48.718853";"SR-SC";"DEL8/4";"UOP04/SC"
143740;313926;2018-07-01;"domingo";"00:45:00";"PR";369;143;"IBIPORA";"Nao";"Ingestao de alcool";1;"Colisao traseira";"Sem Vitimas";"Plena Noite";"Crescente";"Ceu Claro";"Dupla";"Reta";"Nao";254457;"Automóvel";"I/HYUNDAI I30 2.0";2010;"Condutor";"Ileso";42;"Masculino";1;0;0;0;"-23.293141";"-51.101836";"SR-PR";"DEL7/7";"UOP01/PR"
143740;313928;2018-07-01;"domingo";"00:45:00";"PR";369;143;"IBIPORA";"Nao";"Ingestao de alcool";1;"Colisao traseira";"Sem Vitimas";"Plena Noite";"Crescente";"Ceu Claro";"Dupla";"Reta";"Nao";254457;"Automóvel";"I/HYUNDAI I30 2.0";2010;"Passageiro";"Ileso";40;"Feminino";1;0;0;0;"-23.293141";"-51.101836";"SR-PR";"DEL7/7";"UOP01/PR"
143740;313923;2018-07-01;"domingo";"00:45:00";"PR";369;143;"IBIPORA";"Nao";"Ingestao de alcool";1;"Colisao traseira";"Sem Vitimas";"Plena Noite";"Crescente";"Ceu Claro";"Dupla";"Reta";"Nao";254456;"Automóvel";"VW/NOVO GOL 1.0 CITY";2013;"Condutor";"Ileso";30;"Masculino";1;0;0;0;"-23.293141";"-51.101836";"SR-PR";"DEL7/7";"UOP01/PR"
143745;313808;2018-07-01;"domingo";"04:30:00";"ES";101;343,4;"GUARAPARI";"Sim";"Ingestao de alcool";1;"Colisao frontal";"Com Vitimas Fatais";"Plena Noite";"Decrescente";"Ceu Claro";"Simples";"Curva";"Nao";254499;"Caminhao";"M.BENZ/L 1418";1991;"Condutor";"Ileso";51;"Masculino";1;0;0;0;"-20.66364613";"-40.59353024";"SR-ES";"DEL12/3";"UOP01/ES"
143745;312374;2018-07-01;"domingo";"04:30:00";"ES";101;343,4;"GUARAPARI";"Sim";"Ingestao de alcool";1;"Colisao frontal";"Com Vitimas Fatais";"Plena Noite";"Decrescente";"Ceu Claro";"Simples";"Curva";"Nao";254498;"Camioneta";"TOYOTA/BANDEIRANTE";1991;"Condutor";"Óbito";63;"Masculino";0;0;0;1;"-20.66364613";"-40.59353024";"SR-ES";"DEL12/3";"UOP01/ES"
143745;313871;2018-07-01;"domingo";"04:30:00";"ES";101;343,4;"GUARAPARI";"Sim";"Ingestao de alcool";1;"Colisao frontal";"Com Vitimas Fatais";"Plena Noite";"Decrescente";"Ceu Claro";"Simples";"Curva";"Nao";254498;"Camioneta";"TOYOTA/BANDEIRANTE";1991;"Passageiro";"Lesoes Leves";49;"Masculino";0;1;0;0;"-20.66364613";"-40.59353024";"SR-ES";"DEL12/3";"UOP01/ES"
143746;312355;2018-07-01;"domingo";"04:30:00";"SC";101;111,3;"NAVEGANTES";"Sim";"Ingestao de alcool";1;"Capotamento";"Sem Vitimas";"Plena Noite";"Crescente";"Ceu Claro";"Simples";"Curva";"Nao";254478;"Automóvel";"PEUGEOT/206 14 SENSAT FX";2007;"Condutor";"Ileso";36;"Masculino";1;0;0;0;"-26.84130204";"-48.71683408";"SR-SC";"DEL8/4";"UOP04/SC"
143747;312334;2018-06-30;"sabado";"20:40:00";"GO";40;6;"VALPARAISO DE GOIAS";"Sim";"Ingestao de alcool";1;"Colisao traseira";"Com Vitimas Feridas";"Plena Noite";"Decrescente";"Ceu Claro";"Dupla";"Reta";"Sim";254468;"Automóvel";"GM/CELTA 2P LIFE";2006;"Condutor";"Lesoes Leves";41;"Masculino";0;1;0;0;"-16.1021852";"-47.97630787";"SR-DF";"GO";"UOP01/DF"
143747;312336;2018-06-30;"sabado";"20:40:00";"GO";40;6;"VALPARAISO DE GOIAS";"Sim";"Ingestao de alcool";1;"Colisao traseira";"Com Vitimas Feridas";"Plena Noite";"Decrescente";"Ceu Claro";"Dupla";"Reta";"Sim";254469;"Automóvel";"VW/FUSCA 1300";1979;"Condutor";"Ileso";28;"Masculino";1;0;0;0;"-16.1021852";"-47.97630787";"SR-DF";"GO";"UOP01/DF"
143748;312378;2018-07-01;"domingo";"04:50:00";"AL";423;26;"CANAPI";"Sim";"Ingestao de alcool";1;"Saida de leito carrocavel";"Sem Vitimas";"Amanhecer";"Crescente";"Ceu Claro";"Simples";"Rotatória";"Nao";254506;"Automóvel";"GM/CARAVAN COMODORO";1984;"Condutor";"Ileso";26;"Masculino";1;0;0;0;"-9.193462";"-37.514824";"SR-AL";"DEL13/3";"UOP02/AL"
143748;312379;2018-07-01;"domingo";"04:50:00";"AL";423;26;"CANAPI";"Sim";"Ingestao de alcool";1;"Saida de leito carrocavel";"Sem Vitimas";"Amanhecer";"Crescente";"Ceu Claro";"Simples";"Rotatória";"Nao";254506;"Automóvel";"GM/CARAVAN COMODORO";1984;"Passageiro";"Ileso";23;"Masculino";1;0;0;0;"-9.193462";"-37.514824";"SR-AL";"DEL13/3";"UOP02/AL"