"id";"pesid";"data_inversa";"dia_semana";"horario";"uf";"br";"km";"municipio";"causa_principal";"causa_acidente";"ordem_tipo_acidente";"tipo_acidente";"classificacao_acidente";"fase_dia";"sentido_via";"condicao_metereologica";"tipo_pista";"tracado_via";"uso_solo";"id_veiculo";"tipo_veiculo";"marca";"ano_fabricacao_veiculo";"tipo_envolvido";"estado_fisico";"idade";"sexo";"ilesos";"feridos_leves";"feridos_graves";"mortos";"latitude";"longitude";"regional";"delegacia";"uop"
144043;313190;2018-07-02;"segunda-feira";"15:00:00";"ES";262;6,7;"CARIACICA";"Sim";"Ingestao de alcool";1;"Colisao com objeto estatico";"Com Vitimas Feridas";"Pleno dia";"Decrescente";"Ceu Claro";"Dupla";"Reta";"Sim";255088;"Motocicleta";"HONDA/CG 125 FAN KS";2010;"Condutor";"Lesoes Leves";35;"Masculino";0;1;0;0;"-20.34280817";"-40.4010458";"SR-ES";"DEL12/1";"UOP01/ES"
144065;313059;2018-07-02;"segunda-feira";"17:00:00";"RJ";101;407;"ITAGUAI";"Sim";"Ingestao de alcool";1;"Colisao frontal";"Com Vitimas Feridas";"Pleno dia";"Decrescente";"Ceu Claro";"Simples";"Reta";"Sim";255052;"Motocicleta";"I/SHINERAY XY 150 5";2012;"Condutor";"Lesoes Leves";37;"Masculino";0;1;0;0;"-22.87672";"-43.816319";"SR-RJ";"DEL5/3";"UOP01/RJ"
144065;313070;2018-07-02;"segunda-feira";"17:00:00";"RJ";101;407;"ITAGUAI";"Sim";"Ingestao de alcool";1;"Colisao frontal";"Com Vitimas Feridas";"Pleno dia";"Decrescente";"Ceu Claro";"Simples";"Reta";"Sim";255053;"Bicicleta";"";NA;"Condutor";"Lesoes Leves";58;"Masculino";0;1;0;0;"-22.87672";"-43.816319";"SR-RJ";"DEL5/3";"UOP01/RJ"
144072;315093;2018-07-02;"segunda-feira";"18:12:00";"RN";101;97;"NATAL";"Sim";"Ingestao de alcool";1;"Colisao traseira";"Sem Vitimas";"Plena Noite";"Crescente";"Ceu Claro";"Multipla";"Reta";"Sim";255081;"Automóvel";"GM/CELTA 4P LIFE";2005;"Condutor";"Ileso";27;"Feminino";1;0;0;0;"-5.857612";"-35.212723";"SR-RN";"DEL15/1";"UOP01/RN"
144072;315114;2018-07-02;"segunda-feira";"18:12:00";"RN";101;97;"NATAL";"Sim";"Ingestao de alcool";1;"Colisao traseira";"Sem Vitimas";"Plena Noite";"Crescente";"Ceu Claro";"Multipla";"Reta";"Sim";255083;"Caminhonete";"FIAT/TORO FREEDOM MT D";2017;"Condutor";"Ileso";55;"Masculino";1;0;0;0;"-5.857612";"-35.212723";"SR-RN";"DEL15/1";"UOP01/RN"
144072;315112;2018-07-02;"segunda-feira";"18:12:00";"RN";101;97;"NATAL";"Sim";"Ingestao de alcool";1;"Colisao traseira";"Sem Vitimas";"Plena Noite";"Crescente";"Ceu Claro";"Multipla";"Reta";"Sim";255082;"Automóvel";"FIAT/PALIO FIRE";2014;"Condutor";"Ileso";34;"Masculino";1;0;0;0;"-5.857612";"-35.212723";"SR-RN";"DEL15/1";"UOP01/RN"
144077;313547;2018-07-02;"segunda-feira";"17:20:00";"RR";174;506,8;"BOA VISTA";"Sim";"Ingestao de alcool";1;"Colisao com objeto estatico";"Com Vitimas Feridas";"Anoitecer";"Decrescente";"Nublado";"Dupla";"Retorno Regulamentado";"Sim";255147;"Automóvel";"GM/PRISMA MAXX";2010;"Passageiro";"Ileso";2;"Masculino";1;0;0;0;"2.82504463";"-60.69653392";"SR-RR";"UOP01/RR";""
144077;313182;2018-07-02;"segunda-feira";"17:20:00";"RR";174;506,8;"BOA VISTA";"Sim";"Ingestao de alcool";1;"Colisao com objeto estatico";"Com Vitimas Feridas";"Anoitecer";"Decrescente";"Nublado";"Dupla";"Retorno Regulamentado";"Sim";255147;"Automóvel";"GM/PRISMA MAXX";2010;"Condutor";"Lesoes Leves";25;"Masculino";0;1;0;0;"2.82504463";"-60.69653392";"SR-RR";"UOP01/RR";""
144079;314878;2018-07-02;"segunda-feira";"17:00:00";"PB";230;493,9;"CAJAZEIRAS";"Sim";"Ingestao de alcool";1;"Saida de leito carrocavel";"Com Vitimas Feridas";"Pleno dia";"Crescente";"Sol";"Simples";"Reta";"Nao";255040;"Motocicleta";"HONDA/NXR150 BROS ES";2011;"Condutor";"Lesoes Leves";50;"Masculino";0;1;0;0;"-6.885305";"-38.469842";"SR-PB";"DEL14/3";"UOP03/PB"
144085;313097;2018-07-02;"segunda-feira";"19:10:00";"MG";50;178;"UBERABA";"Sim";"Ingestao de alcool";1;"Colisao lateral";"Sem Vitimas";"Plena Noite";"Decrescente";"Ceu Claro";"Dupla";"Nao Informado";"Nao";255066;"Caminhao";"FORD/CARGO 2429 L";2013;"Condutor";"Ileso";48;"Masculino";1;0;0;0;"-19.7783";"-47.9318";"SR-MG";"DEL4/15";"UOP01/MG"
144085;313099;2018-07-02;"segunda-feira";"19:10:00";"MG";50;178;"UBERABA";"Sim";"Ingestao de alcool";1;"Colisao lateral";"Sem Vitimas";"Plena Noite";"Decrescente";"Ceu Claro";"Dupla";"Nao Informado";"Nao";255067;"Caminhonete";"FIAT/STRADA ADVENTURE CD";2010;"Condutor";"Ileso";37;"Masculino";1;0;0;0;"-19.7783";"-47.9318";"SR-MG";"DEL4/15";"UOP01/MG"
144086;315776;2018-07-02;"segunda-feira";"19:00:00";"BA";324;355;"CAPIM GROSSO";"Sim";"Ingestao de alcool";1;"Colisao frontal";"Com Vitimas Feridas";"Plena Noite";"Crescente";"Ceu Claro";"Simples";"Reta";"Sim";257158;"Automóvel";"GM/CELTA 3 PORTAS";2002;"Condutor";"Lesoes Leves";27;"Masculino";0;1;0;0;"-11.3927028";"-39.9863576";"SR-BA";"DEL10/4";"UOP02/BA"
144086;315777;2018-07-02;"segunda-feira";"19:00:00";"BA";324;355;"CAPIM GROSSO";"Sim";"Ingestao de alcool";1;"Colisao frontal";"Com Vitimas Feridas";"Plena Noite";"Crescente";"Ceu Claro";"Simples";"Reta";"Sim";257159;"Automóvel";"FORD/FIESTA SUPERCHARGER";2006;"Condutor";"Ileso";33;"Masculino";1;0;0;0;"-11.3927028";"-39.9863576";"SR-BA";"DEL10/4";"UOP02/BA"
144089;313779;2018-07-02;"segunda-feira";"19:40:00";"RN";101;72,7;"SAO GONCALO DO AMARANTE";"Sim";"Ingestao de alcool";1;"Colisao traseira";"Com Vitimas Feridas";"Plena Noite";"Crescente";"Ceu Claro";"Dupla";"Reta";"Sim";255098;"Automóvel";"FIAT/PALIO ED";1997;"Condutor";"Lesoes Leves";27;"Masculino";0;1;0;0;"-5.70448337";"-35.265755";"SR-RN";"DEL15/2";"UOP01/RN"
144089;313796;2018-07-02;"segunda-feira";"19:40:00";"RN";101;72,7;"SAO GONCALO DO AMARANTE";"Sim";"Ingestao de alcool";1;"Colisao traseira";"Com Vitimas Feridas";"Plena Noite";"Crescente";"Ceu Claro";"Dupla";"Reta";"Sim";255097;"Automóvel";"PEUGEOT/206 14 PRESENC";2004;"Condutor";"Ileso";51;"Masculino";1;0;0;0;"-5.70448337";"-35.265755";"SR-RN";"DEL15/2";"UOP01/RN"
144089;313806;2018-07-02;"segunda-feira";"19:40:00";"RN";101;72,7;"SAO GONCALO DO AMARANTE";"Sim";"Ingestao de alcool";1;"Colisao traseira";"Com Vitimas Feridas";"Plena Noite";"Crescente";"Ceu Claro";"Dupla";"Reta";"Sim";255097;"Automóvel";"PEUGEOT/206 14 PRESENC";2004;"Passageiro";"Lesoes Leves";36;"Feminino";0;1;0;0;"-5.70448337";"-35.265755";"SR-RN";"DEL15/2";"UOP01/RN"
144089;313807;2018-07-02;"segunda-feira";"19:40:00";"RN";101;72,7;"SAO GONCALO DO AMARANTE";"Sim";"Ingestao de alcool";1;"Colisao traseira";"Com Vitimas Feridas";"Plena Noite";"Crescente";"Ceu Claro";"Dupla";"Reta";"Sim";255097;"Automóvel";"PEUGEOT/206 14 PRESENC";2004;"Passageiro";"Lesoes Leves";50;"Feminino";0;1;0;0;"-5.70448337";"-35.265755";"SR-RN";"DEL15/2";"UOP01/RN"
144099;316607;2018-07-02;"segunda-feira";"18:15:00";"RR";174;508;"BOA VISTA";"Sim";"Ingestao de alcool";1;"Colisao traseira";"Sem Vitimas";"Plena Noite";"Crescente";"Chuva";"Dupla";"Intersecao de vias";"Sim";255199;"Automóvel";"VW/GOL 1.0";2010;"Condutor";"Ileso";30;"Masculino";1;0;0;0;"2.82775175";"-60.69743191";"SR-RR";"UOP01/RR";""
144099;316610;2018-07-02;"segunda-feira";"18:15:00";"RR";174;508;"BOA VISTA";"Sim";"Ingestao de alcool";1;"Colisao traseira";"Sem Vitimas";"Plena Noite";"Crescente";"Chuva";"Dupla";"Intersecao de vias";"Sim";255200;"Motocicleta";"YAMAHA/XTZ 125XE";2013;"Condutor";"Ileso";45;"Masculino";1;0;0;0;"2.82775175";"-60.69743191";"SR-RR";"UOP01/RR";""
144100;313360;2018-07-02;"segunda-feira";"20:30:00";"SP";116;181,2;"GUARAREMA";"Sim";"Ingestao de alcool e/ou substâncias psicoativas pelo pedestre";1;"Atropelamento de Pedestre";"Com Vitimas Feridas";"Plena Noite";"Crescente";"Ceu Claro";"Dupla";"Reta";"Nao";255288;"Utilitario";"I/HYUNDAI SANTAFE GLS V6";2009;"Condutor";"Ileso";43;"Masculino";1;0;0;0;"-23.34783123";"-46.16826111";"SR-SP";"DEL6/2";"UOP01/SP"
144100;313361;2018-07-02;"segunda-feira";"20:30:00";"SP";116;181,2;"GUARAREMA";"Sim";"Ingestao de alcool e/ou substâncias psicoativas pelo pedestre";1;"Atropelamento de Pedestre";"Com Vitimas Feridas";"Plena Noite";"Crescente";"Ceu Claro";"Dupla";"Reta";"Nao";255288;"Utilitario";"I/HYUNDAI SANTAFE GLS V6";2009;"Pedestre";"Lesoes Graves";32;"Masculino";0;0;1;0;"-23.34783123";"-46.16826111";"SR-SP";"DEL6/2";"UOP01/SP"
144115;313161;2018-07-02;"segunda-feira";"21:30:00";"MG";381;347;"JOAO MONLEVADE";"Sim";"Ingestao de alcool";1;"Colisao lateral";"Sem Vitimas";"Plena Noite";"Crescente";"Ceu Claro";"Simples";"Reta";"Nao";255122;"Caminhao-trator";"VOLVO/FH 440 6X2T";2009;"Condutor";"Ileso";50;"Masculino";1;0;0;0;"-19.84777932";"-43.10674667";"SR-MG";"DEL4/3";"UOP01/MG"
144115;313164;2018-07-02;"segunda-feira";"21:30:00";"MG";381;347;"JOAO MONLEVADE";"Sim";"Ingestao de alcool";1;"Colisao lateral";"Sem Vitimas";"Plena Noite";"Crescente";"Ceu Claro";"Simples";"Reta";"Nao";255123;"Ônibus";"M.BENZ/O 364 12R";1983;"Condutor";"Ileso";53;"Masculino";1;0;0;0;"-19.84777932";"-43.10674667";"SR-MG";"DEL4/3";"UOP01/MG"
144118;313167;2018-07-02;"segunda-feira";"17:18:00";"MA";222;671;"ACAILANDIA";"Sim";"Ingestao de alcool";1;"Saida de leito carrocavel";"Com Vitimas Feridas";"Pleno dia";"Decrescente";"Ceu Claro";"Simples";"Reta";"Nao";255133;"Motocicleta";"HONDA/CG150 FAN ESDI";2014;"Condutor";"Lesoes Leves";38;"Masculino";0;1;0;0;"-4.93396173";"-47.45424271";"SR-MA";"DEL18/4";"UOP03/MA"
144118;313171;2018-07-02;"segunda-feira";"17:18:00";"MA";222;671;"ACAILANDIA";"Sim";"Ingestao de alcool";1;"Saida de leito carrocavel";"Com Vitimas Feridas";"Pleno dia";"Decrescente";"Ceu Claro";"Simples";"Reta";"Nao";255133;"Motocicleta";"HONDA/CG150 FAN ESDI";2014;"Passageiro";"Lesoes Leves";19;"Masculino";0;1;0;0;"-4.93396173";"-47.45424271";"SR-MA";"DEL18/4";"UOP03/MA"
144134;313298;2018-07-03;"terca-feira";"02:30:00";"SC";101;130;"BALNEARIO CAMBORIU";"Sim";"Ingestao de alcool";1;"Colisao traseira";"Sem Vitimas";"Plena Noite";"Crescente";"Ceu Claro";"Dupla";"Reta";"Sim";255235;"Automóvel";"GM/CORSA WIND";1996;"Condutor";"Ileso";33;"Masculino";1;0;0;0;"-26.98427053";"-48.66984129";"SR-SC";"DEL8/4";"UOP03/SC"
144134;313299;2018-07-03;"terca-feira";"02:30:00";"SC";101;130;"BALNEARIO CAMBORIU";"Sim";"Ingestao de alcool";1;"Colisao traseira";"Sem Vitimas";"Plena Noite";"Crescente";"Ceu Claro";"Dupla";"Reta";"Sim";255236;"Caminhao-trator";"SCANIA/R 400 A4X2";2013;"Condutor";"Ileso";40;"Masculino";1;0;0;0;"-26.98427053";"-48.66984129";"SR-SC";"DEL8/4";"UOP03/SC"
144135;313199;2018-07-03;"terca-feira";"02:00:00";"SC";280;137;"RIO NEGRINHO";"Sim";"Ingestao de alcool";1;"Saida de leito carrocavel";"Com Vitimas Feridas";"Plena Noite";"Crescente";"Nublado";"Simples";"Reta";"Nao";255164;"Automóvel";"FORD/KA SE 1.5 HA B";2016;"Condutor";"Lesoes Leves";42;"Masculino";0;1;0;0;"-26.268177";"-49.59045";"SR-SC";"DEL8/6";"UOP03/SC"
144147;314654;2018-07-03;"terca-feira";"06:30:00";"BA";407;4;"JUAZEIRO";"Nao";"Ingestao de alcool";1;"Atropelamento de Pedestre";"Com Vitimas Feridas";"Pleno dia";"Crescente";"Ceu Claro";"Simples";"Reta";"Sim";255216;"Motocicleta";"HONDA/NXR160 BROS ESDD";2015;"Condutor";"Lesoes Leves";50;"Masculino";0;1;0;0;"-9.4457175";"-40.4914203";"SR-PE";"DEL11/6";"UOP01/PE"
144147;314646;2018-07-03;"terca-feira";"06:30:00";"BA";407;4;"JUAZEIRO";"Nao";"Ingestao de alcool";1;"Atropelamento de Pedestre";"Com Vitimas Feridas";"Pleno dia";"Crescente";"Ceu Claro";"Simples";"Reta";"Sim";255216;"Motocicleta";"HONDA/NXR160 BROS ESDD";2015;"Passageiro";"Lesoes Leves";25;"Masculino";0;1;0;0;"-9.4457175";"-40.4914203";"SR-PE";"DEL11/6";"UOP01/PE"
144147;314647;2018-07-03;"terca-feira";"06:30:00";"BA";407;4;"JUAZEIRO";"Nao";"Ingestao de alcool";1;"Atropelamento de Pedestre";"Com Vitimas Feridas";"Pleno dia";"Crescente";"Ceu Claro";"Simples";"Reta";"Sim";255216;"Motocicleta";"HONDA/NXR160 BROS ESDD";2015;"Pedestre";"Lesoes Leves";27;"Masculino";0;1;0;0;"-9.4457175";"-40.4914203";"SR-PE";"DEL11/6";"UOP01/PE"
144199;313403;2018-07-03;"terca-feira";"11:00:00";"RJ";101;471;"ANGRA DOS REIS";"Nao";"Ingestao de alcool";1;"Colisao transversal";"Com Vitimas Feridas";"Pleno dia";"Decrescente";"Sol";"Simples";"Retorno Regulamentado";"Nao";255293;"Automóvel";"FIAT/PALIO WK ADVEN FLEX";2007;"Condutor";"Ileso";37;"Masculino";1;0;0;0;"-22.99944415";"-44.22741652";"SR-RJ";"DEL5/3";"UOP02/RJ"
144199;313401;2018-07-03;"terca-feira";"11:00:00";"RJ";101;471;"ANGRA DOS REIS";"Nao";"Ingestao de alcool";1;"Colisao transversal";"Com Vitimas Feridas";"Pleno dia";"Decrescente";"Sol";"Simples";"Retorno Regulamentado";"Nao";255292;"Caminhonete";"FIAT/FIORINO 1.0";1995;"Condutor";"Lesoes Leves";55;"Masculino";0;1;0;0;"-22.99944415";"-44.22741652";"SR-RJ";"DEL5/3";"UOP02/RJ"
144206;313551;2018-07-03;"terca-feira";"12:55:00";"MT";70;1,9;"BARRA DO GARCAS";"Nao";"Ingestao de alcool";1;"Colisao lateral";"Com Vitimas Feridas";"Pleno dia";"Crescente";"Sol";"Simples";"Intersecao de vias";"Sim";255409;"Automóvel";"VW/PASSAT";1986;"Condutor";"Ileso";71;"Masculino";1;0;0;0;"-15.88777845";"-52.2676599";"SR-MT";"DEL2/8";"UOP01/MT"
144206;313552;2018-07-03;"terca-feira";"12:55:00";"MT";70;1,9;"BARRA DO GARCAS";"Nao";"Ingestao de alcool";1;"Colisao lateral";"Com Vitimas Feridas";"Pleno dia";"Crescente";"Sol";"Simples";"Intersecao de vias";"Sim";255410;"Motocicleta";"HONDA/CG 150 TITAN EX";2014;"Condutor";"Lesoes Leves";21;"Feminino";0;1;0;0;"-15.88777845";"-52.2676599";"SR-MT";"DEL2/8";"UOP01/MT"
144240;313453;2018-06-08;"sexta-feira";"20:05:00";"DF";80;12,7;"BRASILIA";"Sim";"Ingestao de alcool";1;"Colisao transversal";"Sem Vitimas";"Plena Noite";"Crescente";"Ceu Claro";"Dupla";"Curva";"Sim";255352;"Automóvel";"FIAT/MOBI LIKE";2017;"Passageiro";"Ileso";58;"Masculino";1;0;0;0;"-15.73021825";"-48.19157124";"SR-DF";"DF";"UOP06/DF"
144240;313454;2018-06-08;"sexta-feira";"20:05:00";"DF";80;12,7;"BRASILIA";"Sim";"Ingestao de alcool";1;"Colisao transversal";"Sem Vitimas";"Plena Noite";"Crescente";"Ceu Claro";"Dupla";"Curva";"Sim";255352;"Automóvel";"FIAT/MOBI LIKE";2017;"Passageiro";"Ileso";50;"Feminino";1;0;0;0;"-15.73021825";"-48.19157124";"SR-DF";"DF";"UOP06/DF"
144240;313451;2018-06-08;"sexta-feira";"20:05:00";"DF";80;12,7;"BRASILIA";"Sim";"Ingestao de alcool";1;"Colisao transversal";"Sem Vitimas";"Plena Noite";"Crescente";"Ceu Claro";"Dupla";"Curva";"Sim";255352;"Automóvel";"FIAT/MOBI LIKE";2017;"Condutor";"Ileso";21;"Masculino";1;0;0;0;"-15.73021825";"-48.19157124";"SR-DF";"DF";"UOP06/DF"
144240;313452;2018-06-08;"sexta-feira";"20:05:00";"DF";80;12,7;"BRASILIA";"Sim";"Ingestao de alcool";1;"Colisao transversal";"Sem Vitimas";"Plena Noite";"Crescente";"Ceu Claro";"Dupla";"Curva";"Sim";255353;"Automóvel";"HYUNDAI/HB20 1.0M COMFOR";2017;"Condutor";"Ileso";66;"Masculino";1;0;0;0;"-15.73021825";"-48.19157124";"SR-DF";"DF";"UOP06/DF"
144273;313525;2018-07-03;"terca-feira";"16:00:00";"ES";262;152,6;"IBATIBA";"Sim";"Ingestao de alcool";1;"Saida de leito carrocavel";"Com Vitimas Feridas";"Pleno dia";"Decrescente";"Ceu Claro";"Simples";"Curva";"Nao";255399;"Motocicleta";"HONDA/CG 125 TITAN";1997;"Condutor";"Lesoes Leves";28;"Masculino";0;1;0;0;"-20.21499056";"-41.45316213";"SR-ES";"DEL12/1";"UOP02/ES"
144301;313603;2018-07-03;"terca-feira";"20:20:00";"RS";101;82,1;"OSORIO";"Sim";"Ingestao de alcool";1;"Colisao transversal";"Sem Vitimas";"Plena Noite";"Decrescente";"Nublado";"Dupla";"Reta";"Sim";255454;"Automóvel";"VW/GOL MI";1997;"Condutor";"Ileso";55;"Masculino";1;0;0;0;"-29.84924258";"-50.24540305";"SR-RS";"DEL9/3";"UOP01/RS"
144301;313608;2018-07-03;"terca-feira";"20:20:00";"RS";101;82,1;"OSORIO";"Sim";"Ingestao de alcool";1;"Colisao transversal";"Sem Vitimas";"Plena Noite";"Decrescente";"Nublado";"Dupla";"Reta";"Sim";255455;"Ônibus";"MBENZ/MPOLO PARADISO R";2005;"Condutor";"Ileso";41;"Masculino";1;0;0;0;"-29.84924258";"-50.24540305";"SR-RS";"DEL9/3";"UOP01/RS"
144332;314928;2018-07-04;"quarta-feira";"02:10:00";"GO";153;518;"HIDROLANDIA";"Sim";"Ingestao de alcool";1;"Capotamento";"Com Vitimas Feridas";"Plena Noite";"Crescente";"Ceu Claro";"Dupla";"Reta";"Nao";256493;"Automóvel";"CHEVROLET/ONIX 1.4MT LTZ";2013;"Condutor";"Lesoes Leves";22;"Masculino";0;1;0;0;"-16.867";"-49.2505";"SR-GO";"DEL1/1";"UOP03/GO"
144376;313773;2018-06-09;"sabado";"19:40:00";"GO";20;16;"FORMOSA";"Sim";"Ingestao de alcool";1;"Colisao lateral";"Com Vitimas Feridas";"Plena Noite";"Crescente";"Ceu Claro";"Simples";"Reta";"Nao";255587;"Automóvel";"HONDA/CIVIC LXS FLEX";2007;"Condutor";"Lesoes Leves";37;"Masculino";0;1;0;0;"-15.56247";"-47.215034";"SR-DF";"GO";"UOP04/DF"
144376;313776;2018-06-09;"sabado";"19:40:00";"GO";20;16;"FORMOSA";"Sim";"Ingestao de alcool";1;"Colisao lateral";"Com Vitimas Feridas";"Plena Noite";"Crescente";"Ceu Claro";"Simples";"Reta";"Nao";255588;"Caminhao-trator";"VOLVO/FH 460 6X2T";2016;"Condutor";"Ileso";55;"Masculino";1;0;0;0;"-15.56247";"-47.215034";"SR-DF";"GO";"UOP04/DF"
144376;313777;2018-06-09;"sabado";"19:40:00";"GO";20;16;"FORMOSA";"Sim";"Ingestao de alcool";1;"Colisao lateral";"Com Vitimas Feridas";"Plena Noite";"Crescente";"Ceu Claro";"Simples";"Reta";"Nao";255589;"Caminhonete";"I/TOYOTA HILUX CDSRVA4FD";2016;"Condutor";"Ileso";40;"Masculino";1;0;0;0;"-15.56247";"-47.215034";"SR-DF";"GO";"UOP04/DF"
144376;313774;2018-06-09;"sabado";"19:40:00";"GO";20;16;"FORMOSA";"Sim";"Ingestao de alcool";1;"Colisao lateral";"Com Vitimas Feridas";"Plena Noite";"Crescente";"Ceu Claro";"Simples";"Reta";"Nao";255587;"Automóvel";"HONDA/CIVIC LXS FLEX";2007;"Passageiro";"Lesoes Leves";37;"Feminino";0;1;0;0;"-15.56247";"-47.215034";"SR-DF";"GO";"UOP04/DF"
144376;313775;2018-06-09;"sabado";"19:40:00";"GO";20;16;"FORMOSA";"Sim";"Ingestao de alcool";1;"Colisao lateral";"Com Vitimas Feridas";"Plena Noite";"Crescente";"Ceu Claro";"Simples";"Reta";"Nao";255587;"Automóvel";"HONDA/CIVIC LXS FLEX";2007;"Passageiro";"Lesoes Leves";11;"Feminino";0;1;0;0;"-15.56247";"-47.215034";"SR-DF";"GO";"UOP04/DF"
144395;314098;2018-07-04;"quarta-feira";"12:15:00";"DF";70;10,5;"BRASILIA";"Sim";"Ingestao de alcool";1;"Capotamento";"Com Vitimas Feridas";"Pleno dia";"Crescente";"Ceu Claro";"Dupla";"Reta";"Sim";255852;"Caminhonete";"FIAT/STRADA WORKING CD";2010;"Condutor";"Lesoes Leves";35;"Masculino";0;1;0;0;"-15.787066";"-48.140709";"SR-DF";"DF";"UOP06/DF"
144397;313810;2018-07-04;"quarta-feira";"02:25:00";"SC";101;280;"IMBITUBA";"Sim";"Ingestao de alcool";1;"Saida de leito carrocavel";"Sem Vitimas";"Plena Noite";"Decrescente";"Chuva";"Dupla";"Reta";"Nao";255616;"Motocicleta";"HONDA/CG 125 FAN";2005;"Condutor";"Ileso";35;"Masculino";1;0;0;0;"-28.2087";"-48.6989";"SR-SC";"DEL8/2";"UOP03/SC"
144468;314070;2018-07-04;"quarta-feira";"19:50:00";"BA";324;618;"SALVADOR";"Nao";"Ingestao de alcool";1;"Atropelamento de Pedestre";"Com Vitimas Feridas";"Plena Noite";"Crescente";"Ceu Claro";"Multipla";"Reta";"Sim";255826;"Ônibus";"SCANIA/MPOLO PARADIS LDR";2004;"Condutor";"Ileso";28;"Masculino";1;0;0;0;"-12.89891149";"-38.45077515";"SR-BA";"DEL10/1";"UOP01/BA"
144468;314073;2018-07-04;"quarta-feira";"19:50:00";"BA";324;618;"SALVADOR";"Nao";"Ingestao de alcool";1;"Atropelamento de Pedestre";"Com Vitimas Feridas";"Plena Noite";"Crescente";"Ceu Claro";"Multipla";"Reta";"Sim";255826;"Ônibus";"SCANIA/MPOLO PARADIS LDR";2004;"Pedestre";"Lesoes Leves";NA;"Masculino";0;1;0;0;"-12.89891149";"-38.45077515";"SR-BA";"DEL10/1";"UOP01/BA"
144501;314373;2018-07-04;"quarta-feira";"19:00:00";"BA";110;20,4;"PAULO AFONSO";"Sim";"Ingestao de alcool e/ou substâncias psicoativas pelo pedestre";1;"Capotamento";"Com Vitimas Feridas";"Plena Noite";"Crescente";"Ceu Claro";"Simples";"Reta";"Nao";255797;"Caminhao-trator";"VOLVO/FH 400 4X2T";2010;"Condutor";"Lesoes Leves";60;"Masculino";0;1;0;0;"-9.58009994";"-38.22435379";"SR-BA";"DEL10/7";"UOP01/BA"
144501;314376;2018-07-04;"quarta-feira";"19:00:00";"BA";110;20,4;"PAULO AFONSO";"Sim";"Ingestao de alcool e/ou substâncias psicoativas pelo pedestre";1;"Capotamento";"Com Vitimas Feridas";"Plena Noite";"Crescente";"Ceu Claro";"Simples";"Reta";"Nao";255798;"Semireboque";"SR/RANDONSP SRFG CG";2011;"Condutor";"Nao Informado";NA;"Nao Informado";0;0;0;0;"-9.58009994";"-38.22435379";"SR-BA";"DEL10/7";"UOP01/BA"
144520;316148;2018-07-05;"quinta-feira";"04:55:00";"RO";319;63;"PORTO VELHO";"Nao";"Ingestao de alcool";1;"Colisao transversal";"Com Vitimas Feridas";"Amanhecer";"Decrescente";"Ceu Claro";"Multipla";"Intersecao de vias";"Sim";257447;"Automóvel";"HYUNDAI/HB20S 1.6A PREM";2013;"Condutor";"Ileso";34;"Feminino";1;0;0;0;"-8.75554757";"-63.88651729";"SR-RO";"DEL21/1";"UOP01/RO"
144520;316150;2018-07-05;"quinta-feira";"04:55:00";"RO";319;63;"PORTO VELHO";"Nao";"Ingestao de alcool";1;"Colisao transversal";"Com Vitimas Feridas";"Amanhecer";"Decrescente";"Ceu Claro";"Multipla";"Intersecao de vias";"Sim";257447;"Automóvel";"HYUNDAI/HB20S 1.6A PREM";2013;"Passageiro";"Ileso";38;"Masculino";1;0;0;0;"-8.75554757";"-63.88651729";"SR-RO";"DEL21/1";"UOP01/RO"
144520;316145;2018-07-05;"quinta-feira";"04:55:00";"RO";319;63;"PORTO VELHO";"Nao";"Ingestao de alcool";1;"Colisao transversal";"Com Vitimas Feridas";"Amanhecer";"Decrescente";"Ceu Claro";"Multipla";"Intersecao de vias";"Sim";257446;"Motocicleta";"HONDA/POP100";2015;"Passageiro";"Lesoes Leves";17;"Feminino";0;1;0;0;"-8.75554757";"-63.88651729";"SR-RO";"DEL21/1";"UOP01/RO"
144520;316134;2018-07-05;"quinta-feira";"04:55:00";"RO";319;63;"PORTO VELHO";"Nao";"Ingestao de alcool";1;"Colisao transversal";"Com Vitimas Feridas";"Amanhecer";"Decrescente";"Ceu Claro";"Multipla";"Intersecao de vias";"Sim";257446;"Motocicleta";"HONDA/POP100";2015;"Condutor";"Lesoes Leves";NA;"Feminino";0;1;0;0;"-8.75554757";"-63.88651729";"SR-RO";"DEL21/1";"UOP01/RO"
144554;315903;2018-07-05;"quinta-feira";"06:30:00";"SC";470;125;"IBIRAMA";"Sim";"Ingestao de alcool e/ou substâncias psicoativas pelo pedestre";1;"Colisao lateral";"Sem Vitimas";"Amanhecer";"Crescente";"Nublado";"Simples";"Reta";"Nao";255887;"Automóvel";"VW/GOL TL MB S";2014;"Condutor";"Ileso";41;"Masculino";1;0;0;0;"-27.120506";"-49.534946";"SR-SC";"DEL8/4";"UOP02/SC"
144573;314449;2018-07-05;"quinta-feira";"10:15:00";"MG";153;47;"CANAPOLIS";"Sim";"Ingestao de alcool";1;"Queda de ocupante de veiculo";"Com Vitimas Feridas";"Pleno dia";"Crescente";"Ceu Claro";"Dupla";"Desvio Temporario";"Nao";256077;"Bicicleta";"R/SHIGEAKI F.PROPRIA";NA;"Condutor";"Lesoes Leves";46;"Masculino";0;1;0;0;"-18.7958";"-49.0827";"SR-MG";"DEL4/15";"UOP03/MG"