"id";"pesid";"data_inversa";"dia_semana";"horario";"uf";"br";"km";"municipio";"causa_principal";"causa_acidente";"ordem_tipo_acidente";"tipo_acidente";"classificacao_acidente";"fase_dia";"sentido_via";"condicao_metereologica";"tipo_pista";"tracado_via";"uso_solo";"id_veiculo";"tipo_veiculo";"marca";"ano_fabricacao_veiculo";"tipo_envolvido";"estado_fisico";"idade";"sexo";"ilesos";"feridos_leves";"feridos_graves";"mortos";"latitude";"longitude";"regional";"delegacia";"uop"
144598;316304;2018-07-05;"quinta-feira";"14:00:00";"MG";40;595;"OURO PRETO";"Sim";"Ingestao de alcool";1;"Colisao traseira";"Sem Vitimas";"Pleno dia";"Crescente";"Ceu Claro";"Simples";"Reta";"Nao";256017;"Automóvel";"FIAT/WEEKEND ADVENTURE";2016;"Condutor";"Ileso";54;"Masculino";1;0;0;0;"-20.4083109";"-43.89611006";"SR-MG";"DEL4/5";"UOP02/MG"
144598;316265;2018-07-05;"quinta-feira";"14:00:00";"MG";40;595;"OURO PRETO";"Sim";"Ingestao de alcool";1;"Colisao traseira";"Sem Vitimas";"Pleno dia";"Crescente";"Ceu Claro";"Simples";"Reta";"Nao";256016;"Caminhao";"M.BENZ/710";1997;"Condutor";"Ileso";66;"Masculino";1;0;0;0;"-20.4083109";"-43.89611006";"SR-MG";"DEL4/5";"UOP02/MG"
144644;315629;2018-07-05;"quinta-feira";"17:30:00";"GO";364;61;"CACHOEIRA ALTA";"Sim";"Ingestao de alcool";1;"Colisao frontal";"Sem Vitimas";"Anoitecer";"Decrescente";"Ceu Claro";"Simples";"Reta";"Nao";256102;"Automóvel";"FIAT/PALIO ELX FLEX";2009;"Condutor";"Ileso";28;"Feminino";1;0;0;0;"-18.724609";"-50.952961";"SR-GO";"DEL1/5";"UOP02/GO"
144644;315633;2018-07-05;"quinta-feira";"17:30:00";"GO";364;61;"CACHOEIRA ALTA";"Sim";"Ingestao de alcool";1;"Colisao frontal";"Sem Vitimas";"Anoitecer";"Decrescente";"Ceu Claro";"Simples";"Reta";"Nao";256103;"Caminhonete";"CHEVROLET/MONTANA LS2";2016;"Condutor";"Ileso";39;"Masculino";1;0;0;0;"-18.724609";"-50.952961";"SR-GO";"DEL1/5";"UOP02/GO"
144644;315625;2018-07-05;"quinta-feira";"17:30:00";"GO";364;61;"CACHOEIRA ALTA";"Sim";"Ingestao de alcool";1;"Colisao frontal";"Sem Vitimas";"Anoitecer";"Decrescente";"Ceu Claro";"Simples";"Reta";"Nao";256101;"Caminhonete";"GM/S10 EXECUTIVE 2.8 4X4";2004;"Condutor";"Ileso";62;"Masculino";1;0;0;0;"-18.724609";"-50.952961";"SR-GO";"DEL1/5";"UOP02/GO"
144660;314606;2018-07-05;"quinta-feira";"15:40:00";"MA";10;243;"DAVINOPOLIS";"Sim";"Ingestao de alcool";1;"Colisao traseira";"Sem Vitimas";"Pleno dia";"Decrescente";"Ceu Claro";"Simples";"Reta";"Nao";256054;"Automóvel";"VW/FOX 1.0 GII";2012;"Condutor";"Ileso";58;"Masculino";1;0;0;0;"-5.60354";"-47.423855";"SR-MA";"DEL18/4";"UOP01/MA"
144660;314609;2018-07-05;"quinta-feira";"15:40:00";"MA";10;243;"DAVINOPOLIS";"Sim";"Ingestao de alcool";1;"Colisao traseira";"Sem Vitimas";"Pleno dia";"Decrescente";"Ceu Claro";"Simples";"Reta";"Nao";256055;"Caminhonete";"I/FORD RANGER XL CD4 22";2013;"Condutor";"Ileso";57;"Masculino";1;0;0;0;"-5.60354";"-47.423855";"SR-MA";"DEL18/4";"UOP01/MA"
144695;314512;2018-07-05;"quinta-feira";"19:40:00";"RO";364;532;"ARIQUEMES";"Sim";"Ingestao de alcool";1;"Saida de leito carrocavel";"Com Vitimas Feridas";"Pleno dia";"Decrescente";"Ceu Claro";"Simples";"Reta";"Nao";256139;"Motocicleta";"HONDA/CG 150 TITAN EX";2014;"Condutor";"Lesoes Leves";60;"Masculino";0;1;0;0;"-9.75237014";"-63.11233521";"SR-RO";"DEL21/3";"UOP01/RO"
144699;314553;2018-07-05;"quinta-feira";"20:20:00";"PR";277;727;"FOZ DO IGUACU";"Sim";"Ingestao de alcool";1;"Colisao lateral";"Sem Vitimas";"Plena Noite";"Crescente";"Ceu Claro";"Dupla";"Reta";"Nao";256175;"Automóvel";"I/FORD FUSION HYBRID B";2015;"Condutor";"Ileso";25;"Masculino";1;0;0;0;"-25.5099501";"-54.56619501";"SR-PR";"DEL7/5";"UOP03/PR"
144699;314554;2018-07-05;"quinta-feira";"20:20:00";"PR";277;727;"FOZ DO IGUACU";"Sim";"Ingestao de alcool";1;"Colisao lateral";"Sem Vitimas";"Plena Noite";"Crescente";"Ceu Claro";"Dupla";"Reta";"Nao";256176;"Automóvel";"";2008;"Condutor";"Ileso";26;"Masculino";1;0;0;0;"-25.5099501";"-54.56619501";"SR-PR";"DEL7/5";"UOP03/PR"
144738;314595;2018-07-06;"sexta-feira";"03:15:00";"SC";480;129,9;"CHAPECO";"Sim";"Ingestao de alcool";1;"Colisao com objeto estatico";"Sem Vitimas";"Plena Noite";"Decrescente";"Ceu Claro";"Dupla";"Curva";"Sim";256212;"Automóvel";"HONDA/CITY DX FLEX";2011;"Condutor";"Ileso";30;"Feminino";1;0;0;0;"-27.05437235";"-52.63642517";"SR-SC";"DEL8/8";"UOP01/SC"
144758;316482;2018-07-06;"sexta-feira";"05:40:00";"MT";70;276,4;"PRIMAVERA DO LESTE";"Sim";"Ingestao de alcool";1;"Colisao frontal";"Com Vitimas Feridas";"Amanhecer";"Decrescente";"Ceu Claro";"Simples";"Reta";"Sim";257709;"Caminhao-trator";"M.BENZ/ACTROS 2651S6X4";2017;"Condutor";"Ileso";50;"Masculino";1;0;0;0;"-15.55357";"-54.262028";"SR-MT";"DEL2/5";"UOP01/MT"
144758;316489;2018-07-06;"sexta-feira";"05:40:00";"MT";70;276,4;"PRIMAVERA DO LESTE";"Sim";"Ingestao de alcool";1;"Colisao frontal";"Com Vitimas Feridas";"Amanhecer";"Decrescente";"Ceu Claro";"Simples";"Reta";"Sim";257719;"Automóvel";"VW/GOL CL";1992;"Condutor";"Lesoes Leves";19;"Masculino";0;1;0;0;"-15.55357";"-54.262028";"SR-MT";"DEL2/5";"UOP01/MT"
144766;314856;2018-07-06;"sexta-feira";"07:20:00";"CE";116;10;"FORTALEZA";"Sim";"Ingestao de alcool";1;"Engavetamento";"Com Vitimas Feridas";"Pleno dia";"Decrescente";"Ceu Claro";"Dupla";"Reta";"Sim";256335;"Automóvel";"VW/FOX 1.0 GII";2011;"Condutor";"Ileso";42;"Masculino";1;0;0;0;"-3.8466";"-38.4974";"SR-CE";"DEL16/1";"UOP02/CE"
144766;314859;2018-07-06;"sexta-feira";"07:20:00";"CE";116;10;"FORTALEZA";"Sim";"Ingestao de alcool";1;"Engavetamento";"Com Vitimas Feridas";"Pleno dia";"Decrescente";"Ceu Claro";"Dupla";"Reta";"Sim";256336;"Automóvel";"FIAT/PALIO ATTRACTIV 1.0";2012;"Condutor";"Lesoes Leves";33;"Feminino";0;1;0;0;"-3.8466";"-38.4974";"SR-CE";"DEL16/1";"UOP02/CE"
144766;314863;2018-07-06;"sexta-feira";"07:20:00";"CE";116;10;"FORTALEZA";"Sim";"Ingestao de alcool";1;"Engavetamento";"Com Vitimas Feridas";"Pleno dia";"Decrescente";"Ceu Claro";"Dupla";"Reta";"Sim";256337;"Automóvel";"FIAT/UNO MILLE ECONOMY";2012;"Condutor";"Ileso";36;"Masculino";1;0;0;0;"-3.8466";"-38.4974";"SR-CE";"DEL16/1";"UOP02/CE"
144766;314865;2018-07-06;"sexta-feira";"07:20:00";"CE";116;10;"FORTALEZA";"Sim";"Ingestao de alcool";1;"Engavetamento";"Com Vitimas Feridas";"Pleno dia";"Decrescente";"Ceu Claro";"Dupla";"Reta";"Sim";256338;"Automóvel";"CHEVROLET/ONIX 10MT JOYE";2017;"Condutor";"Ileso";37;"Feminino";1;0;0;0;"-3.8466";"-38.4974";"SR-CE";"DEL16/1";"UOP02/CE"
144766;314866;2018-07-06;"sexta-feira";"07:20:00";"CE";116;10;"FORTALEZA";"Sim";"Ingestao de alcool";1;"Engavetamento";"Com Vitimas Feridas";"Pleno dia";"Decrescente";"Ceu Claro";"Dupla";"Reta";"Sim";256361;"Automóvel";"";NA;"Condutor";"Ileso";NA;"Ignorado";1;0;0;0;"-3.8466";"-38.4974";"SR-CE";"DEL16/1";"UOP02/CE"
144847;314861;2018-07-06;"sexta-feira";"12:32:00";"RS";290;625;"ALEGRETE";"Sim";"Ingestao de alcool";1;"Saida de leito carrocavel";"Com Vitimas Feridas";"Pleno dia";"Crescente";"Ceu Claro";"Simples";"Reta";"Nao";256379;"Caminhonete";"FIAT/STRADA WORKING";2016;"Condutor";"Lesoes Leves";33;"Masculino";0;1;0;0;"-29.990417";"-56.175041";"SR-RS";"DEL9/13";"UOP02/RS"
144872;314895;2018-07-06;"sexta-feira";"14:00:00";"MG";116;414;"GOVERNADOR VALADARES";"Sim";"Ingestao de alcool";1;"Colisao traseira";"Sem Vitimas";"Pleno dia";"Decrescente";"Ceu Claro";"Dupla";"Retorno Regulamentado";"Sim";256475;"Automóvel";"VW/GOL 1.0";2011;"Condutor";"Ileso";25;"Masculino";1;0;0;0;"-18.88029477";"-41.95971038";"SR-MG";"DEL4/6";"UOP01/MG"
144872;314899;2018-07-06;"sexta-feira";"14:00:00";"MG";116;414;"GOVERNADOR VALADARES";"Sim";"Ingestao de alcool";1;"Colisao traseira";"Sem Vitimas";"Pleno dia";"Decrescente";"Ceu Claro";"Dupla";"Retorno Regulamentado";"Sim";256479;"Motocicleta";"HONDA/CG 160 FAN";2017;"Condutor";"Ileso";19;"Masculino";1;0;0;0;"-18.88029477";"-41.95971038";"SR-MG";"DEL4/6";"UOP01/MG"
144890;315119;2018-07-06;"sexta-feira";"18:00:00";"ES";262;46;"MARECHAL FLORIANO";"Sim";"Ingestao de alcool";1;"Colisao traseira";"Com Vitimas Feridas";"Plena Noite";"Decrescente";"Ceu Claro";"Simples";"Reta";"Sim";256679;"Automóvel";"I/CHEV CRUZE LT NB AT";2017;"Condutor";"Ileso";31;"Masculino";1;0;0;0;"-20.40888314";"-40.6743291";"SR-ES";"DEL12/1";"UOP01/ES"
144890;315125;2018-07-06;"sexta-feira";"18:00:00";"ES";262;46;"MARECHAL FLORIANO";"Sim";"Ingestao de alcool";1;"Colisao traseira";"Com Vitimas Feridas";"Plena Noite";"Decrescente";"Ceu Claro";"Simples";"Reta";"Sim";256680;"Caminhonete";"FIAT/STRADA TREK FLEX";2006;"Passageiro";"Lesoes Leves";52;"Feminino";0;1;0;0;"-20.40888314";"-40.6743291";"SR-ES";"DEL12/1";"UOP01/ES"
144890;315121;2018-07-06;"sexta-feira";"18:00:00";"ES";262;46;"MARECHAL FLORIANO";"Sim";"Ingestao de alcool";1;"Colisao traseira";"Com Vitimas Feridas";"Plena Noite";"Decrescente";"Ceu Claro";"Simples";"Reta";"Sim";256680;"Caminhonete";"FIAT/STRADA TREK FLEX";2006;"Condutor";"Ileso";51;"Masculino";1;0;0;0;"-20.40888314";"-40.6743291";"SR-ES";"DEL12/1";"UOP01/ES"
144890;315117;2018-07-06;"sexta-feira";"18:00:00";"ES";262;46;"MARECHAL FLORIANO";"Sim";"Ingestao de alcool";1;"Colisao traseira";"Com Vitimas Feridas";"Plena Noite";"Decrescente";"Ceu Claro";"Simples";"Reta";"Sim";256678;"Automóvel";"";NA;"Condutor";"Ileso";NA;"Ignorado";1;0;0;0;"-20.40888314";"-40.6743291";"SR-ES";"DEL12/1";"UOP01/ES"
144890;315126;2018-07-06;"sexta-feira";"18:00:00";"ES";262;46;"MARECHAL FLORIANO";"Sim";"Ingestao de alcool";1;"Colisao traseira";"Com Vitimas Feridas";"Plena Noite";"Decrescente";"Ceu Claro";"Simples";"Reta";"Sim";256681;"Automóvel";"FORD/FIESTA SEDAN1.6FLEX";2009;"Condutor";"Lesoes Leves";66;"Masculino";0;1;0;0;"-20.40888314";"-40.6743291";"SR-ES";"DEL12/1";"UOP01/ES"
144910;316600;2018-07-06;"sexta-feira";"18:20:00";"RJ";101;244,8;"SILVA JARDIM";"Sim";"Ingestao de alcool e/ou substâncias psicoativas pelo pedestre";1;"Atropelamento de Pedestre";"Com Vitimas Fatais";"Plena Noite";"Crescente";"Ceu Claro";"Dupla";"Reta";"Sim";256626;"Utilitario";"I/JAG FPACE 20TD PRESTIG";2017;"Condutor";"Ileso";64;"Masculino";1;0;0;0;"-22.64411562";"-42.48039722";"SR-RJ";"DEL5/2";"UOP03/RJ"
144910;316619;2018-07-06;"sexta-feira";"18:20:00";"RJ";101;244,8;"SILVA JARDIM";"Sim";"Ingestao de alcool e/ou substâncias psicoativas pelo pedestre";1;"Atropelamento de Pedestre";"Com Vitimas Fatais";"Plena Noite";"Crescente";"Ceu Claro";"Dupla";"Reta";"Sim";256627;"Automóvel";"FIAT/PUNTO ATTRACTIVE";2013;"Condutor";"Ileso";31;"Masculino";1;0;0;0;"-22.64411562";"-42.48039722";"SR-RJ";"DEL5/2";"UOP03/RJ"
144910;316656;2018-07-06;"sexta-feira";"18:20:00";"RJ";101;244,8;"SILVA JARDIM";"Sim";"Ingestao de alcool e/ou substâncias psicoativas pelo pedestre";1;"Atropelamento de Pedestre";"Com Vitimas Fatais";"Plena Noite";"Crescente";"Ceu Claro";"Dupla";"Reta";"Sim";256627;"Automóvel";"FIAT/PUNTO ATTRACTIVE";2013;"Pedestre";"Óbito";37;"Masculino";0;0;0;1;"-22.64411562";"-42.48039722";"SR-RJ";"DEL5/2";"UOP03/RJ"
144919;316686;2018-07-06;"sexta-feira";"20:00:00";"PR";376;188;"MARIALVA";"Nao";"Ingestao de alcool";1;"Colisao transversal";"Com Vitimas Feridas";"Plena Noite";"Crescente";"Nublado";"Dupla";"Retorno Regulamentado";"Nao";257884;"Automóvel";"HONDA/CIVIC LX";2005;"Condutor";"Lesoes Leves";33;"Feminino";0;1;0;0;"-23.45869937";"-51.84149981";"SR-PR";"DEL7/7";"UOP04/PR"
144919;316682;2018-07-06;"sexta-feira";"20:00:00";"PR";376;188;"MARIALVA";"Nao";"Ingestao de alcool";1;"Colisao transversal";"Com Vitimas Feridas";"Plena Noite";"Crescente";"Nublado";"Dupla";"Retorno Regulamentado";"Nao";257844;"Caminhao-trator";"M.BENZ/LS 1934";1989;"Condutor";"Ileso";65;"Masculino";1;0;0;0;"-23.45869937";"-51.84149981";"SR-PR";"DEL7/7";"UOP04/PR"
144919;316688;2018-07-06;"sexta-feira";"20:00:00";"PR";376;188;"MARIALVA";"Nao";"Ingestao de alcool";1;"Colisao transversal";"Com Vitimas Feridas";"Plena Noite";"Crescente";"Nublado";"Dupla";"Retorno Regulamentado";"Nao";257884;"Automóvel";"HONDA/CIVIC LX";2005;"Passageiro";"Lesoes Leves";17;"Feminino";0;1;0;0;"-23.45869937";"-51.84149981";"SR-PR";"DEL7/7";"UOP04/PR"
144919;316696;2018-07-06;"sexta-feira";"20:00:00";"PR";376;188;"MARIALVA";"Nao";"Ingestao de alcool";1;"Colisao transversal";"Com Vitimas Feridas";"Plena Noite";"Crescente";"Nublado";"Dupla";"Retorno Regulamentado";"Nao";257884;"Automóvel";"HONDA/CIVIC LX";2005;"Passageiro";"Lesoes Leves";18;"Masculino";0;1;0;0;"-23.45869937";"-51.84149981";"SR-PR";"DEL7/7";"UOP04/PR"
144922;316673;2018-07-06;"sexta-feira";"20:10:00";"PR";476;142,5;"CURITIBA";"Sim";"Ingestao de alcool";1;"Colisao lateral";"Sem Vitimas";"Plena Noite";"Decrescente";"Ceu Claro";"Dupla";"Reta";"Sim";257865;"Automóvel";"GM/CELTA";2001;"Condutor";"Ileso";23;"Masculino";1;0;0;0;"-25.537161";"-49.301632";"SR-PR";"DEL7/1";"UOP06/PR"
144922;316661;2018-07-06;"sexta-feira";"20:10:00";"PR";476;142,5;"CURITIBA";"Sim";"Ingestao de alcool";1;"Colisao lateral";"Sem Vitimas";"Plena Noite";"Decrescente";"Ceu Claro";"Dupla";"Reta";"Sim";257861;"Automóvel";"I/RENAULT CLIO EXP1016VH";2016;"Condutor";"Ileso";36;"Masculino";1;0;0;0;"-25.537161";"-49.301632";"SR-PR";"DEL7/1";"UOP06/PR"
144929;316624;2018-07-06;"sexta-feira";"19:10:00";"RO";364;330;"JI-PARANA";"Sim";"Ingestao de alcool";1;"Colisao traseira";"Com Vitimas Feridas";"Plena Noite";"Crescente";"Ignorado";"Simples";"Reta";"Sim";256601;"Motocicleta";"HONDA/CG 125 TITAN";1997;"Condutor";"Lesoes Graves";66;"Masculino";0;0;1;0;"-10.98475";"-61.917099";"SR-RO";"DEL21/2";"UOP01/RO"
144929;316623;2018-07-06;"sexta-feira";"19:10:00";"RO";364;330;"JI-PARANA";"Sim";"Ingestao de alcool";1;"Colisao traseira";"Com Vitimas Feridas";"Plena Noite";"Crescente";"Ignorado";"Simples";"Reta";"Sim";256581;"Motoneta";"HONDA/BIZ 125 ES";2011;"Condutor";"Lesoes Leves";19;"Masculino";0;1;0;0;"-10.98475";"-61.917099";"SR-RO";"DEL21/2";"UOP01/RO"
144931;317006;2018-07-06;"sexta-feira";"20:30:00";"SP";381;65;"MAIRIPORA";"Sim";"Ingestao de alcool";1;"Queda de ocupante de veiculo";"Com Vitimas Feridas";"Plena Noite";"Crescente";"Ceu Claro";"Dupla";"Reta";"Sim";256702;"Caminhao";"I/JMC N900 CONVAY";2011;"Condutor";"Ileso";NA;"Masculino";1;0;0;0;"-23.33122256";"-46.57785237";"SR-SP";"DEL6/3";"UOP03/SP"
144931;317007;2018-07-06;"sexta-feira";"20:30:00";"SP";381;65;"MAIRIPORA";"Sim";"Ingestao de alcool";1;"Queda de ocupante de veiculo";"Com Vitimas Feridas";"Plena Noite";"Crescente";"Ceu Claro";"Dupla";"Reta";"Sim";256702;"Caminhao";"I/JMC N900 CONVAY";2011;"Passageiro";"Lesoes Leves";NA;"Masculino";0;1;0;0;"-23.33122256";"-46.57785237";"SR-SP";"DEL6/3";"UOP03/SP"
144942;314988;2018-07-06;"sexta-feira";"11:30:00";"PB";427;4,8;"PAULISTA";"Sim";"Ingestao de alcool";1;"Colisao com objeto estatico";"Com Vitimas Fatais";"Pleno dia";"Decrescente";"Nublado";"Simples";"Ponte";"Nao";256545;"Automóvel";"VW/VIRTUS MF";2018;"Condutor";"Óbito";70;"Masculino";0;0;0;1;"-6.64856951";"-37.48513699";"SR-PB";"DEL14/3";"UOP02/PB"
144944;315049;2018-07-06;"sexta-feira";"20:40:00";"PI";343;601;"FLORIANO";"Sim";"Ingestao de alcool";1;"Atropelamento de Pedestre";"Com Vitimas Feridas";"Plena Noite";"Decrescente";"Ceu Claro";"Simples";"Reta";"Sim";256608;"Automóvel";"FIAT/PALIO WEEK ELX FLEX";2008;"Condutor";"Ileso";38;"Masculino";1;0;0;0;"-6.837403";"-43.07935";"SR-PI";"DEL17/3";"UOP01/PI"
144944;316582;2018-07-06;"sexta-feira";"20:40:00";"PI";343;601;"FLORIANO";"Sim";"Ingestao de alcool";1;"Atropelamento de Pedestre";"Com Vitimas Feridas";"Plena Noite";"Decrescente";"Ceu Claro";"Simples";"Reta";"Sim";257613;"Automóvel";"VW/GOL 1.0 GIV";2010;"Condutor";"Ileso";53;"Masculino";1;0;0;0;"-6.837403";"-43.07935";"SR-PI";"DEL17/3";"UOP01/PI"
144944;316370;2018-07-06;"sexta-feira";"20:40:00";"PI";343;601;"FLORIANO";"Sim";"Ingestao de alcool";1;"Atropelamento de Pedestre";"Com Vitimas Feridas";"Plena Noite";"Decrescente";"Ceu Claro";"Simples";"Reta";"Sim";257613;"Automóvel";"VW/GOL 1.0 GIV";2010;"Pedestre";"Lesoes Leves";23;"Masculino";0;1;0;0;"-6.837403";"-43.07935";"SR-PI";"DEL17/3";"UOP01/PI"
144949;315147;2018-07-06;"sexta-feira";"19:45:00";"AC";364;124;"RIO BRANCO";"Sim";"Ingestao de alcool";1;"Colisao traseira";"Sem Vitimas";"Plena Noite";"Decrescente";"Ceu Claro";"Dupla";"Reta";"Sim";256707;"Caminhonete";"FIAT/STRADA WORKING CE";2013;"Condutor";"Ileso";40;"Feminino";1;0;0;0;"-10.011523";"-67.791466";"SR-AC";"UOP01/AC";""
144949;315152;2018-07-06;"sexta-feira";"19:45:00";"AC";364;124;"RIO BRANCO";"Sim";"Ingestao de alcool";1;"Colisao traseira";"Sem Vitimas";"Plena Noite";"Decrescente";"Ceu Claro";"Dupla";"Reta";"Sim";256708;"Automóvel";"FIAT/PALIO ELX FLEX";2005;"Condutor";"Ileso";30;"Masculino";1;0;0;0;"-10.011523";"-67.791466";"SR-AC";"UOP01/AC";""
144957;318588;2018-07-06;"sexta-feira";"21:40:00";"DF";80;18,3;"BRASILIA";"Sim";"Ingestao de alcool";1;"Colisao frontal";"Com Vitimas Feridas";"Plena Noite";"Crescente";"Ceu Claro";"Dupla";"Reta";"Sim";259448;"Automóvel";"VW/PARATI CL";1991;"Passageiro";"Lesoes Leves";32;"Feminino";0;1;0;0;"-15.681931";"-48.20525";"SR-DF";"DF";"UOP06/DF"
144957;318589;2018-07-06;"sexta-feira";"21:40:00";"DF";80;18,3;"BRASILIA";"Sim";"Ingestao de alcool";1;"Colisao frontal";"Com Vitimas Feridas";"Plena Noite";"Crescente";"Ceu Claro";"Dupla";"Reta";"Sim";259448;"Automóvel";"VW/PARATI CL";1991;"Passageiro";"Lesoes Leves";9;"Masculino";0;1;0;0;"-15.681931";"-48.20525";"SR-DF";"DF";"UOP06/DF"
144957;318593;2018-07-06;"sexta-feira";"21:40:00";"DF";80;18,3;"BRASILIA";"Sim";"Ingestao de alcool";1;"Colisao frontal";"Com Vitimas Feridas";"Plena Noite";"Crescente";"Ceu Claro";"Dupla";"Reta";"Sim";259448;"Automóvel";"VW/PARATI CL";1991;"Passageiro";"Lesoes Leves";6;"Masculino";0;1;0;0;"-15.681931";"-48.20525";"SR-DF";"DF";"UOP06/DF"
144957;318594;2018-07-06;"sexta-feira";"21:40:00";"DF";80;18,3;"BRASILIA";"Sim";"Ingestao de alcool";1;"Colisao frontal";"Com Vitimas Feridas";"Plena Noite";"Crescente";"Ceu Claro";"Dupla";"Reta";"Sim";259448;"Automóvel";"VW/PARATI CL";1991;"Passageiro";"Ileso";1;"Feminino";1;0;0;0;"-15.681931";"-48.20525";"SR-DF";"DF";"UOP06/DF"
144957;318579;2018-07-06;"sexta-feira";"21:40:00";"DF";80;18,3;"BRASILIA";"Sim";"Ingestao de alcool";1;"Colisao frontal";"Com Vitimas Feridas";"Plena Noite";"Crescente";"Ceu Claro";"Dupla";"Reta";"Sim";259448;"Automóvel";"VW/PARATI CL";1991;"Condutor";"Ileso";31;"Masculino";1;0;0;0;"-15.681931";"-48.20525";"SR-DF";"DF";"UOP06/DF"
144957;318580;2018-07-06;"sexta-feira";"21:40:00";"DF";80;18,3;"BRASILIA";"Sim";"Ingestao de alcool";1;"Colisao frontal";"Com Vitimas Feridas";"Plena Noite";"Crescente";"Ceu Claro";"Dupla";"Reta";"Sim";259449;"Automóvel";"GM/ASTRA HB 4P ADVANTAGE";2010;"Condutor";"Lesoes Leves";39;"Masculino";0;1;0;0;"-15.681931";"-48.20525";"SR-DF";"DF";"UOP06/DF"
144960;316164;2018-07-06;"sexta-feira";"22:20:00";"GO";153;442,7;"ANAPOLIS";"Sim";"Ingestao de alcool";1;"Colisao com objeto estatico";"Sem Vitimas";"Plena Noite";"Crescente";"Ceu Claro";"Dupla";"Nao Informado";"Sim";256602;"Automóvel";"I/CITROEN C4 PALLAS20GLA";2008;"Condutor";"Ileso";NA;"Ignorado";1;0;0;0;"-16.34114326";"-48.9234066";"SR-GO";"DEL1/2";"UOP01/GO"
144962;319300;2018-07-06;"sexta-feira";"22:00:00";"RN";304;113,7;"ACU";"Sim";"Ingestao de alcool";1;"Saida de leito carrocavel";"Com Vitimas Feridas";"Plena Noite";"Decrescente";"Ceu Claro";"Simples";"Reta";"Sim";259985;"Caminhonete";"I/VW AMAROK CD 4X4 TREND";2012;"Condutor";"Lesoes Graves";37;"Masculino";0;0;1;0;"-5.60336507";"-36.9179678";"SR-RN";"DEL15/4";"UOP01/RN"
144963;315029;2018-07-06;"sexta-feira";"21:10:00";"RN";110;48,4;"MOSSORO";"Sim";"Ingestao de alcool";1;"Queda de ocupante de veiculo";"Com Vitimas Feridas";"Plena Noite";"Decrescente";"Nublado";"Dupla";"Reta";"Sim";256584;"Motocicleta";"HONDA/POP100";2014;"Condutor";"Lesoes Leves";52;"Masculino";0;1;0;0;"-5.208813";"-37.332851";"SR-RN";"DEL15/4";"UOP01/RN"
144963;316994;2018-07-06;"sexta-feira";"21:10:00";"RN";110;48,4;"MOSSORO";"Sim";"Ingestao de alcool";1;"Queda de ocupante de veiculo";"Com Vitimas Feridas";"Plena Noite";"Decrescente";"Nublado";"Dupla";"Reta";"Sim";256584;"Motocicleta";"HONDA/POP100";2014;"Testemunha";"Nao Informado";NA;"Nao Informado";0;0;0;0;"-5.208813";"-37.332851";"SR-RN";"DEL15/4";"UOP01/RN"
144964;316752;2018-07-06;"sexta-feira";"22:20:00";"DF";70;17;"BRASILIA";"Sim";"Ingestao de alcool";1;"Saida de leito carrocavel";"Com Vitimas Feridas";"Plena Noite";"Decrescente";"Ceu Claro";"Dupla";"Reta";"Nao";256651;"Motocicleta";"HONDA/CG 160 TITAN EX";2015;"Condutor";"Lesoes Leves";43;"Masculino";0;1;0;0;"-15.7949371";"-48.1992171";"SR-DF";"DF";"UOP06/DF"
144967;315042;2018-07-06;"sexta-feira";"21:45:00";"SC";163;75,7;"SAO MIGUEL DO OESTE";"Sim";"Ingestao de alcool";1;"Saida de leito carrocavel";"Sem Vitimas";"Plena Noite";"Crescente";"Ceu Claro";"Simples";"Nao Informado";"Nao";256599;"Automóvel";"VW/GOL MI";1998;"Condutor";"Ileso";50;"Masculino";1;0;0;0;"-26.67236886";"-53.51894796";"SR-SC";"DEL8/8";"UOP03/SC"
144968;318103;2018-07-06;"sexta-feira";"23:30:00";"PE";232;197,2;"SANHARO";"Sim";"Ingestao de alcool";1;"Colisao transversal";"Com Vitimas Feridas";"Plena Noite";"Crescente";"Chuva";"Simples";"Reta";"Sim";256663;"Ônibus";"SCANIA/MPOLO PARADISO R";2015;"Condutor";"Ileso";30;"Masculino";1;0;0;0;"-8.3688673";"-36.57953203";"SR-PE";"DEL11/2";"UOP02/PE"
144968;318104;2018-07-06;"sexta-feira";"23:30:00";"PE";232;197,2;"SANHARO";"Sim";"Ingestao de alcool";1;"Colisao transversal";"Com Vitimas Feridas";"Plena Noite";"Crescente";"Chuva";"Simples";"Reta";"Sim";256662;"Automóvel";"CHEVROLET/CELTA 1.0L LS";2011;"Passageiro";"Lesoes Leves";18;"Feminino";0;1;0;0;"-8.3688673";"-36.57953203";"SR-PE";"DEL11/2";"UOP02/PE"
144968;318099;2018-07-06;"sexta-feira";"23:30:00";"PE";232;197,2;"SANHARO";"Sim";"Ingestao de alcool";1;"Colisao transversal";"Com Vitimas Feridas";"Plena Noite";"Crescente";"Chuva";"Simples";"Reta";"Sim";256662;"Automóvel";"CHEVROLET/CELTA 1.0L LS";2011;"Condutor";"Lesoes Leves";36;"Masculino";0;1;0;0;"-8.3688673";"-36.57953203";"SR-PE";"DEL11/2";"UOP02/PE"