"id";"pesid";"data_inversa";"dia_semana";"horario";"uf";"br";"km";"municipio";"causa_principal";"causa_acidente";"ordem_tipo_acidente";"tipo_acidente";"classificacao_acidente";"fase_dia";"sentido_via";"condicao_metereologica";"tipo_pista";"tracado_via";"uso_solo";"id_veiculo";"tipo_veiculo";"marca";"ano_fabricacao_veiculo";"tipo_envolvido";"estado_fisico";"idade";"sexo";"ilesos";"feridos_leves";"feridos_graves";"mortos";"latitude";"longitude";"regional";"delegacia";"uop"
144978;315066;2018-07-06;"sexta-feira";"23:45:00";"MG";381;770;"CAMPANHA";"Sim";"Ingestao de alcool";1;"Saida de leito carrocavel";"Sem Vitimas";"Plena Noite";"Crescente";"Ceu Claro";"Dupla";"Reta";"Nao";256629;"Caminhonete";"GM/MONTANA CONQUEST";2009;"Condutor";"Ileso";40;"Masculino";1;0;0;0;"-21.7672";"-45.4183";"SR-MG";"DEL4/10";"UOP02/MG"
144984;318573;2018-07-06;"sexta-feira";"22:30:00";"PB";104;93,7;"ESPERANCA";"Sim";"Ingestao de alcool";1;"Saida de leito carrocavel";"Com Vitimas Fatais";"Plena Noite";"Decrescente";"Chuva";"Simples";"Desvio Temporario";"Nao";256700;"Automóvel";"VW/POLO 1.6";2009;"Passageiro";"Lesoes Leves";23;"Masculino";0;1;0;0;"-7.004795";"-35.850899";"SR-PB";"DEL14/2";"UOP04/PB"
144984;315131;2018-07-06;"sexta-feira";"22:30:00";"PB";104;93,7;"ESPERANCA";"Sim";"Ingestao de alcool";1;"Saida de leito carrocavel";"Com Vitimas Fatais";"Plena Noite";"Decrescente";"Chuva";"Simples";"Desvio Temporario";"Nao";256700;"Automóvel";"VW/POLO 1.6";2009;"Passageiro";"Óbito";20;"Feminino";0;0;0;1;"-7.004795";"-35.850899";"SR-PB";"DEL14/2";"UOP04/PB"
144984;318583;2018-07-06;"sexta-feira";"22:30:00";"PB";104;93,7;"ESPERANCA";"Sim";"Ingestao de alcool";1;"Saida de leito carrocavel";"Com Vitimas Fatais";"Plena Noite";"Decrescente";"Chuva";"Simples";"Desvio Temporario";"Nao";256700;"Automóvel";"VW/POLO 1.6";2009;"Condutor";"Lesoes Leves";21;"Masculino";0;1;0;0;"-7.004795";"-35.850899";"SR-PB";"DEL14/2";"UOP04/PB"
144984;318688;2018-07-06;"sexta-feira";"22:30:00";"PB";104;93,7;"ESPERANCA";"Sim";"Ingestao de alcool";1;"Saida de leito carrocavel";"Com Vitimas Fatais";"Plena Noite";"Decrescente";"Chuva";"Simples";"Desvio Temporario";"Nao";256700;"Automóvel";"VW/POLO 1.6";2009;"Passageiro";"Lesoes Leves";19;"Feminino";0;1;0;0;"-7.004795";"-35.850899";"SR-PB";"DEL14/2";"UOP04/PB"
144984;318577;2018-07-06;"sexta-feira";"22:30:00";"PB";104;93,7;"ESPERANCA";"Sim";"Ingestao de alcool";1;"Saida de leito carrocavel";"Com Vitimas Fatais";"Plena Noite";"Decrescente";"Chuva";"Simples";"Desvio Temporario";"Nao";256700;"Automóvel";"VW/POLO 1.6";2009;"Passageiro";"Lesoes Leves";20;"Feminino";0;1;0;0;"-7.004795";"-35.850899";"SR-PB";"DEL14/2";"UOP04/PB"
144987;315060;2018-07-07;"sabado";"00:00:00";"PR";277;681;"SAO MIGUEL DO IGUACU";"Sim";"Ingestao de alcool";1;"Saida de leito carrocavel";"Sem Vitimas";"Plena Noite";"Crescente";"Ceu Claro";"Dupla";"Reta";"Nao";256621;"Automóvel";"I/FORD FOCUS 1.6 FLEX HA";2007;"Condutor";"Ileso";29;"Masculino";1;0;0;0;"-25.327219";"-54.173519";"SR-PR";"DEL7/5";"UOP01/PR"
144999;317281;2018-07-06;"sexta-feira";"19:30:00";"RO";174;16,5;"VILHENA";"Nao";"Ingestao de alcool";1;"Colisao transversal";"Com Vitimas Feridas";"Plena Noite";"Crescente";"Ceu Claro";"Simples";"Reta";"Sim";258323;"Motoneta";"HONDA/BIZ 125 ES";2010;"Condutor";"Lesoes Leves";20;"Masculino";0;1;0;0;"-12.714524";"-60.126217";"SR-RO";"DEL21/4";"UOP01/RO"
144999;317285;2018-07-06;"sexta-feira";"19:30:00";"RO";174;16,5;"VILHENA";"Nao";"Ingestao de alcool";1;"Colisao transversal";"Com Vitimas Feridas";"Plena Noite";"Crescente";"Ceu Claro";"Simples";"Reta";"Sim";258328;"Automóvel";"GM/CELTA 2P LIFE";2007;"Condutor";"Ileso";46;"Masculino";1;0;0;0;"-12.714524";"-60.126217";"SR-RO";"DEL21/4";"UOP01/RO"
144999;317284;2018-07-06;"sexta-feira";"19:30:00";"RO";174;16,5;"VILHENA";"Nao";"Ingestao de alcool";1;"Colisao transversal";"Com Vitimas Feridas";"Plena Noite";"Crescente";"Ceu Claro";"Simples";"Reta";"Sim";258323;"Motoneta";"HONDA/BIZ 125 ES";2010;"Passageiro";"Lesoes Leves";21;"Feminino";0;1;0;0;"-12.714524";"-60.126217";"SR-RO";"DEL21/4";"UOP01/RO"
145001;315085;2018-07-07;"sabado";"01:45:00";"GO";60;79;"ANAPOLIS";"Sim";"Ingestao de alcool e/ou substâncias psicoativas pelo pedestre";1;"Colisao traseira";"Sem Vitimas";"Plena Noite";"Crescente";"Ceu Claro";"Dupla";"Reta";"Nao";256648;"Automóvel";"GM/PRISMA JOY";2007;"Condutor";"Ileso";40;"Masculino";1;0;0;0;"-16.3007";"-48.8128";"SR-GO";"DEL1/2";"UOP01/GO"
145001;315086;2018-07-07;"sabado";"01:45:00";"GO";60;79;"ANAPOLIS";"Sim";"Ingestao de alcool e/ou substâncias psicoativas pelo pedestre";1;"Colisao traseira";"Sem Vitimas";"Plena Noite";"Crescente";"Ceu Claro";"Dupla";"Reta";"Nao";256647;"Automóvel";"VW/NOVO GOL TL MCV";2016;"Condutor";"Ileso";32;"Masculino";1;0;0;0;"-16.3007";"-48.8128";"SR-GO";"DEL1/2";"UOP01/GO"
145001;315087;2018-07-07;"sabado";"01:45:00";"GO";60;79;"ANAPOLIS";"Sim";"Ingestao de alcool e/ou substâncias psicoativas pelo pedestre";1;"Colisao traseira";"Sem Vitimas";"Plena Noite";"Crescente";"Ceu Claro";"Dupla";"Reta";"Nao";256648;"Automóvel";"GM/PRISMA JOY";2007;"Passageiro";"Ileso";30;"Feminino";1;0;0;0;"-16.3007";"-48.8128";"SR-GO";"DEL1/2";"UOP01/GO"
145004;315094;2018-07-07;"sabado";"02:10:00";"SC";101;209,3;"SAO JOSE";"Sim";"Ingestao de alcool";1;"Colisao lateral";"Sem Vitimas";"Plena Noite";"Decrescente";"Nublado";"Dupla";"Reta";"Sim";256657;"Automóvel";"VW/NOVO GOL TL MCV";2017;"Condutor";"Ileso";23;"Masculino";1;0;0;0;"-27.61224027";"-48.64098961";"SR-SC";"DEL8/1";"UOP01/SC"
145004;315098;2018-07-07;"sabado";"02:10:00";"SC";101;209,3;"SAO JOSE";"Sim";"Ingestao de alcool";1;"Colisao lateral";"Sem Vitimas";"Plena Noite";"Decrescente";"Nublado";"Dupla";"Reta";"Sim";256658;"Automóvel";"FORD/KA FLEX";2009;"Condutor";"Ileso";32;"Masculino";1;0;0;0;"-27.61224027";"-48.64098961";"SR-SC";"DEL8/1";"UOP01/SC"
145005;315957;2018-07-07;"sabado";"01:40:00";"MT";163;854;"SINOP";"Sim";"Ingestao de alcool";1;"Queda de ocupante de veiculo";"Com Vitimas Feridas";"Plena Noite";"Crescente";"Ceu Claro";"Simples";"Intersecao de vias";"Nao";256801;"Motoneta";"HONDA/BIZ 125 ES";2011;"Condutor";"Lesoes Graves";30;"Masculino";0;0;1;0;"-11.68585911";"-55.45005798";"SR-MT";"DEL2/6";"UOP02/MT"
145008;316587;2018-07-07;"sabado";"02:45:00";"PR";116;18;"CURITIBA";"Sim";"Ingestao de alcool";1;"Colisao traseira";"Sem Vitimas";"Plena Noite";"Decrescente";"Ceu Claro";"Dupla";"Reta";"Sim";257820;"Automóvel";"CHEV/PRISMA 1.4MT LT";2017;"Condutor";"Ileso";21;"Feminino";1;0;0;0;"-25.38892577";"-49.20125127";"SR-PR";"DEL7/1";"UOP02/PR"
145008;316586;2018-07-07;"sabado";"02:45:00";"PR";116;18;"CURITIBA";"Sim";"Ingestao de alcool";1;"Colisao traseira";"Sem Vitimas";"Plena Noite";"Decrescente";"Ceu Claro";"Dupla";"Reta";"Sim";257819;"Automóvel";"I/RENAULT CLIO AUT1016VH";2014;"Condutor";"Ileso";46;"Masculino";1;0;0;0;"-25.38892577";"-49.20125127";"SR-PR";"DEL7/1";"UOP02/PR"
145011;317016;2018-07-07;"sabado";"03:10:00";"SC";101;150;"ITAPEMA";"Sim";"Ingestao de alcool";1;"Colisao transversal";"Com Vitimas Feridas";"Plena Noite";"Decrescente";"Vento";"Dupla";"Reta";"Sim";256669;"Automóvel";"I/GEELY GC2 GL";2014;"Condutor";"Lesoes Leves";37;"Masculino";0;1;0;0;"-27.1267";"-48.6095";"SR-SC";"DEL8/4";"UOP03/SC"
145011;317017;2018-07-07;"sabado";"03:10:00";"SC";101;150;"ITAPEMA";"Sim";"Ingestao de alcool";1;"Colisao transversal";"Com Vitimas Feridas";"Plena Noite";"Decrescente";"Vento";"Dupla";"Reta";"Sim";258136;"Automóvel";"HYUNDAI/HB20 1.0M COMFOR";2016;"Condutor";"Ileso";28;"Masculino";1;0;0;0;"-27.1267";"-48.6095";"SR-SC";"DEL8/4";"UOP03/SC"
145012;316793;2018-07-07;"sabado";"04:10:00";"DF";70;15;"BRASILIA";"Sim";"Ingestao de alcool";1;"Saida de leito carrocavel";"Com Vitimas Feridas";"Plena Noite";"Decrescente";"Ceu Claro";"Dupla";"Rotatória";"Nao";256699;"Automóvel";"FIAT/PALIO EX";1999;"Passageiro";"Lesoes Leves";13;"Feminino";0;1;0;0;"-15.7949741";"-48.1991442";"SR-DF";"DF";"UOP06/DF"
145012;316961;2018-07-07;"sabado";"04:10:00";"DF";70;15;"BRASILIA";"Sim";"Ingestao de alcool";1;"Saida de leito carrocavel";"Com Vitimas Feridas";"Plena Noite";"Decrescente";"Ceu Claro";"Dupla";"Rotatória";"Nao";256699;"Automóvel";"FIAT/PALIO EX";1999;"Passageiro";"Lesoes Graves";19;"Feminino";0;0;1;0;"-15.7949741";"-48.1991442";"SR-DF";"DF";"UOP06/DF"
145012;316778;2018-07-07;"sabado";"04:10:00";"DF";70;15;"BRASILIA";"Sim";"Ingestao de alcool";1;"Saida de leito carrocavel";"Com Vitimas Feridas";"Plena Noite";"Decrescente";"Ceu Claro";"Dupla";"Rotatória";"Nao";256699;"Automóvel";"FIAT/PALIO EX";1999;"Condutor";"Lesoes Graves";23;"Masculino";0;0;1;0;"-15.7949741";"-48.1991442";"SR-DF";"DF";"UOP06/DF"
145012;316791;2018-07-07;"sabado";"04:10:00";"DF";70;15;"BRASILIA";"Sim";"Ingestao de alcool";1;"Saida de leito carrocavel";"Com Vitimas Feridas";"Plena Noite";"Decrescente";"Ceu Claro";"Dupla";"Rotatória";"Nao";256699;"Automóvel";"FIAT/PALIO EX";1999;"Passageiro";"Lesoes Graves";22;"Masculino";0;0;1;0;"-15.7949741";"-48.1991442";"SR-DF";"DF";"UOP06/DF"
145013;316598;2018-07-07;"sabado";"04:03:00";"ES";101;270;"SERRA";"Sim";"Ingestao de alcool";1;"Colisao com objeto estatico";"Com Vitimas Feridas";"Plena Noite";"Crescente";"Ceu Claro";"Multipla";"Curva";"Sim";256683;"Automóvel";"VW/GOLF";2000;"Condutor";"Lesoes Graves";27;"Masculino";0;0;1;0;"-20.22702966";"-40.2711637";"SR-ES";"DEL12/2";"UOP01/ES"
145020;317014;2018-07-07;"sabado";"04:20:00";"DF";40;6;"BRASILIA";"Nao";"Ingestao de alcool";1;"Atropelamento de Pedestre";"Com Vitimas Feridas";"Plena Noite";"Decrescente";"Ceu Claro";"Dupla";"Reta";"Sim";256689;"Outros";"";NA;"Condutor";"Nao Informado";NA;"Nao Informado";0;0;0;0;"-16.036117";"-47.978989";"SR-DF";"DF";"UOP01/DF"
145020;317011;2018-07-07;"sabado";"04:20:00";"DF";40;6;"BRASILIA";"Nao";"Ingestao de alcool";1;"Atropelamento de Pedestre";"Com Vitimas Feridas";"Plena Noite";"Decrescente";"Ceu Claro";"Dupla";"Reta";"Sim";256688;"Automóvel";"GM/CELTA 4P LIFE";2006;"Condutor";"Ileso";41;"Masculino";1;0;0;0;"-16.036117";"-47.978989";"SR-DF";"DF";"UOP01/DF"
145020;317012;2018-07-07;"sabado";"04:20:00";"DF";40;6;"BRASILIA";"Nao";"Ingestao de alcool";1;"Atropelamento de Pedestre";"Com Vitimas Feridas";"Plena Noite";"Decrescente";"Ceu Claro";"Dupla";"Reta";"Sim";256688;"Automóvel";"GM/CELTA 4P LIFE";2006;"Passageiro";"Lesoes Leves";26;"Masculino";0;1;0;0;"-16.036117";"-47.978989";"SR-DF";"DF";"UOP01/DF"
145029;315265;2018-07-07;"sabado";"06:50:00";"RN";101;114;"SAO JOSE DE MIPIBU";"Sim";"Ingestao de alcool";1;"Colisao com objeto estatico";"Com Vitimas Feridas";"Pleno dia";"Crescente";"Nublado";"Dupla";"Reta";"Nao";256784;"Motocicleta";"HONDA/CG150 FAN ESDI";2014;"Condutor";"Lesoes Leves";39;"Masculino";0;1;0;0;"-5.982223";"-35.264896";"SR-RN";"DEL15/1";"UOP01/RN"
145036;318982;2018-07-07;"sabado";"03:50:00";"MT";163;586;"NOVA MUTUM";"Sim";"Ingestao de alcool";1;"Colisao com objeto estatico";"Sem Vitimas";"Plena Noite";"Decrescente";"Ceu Claro";"Multipla";"Reta";"Nao";259730;"Automóvel";"VW/POLO 1.6";2007;"Condutor";"Ileso";30;"Masculino";1;0;0;0;"-13.9487284";"-56.09653473";"SR-MT";"DEL2/4";"UOP01/MT"
145037;316322;2018-07-07;"sabado";"01:00:00";"SC";282;406,3;"CATANDUVAS";"Sim";"Ingestao de alcool";1;"Capotamento";"Sem Vitimas";"Plena Noite";"Decrescente";"Nublado";"Simples";"Reta";"Nao";256717;"Automóvel";"GM/CHEVETTE SL 1.6";1989;"Condutor";"Nao Informado";NA;"Nao Informado";0;0;0;0;"-27.09550316";"-51.65513992";"SR-SC";"DEL8/7";"UOP02/SC"
145043;316308;2018-07-07;"sabado";"07:50:00";"SP";101;47,7;"UBATUBA";"Sim";"Ingestao de alcool";1;"Colisao frontal";"Com Vitimas Feridas";"Pleno dia";"Decrescente";"Sol";"Simples";"Reta";"Sim";256733;"Automóvel";"GM/CORSA SUPER";2000;"Passageiro";"Lesoes Leves";46;"Feminino";0;1;0;0;"-23.43962407";"-45.0875473";"SR-SP";"DEL6/7";"UOP01/SP"
145043;316301;2018-07-07;"sabado";"07:50:00";"SP";101;47,7;"UBATUBA";"Sim";"Ingestao de alcool";1;"Colisao frontal";"Com Vitimas Feridas";"Pleno dia";"Decrescente";"Sol";"Simples";"Reta";"Sim";256733;"Automóvel";"GM/CORSA SUPER";2000;"Condutor";"Ileso";31;"Masculino";1;0;0;0;"-23.43962407";"-45.0875473";"SR-SP";"DEL6/7";"UOP01/SP"
145043;316313;2018-07-07;"sabado";"07:50:00";"SP";101;47,7;"UBATUBA";"Sim";"Ingestao de alcool";1;"Colisao frontal";"Com Vitimas Feridas";"Pleno dia";"Decrescente";"Sol";"Simples";"Reta";"Sim";256734;"Camioneta";"WILLYS/OVERLAND";1962;"Condutor";"Ileso";46;"Masculino";1;0;0;0;"-23.43962407";"-45.0875473";"SR-SP";"DEL6/7";"UOP01/SP"
145052;316879;2018-07-07;"sabado";"07:04:00";"RJ";101;262;"RIO BONITO";"Sim";"Ingestao de alcool";1;"Saida de leito carrocavel";"Com Vitimas Feridas";"Pleno dia";"Crescente";"Nublado";"Dupla";"Curva";"Sim";256732;"Automóvel";"FIAT/PALIO FIRE ECONOMY";2009;"Passageiro";"Lesoes Graves";32;"Masculino";0;0;1;0;"-22.713152";"-42.62048";"SR-RJ";"DEL5/2";"UOP03/RJ"
145052;316872;2018-07-07;"sabado";"07:04:00";"RJ";101;262;"RIO BONITO";"Sim";"Ingestao de alcool";1;"Saida de leito carrocavel";"Com Vitimas Feridas";"Pleno dia";"Crescente";"Nublado";"Dupla";"Curva";"Sim";256732;"Automóvel";"FIAT/PALIO FIRE ECONOMY";2009;"Condutor";"Lesoes Graves";37;"Masculino";0;0;1;0;"-22.713152";"-42.62048";"SR-RJ";"DEL5/2";"UOP03/RJ"
145060;316455;2018-07-07;"sabado";"07:40:00";"GO";70;7;"AGUAS LINDAS DE GOIAS";"Sim";"Ingestao de alcool";1;"Colisao traseira";"Sem Vitimas";"Pleno dia";"Crescente";"Ceu Claro";"Dupla";"Reta";"Sim";256762;"Automóvel";"VW/GOL 16V POWER";2001;"Condutor";"Ileso";20;"Masculino";1;0;0;0;"-15.7423";"-48.2696";"SR-DF";"GO";"UOP06/DF"
145060;316456;2018-07-07;"sabado";"07:40:00";"GO";70;7;"AGUAS LINDAS DE GOIAS";"Sim";"Ingestao de alcool";1;"Colisao traseira";"Sem Vitimas";"Pleno dia";"Crescente";"Ceu Claro";"Dupla";"Reta";"Sim";256763;"Automóvel";"VW/GOL 1.6 RALLYE";2008;"Condutor";"Ileso";37;"Masculino";1;0;0;0;"-15.7423";"-48.2696";"SR-DF";"GO";"UOP06/DF"
145066;315387;2018-07-07;"sabado";"08:10:00";"MS";163;263;"DOURADOS";"Sim";"Ingestao de alcool";1;"Colisao traseira";"Sem Vitimas";"Pleno dia";"Crescente";"Sol";"Dupla";"Rotatória";"Sim";256766;"Automóvel";"GM/ASTRA SEDAN CD";2003;"Condutor";"Ileso";38;"Masculino";1;0;0;0;"-22.23222187";"-54.74852085";"SR-MS";"DEL3/4";"UOP01/MS"
145066;315384;2018-07-07;"sabado";"08:10:00";"MS";163;263;"DOURADOS";"Sim";"Ingestao de alcool";1;"Colisao traseira";"Sem Vitimas";"Pleno dia";"Crescente";"Sol";"Dupla";"Rotatória";"Sim";256765;"Automóvel";"FIAT/UNO ELECTRONIC";1995;"Condutor";"Ileso";38;"Masculino";1;0;0;0;"-22.23222187";"-54.74852085";"SR-MS";"DEL3/4";"UOP01/MS"
145084;315428;2018-07-07;"sabado";"10:01:00";"SP";116;145,8;"SAO JOSE DOS CAMPOS";"Sim";"Ingestao de alcool";1;"Colisao traseira";"Sem Vitimas";"Pleno dia";"Decrescente";"Ceu Claro";"Multipla";"Reta";"Sim";256859;"Automóvel";"HONDA/CIVIC LXS";2007;"Condutor";"Ileso";42;"Masculino";1;0;0;0;"-23.19199008";"-45.86479774";"SR-SP";"DEL6/2";"UOP01/SP"
145084;315431;2018-07-07;"sabado";"10:01:00";"SP";116;145,8;"SAO JOSE DOS CAMPOS";"Sim";"Ingestao de alcool";1;"Colisao traseira";"Sem Vitimas";"Pleno dia";"Decrescente";"Ceu Claro";"Multipla";"Reta";"Sim";256860;"Automóvel";"I/NISSAN SENTRA";2007;"Condutor";"Ileso";19;"Feminino";1;0;0;0;"-23.19199008";"-45.86479774";"SR-SP";"DEL6/2";"UOP01/SP"
145097;315639;2018-07-07;"sabado";"13:10:00";"BA";116;404;"FEIRA DE SANTANA";"Nao";"Ingestao de alcool";1;"Colisao transversal";"Com Vitimas Feridas";"Pleno dia";"Crescente";"Sol";"Simples";"Rotatória";"Nao";257037;"Automóvel";"VW/NOVO GOL 1.0";2013;"Condutor";"Ileso";35;"Masculino";1;0;0;0;"-12.06374681";"-38.96983624";"SR-BA";"DEL10/2";"UOP01/BA"
145097;315641;2018-07-07;"sabado";"13:10:00";"BA";116;404;"FEIRA DE SANTANA";"Nao";"Ingestao de alcool";1;"Colisao transversal";"Com Vitimas Feridas";"Pleno dia";"Crescente";"Sol";"Simples";"Rotatória";"Nao";257041;"Motocicleta";"HONDA/CG150 FAN ESDI";2012;"Condutor";"Lesoes Leves";21;"Masculino";0;1;0;0;"-12.06374681";"-38.96983624";"SR-BA";"DEL10/2";"UOP01/BA"
145107;318700;2018-07-07;"sabado";"05:00:00";"PE";104;77,6;"CARUARU";"Sim";"Ingestao de alcool";1;"Colisao frontal";"Com Vitimas Feridas";"Amanhecer";"Decrescente";"Ignorado";"Simples";"Reta";"Nao";256957;"Automóvel";"FIAT/SIENA ESSENCE 1.6";2014;"Condutor";"Ileso";NA;"Masculino";1;0;0;0;"-8.380923";"-35.983";"SR-PE";"DEL11/2";"UOP01/PE"
145107;318699;2018-07-07;"sabado";"05:00:00";"PE";104;77,6;"CARUARU";"Sim";"Ingestao de alcool";1;"Colisao frontal";"Com Vitimas Feridas";"Amanhecer";"Decrescente";"Ignorado";"Simples";"Reta";"Nao";256956;"Motocicleta";"HONDA/POP100";2008;"Condutor";"Lesoes Graves";40;"Masculino";0;0;1;0;"-8.380923";"-35.983";"SR-PE";"DEL11/2";"UOP01/PE"
145112;317051;2018-07-07;"sabado";"14:00:00";"PI";230;254;"OEIRAS";"Sim";"Ingestao de alcool";1;"Colisao lateral";"Com Vitimas Feridas";"Pleno dia";"Decrescente";"Ceu Claro";"Simples";"Reta";"Sim";258157;"Caminhao-trator";"SCANIA/R 440 A6X2";2016;"Condutor";"Ileso";59;"Masculino";1;0;0;0;"-6.992762";"-42.579033";"SR-PI";"DEL17/3";"UOP01/PI"
145112;317058;2018-07-07;"sabado";"14:00:00";"PI";230;254;"OEIRAS";"Sim";"Ingestao de alcool";1;"Colisao lateral";"Com Vitimas Feridas";"Pleno dia";"Decrescente";"Ceu Claro";"Simples";"Reta";"Sim";258161;"Bicicleta";"";NA;"Condutor";"Lesoes Leves";21;"Masculino";0;1;0;0;"-6.992762";"-42.579033";"SR-PI";"DEL17/3";"UOP01/PI"
145131;315973;2018-07-07;"sabado";"15:54:00";"RJ";116;130;"MAGE";"Sim";"Ingestao de alcool";1;"Colisao frontal";"Sem Vitimas";"Pleno dia";"Decrescente";"Ceu Claro";"Dupla";"Reta";"Nao";257286;"Carroca-charrete";"";NA;"Condutor";"Ileso";38;"Masculino";1;0;0;0;"-22.659489";"-43.116722";"SR-RJ";"DEL5/4";"UOP02/RJ"
145131;315959;2018-07-07;"sabado";"15:54:00";"RJ";116;130;"MAGE";"Sim";"Ingestao de alcool";1;"Colisao frontal";"Sem Vitimas";"Pleno dia";"Decrescente";"Ceu Claro";"Dupla";"Reta";"Nao";257180;"Automóvel";"VW/GOL MI";1997;"Condutor";"Ileso";43;"Masculino";1;0;0;0;"-22.659489";"-43.116722";"SR-RJ";"DEL5/4";"UOP02/RJ"
145139;315480;2018-07-07;"sabado";"16:25:00";"GO";153;514,1;"APARECIDA DE GOIANIA";"Sim";"Ingestao de alcool";1;"Colisao traseira";"Sem Vitimas";"Pleno dia";"Decrescente";"Sol";"Dupla";"Reta";"Sim";256903;"Caminhonete";"FIAT/STRADA TREK CE FLEX";2008;"Condutor";"Ileso";59;"Masculino";1;0;0;0;"-16.8315";"-49.2434";"SR-GO";"DEL1/1";"UOP03/GO"
145139;315484;2018-07-07;"sabado";"16:25:00";"GO";153;514,1;"APARECIDA DE GOIANIA";"Sim";"Ingestao de alcool";1;"Colisao traseira";"Sem Vitimas";"Pleno dia";"Decrescente";"Sol";"Dupla";"Reta";"Sim";256904;"Camioneta";"FORD/ECOSPORT SE AT 2.0";2014;"Condutor";"Ileso";70;"Masculino";1;0;0;0;"-16.8315";"-49.2434";"SR-GO";"DEL1/1";"UOP03/GO"
145165;319170;2018-07-07;"sabado";"18:40:00";"PR";116;115,4;"CURITIBA";"Sim";"Ingestao de alcool";1;"Atropelamento de Pedestre";"Com Vitimas Feridas";"Plena Noite";"Decrescente";"Ceu Claro";"Dupla";"Reta";"Sim";259881;"Automóvel";"FORD/FIESTA FLEX";2010;"Pedestre";"Lesoes Leves";28;"Masculino";0;1;0;0;"-25.5492949";"-49.30421591";"SR-PR";"DEL7/1";"UOP06/PR"
145165;319169;2018-07-07;"sabado";"18:40:00";"PR";116;115,4;"CURITIBA";"Sim";"Ingestao de alcool";1;"Atropelamento de Pedestre";"Com Vitimas Feridas";"Plena Noite";"Decrescente";"Ceu Claro";"Dupla";"Reta";"Sim";259881;"Automóvel";"FORD/FIESTA FLEX";2010;"Condutor";"Ileso";53;"Feminino";1;0;0;0;"-25.5492949";"-49.30421591";"SR-PR";"DEL7/1";"UOP06/PR"
145178;315529;2018-07-07;"sabado";"18:20:00";"RS";153;49,2;"ERECHIM";"Sim";"Ingestao de alcool e/ou substâncias psicoativas pelo pedestre";1;"Atropelamento de Pedestre";"Com Vitimas Feridas";"Plena Noite";"Crescente";"Nublado";"Simples";"Nao Informado";"Nao";256940;"Caminhonete";"IMP/FORD F1000 SC S";1993;"Testemunha";"Nao Informado";NA;"Nao Informado";0;0;0;0;"-27.65455193";"-52.26307333";"SR-RS";"DEL9/8";"UOP02/RS"
145178;315504;2018-07-07;"sabado";"18:20:00";"RS";153;49,2;"ERECHIM";"Sim";"Ingestao de alcool e/ou substâncias psicoativas pelo pedestre";1;"Atropelamento de Pedestre";"Com Vitimas Feridas";"Plena Noite";"Crescente";"Nublado";"Simples";"Nao Informado";"Nao";256940;"Caminhonete";"IMP/FORD F1000 SC S";1993;"Condutor";"Ileso";61;"Masculino";1;0;0;0;"-27.65455193";"-52.26307333";"SR-RS";"DEL9/8";"UOP02/RS"
145178;315527;2018-07-07;"sabado";"18:20:00";"RS";153;49,2;"ERECHIM";"Sim";"Ingestao de alcool e/ou substâncias psicoativas pelo pedestre";1;"Atropelamento de Pedestre";"Com Vitimas Feridas";"Plena Noite";"Crescente";"Nublado";"Simples";"Nao Informado";"Nao";256940;"Caminhonete";"IMP/FORD F1000 SC S";1993;"Testemunha";"Nao Informado";NA;"Nao Informado";0;0;0;0;"-27.65455193";"-52.26307333";"SR-RS";"DEL9/8";"UOP02/RS"
145178;315542;2018-07-07;"sabado";"18:20:00";"RS";153;49,2;"ERECHIM";"Sim";"Ingestao de alcool e/ou substâncias psicoativas pelo pedestre";1;"Atropelamento de Pedestre";"Com Vitimas Feridas";"Plena Noite";"Crescente";"Nublado";"Simples";"Nao Informado";"Nao";256940;"Caminhonete";"IMP/FORD F1000 SC S";1993;"Pedestre";"Lesoes Graves";67;"Feminino";0;0;1;0;"-27.65455193";"-52.26307333";"SR-RS";"DEL9/8";"UOP02/RS"
145179;317153;2018-07-07;"sabado";"18:30:00";"PR";476;124,8;"CURITIBA";"Sim";"Ingestao de alcool";1;"Colisao traseira";"Sem Vitimas";"Plena Noite";"Decrescente";"Ceu Claro";"Dupla";"Reta";"Sim";258230;"Automóvel";"I/CITROEN C4 PALLAS20GLM";2008;"Condutor";"Ileso";28;"Masculino";1;0;0;0;"-25.40693167";"-49.21873357";"SR-PR";"DEL7/1";"UOP06/PR"
145179;317149;2018-07-07;"sabado";"18:30:00";"PR";476;124,8;"CURITIBA";"Sim";"Ingestao de alcool";1;"Colisao traseira";"Sem Vitimas";"Plena Noite";"Decrescente";"Ceu Claro";"Dupla";"Reta";"Sim";258229;"Automóvel";"FIAT/PALIO FIRE";2014;"Condutor";"Ileso";42;"Masculino";1;0;0;0;"-25.40693167";"-49.21873357";"SR-PR";"DEL7/1";"UOP06/PR"
145186;315621;2018-07-07;"sabado";"18:10:00";"MT";70;283;"PRIMAVERA DO LESTE";"Sim";"Ingestao de alcool";1;"Colisao traseira";"Com Vitimas Feridas";"Plena Noite";"Decrescente";"Ceu Claro";"Simples";"Reta";"Sim";257027;"Automóvel";"CHEVROLET/PRISMA 1.4L LT";2011;"Passageiro";"Lesoes Leves";42;"Masculino";0;1;0;0;"-15.573727";"-54.321995";"SR-MT";"DEL2/5";"UOP01/MT"
145186;315630;2018-07-07;"sabado";"18:10:00";"MT";70;283;"PRIMAVERA DO LESTE";"Sim";"Ingestao de alcool";1;"Colisao traseira";"Com Vitimas Feridas";"Plena Noite";"Decrescente";"Ceu Claro";"Simples";"Reta";"Sim";257034;"Automóvel";"FIAT/UNO VIVACE 1.0";2013;"Condutor";"Ileso";24;"Masculino";1;0;0;0;"-15.573727";"-54.321995";"SR-MT";"DEL2/5";"UOP01/MT"