"id";"pesid";"data_inversa";"dia_semana";"horario";"uf";"br";"km";"municipio";"causa_principal";"causa_acidente";"ordem_tipo_acidente";"tipo_acidente";"classificacao_acidente";"fase_dia";"sentido_via";"condicao_metereologica";"tipo_pista";"tracado_via";"uso_solo";"id_veiculo";"tipo_veiculo";"marca";"ano_fabricacao_veiculo";"tipo_envolvido";"estado_fisico";"idade";"sexo";"ilesos";"feridos_leves";"feridos_graves";"mortos";"latitude";"longitude";"regional";"delegacia";"uop"
145186;315618;2018-07-07;"sabado";"18:10:00";"MT";70;283;"PRIMAVERA DO LESTE";"Sim";"Ingestao de alcool";1;"Colisao traseira";"Com Vitimas Feridas";"Plena Noite";"Decrescente";"Ceu Claro";"Simples";"Reta";"Sim";257027;"Automóvel";"CHEVROLET/PRISMA 1.4L LT";2011;"Condutor";"Lesoes Leves";63;"Masculino";0;1;0;0;"-15.573727";"-54.321995";"SR-MT";"DEL2/5";"UOP01/MT"
145188;315550;2018-07-07;"sabado";"18:50:00";"SC";163;69,6;"SAO MIGUEL DO OESTE";"Nao";"Ingestao de alcool";1;"Colisao transversal";"Com Vitimas Feridas";"Plena Noite";"Crescente";"Nublado";"Dupla";"Nao Informado";"Sim";256953;"Automóvel";"GM/CORSA WIND";2000;"Condutor";"Lesoes Leves";35;"Masculino";0;1;0;0;"-26.72543102";"-53.51320803";"SR-SC";"DEL8/8";"UOP03/SC"
145188;315549;2018-07-07;"sabado";"18:50:00";"SC";163;69,6;"SAO MIGUEL DO OESTE";"Nao";"Ingestao de alcool";1;"Colisao transversal";"Com Vitimas Feridas";"Plena Noite";"Crescente";"Nublado";"Dupla";"Nao Informado";"Sim";256952;"Automóvel";"GM/CORSA HATCH MAXX";2008;"Condutor";"Lesoes Leves";30;"Feminino";0;1;0;0;"-26.72543102";"-53.51320803";"SR-SC";"DEL8/8";"UOP03/SC"
145194;316597;2018-07-07;"sabado";"20:30:00";"TO";153;146;"ARAGUAINA";"Sim";"Ingestao de alcool";1;"Colisao transversal";"Com Vitimas Feridas";"Plena Noite";"Crescente";"Ceu Claro";"Multipla";"Nao Informado";"Sim";257823;"Motocicleta";"HONDA/CG 150 FAN ESI";2013;"Passageiro";"Lesoes Leves";15;"Feminino";0;1;0;0;"-7.213399";"-48.244324";"SR-TO";"UOP04/TO";""
145194;316596;2018-07-07;"sabado";"20:30:00";"TO";153;146;"ARAGUAINA";"Sim";"Ingestao de alcool";1;"Colisao transversal";"Com Vitimas Feridas";"Plena Noite";"Crescente";"Ceu Claro";"Multipla";"Nao Informado";"Sim";257823;"Motocicleta";"HONDA/CG 150 FAN ESI";2013;"Condutor";"Lesoes Leves";23;"Masculino";0;1;0;0;"-7.213399";"-48.244324";"SR-TO";"UOP04/TO";""
145194;316602;2018-07-07;"sabado";"20:30:00";"TO";153;146;"ARAGUAINA";"Sim";"Ingestao de alcool";1;"Colisao transversal";"Com Vitimas Feridas";"Plena Noite";"Crescente";"Ceu Claro";"Multipla";"Nao Informado";"Sim";257824;"Bicicleta";"";NA;"Condutor";"Lesoes Graves";16;"Masculino";0;0;1;0;"-7.213399";"-48.244324";"SR-TO";"UOP04/TO";""
145209;318306;2018-07-07;"sabado";"21:10:00";"GO";414;434,4;"ANAPOLIS";"Sim";"Ingestao de alcool";1;"Saida de leito carrocavel";"Sem Vitimas";"Plena Noite";"Crescente";"Ceu Claro";"Simples";"Nao Informado";"Nao";259154;"Automóvel";"CITROEN/C3 EXCL 14 FLEX";2009;"Passageiro";"Ileso";20;"Feminino";1;0;0;0;"-16.22973563";"-48.9289856";"SR-GO";"DEL1/2";"UOP01/GO"
145209;318310;2018-07-07;"sabado";"21:10:00";"GO";414;434,4;"ANAPOLIS";"Sim";"Ingestao de alcool";1;"Saida de leito carrocavel";"Sem Vitimas";"Plena Noite";"Crescente";"Ceu Claro";"Simples";"Nao Informado";"Nao";259154;"Automóvel";"CITROEN/C3 EXCL 14 FLEX";2009;"Passageiro";"Ileso";3;"Masculino";1;0;0;0;"-16.22973563";"-48.9289856";"SR-GO";"DEL1/2";"UOP01/GO"
145209;318283;2018-07-07;"sabado";"21:10:00";"GO";414;434,4;"ANAPOLIS";"Sim";"Ingestao de alcool";1;"Saida de leito carrocavel";"Sem Vitimas";"Plena Noite";"Crescente";"Ceu Claro";"Simples";"Nao Informado";"Nao";259154;"Automóvel";"CITROEN/C3 EXCL 14 FLEX";2009;"Condutor";"Ileso";49;"Masculino";1;0;0;0;"-16.22973563";"-48.9289856";"SR-GO";"DEL1/2";"UOP01/GO"
145213;315688;2018-07-07;"sabado";"21:28:00";"GO";60;136,9;"GOIANIA";"Sim";"Ingestao de alcool";1;"Colisao lateral";"Com Vitimas Feridas";"Plena Noite";"Crescente";"Ceu Claro";"Simples";"Reta";"Sim";257078;"Automóvel";"VW/VOYAGE 1.0";2009;"Condutor";"Ileso";37;"Masculino";1;0;0;0;"-16.5959";"-49.1965";"SR-GO";"DEL1/1";"UOP01/GO"
145213;315686;2018-07-07;"sabado";"21:28:00";"GO";60;136,9;"GOIANIA";"Sim";"Ingestao de alcool";1;"Colisao lateral";"Com Vitimas Feridas";"Plena Noite";"Crescente";"Ceu Claro";"Simples";"Reta";"Sim";257077;"Automóvel";"I/AUDI A3 LM 122CV I";2014;"Passageiro";"Ileso";39;"Feminino";1;0;0;0;"-16.5959";"-49.1965";"SR-GO";"DEL1/1";"UOP01/GO"
145213;315681;2018-07-07;"sabado";"21:28:00";"GO";60;136,9;"GOIANIA";"Sim";"Ingestao de alcool";1;"Colisao lateral";"Com Vitimas Feridas";"Plena Noite";"Crescente";"Ceu Claro";"Simples";"Reta";"Sim";256995;"Motocicleta";"HONDA/CG 150 TITAN ESD";2008;"Condutor";"Lesoes Graves";30;"Masculino";0;0;1;0;"-16.5959";"-49.1965";"SR-GO";"DEL1/1";"UOP01/GO"
145213;315684;2018-07-07;"sabado";"21:28:00";"GO";60;136,9;"GOIANIA";"Sim";"Ingestao de alcool";1;"Colisao lateral";"Com Vitimas Feridas";"Plena Noite";"Crescente";"Ceu Claro";"Simples";"Reta";"Sim";257077;"Automóvel";"I/AUDI A3 LM 122CV I";2014;"Condutor";"Ileso";58;"Masculino";1;0;0;0;"-16.5959";"-49.1965";"SR-GO";"DEL1/1";"UOP01/GO"
145215;315566;2018-07-07;"sabado";"18:25:00";"RS";285;130,7;"VACARIA";"Sim";"Ingestao de alcool";1;"Colisao lateral";"Sem Vitimas";"Plena Noite";"Decrescente";"Nublado";"Simples";"Nao Informado";"Nao";256973;"Automóvel";"VW/FUSCA 1300";1981;"Condutor";"Ileso";56;"Masculino";1;0;0;0;"-28.4441666";"-50.99626064";"SR-RS";"DEL9/5";"UOP03/RS"
145215;315576;2018-07-07;"sabado";"18:25:00";"RS";285;130,7;"VACARIA";"Sim";"Ingestao de alcool";1;"Colisao lateral";"Sem Vitimas";"Plena Noite";"Decrescente";"Nublado";"Simples";"Nao Informado";"Nao";256979;"Caminhonete";"FORD/F1000 4.9I";1997;"Condutor";"Ileso";48;"Masculino";1;0;0;0;"-28.4441666";"-50.99626064";"SR-RS";"DEL9/5";"UOP03/RS"
145215;315577;2018-07-07;"sabado";"18:25:00";"RS";285;130,7;"VACARIA";"Sim";"Ingestao de alcool";1;"Colisao lateral";"Sem Vitimas";"Plena Noite";"Decrescente";"Nublado";"Simples";"Nao Informado";"Nao";256979;"Caminhonete";"FORD/F1000 4.9I";1997;"Passageiro";"Ileso";70;"Feminino";1;0;0;0;"-28.4441666";"-50.99626064";"SR-RS";"DEL9/5";"UOP03/RS"
145220;317110;2018-07-07;"sabado";"22:30:00";"MG";262;569,5;"CORREGO DANTA";"Sim";"Ingestao de alcool e/ou substâncias psicoativas pelo pedestre";1;"Atropelamento de Pedestre";"Com Vitimas Feridas";"Plena Noite";"Decrescente";"Ceu Claro";"Simples";"Reta";"Sim";257053;"Automóvel";"VW/PARATI CLI";1996;"Condutor";"Ileso";34;"Masculino";1;0;0;0;"-19.71661623";"-46.02207184";"SR-MG";"PM/MG";""
145220;317112;2018-07-07;"sabado";"22:30:00";"MG";262;569,5;"CORREGO DANTA";"Sim";"Ingestao de alcool e/ou substâncias psicoativas pelo pedestre";1;"Atropelamento de Pedestre";"Com Vitimas Feridas";"Plena Noite";"Decrescente";"Ceu Claro";"Simples";"Reta";"Sim";257053;"Automóvel";"VW/PARATI CLI";1996;"Passageiro";"Ileso";19;"Feminino";1;0;0;0;"-19.71661623";"-46.02207184";"SR-MG";"PM/MG";""
145220;317116;2018-07-07;"sabado";"22:30:00";"MG";262;569,5;"CORREGO DANTA";"Sim";"Ingestao de alcool e/ou substâncias psicoativas pelo pedestre";1;"Atropelamento de Pedestre";"Com Vitimas Feridas";"Plena Noite";"Decrescente";"Ceu Claro";"Simples";"Reta";"Sim";257053;"Automóvel";"VW/PARATI CLI";1996;"Pedestre";"Lesoes Graves";23;"Masculino";0;0;1;0;"-19.71661623";"-46.02207184";"SR-MG";"PM/MG";""
145229;316519;2018-07-07;"sabado";"23:40:00";"SP";116;199;"ARUJA";"Sim";"Ingestao de alcool";1;"Saida de leito carrocavel";"Com Vitimas Feridas";"Plena Noite";"Decrescente";"Ceu Claro";"Dupla";"Reta";"Sim";257754;"Caminhonete";"FIAT/TORO FREEDOM AT";2016;"Condutor";"Lesoes Leves";36;"Masculino";0;1;0;0;"-23.40183175";"-46.31158857";"SR-SP";"DEL6/1";"UOP02/SP"
145232;315673;2018-07-07;"sabado";"23:00:00";"GO";80;20;"PADRE BERNARDO";"Nao";"Ingestao de alcool";1;"Colisao frontal";"Com Vitimas Fatais";"Plena Noite";"Decrescente";"Ceu Claro";"Simples";"Reta";"Nao";257074;"Automóvel";"FIAT/PALIO FIRE ECONOMY";2011;"Passageiro";"Óbito";25;"Feminino";0;0;0;1;"-15.377257";"-48.214469";"SR-DF";"GO";"UOP06/DF"
145232;315672;2018-07-07;"sabado";"23:00:00";"GO";80;20;"PADRE BERNARDO";"Nao";"Ingestao de alcool";1;"Colisao frontal";"Com Vitimas Fatais";"Plena Noite";"Decrescente";"Ceu Claro";"Simples";"Reta";"Nao";257074;"Automóvel";"FIAT/PALIO FIRE ECONOMY";2011;"Condutor";"Óbito";31;"Masculino";0;0;0;1;"-15.377257";"-48.214469";"SR-DF";"GO";"UOP06/DF"
145232;316259;2018-07-07;"sabado";"23:00:00";"GO";80;20;"PADRE BERNARDO";"Nao";"Ingestao de alcool";1;"Colisao frontal";"Com Vitimas Fatais";"Plena Noite";"Decrescente";"Ceu Claro";"Simples";"Reta";"Nao";257075;"Automóvel";"CHEVROLET/CLASSIC LS";2012;"Passageiro";"Lesoes Graves";6;"Feminino";0;0;1;0;"-15.377257";"-48.214469";"SR-DF";"GO";"UOP06/DF"
145232;316248;2018-07-07;"sabado";"23:00:00";"GO";80;20;"PADRE BERNARDO";"Nao";"Ingestao de alcool";1;"Colisao frontal";"Com Vitimas Fatais";"Plena Noite";"Decrescente";"Ceu Claro";"Simples";"Reta";"Nao";257074;"Automóvel";"FIAT/PALIO FIRE ECONOMY";2011;"Passageiro";"Lesoes Graves";7;"Masculino";0;0;1;0;"-15.377257";"-48.214469";"SR-DF";"GO";"UOP06/DF"
145232;316251;2018-07-07;"sabado";"23:00:00";"GO";80;20;"PADRE BERNARDO";"Nao";"Ingestao de alcool";1;"Colisao frontal";"Com Vitimas Fatais";"Plena Noite";"Decrescente";"Ceu Claro";"Simples";"Reta";"Nao";257075;"Automóvel";"CHEVROLET/CLASSIC LS";2012;"Condutor";"Lesoes Graves";37;"Masculino";0;0;1;0;"-15.377257";"-48.214469";"SR-DF";"GO";"UOP06/DF"
145232;316246;2018-07-07;"sabado";"23:00:00";"GO";80;20;"PADRE BERNARDO";"Nao";"Ingestao de alcool";1;"Colisao frontal";"Com Vitimas Fatais";"Plena Noite";"Decrescente";"Ceu Claro";"Simples";"Reta";"Nao";257074;"Automóvel";"FIAT/PALIO FIRE ECONOMY";2011;"Passageiro";"Lesoes Graves";6;"Masculino";0;0;1;0;"-15.377257";"-48.214469";"SR-DF";"GO";"UOP06/DF"
145232;315674;2018-07-07;"sabado";"23:00:00";"GO";80;20;"PADRE BERNARDO";"Nao";"Ingestao de alcool";1;"Colisao frontal";"Com Vitimas Fatais";"Plena Noite";"Decrescente";"Ceu Claro";"Simples";"Reta";"Nao";257074;"Automóvel";"FIAT/PALIO FIRE ECONOMY";2011;"Passageiro";"Óbito";3;"Feminino";0;0;0;1;"-15.377257";"-48.214469";"SR-DF";"GO";"UOP06/DF"
145232;316257;2018-07-07;"sabado";"23:00:00";"GO";80;20;"PADRE BERNARDO";"Nao";"Ingestao de alcool";1;"Colisao frontal";"Com Vitimas Fatais";"Plena Noite";"Decrescente";"Ceu Claro";"Simples";"Reta";"Nao";257075;"Automóvel";"CHEVROLET/CLASSIC LS";2012;"Passageiro";"Óbito";9;"Feminino";0;0;0;1;"-15.377257";"-48.214469";"SR-DF";"GO";"UOP06/DF"
145232;316256;2018-07-07;"sabado";"23:00:00";"GO";80;20;"PADRE BERNARDO";"Nao";"Ingestao de alcool";1;"Colisao frontal";"Com Vitimas Fatais";"Plena Noite";"Decrescente";"Ceu Claro";"Simples";"Reta";"Nao";257075;"Automóvel";"CHEVROLET/CLASSIC LS";2012;"Passageiro";"Lesoes Graves";40;"Feminino";0;0;1;0;"-15.377257";"-48.214469";"SR-DF";"GO";"UOP06/DF"
145238;315637;2018-07-08;"domingo";"01:50:00";"PR";376;488,5;"PONTA GROSSA";"Sim";"Ingestao de alcool";1;"Colisao com objeto estatico";"Sem Vitimas";"Plena Noite";"Crescente";"Ceu Claro";"Dupla";"Curva";"Sim";257039;"Automóvel";"FORD/FIESTA GL CLASS";1999;"Condutor";"Ileso";23;"Masculino";1;0;0;0;"-25.08736";"-50.195026";"SR-PR";"DEL7/3";"UOP03/PR"
145244;317217;2018-07-08;"domingo";"02:00:00";"SC";470;36,9;"GASPAR";"Sim";"Ingestao de alcool";1;"Tombamento";"Com Vitimas Feridas";"Plena Noite";"Decrescente";"Nevoeiro/Neblina";"Simples";"Reta";"Nao";256998;"Motoneta";"SUNDOWN/WEB 100";2007;"Condutor";"Lesoes Leves";43;"Masculino";0;1;0;0;"-26.9131492";"-48.97773743";"SR-SC";"DEL8/4";"UOP01/SC"
145259;315606;2018-07-08;"domingo";"04:55:00";"GO";60;92,5;"ANAPOLIS";"Sim";"Ingestao de alcool";1;"Colisao com objeto estatico";"Sem Vitimas";"Plena Noite";"Crescente";"Ceu Claro";"Dupla";"Retorno Regulamentado";"Sim";257011;"Automóvel";"FORD/FIESTA";2004;"Condutor";"Ileso";31;"Feminino";1;0;0;0;"-16.35275615";"-48.91625047";"SR-GO";"DEL1/2";"UOP01/GO"
145264;315872;2018-07-08;"domingo";"05:40:00";"PI";407;585;"ACAUA";"Nao";"Ingestao de alcool";1;"Colisao traseira";"Com Vitimas Fatais";"Amanhecer";"Crescente";"Ceu Claro";"Simples";"Reta";"Nao";257246;"Motocicleta";"HONDA/CG 150 TITAN KS";2006;"Condutor";"Óbito";37;"Masculino";0;0;0;1;"-8.212053";"-41.077805";"SR-PI";"DEL17/4";"UOP01/PI"
145264;316664;2018-07-08;"domingo";"05:40:00";"PI";407;585;"ACAUA";"Nao";"Ingestao de alcool";1;"Colisao traseira";"Com Vitimas Fatais";"Amanhecer";"Crescente";"Ceu Claro";"Simples";"Reta";"Nao";257246;"Motocicleta";"HONDA/CG 150 TITAN KS";2006;"Passageiro";"Lesoes Leves";32;"Masculino";0;1;0;0;"-8.212053";"-41.077805";"SR-PI";"DEL17/4";"UOP01/PI"
145264;316679;2018-07-08;"domingo";"05:40:00";"PI";407;585;"ACAUA";"Nao";"Ingestao de alcool";1;"Colisao traseira";"Com Vitimas Fatais";"Amanhecer";"Crescente";"Ceu Claro";"Simples";"Reta";"Nao";257247;"Automóvel";"FIAT/PALIO EX";1999;"Passageiro";"Ileso";32;"Masculino";1;0;0;0;"-8.212053";"-41.077805";"SR-PI";"DEL17/4";"UOP01/PI"
145264;316676;2018-07-08;"domingo";"05:40:00";"PI";407;585;"ACAUA";"Nao";"Ingestao de alcool";1;"Colisao traseira";"Com Vitimas Fatais";"Amanhecer";"Crescente";"Ceu Claro";"Simples";"Reta";"Nao";257247;"Automóvel";"FIAT/PALIO EX";1999;"Condutor";"Ileso";33;"Masculino";1;0;0;0;"-8.212053";"-41.077805";"SR-PI";"DEL17/4";"UOP01/PI"
145265;316678;2018-07-08;"domingo";"04:00:00";"PR";116;206;"RIO NEGRO";"Sim";"Ingestao de alcool";1;"Saida de leito carrocavel";"Sem Vitimas";"Plena Noite";"Crescente";"Ceu Claro";"Simples";"Intersecao de vias";"Nao";257883;"Automóvel";"FIAT/SIENA FIRE FLEX";2007;"Condutor";"Nao Informado";NA;"Nao Informado";0;0;0;0;"-26.07473775";"-49.75517035";"SR-SC";"DEL8/6";"UOP01/SC"
145268;316466;2018-07-08;"domingo";"05:00:00";"RS";293;161;"HULHA NEGRA";"Sim";"Ingestao de alcool";1;"Saida de leito carrocavel";"Com Vitimas Feridas";"Pleno dia";"Decrescente";"Garoa/Chuvisco";"Simples";"Reta";"Nao";257702;"Automóvel";"VW/POLO 1.6 SPORTLINE";2012;"Condutor";"Lesoes Leves";20;"Masculino";0;1;0;0;"-31.390142";"-53.882118";"SR-RS";"DEL9/11";"UOP03/RS"
145270;317172;2018-07-08;"domingo";"06:35:00";"SP";116;218,7;"GUARULHOS";"Sim";"Ingestao de alcool";1;"Colisao frontal";"Sem Vitimas";"Amanhecer";"Decrescente";"Ceu Claro";"Multipla";"Reta";"Sim";258256;"Automóvel";"FIAT/PALIO";NA;"Condutor";"Nao Informado";NA;"Nao Informado";0;0;0;0;"-23.45890146";"-46.48414135";"SR-SP";"DEL6/1";"UOP01/SP"
145270;317171;2018-07-08;"domingo";"06:35:00";"SP";116;218,7;"GUARULHOS";"Sim";"Ingestao de alcool";1;"Colisao frontal";"Sem Vitimas";"Amanhecer";"Decrescente";"Ceu Claro";"Multipla";"Reta";"Sim";258251;"Automóvel";"GM/VECTRA SD EXPRESSION";2007;"Condutor";"Ileso";42;"Masculino";1;0;0;0;"-23.45890146";"-46.48414135";"SR-SP";"DEL6/1";"UOP01/SP"
145271;318312;2018-07-08;"domingo";"04:00:00";"MT";163;1035;"MATUPA";"Nao";"Ingestao de alcool";1;"Saida de leito carrocavel";"Com Vitimas Feridas";"Amanhecer";"Decrescente";"Ignorado";"Simples";"Reta";"Nao";257119;"Automóvel";"VW/GOLF 1.6 SPORTLINE";2012;"Condutor";"Lesoes Graves";21;"Masculino";0;0;1;0;"-10.210501";"-54.963592";"SR-MT";"DEL2/6";"UOP02/MT"
145272;319211;2018-07-08;"domingo";"06:45:00";"GO";60;58,4;"ABADIANIA";"Sim";"Ingestao de alcool";1;"Saida de leito carrocavel";"Com Vitimas Feridas";"Pleno dia";"Decrescente";"Ceu Claro";"Dupla";"Curva";"Sim";257331;"Automóvel";"HYUNDAI/HB20 1.0M COMFOR";2016;"Condutor";"Lesoes Leves";30;"Masculino";0;1;0;0;"-16.18446586";"-48.69549897";"SR-GO";"DEL1/2";"UOP01/GO"
145272;319212;2018-07-08;"domingo";"06:45:00";"GO";60;58,4;"ABADIANIA";"Sim";"Ingestao de alcool";1;"Saida de leito carrocavel";"Com Vitimas Feridas";"Pleno dia";"Decrescente";"Ceu Claro";"Dupla";"Curva";"Sim";257331;"Automóvel";"HYUNDAI/HB20 1.0M COMFOR";2016;"Passageiro";"Lesoes Leves";NA;"Masculino";0;1;0;0;"-16.18446586";"-48.69549897";"SR-GO";"DEL1/2";"UOP01/GO"
145275;315732;2018-07-08;"domingo";"08:07:00";"SC";101;157,5;"PORTO BELO";"Nao";"Ingestao de alcool";1;"Colisao traseira";"Sem Vitimas";"Pleno dia";"Decrescente";"Sol";"Dupla";"Reta";"Sim";257102;"Automóvel";"VW/GOL 1.0";2011;"Passageiro";"Ileso";25;"Masculino";1;0;0;0;"-27.1901";"-48.6123";"SR-SC";"DEL8/4";"UOP03/SC"
145275;315733;2018-07-08;"domingo";"08:07:00";"SC";101;157,5;"PORTO BELO";"Nao";"Ingestao de alcool";1;"Colisao traseira";"Sem Vitimas";"Pleno dia";"Decrescente";"Sol";"Dupla";"Reta";"Sim";257103;"Caminhao-trator";"VOLVO/FH 460 6X2T";2013;"Condutor";"Ileso";42;"Masculino";1;0;0;0;"-27.1901";"-48.6123";"SR-SC";"DEL8/4";"UOP03/SC"
145275;315727;2018-07-08;"domingo";"08:07:00";"SC";101;157,5;"PORTO BELO";"Nao";"Ingestao de alcool";1;"Colisao traseira";"Sem Vitimas";"Pleno dia";"Decrescente";"Sol";"Dupla";"Reta";"Sim";257102;"Automóvel";"VW/GOL 1.0";2011;"Condutor";"Ileso";31;"Masculino";1;0;0;0;"-27.1901";"-48.6123";"SR-SC";"DEL8/4";"UOP03/SC"
145277;317276;2018-07-08;"domingo";"05:35:00";"SC";282;489,3;"FAXINAL DOS GUEDES";"Sim";"Ingestao de alcool";1;"Colisao frontal";"Com Vitimas Fatais";"Amanhecer";"Decrescente";"Nublado";"Simples";"Reta";"Nao";257431;"Automóvel";"FORD/FIESTA FLEX";2012;"Condutor";"Lesoes Graves";35;"Masculino";0;0;1;0;"-26.8647737";"-52.27142572";"SR-SC";"DEL8/8";"UOP01/SC"
145277;317277;2018-07-08;"domingo";"05:35:00";"SC";282;489,3;"FAXINAL DOS GUEDES";"Sim";"Ingestao de alcool";1;"Colisao frontal";"Com Vitimas Fatais";"Amanhecer";"Decrescente";"Nublado";"Simples";"Reta";"Nao";257431;"Automóvel";"FORD/FIESTA FLEX";2012;"Passageiro";"Lesoes Graves";24;"Masculino";0;0;1;0;"-26.8647737";"-52.27142572";"SR-SC";"DEL8/8";"UOP01/SC"
145277;317275;2018-07-08;"domingo";"05:35:00";"SC";282;489,3;"FAXINAL DOS GUEDES";"Sim";"Ingestao de alcool";1;"Colisao frontal";"Com Vitimas Fatais";"Amanhecer";"Decrescente";"Nublado";"Simples";"Reta";"Nao";257432;"Ônibus";"VW/COMIL CAMPIONE R";2013;"Condutor";"Ileso";42;"Masculino";1;0;0;0;"-26.8647737";"-52.27142572";"SR-SC";"DEL8/8";"UOP01/SC"
145277;316122;2018-07-08;"domingo";"05:35:00";"SC";282;489,3;"FAXINAL DOS GUEDES";"Sim";"Ingestao de alcool";1;"Colisao frontal";"Com Vitimas Fatais";"Amanhecer";"Decrescente";"Nublado";"Simples";"Reta";"Nao";257431;"Automóvel";"FORD/FIESTA FLEX";2012;"Passageiro";"Óbito";30;"Masculino";0;0;0;1;"-26.8647737";"-52.27142572";"SR-SC";"DEL8/8";"UOP01/SC"
145280;317177;2018-07-07;"sabado";"23:30:00";"SC";282;504,9;"XANXERE";"Sim";"Ingestao de alcool";1;"Colisao lateral";"Sem Vitimas";"Plena Noite";"Decrescente";"Nublado";"Simples";"Viaduto";"Sim";258245;"Automóvel";"I/VW BORA";2001;"Condutor";"Ileso";23;"Masculino";1;0;0;0;"-26.884279";"-52.408466";"SR-SC";"DEL8/8";"UOP01/SC"
145280;321174;2018-07-07;"sabado";"23:30:00";"SC";282;504,9;"XANXERE";"Sim";"Ingestao de alcool";1;"Colisao lateral";"Sem Vitimas";"Plena Noite";"Decrescente";"Nublado";"Simples";"Viaduto";"Sim";258246;"Automóvel";"HYUNDAI/HB20 1.0M COMFOR";2016;"Condutor";"Ileso";36;"Masculino";1;0;0;0;"-26.884279";"-52.408466";"SR-SC";"DEL8/8";"UOP01/SC"
145308;315962;2018-07-08;"domingo";"12:10:00";"ES";101;160;"LINHARES";"Sim";"Ingestao de alcool";1;"Colisao transversal";"Com Vitimas Feridas";"Pleno dia";"Crescente";"Ceu Claro";"Simples";"Reta";"Sim";257292;"Motocicleta";"HONDA/POP 110I";2016;"Condutor";"Lesoes Graves";30;"Masculino";0;0;1;0;"-19.49089803";"-40.12683392";"SR-ES";"DEL12/4";"UOP01/ES"
145308;315963;2018-07-08;"domingo";"12:10:00";"ES";101;160;"LINHARES";"Sim";"Ingestao de alcool";1;"Colisao transversal";"Com Vitimas Feridas";"Pleno dia";"Crescente";"Ceu Claro";"Simples";"Reta";"Sim";257293;"Caminhonete";"I/TOYOTA HILUX CD4X4";2011;"Condutor";"Ileso";47;"Masculino";1;0;0;0;"-19.49089803";"-40.12683392";"SR-ES";"DEL12/4";"UOP01/ES"
145308;315969;2018-07-08;"domingo";"12:10:00";"ES";101;160;"LINHARES";"Sim";"Ingestao de alcool";1;"Colisao transversal";"Com Vitimas Feridas";"Pleno dia";"Crescente";"Ceu Claro";"Simples";"Reta";"Sim";257292;"Motocicleta";"HONDA/POP 110I";2016;"Passageiro";"Lesoes Graves";30;"Masculino";0;0;1;0;"-19.49089803";"-40.12683392";"SR-ES";"DEL12/4";"UOP01/ES"
145382;315995;2018-07-08;"domingo";"19:20:00";"MG";40;474;"SETE LAGOAS";"Sim";"Ingestao de alcool";1;"Saida de leito carrocavel";"Com Vitimas Feridas";"Plena Noite";"Crescente";"Ceu Claro";"Multipla";"Curva";"Nao";257307;"Motocicleta";"HONDA/CG150 TITAN MIX EX";2010;"Condutor";"Lesoes Leves";47;"Masculino";0;1;0;0;"-19.4997";"-44.2779";"SR-MG";"DEL4/2";"UOP01/MG"
145404;317673;2018-07-08;"domingo";"20:15:00";"MS";262;326;"CAMPO GRANDE";"Sim";"Ingestao de alcool";1;"Colisao transversal";"Com Vitimas Feridas";"Plena Noite";"Crescente";"Ceu Claro";"Dupla";"Reta";"Sim";257508;"Automóvel";"VW/GOL 16V";1999;"Condutor";"Ileso";36;"Masculino";1;0;0;0;"-20.468761";"-54.534121";"SR-MS";"DEL3/1";"UOP01/MS"
145404;317675;2018-07-08;"domingo";"20:15:00";"MS";262;326;"CAMPO GRANDE";"Sim";"Ingestao de alcool";1;"Colisao transversal";"Com Vitimas Feridas";"Plena Noite";"Crescente";"Ceu Claro";"Dupla";"Reta";"Sim";257508;"Automóvel";"VW/GOL 16V";1999;"Passageiro";"Lesoes Leves";32;"Feminino";0;1;0;0;"-20.468761";"-54.534121";"SR-MS";"DEL3/1";"UOP01/MS"
145404;317676;2018-07-08;"domingo";"20:15:00";"MS";262;326;"CAMPO GRANDE";"Sim";"Ingestao de alcool";1;"Colisao transversal";"Com Vitimas Feridas";"Plena Noite";"Crescente";"Ceu Claro";"Dupla";"Reta";"Sim";257509;"Automóvel";"GM/PRISMA MAXX";2008;"Condutor";"Ileso";53;"Masculino";1;0;0;0;"-20.468761";"-54.534121";"SR-MS";"DEL3/1";"UOP01/MS"
145404;317678;2018-07-08;"domingo";"20:15:00";"MS";262;326;"CAMPO GRANDE";"Sim";"Ingestao de alcool";1;"Colisao transversal";"Com Vitimas Feridas";"Plena Noite";"Crescente";"Ceu Claro";"Dupla";"Reta";"Sim";257509;"Automóvel";"GM/PRISMA MAXX";2008;"Passageiro";"Lesoes Leves";63;"Masculino";0;1;0;0;"-20.468761";"-54.534121";"SR-MS";"DEL3/1";"UOP01/MS"
145417;318059;2018-07-08;"domingo";"20:50:00";"MG";262;92,7;"ABRE CAMPO";"Sim";"Ingestao de alcool";1;"Saida de leito carrocavel";"Com Vitimas Feridas";"Plena Noite";"Decrescente";"Ceu Claro";"Simples";"Curva";"Nao";258975;"Motocicleta";"HONDA/NXR150 BROS ES";2010;"Condutor";"Lesoes Graves";44;"Masculino";0;0;1;0;"-20.31773542";"-42.46764064";"SR-MG";"DEL4/3";"UOP03/MG"