"id";"pesid";"data_inversa";"dia_semana";"horario";"uf";"br";"km";"municipio";"causa_principal";"causa_acidente";"ordem_tipo_acidente";"tipo_acidente";"classificacao_acidente";"fase_dia";"sentido_via";"condicao_metereologica";"tipo_pista";"tracado_via";"uso_solo";"id_veiculo";"tipo_veiculo";"marca";"ano_fabricacao_veiculo";"tipo_envolvido";"estado_fisico";"idade";"sexo";"ilesos";"feridos_leves";"feridos_graves";"mortos";"latitude";"longitude";"regional";"delegacia";"uop"
145417;318062;2018-07-08;"domingo";"20:50:00";"MG";262;92,7;"ABRE CAMPO";"Sim";"Ingestao de alcool";1;"Saida de leito carrocavel";"Com Vitimas Feridas";"Plena Noite";"Decrescente";"Ceu Claro";"Simples";"Curva";"Nao";258975;"Motocicleta";"HONDA/NXR150 BROS ES";2010;"Passageiro";"Lesoes Graves";36;"Masculino";0;0;1;0;"-20.31773542";"-42.46764064";"SR-MG";"DEL4/3";"UOP03/MG"
145420;316064;2018-07-08;"domingo";"22:20:00";"AL";316;244;"ATALAIA";"Sim";"Ingestao de alcool";1;"Colisao transversal";"Sem Vitimas";"Plena Noite";"Decrescente";"Ceu Claro";"Simples";"Intersecao de vias";"Sim";257386;"Automóvel";"VW/POLO MF";2018;"Condutor";"Ileso";20;"Masculino";1;0;0;0;"-9.51205403";"-36.00371552";"SR-AL";"DEL13/1";"UOP01/AL"
145420;316063;2018-07-08;"domingo";"22:20:00";"AL";316;244;"ATALAIA";"Sim";"Ingestao de alcool";1;"Colisao transversal";"Sem Vitimas";"Plena Noite";"Decrescente";"Ceu Claro";"Simples";"Intersecao de vias";"Sim";257385;"Motocicleta";"HONDA/CG 160 TITAN EX";2015;"Condutor";"Ileso";31;"Masculino";1;0;0;0;"-9.51205403";"-36.00371552";"SR-AL";"DEL13/1";"UOP01/AL"
145423;317831;2018-07-08;"domingo";"22:50:00";"RJ";116;67;"TERESOPOLIS";"Sim";"Ingestao de alcool";1;"Colisao traseira";"Com Vitimas Feridas";"Plena Noite";"Crescente";"Ceu Claro";"Simples";"Reta";"Sim";257422;"Micro-ônibus";"IMP/HYUNDAI H100 GSR";1995;"Condutor";"Ileso";36;"Masculino";1;0;0;0;"-22.31621307";"-42.93782651";"SR-RJ";"DEL5/4";"UOP01/RJ"
145423;317834;2018-07-08;"domingo";"22:50:00";"RJ";116;67;"TERESOPOLIS";"Sim";"Ingestao de alcool";1;"Colisao traseira";"Com Vitimas Feridas";"Plena Noite";"Crescente";"Ceu Claro";"Simples";"Reta";"Sim";257423;"Automóvel";"VW/GOL 1000";1993;"Condutor";"Ileso";23;"Masculino";1;0;0;0;"-22.31621307";"-42.93782651";"SR-RJ";"DEL5/4";"UOP01/RJ"
145423;317837;2018-07-08;"domingo";"22:50:00";"RJ";116;67;"TERESOPOLIS";"Sim";"Ingestao de alcool";1;"Colisao traseira";"Com Vitimas Feridas";"Plena Noite";"Crescente";"Ceu Claro";"Simples";"Reta";"Sim";257423;"Automóvel";"VW/GOL 1000";1993;"Passageiro";"Lesoes Leves";21;"Masculino";0;1;0;0;"-22.31621307";"-42.93782651";"SR-RJ";"DEL5/4";"UOP01/RJ"
145423;317839;2018-07-08;"domingo";"22:50:00";"RJ";116;67;"TERESOPOLIS";"Sim";"Ingestao de alcool";1;"Colisao traseira";"Com Vitimas Feridas";"Plena Noite";"Crescente";"Ceu Claro";"Simples";"Reta";"Sim";257423;"Automóvel";"VW/GOL 1000";1993;"Passageiro";"Lesoes Leves";26;"Masculino";0;1;0;0;"-22.31621307";"-42.93782651";"SR-RJ";"DEL5/4";"UOP01/RJ"
145424;319830;2018-07-08;"domingo";"21:00:00";"SP";153;161,7;"PROMISSAO";"Sim";"Ingestao de alcool";1;"Atropelamento de Pedestre";"Com Vitimas Fatais";"Plena Noite";"Decrescente";"Ceu Claro";"Simples";"Desvio Temporario";"Nao";260363;"Automóvel";"";NA;"Condutor";"Nao Informado";NA;"Nao Informado";0;0;0;0;"-21.5176007";"-49.78099465";"SR-SP";"DEL6/07";"UOP01/SP"
145424;319717;2018-07-08;"domingo";"21:00:00";"SP";153;161,7;"PROMISSAO";"Sim";"Ingestao de alcool";1;"Atropelamento de Pedestre";"Com Vitimas Fatais";"Plena Noite";"Decrescente";"Ceu Claro";"Simples";"Desvio Temporario";"Nao";260363;"Automóvel";"";NA;"Pedestre";"Óbito";NA;"Feminino";0;0;0;1;"-21.5176007";"-49.78099465";"SR-SP";"DEL6/07";"UOP01/SP"
145426;317749;2018-07-08;"domingo";"22:30:00";"PI";316;13;"TERESINA";"Sim";"Ingestao de alcool";1;"Queda de ocupante de veiculo";"Com Vitimas Feridas";"Plena Noite";"Crescente";"Ceu Claro";"Simples";"Reta";"Nao";257408;"Motocicleta";"HONDA/XLR 125";1999;"Condutor";"Lesoes Leves";59;"Masculino";0;1;0;0;"-5.09094418";"-42.80273438";"SR-PI";"DEL17/1";"UOP02/PI"
145430;317674;2018-07-08;"domingo";"23:30:00";"RJ";116;185;"NOVA IGUACU";"Sim";"Ingestao de alcool";1;"Atropelamento de Pedestre";"Com Vitimas Feridas";"Plena Noite";"Crescente";"Ceu Claro";"Dupla";"Reta";"Sim";257412;"Motocicleta";"YAMAHA/FAZER YS250";2010;"Passageiro";"Ileso";22;"Feminino";1;0;0;0;"-22.74363214";"-43.50640118";"SR-RJ";"DEL5/1";"UOP03/RJ"
145430;317709;2018-07-08;"domingo";"23:30:00";"RJ";116;185;"NOVA IGUACU";"Sim";"Ingestao de alcool";1;"Atropelamento de Pedestre";"Com Vitimas Feridas";"Plena Noite";"Crescente";"Ceu Claro";"Dupla";"Reta";"Sim";258653;"Bicicleta";"";NA;"Condutor";"Lesoes Leves";53;"Masculino";0;1;0;0;"-22.74363214";"-43.50640118";"SR-RJ";"DEL5/1";"UOP03/RJ"
145430;317672;2018-07-08;"domingo";"23:30:00";"RJ";116;185;"NOVA IGUACU";"Sim";"Ingestao de alcool";1;"Atropelamento de Pedestre";"Com Vitimas Feridas";"Plena Noite";"Crescente";"Ceu Claro";"Dupla";"Reta";"Sim";257412;"Motocicleta";"YAMAHA/FAZER YS250";2010;"Condutor";"Ileso";21;"Masculino";1;0;0;0;"-22.74363214";"-43.50640118";"SR-RJ";"DEL5/1";"UOP03/RJ"
145432;317928;2018-07-09;"segunda-feira";"00:30:00";"DF";20;7;"BRASILIA";"Sim";"Ingestao de alcool";1;"Capotamento";"Com Vitimas Feridas";"Plena Noite";"Crescente";"Ceu Claro";"Dupla";"Reta";"Sim";257485;"Automóvel";"CHEVROLET/ONIX 10MT JOYE";2017;"Condutor";"Lesoes Leves";40;"Masculino";0;1;0;0;"-15.662208";"-47.799866";"SR-DF";"DF";"UOP04/DF"
145432;317929;2018-07-09;"segunda-feira";"00:30:00";"DF";20;7;"BRASILIA";"Sim";"Ingestao de alcool";1;"Capotamento";"Com Vitimas Feridas";"Plena Noite";"Crescente";"Ceu Claro";"Dupla";"Reta";"Sim";257485;"Automóvel";"CHEVROLET/ONIX 10MT JOYE";2017;"Passageiro";"Lesoes Graves";19;"Feminino";0;0;1;0;"-15.662208";"-47.799866";"SR-DF";"DF";"UOP04/DF"
145432;317931;2018-07-09;"segunda-feira";"00:30:00";"DF";20;7;"BRASILIA";"Sim";"Ingestao de alcool";1;"Capotamento";"Com Vitimas Feridas";"Plena Noite";"Crescente";"Ceu Claro";"Dupla";"Reta";"Sim";257485;"Automóvel";"CHEVROLET/ONIX 10MT JOYE";2017;"Passageiro";"Lesoes Graves";3;"Feminino";0;0;1;0;"-15.662208";"-47.799866";"SR-DF";"DF";"UOP04/DF"
145434;317066;2018-07-09;"segunda-feira";"00:30:00";"PI";343;607;"FLORIANO";"Sim";"Ingestao de alcool";1;"Queda de ocupante de veiculo";"Com Vitimas Feridas";"Plena Noite";"Decrescente";"Ceu Claro";"Simples";"Curva";"Nao";258165;"Motocicleta";"";NA;"Passageiro";"Lesoes Leves";25;"Masculino";0;1;0;0;"-6.873278";"-43.116558";"SR-PI";"DEL17/3";"UOP01/PI"
145434;317065;2018-07-09;"segunda-feira";"00:30:00";"PI";343;607;"FLORIANO";"Sim";"Ingestao de alcool";1;"Queda de ocupante de veiculo";"Com Vitimas Feridas";"Plena Noite";"Decrescente";"Ceu Claro";"Simples";"Curva";"Nao";258165;"Motocicleta";"";NA;"Condutor";"Lesoes Leves";23;"Masculino";0;1;0;0;"-6.873278";"-43.116558";"SR-PI";"DEL17/3";"UOP01/PI"
145440;317617;2018-07-09;"segunda-feira";"01:30:00";"PR";277;97;"CURITIBA";"Sim";"Ingestao de alcool";1;"Colisao com objeto estatico";"Sem Vitimas";"Plena Noite";"Decrescente";"Ceu Claro";"Simples";"Reta";"Nao";258599;"Automóvel";"I/PEUGEOT 308 ALLURE";2013;"Condutor";"Ileso";30;"Masculino";1;0;0;0;"-25.43211322";"-49.38011169";"SR-PR";"DEL7/1";"UOP04/PR"
145443;317117;2018-07-09;"segunda-feira";"05:15:00";"SC";101;111,4;"NAVEGANTES";"Sim";"Ingestao de alcool";1;"Saida de leito carrocavel";"Com Vitimas Feridas";"Plena Noite";"Decrescente";"Chuva";"Simples";"Curva";"Nao";258189;"Automóvel";"PEUGEOT/207HB XR S";2011;"Condutor";"Lesoes Graves";27;"Masculino";0;0;1;0;"-26.846";"-48.7213";"SR-SC";"DEL8/4";"UOP04/SC"
145447;317789;2018-07-09;"segunda-feira";"05:00:00";"MS";158;96,6;"PARANAIBA";"Sim";"Ingestao de alcool";1;"Tombamento";"Sem Vitimas";"Plena Noite";"Decrescente";"Ceu Claro";"Dupla";"Reta";"Sim";257445;"Motocicleta";"HONDA/NXR150 BROS ES";2012;"Condutor";"Ileso";54;"Masculino";1;0;0;0;"-19.6865563";"-51.19852066";"SR-MS";"DEL3/8";"UOP01/MS"
145448;317806;2018-07-08;"domingo";"19:48:00";"MG";262;446;"NOVA SERRANA";"Sim";"Ingestao de alcool";1;"Capotamento";"Sem Vitimas";"Pleno dia";"Decrescente";"Ceu Claro";"Dupla";"Reta";"Nao";257427;"Caminhonete";"VW/SAVEIRO CS ST MB";2014;"Condutor";"Nao Informado";NA;"Nao Informado";0;0;0;0;"-19.880623";"-44.912323";"SR-MG";"DEL4/8";"UOP03/MG"
145474;316143;2018-07-09;"segunda-feira";"06:00:00";"SC";101;134,5;"BALNEARIO CAMBORIU";"Sim";"Ingestao de alcool";1;"Colisao com objeto estatico";"Com Vitimas Feridas";"Plena Noite";"Crescente";"Ceu Claro";"Simples";"Curva";"Sim";257448;"Automóvel";"HYUNDAI/HB20 1.0M UNIQUE";2018;"Condutor";"Lesoes Leves";22;"Masculino";0;1;0;0;"-27.0049";"-48.6266";"SR-SC";"DEL8/4";"UOP03/SC"
145477;316140;2018-06-03;"domingo";"15:50:00";"PI";316;1,3;"TERESINA";"Nao";"Ingestao de alcool";1;"Colisao transversal";"Com Vitimas Feridas";"Pleno dia";"Crescente";"Ceu Claro";"Dupla";"Intersecao de vias";"Sim";257452;"Automóvel";"NISSAN/KICKS S CVT";2017;"Passageiro";"Ileso";29;"Feminino";1;0;0;0;"-5.1251401";"-42.79942989";"SR-PI";"DEL17/1";"UOP02/PI"
145477;316141;2018-06-03;"domingo";"15:50:00";"PI";316;1,3;"TERESINA";"Nao";"Ingestao de alcool";1;"Colisao transversal";"Com Vitimas Feridas";"Pleno dia";"Crescente";"Ceu Claro";"Dupla";"Intersecao de vias";"Sim";257453;"Automóvel";"I/CHERY QQ3 1.1";2011;"Condutor";"Ileso";38;"Masculino";1;0;0;0;"-5.1251401";"-42.79942989";"SR-PI";"DEL17/1";"UOP02/PI"
145477;316142;2018-06-03;"domingo";"15:50:00";"PI";316;1,3;"TERESINA";"Nao";"Ingestao de alcool";1;"Colisao transversal";"Com Vitimas Feridas";"Pleno dia";"Crescente";"Ceu Claro";"Dupla";"Intersecao de vias";"Sim";257453;"Automóvel";"I/CHERY QQ3 1.1";2011;"Passageiro";"Lesoes Leves";35;"Feminino";0;1;0;0;"-5.1251401";"-42.79942989";"SR-PI";"DEL17/1";"UOP02/PI"
145477;316139;2018-06-03;"domingo";"15:50:00";"PI";316;1,3;"TERESINA";"Nao";"Ingestao de alcool";1;"Colisao transversal";"Com Vitimas Feridas";"Pleno dia";"Crescente";"Ceu Claro";"Dupla";"Intersecao de vias";"Sim";257452;"Automóvel";"NISSAN/KICKS S CVT";2017;"Condutor";"Ileso";26;"Masculino";1;0;0;0;"-5.1251401";"-42.79942989";"SR-PI";"DEL17/1";"UOP02/PI"
145589;316459;2018-07-09;"segunda-feira";"21:00:00";"SC";101;125;"ITAJAI";"Sim";"Ingestao de alcool";1;"Queda de ocupante de veiculo";"Com Vitimas Feridas";"Plena Noite";"Decrescente";"Nublado";"Dupla";"Reta";"Nao";257696;"Motocicleta";"HONDA/CG 125 FAN";2008;"Condutor";"Lesoes Leves";58;"Masculino";0;1;0;0;"-26.9557";"-48.6796";"SR-SC";"DEL8/4";"UOP04/SC"
145592;316470;2018-07-09;"segunda-feira";"20:00:00";"RS";116;401,2;"CAMAQUA";"Sim";"Ingestao de alcool";1;"Colisao transversal";"Sem Vitimas";"Plena Noite";"Decrescente";"Chuva";"Simples";"Reta";"Sim";257701;"Utilitario";"I/TOYOTA HILUXSW4 SRV4X4";2006;"Condutor";"Ileso";54;"Masculino";1;0;0;0;"-30.87680881";"-51.81667107";"SR-RS";"DEL9/2";"UOP02/RS"
145592;316467;2018-07-09;"segunda-feira";"20:00:00";"RS";116;401,2;"CAMAQUA";"Sim";"Ingestao de alcool";1;"Colisao transversal";"Sem Vitimas";"Plena Noite";"Decrescente";"Chuva";"Simples";"Reta";"Sim";257700;"Caminhao";"GM/CHEVROLET";1986;"Condutor";"Ileso";47;"Masculino";1;0;0;0;"-30.87680881";"-51.81667107";"SR-RS";"DEL9/2";"UOP02/RS"
145617;318076;2018-07-09;"segunda-feira";"20:30:00";"SP";116;133,7;"CACAPAVA";"Sim";"Ingestao de alcool";1;"Colisao traseira";"Sem Vitimas";"Plena Noite";"Crescente";"Nublado";"Dupla";"Reta";"Sim";257752;"Camioneta";"FORD/ECOSPORT XLT1.6FLEX";2009;"Condutor";"Ileso";51;"Masculino";1;0;0;0;"-23.135967";"-45.753292";"SR-SP";"DEL6/6";"UOP02/SP"
145617;318077;2018-07-09;"segunda-feira";"20:30:00";"SP";116;133,7;"CACAPAVA";"Sim";"Ingestao de alcool";1;"Colisao traseira";"Sem Vitimas";"Plena Noite";"Crescente";"Nublado";"Dupla";"Reta";"Sim";257753;"Automóvel";"FORD/KA FLEX";2011;"Condutor";"Ileso";29;"Feminino";1;0;0;0;"-23.135967";"-45.753292";"SR-SP";"DEL6/6";"UOP02/SP"
145618;319458;2018-07-09;"segunda-feira";"23:30:00";"MS";163;268;"DOURADOS";"Sim";"Ingestao de alcool";1;"Tombamento";"Sem Vitimas";"Plena Noite";"Crescente";"Ceu Claro";"Dupla";"Reta";"Sim";260108;"Ciclomotor";"";NA;"Condutor";"Ileso";31;"Masculino";1;0;0;0;"-22.20688304";"-54.70792796";"SR-MS";"DEL3/4";"UOP01/MS"
145623;317704;2018-07-10;"terca-feira";"01:30:00";"AL";101;172;"TEOTONIO VILELA";"Sim";"Ingestao de alcool";1;"Saida de leito carrocavel";"Sem Vitimas";"Plena Noite";"Decrescente";"Ceu Claro";"Dupla";"Reta";"Nao";258650;"Caminhao-trator";"VOLVO/NL12 360 4X2T EDC";1997;"Condutor";"Ileso";36;"Masculino";1;0;0;0;"-9.91000908";"-36.33453369";"SR-AL";"DEL13/2";"UOP02/AL"
145626;318612;2018-07-10;"terca-feira";"02:31:00";"TO";226;68;"WANDERLANDIA";"Nao";"Ingestao de alcool";1;"Saida de leito carrocavel";"Com Vitimas Fatais";"Plena Noite";"Crescente";"Ceu Claro";"Simples";"Nao Informado";"Nao";257845;"Automóvel";"GM/ASTRA HB 4P ADVANTAGE";2010;"Condutor";"Nao Informado";NA;"Nao Informado";0;0;0;0;"-6.839083";"-47.946476";"SR-TO";"UOP05/TO";""
145626;317776;2018-07-10;"terca-feira";"02:31:00";"TO";226;68;"WANDERLANDIA";"Nao";"Ingestao de alcool";1;"Saida de leito carrocavel";"Com Vitimas Fatais";"Plena Noite";"Crescente";"Ceu Claro";"Simples";"Nao Informado";"Nao";257845;"Automóvel";"GM/ASTRA HB 4P ADVANTAGE";2010;"Passageiro";"Lesoes Leves";26;"Masculino";0;1;0;0;"-6.839083";"-47.946476";"SR-TO";"UOP05/TO";""
145626;316615;2018-07-10;"terca-feira";"02:31:00";"TO";226;68;"WANDERLANDIA";"Nao";"Ingestao de alcool";1;"Saida de leito carrocavel";"Com Vitimas Fatais";"Plena Noite";"Crescente";"Ceu Claro";"Simples";"Nao Informado";"Nao";257845;"Automóvel";"GM/ASTRA HB 4P ADVANTAGE";2010;"Passageiro";"Óbito";25;"Masculino";0;0;0;1;"-6.839083";"-47.946476";"SR-TO";"UOP05/TO";""
145626;317768;2018-07-10;"terca-feira";"02:31:00";"TO";226;68;"WANDERLANDIA";"Nao";"Ingestao de alcool";1;"Saida de leito carrocavel";"Com Vitimas Fatais";"Plena Noite";"Crescente";"Ceu Claro";"Simples";"Nao Informado";"Nao";257845;"Automóvel";"GM/ASTRA HB 4P ADVANTAGE";2010;"Passageiro";"Lesoes Leves";27;"Masculino";0;1;0;0;"-6.839083";"-47.946476";"SR-TO";"UOP05/TO";""
145656;316904;2018-07-10;"terca-feira";"08:05:00";"PE";101;70;"RECIFE";"Nao";"Ingestao de alcool";1;"Atropelamento de Pedestre";"Com Vitimas Feridas";"Pleno dia";"Crescente";"Sol";"Simples";"Curva";"Sim";258058;"Camioneta";"RENAULT/DUSTER 20 D 4X2A";2014;"Condutor";"Ileso";49;"Masculino";1;0;0;0;"-8.06465788";"-34.94161427";"SR-PE";"DEL11/1";"UOP01/PE"
145656;316906;2018-07-10;"terca-feira";"08:05:00";"PE";101;70;"RECIFE";"Nao";"Ingestao de alcool";1;"Atropelamento de Pedestre";"Com Vitimas Feridas";"Pleno dia";"Crescente";"Sol";"Simples";"Curva";"Sim";258058;"Camioneta";"RENAULT/DUSTER 20 D 4X2A";2014;"Pedestre";"Lesoes Leves";31;"Masculino";0;1;0;0;"-8.06465788";"-34.94161427";"SR-PE";"DEL11/1";"UOP01/PE"
145711;318293;2018-07-10;"terca-feira";"13:45:00";"MT";163;955;"NOVA SANTA HELENA";"Nao";"Ingestao de alcool";1;"Colisao transversal";"Sem Vitimas";"Pleno dia";"Crescente";"Ceu Claro";"Simples";"Desvio Temporario";"Sim";259167;"Caminhao-trator";"IVECO/STRALIS 490S40T";2014;"Condutor";"Ileso";41;"Masculino";1;0;0;0;"-10.852554";"-55.189131";"SR-MT";"DEL2/6";"UOP02/MT"
145711;318292;2018-07-10;"terca-feira";"13:45:00";"MT";163;955;"NOVA SANTA HELENA";"Nao";"Ingestao de alcool";1;"Colisao transversal";"Sem Vitimas";"Pleno dia";"Crescente";"Ceu Claro";"Simples";"Desvio Temporario";"Sim";259163;"Caminhao";"FORD/CARGO 1622";1998;"Condutor";"Ileso";43;"Masculino";1;0;0;0;"-10.852554";"-55.189131";"SR-MT";"DEL2/6";"UOP02/MT"
145782;318180;2018-07-10;"terca-feira";"19:00:00";"RO";364;193,6;"PIMENTA BUENO";"Sim";"Ingestao de alcool";1;"Saida de leito carrocavel";"Sem Vitimas";"Plena Noite";"Decrescente";"Ceu Claro";"Simples";"Curva";"Sim";258130;"Caminhonete";"GM/S10 EXECUTIVE 2.8";2004;"Condutor";"Ileso";69;"Masculino";1;0;0;0;"-11.703047";"-61.168854";"SR-RO";"DEL21/2";"UOP02/RO"
145789;316980;2018-07-10;"terca-feira";"20:30:00";"MG";459;98,4;"POUSO ALEGRE";"Nao";"Ingestao de alcool";1;"Saida de leito carrocavel";"Sem Vitimas";"Plena Noite";"Decrescente";"Nublado";"Simples";"Intersecao de vias";"Sim";258108;"Caminhonete";"FIAT/STRADA WORKING";2001;"Condutor";"Ileso";63;"Masculino";1;0;0;0;"-22.20411367";"-45.94304767";"SR-MG";"DEL4/10";"UOP01/MG"
145795;317721;2018-07-10;"terca-feira";"20:00:00";"SC";470;119,7;"IBIRAMA";"Sim";"Ingestao de alcool e/ou substâncias psicoativas pelo pedestre";1;"Saida de leito carrocavel";"Sem Vitimas";"Plena Noite";"Decrescente";"Ceu Claro";"Simples";"Reta";"Sim";258122;"Caminhao-trator";"SCANIA/G 400 A6X2";2014;"Condutor";"Ileso";40;"Masculino";1;0;0;0;"-27.08031551";"-49.51403975";"SR-SC";"DEL8/4";"UOP02/SC"
145870;317166;2018-04-10;"terca-feira";"18:41:00";"AL";101;78;"RIO LARGO";"Nao";"Ingestao de alcool e/ou substâncias psicoativas pelo pedestre";1;"Atropelamento de Pedestre";"Com Vitimas Fatais";"Plena Noite";"Crescente";"Ceu Claro";"Dupla";"Reta";"Nao";258249;"Automóvel";"FIAT/UNO MILLE EX";1999;"Condutor";"Ileso";41;"Masculino";1;0;0;0;"-9.431196";"-35.837425";"SR-AL";"DEL13/1";"UOP01/AL"
145870;317167;2018-04-10;"terca-feira";"18:41:00";"AL";101;78;"RIO LARGO";"Nao";"Ingestao de alcool e/ou substâncias psicoativas pelo pedestre";1;"Atropelamento de Pedestre";"Com Vitimas Fatais";"Plena Noite";"Crescente";"Ceu Claro";"Dupla";"Reta";"Nao";258249;"Automóvel";"FIAT/UNO MILLE EX";1999;"Passageiro";"Ileso";52;"Masculino";1;0;0;0;"-9.431196";"-35.837425";"SR-AL";"DEL13/1";"UOP01/AL"
145870;317168;2018-04-10;"terca-feira";"18:41:00";"AL";101;78;"RIO LARGO";"Nao";"Ingestao de alcool e/ou substâncias psicoativas pelo pedestre";1;"Atropelamento de Pedestre";"Com Vitimas Fatais";"Plena Noite";"Crescente";"Ceu Claro";"Dupla";"Reta";"Nao";258249;"Automóvel";"FIAT/UNO MILLE EX";1999;"Passageiro";"Ileso";45;"Masculino";1;0;0;0;"-9.431196";"-35.837425";"SR-AL";"DEL13/1";"UOP01/AL"
145870;317165;2018-04-10;"terca-feira";"18:41:00";"AL";101;78;"RIO LARGO";"Nao";"Ingestao de alcool e/ou substâncias psicoativas pelo pedestre";1;"Atropelamento de Pedestre";"Com Vitimas Fatais";"Plena Noite";"Crescente";"Ceu Claro";"Dupla";"Reta";"Nao";258249;"Automóvel";"FIAT/UNO MILLE EX";1999;"Pedestre";"Óbito";50;"Feminino";0;0;0;1;"-9.431196";"-35.837425";"SR-AL";"DEL13/1";"UOP01/AL"
145914;317274;2018-06-08;"sexta-feira";"17:40:00";"PB";230;427;"POMBAL";"Sim";"Ingestao de alcool";1;"Saida de leito carrocavel";"Com Vitimas Feridas";"Plena Noite";"Crescente";"Ceu Claro";"Simples";"Reta";"Nao";258320;"Automóvel";"VW/GOL CL";1992;"Condutor";"Lesoes Leves";43;"Masculino";0;1;0;0;"-6.736667";"-37.926944";"SR-PB";"DEL14/3";"UOP02/PB"
145940;319162;2018-07-11;"quarta-feira";"18:35:00";"SE";101;170;"SANTA LUZIA DO ITANHY";"Sim";"Ingestao de alcool";1;"Saida de leito carrocavel";"Sem Vitimas";"Plena Noite";"Crescente";"Ceu Claro";"Simples";"Reta";"Nao";258440;"Automóvel";"VW/GOL 1.0";2004;"Condutor";"Ileso";39;"Masculino";1;0;0;0;"-11.3251026";"-37.5648992";"SR-SE";"DEL20/2";"UOP01/SE"
145941;318175;2018-07-11;"quarta-feira";"18:50:00";"SC";470;68,9;"INDAIAL";"Sim";"Ingestao de alcool";1;"Colisao frontal";"Com Vitimas Feridas";"Plena Noite";"Decrescente";"Ceu Claro";"Simples";"Reta";"Sim";258458;"Caminhao";"M.BENZ/L 1620";2006;"Condutor";"Ileso";46;"Masculino";1;0;0;0;"-26.88392352";"-49.24743891";"SR-SC";"DEL8/4";"UOP01/SC"
145941;318176;2018-07-11;"quarta-feira";"18:50:00";"SC";470;68,9;"INDAIAL";"Sim";"Ingestao de alcool";1;"Colisao frontal";"Com Vitimas Feridas";"Plena Noite";"Decrescente";"Ceu Claro";"Simples";"Reta";"Sim";258459;"Automóvel";"FIAT/LINEA TURBO T-JET";2009;"Condutor";"Lesoes Graves";50;"Feminino";0;0;1;0;"-26.88392352";"-49.24743891";"SR-SC";"DEL8/4";"UOP01/SC"
145984;317529;2018-07-11;"quarta-feira";"22:50:00";"MS";163;256,9;"DOURADOS";"Sim";"Ingestao de alcool";1;"Colisao lateral";"Com Vitimas Feridas";"Plena Noite";"Crescente";"Ceu Claro";"Dupla";"Reta";"Sim";258531;"Motocicleta";"HONDA/CG 125 TITAN ES";2003;"Condutor";"Ileso";33;"Masculino";1;0;0;0;"-22.2562793";"-54.8628409";"SR-MS";"DEL3/4";"UOP01/MS"
145984;317530;2018-07-11;"quarta-feira";"22:50:00";"MS";163;256,9;"DOURADOS";"Sim";"Ingestao de alcool";1;"Colisao lateral";"Com Vitimas Feridas";"Plena Noite";"Crescente";"Ceu Claro";"Dupla";"Reta";"Sim";258532;"Bicicleta";"";NA;"Condutor";"Lesoes Leves";45;"Masculino";0;1;0;0;"-22.2562793";"-54.8628409";"SR-MS";"DEL3/4";"UOP01/MS"
146001;319235;2018-07-12;"quinta-feira";"02:30:00";"RS";116;298,7;"GUAIBA";"Sim";"Ingestao de alcool";1;"Saida de leito carrocavel";"Com Vitimas Feridas";"Plena Noite";"Crescente";"Ceu Claro";"Dupla";"Reta";"Nao";259942;"Automóvel";"FORD/KA FLEX";2009;"Condutor";"Lesoes Leves";31;"Masculino";0;1;0;0;"-30.106472";"-51.343819";"SR-RS";"DEL9/2";"UOP01/RS"
146001;319236;2018-07-12;"quinta-feira";"02:30:00";"RS";116;298,7;"GUAIBA";"Sim";"Ingestao de alcool";1;"Saida de leito carrocavel";"Com Vitimas Feridas";"Plena Noite";"Crescente";"Ceu Claro";"Dupla";"Reta";"Nao";259942;"Automóvel";"FORD/KA FLEX";2009;"Passageiro";"Lesoes Leves";40;"Feminino";0;1;0;0;"-30.106472";"-51.343819";"SR-RS";"DEL9/2";"UOP01/RS"
146004;318534;2018-07-12;"quinta-feira";"01:00:00";"MT";163;74,6;"RONDONOPOLIS";"Sim";"Ingestao de alcool";1;"Colisao com objeto estatico";"Sem Vitimas";"Plena Noite";"Decrescente";"Nublado";"Dupla";"Reta";"Nao";258539;"Caminhonete";"FIAT/STRADA ADVENTURE CD";2014;"Condutor";"Ileso";59;"Masculino";1;0;0;0;"-16.868189";"-54.71048";"SR-MT";"DEL2/2";"UOP02/MT"
146153;317899;2018-07-12;"quinta-feira";"14:00:00";"MS";163;227;"CAARAPO";"Sim";"Ingestao de alcool";1;"Colisao lateral";"Sem Vitimas";"Pleno dia";"Crescente";"Sol";"Simples";"Curva";"Nao";258794;"Caminhao-trator";"VOLVO/FH12 380 6X2T";2006;"Condutor";"Ileso";30;"Masculino";1;0;0;0;"-22.46878194";"-54.85336304";"SR-MS";"DEL3/4";"UOP02/MS"
146153;317901;2018-07-12;"quinta-feira";"14:00:00";"MS";163;227;"CAARAPO";"Sim";"Ingestao de alcool";1;"Colisao lateral";"Sem Vitimas";"Pleno dia";"Crescente";"Sol";"Simples";"Curva";"Nao";258824;"Caminhao-trator";"VW/17.250 CLC TRATOR";2008;"Condutor";"Ileso";54;"Masculino";1;0;0;0;"-22.46878194";"-54.85336304";"SR-MS";"DEL3/4";"UOP02/MS"