"id";"pesid";"data_inversa";"dia_semana";"horario";"uf";"br";"km";"municipio";"causa_principal";"causa_acidente";"ordem_tipo_acidente";"tipo_acidente";"classificacao_acidente";"fase_dia";"sentido_via";"condicao_metereologica";"tipo_pista";"tracado_via";"uso_solo";"id_veiculo";"tipo_veiculo";"marca";"ano_fabricacao_veiculo";"tipo_envolvido";"estado_fisico";"idade";"sexo";"ilesos";"feridos_leves";"feridos_graves";"mortos";"latitude";"longitude";"regional";"delegacia";"uop"
147149;320104;2018-06-24;"domingo";"00:40:00";"MS";163;257,7;"DOURADOS";"Sim";"Ingestao de alcool";1;"Colisao traseira";"Com Vitimas Feridas";"Plena Noite";"Decrescente";"Ceu Claro";"Dupla";"Reta";"Sim";260573;"Motocicleta";"HONDA/CBX 200 STRADA";2000;"Passageiro";"Lesoes Leves";18;"Feminino";0;1;0;0;"-22.25915278";"-54.78959084";"SR-MS";"DEL3/4";"UOP01/MS"
147149;320106;2018-06-24;"domingo";"00:40:00";"MS";163;257,7;"DOURADOS";"Sim";"Ingestao de alcool";1;"Colisao traseira";"Com Vitimas Feridas";"Plena Noite";"Decrescente";"Ceu Claro";"Dupla";"Reta";"Sim";260574;"Automóvel";"FORD/FIESTA SEDAN1.6FLEX";2011;"Passageiro";"Ileso";24;"Feminino";1;0;0;0;"-22.25915278";"-54.78959084";"SR-MS";"DEL3/4";"UOP01/MS"
147149;320103;2018-06-24;"domingo";"00:40:00";"MS";163;257,7;"DOURADOS";"Sim";"Ingestao de alcool";1;"Colisao traseira";"Com Vitimas Feridas";"Plena Noite";"Decrescente";"Ceu Claro";"Dupla";"Reta";"Sim";260573;"Motocicleta";"HONDA/CBX 200 STRADA";2000;"Condutor";"Lesoes Graves";18;"Masculino";0;0;1;0;"-22.25915278";"-54.78959084";"SR-MS";"DEL3/4";"UOP01/MS"
147149;320105;2018-06-24;"domingo";"00:40:00";"MS";163;257,7;"DOURADOS";"Sim";"Ingestao de alcool";1;"Colisao traseira";"Com Vitimas Feridas";"Plena Noite";"Decrescente";"Ceu Claro";"Dupla";"Reta";"Sim";260574;"Automóvel";"FORD/FIESTA SEDAN1.6FLEX";2011;"Condutor";"Ileso";27;"Masculino";1;0;0;0;"-22.25915278";"-54.78959084";"SR-MS";"DEL3/4";"UOP01/MS"
147192;320225;2018-06-30;"sabado";"17:30:00";"MS";267;401,7;"MARACAJU";"Sim";"Ingestao de alcool";1;"Colisao traseira";"Com Vitimas Feridas";"Anoitecer";"Decrescente";"Ceu Claro";"Simples";"Reta";"Nao";260637;"Caminhao-trator";"VOLVO/NL10 340 4X2";1993;"Condutor";"Ileso";43;"Masculino";1;0;0;0;"-21.62551601";"-55.47683716";"SR-MS";"DEL3/5";"UOP01/MS"
147192;320226;2018-06-30;"sabado";"17:30:00";"MS";267;401,7;"MARACAJU";"Sim";"Ingestao de alcool";1;"Colisao traseira";"Com Vitimas Feridas";"Anoitecer";"Decrescente";"Ceu Claro";"Simples";"Reta";"Nao";260638;"Automóvel";"FIAT/SIENA FIRE FLEX";2009;"Condutor";"Lesoes Graves";36;"Masculino";0;0;1;0;"-21.62551601";"-55.47683716";"SR-MS";"DEL3/5";"UOP01/MS"
147192;320227;2018-06-30;"sabado";"17:30:00";"MS";267;401,7;"MARACAJU";"Sim";"Ingestao de alcool";1;"Colisao traseira";"Com Vitimas Feridas";"Anoitecer";"Decrescente";"Ceu Claro";"Simples";"Reta";"Nao";260638;"Automóvel";"FIAT/SIENA FIRE FLEX";2009;"Passageiro";"Lesoes Leves";40;"Masculino";0;1;0;0;"-21.62551601";"-55.47683716";"SR-MS";"DEL3/5";"UOP01/MS"
147192;320228;2018-06-30;"sabado";"17:30:00";"MS";267;401,7;"MARACAJU";"Sim";"Ingestao de alcool";1;"Colisao traseira";"Com Vitimas Feridas";"Anoitecer";"Decrescente";"Ceu Claro";"Simples";"Reta";"Nao";260638;"Automóvel";"FIAT/SIENA FIRE FLEX";2009;"Passageiro";"Lesoes Leves";34;"Feminino";0;1;0;0;"-21.62551601";"-55.47683716";"SR-MS";"DEL3/5";"UOP01/MS"
147192;320229;2018-06-30;"sabado";"17:30:00";"MS";267;401,7;"MARACAJU";"Sim";"Ingestao de alcool";1;"Colisao traseira";"Com Vitimas Feridas";"Anoitecer";"Decrescente";"Ceu Claro";"Simples";"Reta";"Nao";260638;"Automóvel";"FIAT/SIENA FIRE FLEX";2009;"Passageiro";"Lesoes Leves";30;"Feminino";0;1;0;0;"-21.62551601";"-55.47683716";"SR-MS";"DEL3/5";"UOP01/MS"
147253;320576;2018-07-17;"terca-feira";"17:15:00";"SP";116;182,4;"SANTA ISABEL";"Sim";"Ingestao de alcool";1;"Colisao traseira";"Sem Vitimas";"Pleno dia";"Decrescente";"Ceu Claro";"Simples";"Reta";"Nao";260888;"Caminhao-trator";"SCANIA/R143 E 6X4 450";1992;"Condutor";"Ileso";NA;"Masculino";1;0;0;0;"-23.34659994";"-46.16528571";"SR-SP";"DEL6/2";"UOP01/SP"
147253;320574;2018-07-17;"terca-feira";"17:15:00";"SP";116;182,4;"SANTA ISABEL";"Sim";"Ingestao de alcool";1;"Colisao traseira";"Sem Vitimas";"Pleno dia";"Decrescente";"Ceu Claro";"Simples";"Reta";"Nao";260887;"Automóvel";"GM/VECTRA SEDAN ELEGANCE";2006;"Condutor";"Ileso";55;"Masculino";1;0;0;0;"-23.34659994";"-46.16528571";"SR-SP";"DEL6/2";"UOP01/SP"
147270;320400;2018-06-24;"domingo";"19:05:00";"RS";386;344,1;"LAJEADO";"Nao";"Ingestao de alcool";1;"Colisao transversal";"Sem Vitimas";"Plena Noite";"Crescente";"Nublado";"Dupla";"Intersecao de vias";"Sim";260748;"Caminhao-trator";"SCANIA/R124 GA4X2NZ 420";2000;"Condutor";"Ileso";49;"Masculino";1;0;0;0;"-29.44520349";"-51.9783783";"SR-RS";"DEL9/4";"UOP01/RS"
147270;320401;2018-06-24;"domingo";"19:05:00";"RS";386;344,1;"LAJEADO";"Nao";"Ingestao de alcool";1;"Colisao transversal";"Sem Vitimas";"Plena Noite";"Crescente";"Nublado";"Dupla";"Intersecao de vias";"Sim";260749;"Camioneta";"FORD/ECOSPORT XLS 2.0L";2007;"Passageiro";"Ileso";55;"Masculino";1;0;0;0;"-29.44520349";"-51.9783783";"SR-RS";"DEL9/4";"UOP01/RS"
147270;320402;2018-06-24;"domingo";"19:05:00";"RS";386;344,1;"LAJEADO";"Nao";"Ingestao de alcool";1;"Colisao transversal";"Sem Vitimas";"Plena Noite";"Crescente";"Nublado";"Dupla";"Intersecao de vias";"Sim";260749;"Camioneta";"FORD/ECOSPORT XLS 2.0L";2007;"Condutor";"Ileso";35;"Masculino";1;0;0;0;"-29.44520349";"-51.9783783";"SR-RS";"DEL9/4";"UOP01/RS"
147280;320468;2018-07-17;"terca-feira";"20:05:00";"MA";10;157;"PORTO FRANCO";"Sim";"Ingestao de alcool e/ou substâncias psicoativas pelo pedestre";1;"Atropelamento de Pedestre";"Com Vitimas Feridas";"Plena Noite";"Decrescente";"Ceu Claro";"Simples";"Reta";"Nao";260789;"Caminhao-trator";"VOLVO/FH 460 6X2T";2014;"Condutor";"Ileso";78;"Masculino";1;0;0;0;"-6.34733";"-47.374878";"SR-MA";"DEL18/4";"UOP02/MA"
147280;320470;2018-07-17;"terca-feira";"20:05:00";"MA";10;157;"PORTO FRANCO";"Sim";"Ingestao de alcool e/ou substâncias psicoativas pelo pedestre";1;"Atropelamento de Pedestre";"Com Vitimas Feridas";"Plena Noite";"Decrescente";"Ceu Claro";"Simples";"Reta";"Nao";260789;"Caminhao-trator";"VOLVO/FH 460 6X2T";2014;"Pedestre";"Lesoes Leves";60;"Masculino";0;1;0;0;"-6.34733";"-47.374878";"SR-MA";"DEL18/4";"UOP02/MA"
147304;322898;2018-07-17;"terca-feira";"22:40:00";"RO";364;236,5;"CACOAL";"Nao";"Ingestao de alcool";1;"Colisao lateral";"Com Vitimas Feridas";"Plena Noite";"Crescente";"Nublado";"Simples";"Reta";"Sim";260938;"Caminhao";"";NA;"Condutor";"Nao Informado";NA;"Nao Informado";0;0;0;0;"-11.445874";"-61.437862";"SR-RO";"DEL21/2";"UOP02/RO"
147304;320640;2018-07-17;"terca-feira";"22:40:00";"RO";364;236,5;"CACOAL";"Nao";"Ingestao de alcool";1;"Colisao lateral";"Com Vitimas Feridas";"Plena Noite";"Crescente";"Nublado";"Simples";"Reta";"Sim";260937;"Bicicleta";"";NA;"Condutor";"Lesoes Leves";31;"Masculino";0;1;0;0;"-11.445874";"-61.437862";"SR-RO";"DEL21/2";"UOP02/RO"
147341;320656;2018-04-21;"sabado";"15:20:00";"MG";50;75;"UBERLANDIA";"Nao";"Ingestao de alcool";1;"Queda de ocupante de veiculo";"Com Vitimas Feridas";"Pleno dia";"Decrescente";"Sol";"Dupla";"Reta";"Sim";260962;"Automóvel";"GM/CELTA 2P LIFE";2007;"Passageiro";"Ileso";21;"Masculino";1;0;0;0;"-18.919655";"-48.22233";"SR-MG";"DEL4/15";"UOP01/MG"
147341;320657;2018-04-21;"sabado";"15:20:00";"MG";50;75;"UBERLANDIA";"Nao";"Ingestao de alcool";1;"Queda de ocupante de veiculo";"Com Vitimas Feridas";"Pleno dia";"Decrescente";"Sol";"Dupla";"Reta";"Sim";260962;"Automóvel";"GM/CELTA 2P LIFE";2007;"Passageiro";"Ileso";22;"Masculino";1;0;0;0;"-18.919655";"-48.22233";"SR-MG";"DEL4/15";"UOP01/MG"
147341;320658;2018-04-21;"sabado";"15:20:00";"MG";50;75;"UBERLANDIA";"Nao";"Ingestao de alcool";1;"Queda de ocupante de veiculo";"Com Vitimas Feridas";"Pleno dia";"Decrescente";"Sol";"Dupla";"Reta";"Sim";260962;"Automóvel";"GM/CELTA 2P LIFE";2007;"Condutor";"Ileso";44;"Masculino";1;0;0;0;"-18.919655";"-48.22233";"SR-MG";"DEL4/15";"UOP01/MG"
147341;320659;2018-04-21;"sabado";"15:20:00";"MG";50;75;"UBERLANDIA";"Nao";"Ingestao de alcool";1;"Queda de ocupante de veiculo";"Com Vitimas Feridas";"Pleno dia";"Decrescente";"Sol";"Dupla";"Reta";"Sim";260963;"Motocicleta";"YAMAHA/FAZER YS250";2012;"Condutor";"Lesoes Leves";49;"Masculino";0;1;0;0;"-18.919655";"-48.22233";"SR-MG";"DEL4/15";"UOP01/MG"
147457;320983;2018-07-01;"domingo";"17:45:00";"MG";365;400;"PATOS DE MINAS";"Nao";"Ingestao de alcool";1;"Colisao frontal";"Com Vitimas Feridas";"Anoitecer";"Crescente";"Ceu Claro";"Simples";"Reta";"Nao";261136;"Automóvel";"VW/NOVO VOYAGE CL MBP";2017;"Condutor";"Lesoes Leves";58;"Masculino";0;1;0;0;"-18.62924726";"-46.37723923";"SR-MG";"DEL4/10";"UOP01/MG"
147457;320984;2018-07-01;"domingo";"17:45:00";"MG";365;400;"PATOS DE MINAS";"Nao";"Ingestao de alcool";1;"Colisao frontal";"Com Vitimas Feridas";"Anoitecer";"Crescente";"Ceu Claro";"Simples";"Reta";"Nao";261137;"Automóvel";"FORD/FIESTA HA 1.5L SE";2013;"Condutor";"Ileso";36;"Masculino";1;0;0;0;"-18.62924726";"-46.37723923";"SR-MG";"DEL4/10";"UOP01/MG"
147472;325293;2018-07-18;"quarta-feira";"20:40:00";"PR";376;344,9;"ORTIGUEIRA";"Sim";"Ingestao de alcool";1;"Colisao com objeto estatico";"Com Vitimas Feridas";"Plena Noite";"Decrescente";"Ceu Claro";"Simples";"Curva";"Nao";261306;"Automóvel";"GM/CORSA WIND";1998;"Condutor";"Ileso";35;"Masculino";1;0;0;0;"-24.15915701";"-50.97267866";"SR-PR";"DEL7/7";"UOP02/PR"
147472;325303;2018-07-18;"quarta-feira";"20:40:00";"PR";376;344,9;"ORTIGUEIRA";"Sim";"Ingestao de alcool";1;"Colisao com objeto estatico";"Com Vitimas Feridas";"Plena Noite";"Decrescente";"Ceu Claro";"Simples";"Curva";"Nao";261306;"Automóvel";"GM/CORSA WIND";1998;"Passageiro";"Lesoes Leves";NA;"Masculino";0;1;0;0;"-24.15915701";"-50.97267866";"SR-PR";"DEL7/7";"UOP02/PR"
147472;325295;2018-07-18;"quarta-feira";"20:40:00";"PR";376;344,9;"ORTIGUEIRA";"Sim";"Ingestao de alcool";1;"Colisao com objeto estatico";"Com Vitimas Feridas";"Plena Noite";"Decrescente";"Ceu Claro";"Simples";"Curva";"Nao";261306;"Automóvel";"GM/CORSA WIND";1998;"Passageiro";"Lesoes Leves";22;"Feminino";0;1;0;0;"-24.15915701";"-50.97267866";"SR-PR";"DEL7/7";"UOP02/PR"
147472;325297;2018-07-18;"quarta-feira";"20:40:00";"PR";376;344,9;"ORTIGUEIRA";"Sim";"Ingestao de alcool";1;"Colisao com objeto estatico";"Com Vitimas Feridas";"Plena Noite";"Decrescente";"Ceu Claro";"Simples";"Curva";"Nao";261306;"Automóvel";"GM/CORSA WIND";1998;"Passageiro";"Lesoes Leves";NA;"Feminino";0;1;0;0;"-24.15915701";"-50.97267866";"SR-PR";"DEL7/7";"UOP02/PR"
147472;325301;2018-07-18;"quarta-feira";"20:40:00";"PR";376;344,9;"ORTIGUEIRA";"Sim";"Ingestao de alcool";1;"Colisao com objeto estatico";"Com Vitimas Feridas";"Plena Noite";"Decrescente";"Ceu Claro";"Simples";"Curva";"Nao";261306;"Automóvel";"GM/CORSA WIND";1998;"Passageiro";"Lesoes Leves";NA;"Feminino";0;1;0;0;"-24.15915701";"-50.97267866";"SR-PR";"DEL7/7";"UOP02/PR"
147484;321131;2018-07-18;"quarta-feira";"21:30:00";"SP";153;65,3;"SAO JOSE DO RIO PRETO";"Sim";"Ingestao de alcool";1;"Tombamento";"Com Vitimas Feridas";"Plena Noite";"Crescente";"Ceu Claro";"Simples";"Reta";"Sim";261276;"Automóvel";"VW/PARATI S";1985;"Condutor";"Lesoes Leves";59;"Masculino";0;1;0;0;"-20.835588";"-49.3657";"SR-SP";"DEL6/9";"UOP01/SP"
147490;321080;2018-07-18;"quarta-feira";"22:00:00";"SC";101;335,9;"TUBARAO";"Sim";"Ingestao de alcool";1;"Colisao traseira";"Com Vitimas Feridas";"Plena Noite";"Crescente";"Ceu Claro";"Multipla";"Reta";"Sim";261232;"Caminhonete";"FIAT/TORO FREEDOM AT";2016;"Condutor";"Ileso";34;"Masculino";1;0;0;0;"-28.4791";"-49.0338";"SR-SC";"DEL8/2";"UOP01/SC"
147490;321081;2018-07-18;"quarta-feira";"22:00:00";"SC";101;335,9;"TUBARAO";"Sim";"Ingestao de alcool";1;"Colisao traseira";"Com Vitimas Feridas";"Plena Noite";"Crescente";"Ceu Claro";"Multipla";"Reta";"Sim";261233;"Automóvel";"I/FORD FOCUS TI AT 2.0HC";2016;"Condutor";"Lesoes Leves";26;"Masculino";0;1;0;0;"-28.4791";"-49.0338";"SR-SC";"DEL8/2";"UOP01/SC"
147490;321077;2018-07-18;"quarta-feira";"22:00:00";"SC";101;335,9;"TUBARAO";"Sim";"Ingestao de alcool";1;"Colisao traseira";"Com Vitimas Feridas";"Plena Noite";"Crescente";"Ceu Claro";"Multipla";"Reta";"Sim";261231;"Automóvel";"HYUNDAI/HB20S 1.0M COMF";2014;"Condutor";"Ileso";37;"Masculino";1;0;0;0;"-28.4791";"-49.0338";"SR-SC";"DEL8/2";"UOP01/SC"
147506;321938;2018-07-19;"quinta-feira";"00:30:00";"SC";101;94,2;"BARRA VELHA";"Sim";"Ingestao de alcool";1;"Queda de ocupante de veiculo";"Com Vitimas Feridas";"Plena Noite";"Crescente";"Nevoeiro/Neblina";"Dupla";"Reta";"Nao";261295;"Motoneta";"HONDA/BIZ 125 ES";2011;"Condutor";"Lesoes Leves";48;"Masculino";0;1;0;0;"-26.7055404";"-48.70104519";"SR-SC";"DEL8/3";"UOP02/SC"
147512;322522;2018-07-19;"quinta-feira";"03:50:00";"RJ";40;118;"DUQUE DE CAXIAS";"Sim";"Ingestao de alcool";1;"Colisao traseira";"Com Vitimas Feridas";"Plena Noite";"Decrescente";"Ceu Claro";"Multipla";"Reta";"Sim";261297;"Caminhao";"VW/7.90 S";1991;"Condutor";"Ileso";53;"Masculino";1;0;0;0;"-22.76803005";"-43.2863903";"SR-RJ";"DEL5/1";"UOP01/RJ"
147512;322523;2018-07-19;"quinta-feira";"03:50:00";"RJ";40;118;"DUQUE DE CAXIAS";"Sim";"Ingestao de alcool";1;"Colisao traseira";"Com Vitimas Feridas";"Plena Noite";"Decrescente";"Ceu Claro";"Multipla";"Reta";"Sim";261298;"Automóvel";"TOYOTA/COROLLA SEG18VVT";2006;"Condutor";"Lesoes Graves";45;"Masculino";0;0;1;0;"-22.76803005";"-43.2863903";"SR-RJ";"DEL5/1";"UOP01/RJ"
147648;321501;2018-07-19;"quinta-feira";"18:00:00";"PE";101;58,7;"RECIFE";"Sim";"Ingestao de alcool";1;"Colisao lateral";"Sem Vitimas";"Plena Noite";"Decrescente";"Ceu Claro";"Dupla";"Reta";"Nao";261575;"Automóvel";"VW/SANTANA";2004;"Condutor";"Ileso";52;"Masculino";1;0;0;0;"-7.976267";"-34.924361";"SR-PE";"DEL11/1";"UOP02/PE"
147648;321503;2018-07-19;"quinta-feira";"18:00:00";"PE";101;58,7;"RECIFE";"Sim";"Ingestao de alcool";1;"Colisao lateral";"Sem Vitimas";"Plena Noite";"Decrescente";"Ceu Claro";"Dupla";"Reta";"Nao";261574;"Automóvel";"RENAULT/CLIO EXP 10 16VH";2005;"Condutor";"Ileso";33;"Masculino";1;0;0;0;"-7.976267";"-34.924361";"SR-PE";"DEL11/1";"UOP02/PE"
147648;321504;2018-07-19;"quinta-feira";"18:00:00";"PE";101;58,7;"RECIFE";"Sim";"Ingestao de alcool";1;"Colisao lateral";"Sem Vitimas";"Plena Noite";"Decrescente";"Ceu Claro";"Dupla";"Reta";"Nao";261574;"Automóvel";"RENAULT/CLIO EXP 10 16VH";2005;"Passageiro";"Ileso";24;"Masculino";1;0;0;0;"-7.976267";"-34.924361";"SR-PE";"DEL11/1";"UOP02/PE"
147648;321505;2018-07-19;"quinta-feira";"18:00:00";"PE";101;58,7;"RECIFE";"Sim";"Ingestao de alcool";1;"Colisao lateral";"Sem Vitimas";"Plena Noite";"Decrescente";"Ceu Claro";"Dupla";"Reta";"Nao";261574;"Automóvel";"RENAULT/CLIO EXP 10 16VH";2005;"Passageiro";"Ileso";26;"Masculino";1;0;0;0;"-7.976267";"-34.924361";"SR-PE";"DEL11/1";"UOP02/PE"
147648;321507;2018-07-19;"quinta-feira";"18:00:00";"PE";101;58,7;"RECIFE";"Sim";"Ingestao de alcool";1;"Colisao lateral";"Sem Vitimas";"Plena Noite";"Decrescente";"Ceu Claro";"Dupla";"Reta";"Nao";261574;"Automóvel";"RENAULT/CLIO EXP 10 16VH";2005;"Passageiro";"Ileso";38;"Masculino";1;0;0;0;"-7.976267";"-34.924361";"SR-PE";"DEL11/1";"UOP02/PE"
147648;321508;2018-07-19;"quinta-feira";"18:00:00";"PE";101;58,7;"RECIFE";"Sim";"Ingestao de alcool";1;"Colisao lateral";"Sem Vitimas";"Plena Noite";"Decrescente";"Ceu Claro";"Dupla";"Reta";"Nao";261574;"Automóvel";"RENAULT/CLIO EXP 10 16VH";2005;"Passageiro";"Ileso";40;"Masculino";1;0;0;0;"-7.976267";"-34.924361";"SR-PE";"DEL11/1";"UOP02/PE"
147680;324097;2018-07-19;"quinta-feira";"20:20:00";"PI";343;15,6;"PARNAIBA";"Sim";"Ingestao de alcool";1;"Colisao com objeto estatico";"Com Vitimas Feridas";"Plena Noite";"Crescente";"Ceu Claro";"Simples";"Reta";"Sim";261609;"Automóvel";"I/FIAT SIENA EL FLEX";2011;"Condutor";"Ileso";38;"Masculino";1;0;0;0;"-2.94025509";"-41.75568581";"SR-PI";"DEL17/5";"UOP01/PI"
147680;323258;2018-07-19;"quinta-feira";"20:20:00";"PI";343;15,6;"PARNAIBA";"Sim";"Ingestao de alcool";1;"Colisao com objeto estatico";"Com Vitimas Feridas";"Plena Noite";"Crescente";"Ceu Claro";"Simples";"Reta";"Sim";261608;"Automóvel";"FIAT/UNO MILLE FIRE";2005;"Condutor";"Lesoes Graves";71;"Masculino";0;0;1;0;"-2.94025509";"-41.75568581";"SR-PI";"DEL17/5";"UOP01/PI"
147697;323283;2018-07-19;"quinta-feira";"22:35:00";"BA";116;406;"FEIRA DE SANTANA";"Sim";"Ingestao de alcool";1;"Colisao traseira";"Com Vitimas Feridas";"Plena Noite";"Crescente";"Nublado";"Simples";"Reta";"Nao";261640;"Automóvel";"FIAT/UNO ELECTRONIC";1994;"Condutor";"Lesoes Leves";60;"Masculino";0;1;0;0;"-12.0960599";"-38.96953583";"SR-BA";"DEL10/2";"UOP01/BA"
147697;323292;2018-07-19;"quinta-feira";"22:35:00";"BA";116;406;"FEIRA DE SANTANA";"Sim";"Ingestao de alcool";1;"Colisao traseira";"Com Vitimas Feridas";"Plena Noite";"Crescente";"Nublado";"Simples";"Reta";"Nao";261640;"Automóvel";"FIAT/UNO ELECTRONIC";1994;"Passageiro";"Lesoes Graves";13;"Masculino";0;0;1;0;"-12.0960599";"-38.96953583";"SR-BA";"DEL10/2";"UOP01/BA"
147697;323294;2018-07-19;"quinta-feira";"22:35:00";"BA";116;406;"FEIRA DE SANTANA";"Sim";"Ingestao de alcool";1;"Colisao traseira";"Com Vitimas Feridas";"Plena Noite";"Crescente";"Nublado";"Simples";"Reta";"Nao";261641;"Caminhonete";"MMC/L200 TRITON HPE D";2014;"Condutor";"Lesoes Leves";40;"Masculino";0;1;0;0;"-12.0960599";"-38.96953583";"SR-BA";"DEL10/2";"UOP01/BA"
147697;323289;2018-07-19;"quinta-feira";"22:35:00";"BA";116;406;"FEIRA DE SANTANA";"Sim";"Ingestao de alcool";1;"Colisao traseira";"Com Vitimas Feridas";"Plena Noite";"Crescente";"Nublado";"Simples";"Reta";"Nao";261640;"Automóvel";"FIAT/UNO ELECTRONIC";1994;"Passageiro";"Lesoes Graves";2;"Feminino";0;0;1;0;"-12.0960599";"-38.96953583";"SR-BA";"DEL10/2";"UOP01/BA"
147710;323979;2018-07-20;"sexta-feira";"01:10:00";"PB";230;17,8;"JOAO PESSOA";"Sim";"Ingestao de alcool";1;"Colisao lateral";"Sem Vitimas";"Plena Noite";"Decrescente";"Ceu Claro";"Dupla";"Curva";"Sim";261643;"Caminhonete";"I/FORD RANGER XLSCD4A22C";2016;"Testemunha";"Nao Informado";NA;"Nao Informado";0;0;0;0;"-7.11868835";"-34.84461411";"SR-PB";"DEL14/1";"UOP01/PB"
147710;323902;2018-07-20;"sexta-feira";"01:10:00";"PB";230;17,8;"JOAO PESSOA";"Sim";"Ingestao de alcool";1;"Colisao lateral";"Sem Vitimas";"Plena Noite";"Decrescente";"Ceu Claro";"Dupla";"Curva";"Sim";261643;"Caminhonete";"I/FORD RANGER XLSCD4A22C";2016;"Condutor";"Ileso";46;"Masculino";1;0;0;0;"-7.11868835";"-34.84461411";"SR-PB";"DEL14/1";"UOP01/PB"
147710;323901;2018-07-20;"sexta-feira";"01:10:00";"PB";230;17,8;"JOAO PESSOA";"Sim";"Ingestao de alcool";1;"Colisao lateral";"Sem Vitimas";"Plena Noite";"Decrescente";"Ceu Claro";"Dupla";"Curva";"Sim";261642;"Automóvel";"GM/CELTA 2P LIFE";2007;"Condutor";"Nao Informado";NA;"Nao Informado";0;0;0;0;"-7.11868835";"-34.84461411";"SR-PB";"DEL14/1";"UOP01/PB"
147713;322606;2018-07-20;"sexta-feira";"01:10:00";"RS";116;262,7;"CANOAS";"Nao";"Ingestao de alcool";1;"Saida de leito carrocavel";"Sem Vitimas";"Plena Noite";"Crescente";"Ceu Claro";"Dupla";"Reta";"Sim";261654;"Automóvel";"I/CHERY FACE 1.3";2010;"Condutor";"Ileso";24;"Feminino";1;0;0;0;"-29.89650346";"-51.17595792";"SR-RS";"DEL9/1";"UOP01/RS"
147756;323635;2018-07-20;"sexta-feira";"05:02:00";"SC";282;535,2;"CHAPECO";"Sim";"Ingestao de alcool";1;"Saida de leito carrocavel";"Sem Vitimas";"Plena Noite";"Decrescente";"Ceu Claro";"Simples";"Rotatória";"Nao";261716;"Automóvel";"VW/GOL 1.6 POWER";2012;"Condutor";"Ileso";28;"Masculino";1;0;0;0;"-26.99983444";"-52.64624834";"SR-SC";"DEL8/8";"UOP01/SC"
147812;321769;2018-07-20;"sexta-feira";"11:30:00";"PA";316;7;"ANANINDEUA";"Sim";"Ingestao de alcool";1;"Colisao traseira";"Sem Vitimas";"Pleno dia";"Crescente";"Ceu Claro";"Simples";"Reta";"Sim";261816;"Automóvel";"FORD/KA SE 1.0 HA B";2017;"Condutor";"Ileso";42;"Masculino";1;0;0;0;"-1.36663828";"-48.37005615";"SR-PA";"DEL19/1";"UOP01/PA"
147812;321773;2018-07-20;"sexta-feira";"11:30:00";"PA";316;7;"ANANINDEUA";"Sim";"Ingestao de alcool";1;"Colisao traseira";"Sem Vitimas";"Pleno dia";"Crescente";"Ceu Claro";"Simples";"Reta";"Sim";261819;"Caminhonete";"CHEVROLET/S10 HC DD4A";2016;"Condutor";"Ileso";46;"Feminino";1;0;0;0;"-1.36663828";"-48.37005615";"SR-PA";"DEL19/1";"UOP01/PA"
147812;323958;2018-07-20;"sexta-feira";"11:30:00";"PA";316;7;"ANANINDEUA";"Sim";"Ingestao de alcool";1;"Colisao traseira";"Sem Vitimas";"Pleno dia";"Crescente";"Ceu Claro";"Simples";"Reta";"Sim";261819;"Caminhonete";"CHEVROLET/S10 HC DD4A";2016;"Passageiro";"Ileso";32;"Feminino";1;0;0;0;"-1.36663828";"-48.37005615";"SR-PA";"DEL19/1";"UOP01/PA"
147901;322163;2018-07-20;"sexta-feira";"18:20:00";"MS";262;138,8;"AGUA CLARA";"Sim";"Ingestao de alcool";1;"Atropelamento de Pedestre";"Com Vitimas Fatais";"Plena Noite";"Decrescente";"Ceu Claro";"Simples";"Reta";"Nao";262100;"Camioneta";"VW/KOMBI";2011;"Pedestre";"Óbito";46;"Masculino";0;0;0;1;"-20.4463";"-52.862";"SR-MS";"DEL3/7";"UOP02/MS"
147901;323771;2018-07-20;"sexta-feira";"18:20:00";"MS";262;138,8;"AGUA CLARA";"Sim";"Ingestao de alcool";1;"Atropelamento de Pedestre";"Com Vitimas Fatais";"Plena Noite";"Decrescente";"Ceu Claro";"Simples";"Reta";"Nao";262100;"Camioneta";"VW/KOMBI";2011;"Condutor";"Ileso";47;"Masculino";1;0;0;0;"-20.4463";"-52.862";"SR-MS";"DEL3/7";"UOP02/MS"
147901;323785;2018-07-20;"sexta-feira";"18:20:00";"MS";262;138,8;"AGUA CLARA";"Sim";"Ingestao de alcool";1;"Atropelamento de Pedestre";"Com Vitimas Fatais";"Plena Noite";"Decrescente";"Ceu Claro";"Simples";"Reta";"Nao";262100;"Camioneta";"VW/KOMBI";2011;"Passageiro";"Ileso";19;"Masculino";1;0;0;0;"-20.4463";"-52.862";"SR-MS";"DEL3/7";"UOP02/MS"
147901;323787;2018-07-20;"sexta-feira";"18:20:00";"MS";262;138,8;"AGUA CLARA";"Sim";"Ingestao de alcool";1;"Atropelamento de Pedestre";"Com Vitimas Fatais";"Plena Noite";"Decrescente";"Ceu Claro";"Simples";"Reta";"Nao";262100;"Camioneta";"VW/KOMBI";2011;"Passageiro";"Ileso";41;"Feminino";1;0;0;0;"-20.4463";"-52.862";"SR-MS";"DEL3/7";"UOP02/MS"