"id";"pesid";"data_inversa";"dia_semana";"horario";"uf";"br";"km";"municipio";"causa_principal";"causa_acidente";"ordem_tipo_acidente";"tipo_acidente";"classificacao_acidente";"fase_dia";"sentido_via";"condicao_metereologica";"tipo_pista";"tracado_via";"uso_solo";"id_veiculo";"tipo_veiculo";"marca";"ano_fabricacao_veiculo";"tipo_envolvido";"estado_fisico";"idade";"sexo";"ilesos";"feridos_leves";"feridos_graves";"mortos";"latitude";"longitude";"regional";"delegacia";"uop"
148785;324222;2018-02-18;"domingo";"22:25:00";"GO";40;2,2;"VALPARAISO DE GOIAS";"Sim";"Ingestao de alcool";2;"Colisao transversal";"Com Vitimas Feridas";"Plena Noite";"Crescente";"Ceu Claro";"Dupla";"Reta";"Sim";263654;"Motocicleta";"YAMAHA/LANDER XTZ250";2009;"Condutor";"Lesoes Leves";34;"Masculino";0;1;0;0;"-16.06889678";"-47.98457877";"SR-DF";"GO";"UOP01/DF"
148785;324223;2018-02-18;"domingo";"22:25:00";"GO";40;2,2;"VALPARAISO DE GOIAS";"Sim";"Ingestao de alcool";2;"Colisao transversal";"Com Vitimas Feridas";"Plena Noite";"Crescente";"Ceu Claro";"Dupla";"Reta";"Sim";263655;"Caminhonete";"VW/SAVEIRO CLI";1997;"Passageiro";"Lesoes Leves";NA;"Feminino";0;1;0;0;"-16.06889678";"-47.98457877";"SR-DF";"GO";"UOP01/DF"
148785;324224;2018-02-18;"domingo";"22:25:00";"GO";40;2,2;"VALPARAISO DE GOIAS";"Sim";"Ingestao de alcool";2;"Colisao transversal";"Com Vitimas Feridas";"Plena Noite";"Crescente";"Ceu Claro";"Dupla";"Reta";"Sim";263655;"Caminhonete";"VW/SAVEIRO CLI";1997;"Condutor";"Ileso";20;"Masculino";1;0;0;0;"-16.06889678";"-47.98457877";"SR-DF";"GO";"UOP01/DF"
148845;324439;2018-07-25;"quarta-feira";"12:15:00";"MG";116;276,5;"TEOFILO OTONI";"Sim";"Ingestao de alcool e/ou substâncias psicoativas pelo pedestre";1;"Colisao traseira";"Sem Vitimas";"Pleno dia";"Crescente";"Ceu Claro";"Simples";"Intersecao de vias";"Sim";263773;"Caminhonete";"VW/SAVEIRO CL 1.8";1996;"Condutor";"Ileso";59;"Masculino";1;0;0;0;"-17.85206465";"-41.51417971";"SR-MG";"DEL4/11";"UOP01/MG"
148845;324440;2018-07-25;"quarta-feira";"12:15:00";"MG";116;276,5;"TEOFILO OTONI";"Sim";"Ingestao de alcool e/ou substâncias psicoativas pelo pedestre";1;"Colisao traseira";"Sem Vitimas";"Pleno dia";"Crescente";"Ceu Claro";"Simples";"Intersecao de vias";"Sim";263774;"Automóvel";"VW/GOL 1.0 ECOMOTION GIV";2013;"Condutor";"Ileso";45;"Masculino";1;0;0;0;"-17.85206465";"-41.51417971";"SR-MG";"DEL4/11";"UOP01/MG"
148878;324489;2018-05-05;"sabado";"06:00:00";"PB";230;14;"CABEDELO";"Sim";"Ingestao de alcool";1;"Colisao transversal";"Com Vitimas Feridas";"Amanhecer";"Decrescente";"Chuva";"Dupla";"Reta";"Sim";263844;"Motocicleta";"YAMAHA/FAZER YS250";2011;"Condutor";"Lesoes Leves";35;"Masculino";0;1;0;0;"-7.0844";"-34.8488";"SR-PB";"DEL14/1";"UOP01/PB"
148878;324490;2018-05-05;"sabado";"06:00:00";"PB";230;14;"CABEDELO";"Sim";"Ingestao de alcool";1;"Colisao transversal";"Com Vitimas Feridas";"Amanhecer";"Decrescente";"Chuva";"Dupla";"Reta";"Sim";263845;"Motocicleta";"HONDA/POP 110I";2015;"Condutor";"Lesoes Leves";23;"Masculino";0;1;0;0;"-7.0844";"-34.8488";"SR-PB";"DEL14/1";"UOP01/PB"
148880;324571;2018-07-25;"quarta-feira";"17:05:00";"BA";101;914,8;"NOVA VICOSA";"Sim";"Ingestao de alcool";1;"Saida de leito carrocavel";"Com Vitimas Feridas";"Anoitecer";"Crescente";"Ceu Claro";"Simples";"Reta";"Nao";263894;"Caminhao";"M.BENZ/L 1113";1972;"Condutor";"Lesoes Graves";50;"Masculino";0;0;1;0;"-17.8379";"-39.7985";"SR-BA";"DEL10/9";"UOP03/BA"
148880;324573;2018-07-25;"quarta-feira";"17:05:00";"BA";101;914,8;"NOVA VICOSA";"Sim";"Ingestao de alcool";1;"Saida de leito carrocavel";"Com Vitimas Feridas";"Anoitecer";"Crescente";"Ceu Claro";"Simples";"Reta";"Nao";263894;"Caminhao";"M.BENZ/L 1113";1972;"Passageiro";"Lesoes Graves";NA;"Masculino";0;0;1;0;"-17.8379";"-39.7985";"SR-BA";"DEL10/9";"UOP03/BA"
148936;325350;2018-07-25;"quarta-feira";"19:30:00";"SC";282;567,1;"NOVA ERECHIM";"Sim";"Ingestao de alcool";1;"Saida de leito carrocavel";"Sem Vitimas";"Plena Noite";"Decrescente";"Ceu Claro";"Simples";"Reta";"Nao";264008;"Automóvel";"GM/CORSA CLASSIC";2003;"Condutor";"Ileso";30;"Masculino";1;0;0;0;"-26.904472";"-52.907639";"SR-SC";"DEL8/8";"UOP02/SC"
148985;324857;2018-05-18;"sexta-feira";"16:30:00";"RS";116;115,8;"SAO MARCOS";"Sim";"Ingestao de alcool";1;"Colisao com objeto estatico";"Com Vitimas Feridas";"Pleno dia";"Decrescente";"Chuva";"Simples";"Reta";"Sim";264079;"Automóvel";"VW/UP TAKE MCV";2017;"Condutor";"Lesoes Leves";46;"Masculino";0;1;0;0;"-28.97400908";"-51.07047737";"SR-RS";"DEL9/5";"UOP01/RS"
148986;324858;2018-06-29;"sexta-feira";"20:10:00";"RS";290;42,3;"GLORINHA";"Sim";"Ingestao de alcool e/ou substâncias psicoativas pelo pedestre";2;"Capotamento";"Sem Vitimas";"Plena Noite";"Crescente";"Garoa/Chuvisco";"Dupla";"Viaduto";"Nao";264080;"Automóvel";"FORD/FIESTA HA 1.5L S";2014;"Passageiro";"Ileso";19;"Masculino";1;0;0;0;"-29.888767";"-50.679028";"SR-RS";"DEL9/3";"UOP02/RS"
148986;324859;2018-06-29;"sexta-feira";"20:10:00";"RS";290;42,3;"GLORINHA";"Sim";"Ingestao de alcool e/ou substâncias psicoativas pelo pedestre";2;"Capotamento";"Sem Vitimas";"Plena Noite";"Crescente";"Garoa/Chuvisco";"Dupla";"Viaduto";"Nao";264080;"Automóvel";"FORD/FIESTA HA 1.5L S";2014;"Condutor";"Ileso";54;"Masculino";1;0;0;0;"-29.888767";"-50.679028";"SR-RS";"DEL9/3";"UOP02/RS"
149011;324910;2018-05-06;"domingo";"16:20:00";"RS";116;112;"SAO MARCOS";"Sim";"Ingestao de alcool";1;"Colisao frontal";"Sem Vitimas";"Pleno dia";"Decrescente";"Chuva";"Simples";"Reta";"Sim";264105;"Caminhonete";"VW/NOVA SAVEIRO CS";2013;"Condutor";"Ileso";35;"Masculino";1;0;0;0;"-28.95447495";"-51.08092189";"SR-RS";"DEL9/5";"UOP01/RS"
149011;324909;2018-05-06;"domingo";"16:20:00";"RS";116;112;"SAO MARCOS";"Sim";"Ingestao de alcool";1;"Colisao frontal";"Sem Vitimas";"Pleno dia";"Decrescente";"Chuva";"Simples";"Reta";"Sim";264104;"Automóvel";"FIAT/UNO ELECTRONIC";1995;"Condutor";"Ileso";47;"Masculino";1;0;0;0;"-28.95447495";"-51.08092189";"SR-RS";"DEL9/5";"UOP01/RS"
149016;324920;2018-06-10;"domingo";"18:00:00";"RS";290;482;"ROSARIO DO SUL";"Sim";"Ingestao de alcool";1;"Colisao transversal";"Sem Vitimas";"Anoitecer";"Crescente";"Ceu Claro";"Simples";"Rotatória";"Sim";264119;"Automóvel";"VW/POINTER GLI 1.8";1994;"Condutor";"Ileso";60;"Masculino";1;0;0;0;"-30.24129131";"-54.94474053";"SR-RS";"DEL9/11";"UOP02/RS"
149016;324919;2018-06-10;"domingo";"18:00:00";"RS";290;482;"ROSARIO DO SUL";"Sim";"Ingestao de alcool";1;"Colisao transversal";"Sem Vitimas";"Anoitecer";"Crescente";"Ceu Claro";"Simples";"Rotatória";"Sim";264118;"Automóvel";"FIAT/UNO MILLE EP";1996;"Condutor";"Ileso";60;"Masculino";1;0;0;0;"-30.24129131";"-54.94474053";"SR-RS";"DEL9/11";"UOP02/RS"
149026;324956;2018-06-24;"domingo";"23:30:00";"PB";101;96;"ALHANDRA";"Sim";"Ingestao de alcool";1;"Saida de leito carrocavel";"Sem Vitimas";"Plena Noite";"Crescente";"Nublado";"Dupla";"Reta";"Nao";264137;"Caminhonete";"CHEVROLET/MONTANA LS";2013;"Condutor";"Ileso";42;"Masculino";1;0;0;0;"-7.2384";"-34.9267";"SR-PB";"DEL14/1";"UOP02/PB"
149031;324985;2018-07-14;"sabado";"23:30:00";"MG";381;491,3;"BETIM";"Sim";"Ingestao de alcool";1;"Colisao transversal";"Com Vitimas Fatais";"Plena Noite";"Decrescente";"Ceu Claro";"Multipla";"Intersecao de vias";"Sim";264158;"Automóvel";"GM/VECTRA GLS";1999;"Condutor";"Ileso";36;"Masculino";1;0;0;0;"-19.96148004";"-44.15509343";"SR-MG";"DEL4/1";"UOP03/MG"
149031;324986;2018-07-14;"sabado";"23:30:00";"MG";381;491,3;"BETIM";"Sim";"Ingestao de alcool";1;"Colisao transversal";"Com Vitimas Fatais";"Plena Noite";"Decrescente";"Ceu Claro";"Multipla";"Intersecao de vias";"Sim";264159;"Bicicleta";"";NA;"Condutor";"Óbito";39;"Masculino";0;0;0;1;"-19.96148004";"-44.15509343";"SR-MG";"DEL4/1";"UOP03/MG"
149064;325071;2018-07-17;"terca-feira";"01:15:00";"MS";262;281,9;"RIBAS DO RIO PARDO";"Sim";"Ingestao de alcool";1;"Colisao lateral";"Com Vitimas Feridas";"Plena Noite";"Crescente";"Ceu Claro";"Simples";"Nao Informado";"Nao";264217;"Automóvel";"RENAULT/SANDERO STEX 16M";2018;"Condutor";"Ileso";40;"Masculino";1;0;0;0;"-20.478701";"-54.127528";"SR-MS";"DEL3/1";"UOP01/MS"
149064;325072;2018-07-17;"terca-feira";"01:15:00";"MS";262;281,9;"RIBAS DO RIO PARDO";"Sim";"Ingestao de alcool";1;"Colisao lateral";"Com Vitimas Feridas";"Plena Noite";"Crescente";"Ceu Claro";"Simples";"Nao Informado";"Nao";264217;"Automóvel";"RENAULT/SANDERO STEX 16M";2018;"Passageiro";"Lesoes Leves";11;"Feminino";0;1;0;0;"-20.478701";"-54.127528";"SR-MS";"DEL3/1";"UOP01/MS"
149064;325073;2018-07-17;"terca-feira";"01:15:00";"MS";262;281,9;"RIBAS DO RIO PARDO";"Sim";"Ingestao de alcool";1;"Colisao lateral";"Com Vitimas Feridas";"Plena Noite";"Crescente";"Ceu Claro";"Simples";"Nao Informado";"Nao";264217;"Automóvel";"RENAULT/SANDERO STEX 16M";2018;"Passageiro";"Lesoes Leves";16;"Feminino";0;1;0;0;"-20.478701";"-54.127528";"SR-MS";"DEL3/1";"UOP01/MS"
149064;325075;2018-07-17;"terca-feira";"01:15:00";"MS";262;281,9;"RIBAS DO RIO PARDO";"Sim";"Ingestao de alcool";1;"Colisao lateral";"Com Vitimas Feridas";"Plena Noite";"Crescente";"Ceu Claro";"Simples";"Nao Informado";"Nao";264217;"Automóvel";"RENAULT/SANDERO STEX 16M";2018;"Passageiro";"Ileso";18;"Masculino";1;0;0;0;"-20.478701";"-54.127528";"SR-MS";"DEL3/1";"UOP01/MS"
149064;325070;2018-07-17;"terca-feira";"01:15:00";"MS";262;281,9;"RIBAS DO RIO PARDO";"Sim";"Ingestao de alcool";1;"Colisao lateral";"Com Vitimas Feridas";"Plena Noite";"Crescente";"Ceu Claro";"Simples";"Nao Informado";"Nao";264216;"Automóvel";"VW/GOL 16V PLUS";2001;"Condutor";"Lesoes Leves";51;"Masculino";0;1;0;0;"-20.478701";"-54.127528";"SR-MS";"DEL3/1";"UOP01/MS"
149064;325074;2018-07-17;"terca-feira";"01:15:00";"MS";262;281,9;"RIBAS DO RIO PARDO";"Sim";"Ingestao de alcool";1;"Colisao lateral";"Com Vitimas Feridas";"Plena Noite";"Crescente";"Ceu Claro";"Simples";"Nao Informado";"Nao";264217;"Automóvel";"RENAULT/SANDERO STEX 16M";2018;"Passageiro";"Lesoes Leves";47;"Feminino";0;1;0;0;"-20.478701";"-54.127528";"SR-MS";"DEL3/1";"UOP01/MS"
149101;326474;2018-07-26;"quinta-feira";"18:20:00";"PR";476;349;"PAULA FREITAS";"Sim";"Ingestao de alcool";1;"Colisao frontal";"Com Vitimas Feridas";"Anoitecer";"Crescente";"Nublado";"Simples";"Reta";"Nao";264344;"Automóvel";"CHEVROLET/CLASSIC LS";2010;"Condutor";"Lesoes Leves";42;"Masculino";0;1;0;0;"-26.18578847";"-50.97158432";"SR-PR";"DEL7/2";"UOP02/PR"
149101;326477;2018-07-26;"quinta-feira";"18:20:00";"PR";476;349;"PAULA FREITAS";"Sim";"Ingestao de alcool";1;"Colisao frontal";"Com Vitimas Feridas";"Anoitecer";"Crescente";"Nublado";"Simples";"Reta";"Nao";264345;"Automóvel";"TOYOTA/ETIOS HB X";2014;"Condutor";"Ileso";41;"Masculino";1;0;0;0;"-26.18578847";"-50.97158432";"SR-PR";"DEL7/2";"UOP02/PR"
149107;325268;2018-07-26;"quinta-feira";"20:00:00";"RN";101;104,6;"PARNAMIRIM";"Sim";"Ingestao de alcool";1;"Colisao traseira";"Com Vitimas Feridas";"Plena Noite";"Crescente";"Ceu Claro";"Dupla";"Reta";"Sim";264358;"Motocicleta";"HONDA/CG 150 FAN ESI";2010;"Condutor";"Lesoes Leves";56;"Masculino";0;1;0;0;"-5.892745";"-35.257225";"SR-RN";"DEL15/1";"UOP01/RN"
149107;325269;2018-07-26;"quinta-feira";"20:00:00";"RN";101;104,6;"PARNAMIRIM";"Sim";"Ingestao de alcool";1;"Colisao traseira";"Com Vitimas Feridas";"Plena Noite";"Crescente";"Ceu Claro";"Dupla";"Reta";"Sim";264359;"Motocicleta";"HONDA/CG 125 TITAN ES";2001;"Condutor";"Ileso";62;"Masculino";1;0;0;0;"-5.892745";"-35.257225";"SR-RN";"DEL15/1";"UOP01/RN"
149120;325292;2018-07-26;"quinta-feira";"21:15:00";"MS";163;445,3;"CAMPO GRANDE";"Sim";"Ingestao de alcool";1;"Saida de leito carrocavel";"Com Vitimas Feridas";"Plena Noite";"Crescente";"Ceu Claro";"Simples";"Reta";"Nao";264352;"Motocicleta";"YAMAHA/YBR150 FACTOR ED";2018;"Condutor";"Lesoes Leves";49;"Masculino";0;1;0;0;"-20.768336";"-54.528152";"SR-MS";"DEL3/1";"UOP01/MS"
149137;326721;2018-07-27;"sexta-feira";"02:30:00";"PR";277;103;"CAMPO LARGO";"Sim";"Ingestao de alcool";1;"Colisao traseira";"Sem Vitimas";"Plena Noite";"Crescente";"Nublado";"Dupla";"Reta";"Nao";264381;"Caminhao-trator";"SCANIA/R124 GA4X2NZ 420";2007;"Condutor";"Ileso";40;"Masculino";1;0;0;0;"-25.4333896";"-49.40099715";"SR-PR";"DEL7/1";"UOP04/PR"
149137;326722;2018-07-27;"sexta-feira";"02:30:00";"PR";277;103;"CAMPO LARGO";"Sim";"Ingestao de alcool";1;"Colisao traseira";"Sem Vitimas";"Plena Noite";"Crescente";"Nublado";"Dupla";"Reta";"Nao";265531;"Semireboque";"SR/FACCHINI SRF PC";2004;"Testemunha";"Nao Informado";NA;"Nao Informado";0;0;0;0;"-25.4333896";"-49.40099715";"SR-PR";"DEL7/1";"UOP04/PR"
149137;326718;2018-07-27;"sexta-feira";"02:30:00";"PR";277;103;"CAMPO LARGO";"Sim";"Ingestao de alcool";1;"Colisao traseira";"Sem Vitimas";"Plena Noite";"Crescente";"Nublado";"Dupla";"Reta";"Nao";264380;"Automóvel";"CITROEN/C3 1.6 A EXCL";2016;"Condutor";"Ileso";33;"Feminino";1;0;0;0;"-25.4333896";"-49.40099715";"SR-PR";"DEL7/1";"UOP04/PR"
149138;326368;2018-07-27;"sexta-feira";"02:00:00";"MS";163;575,1;"BANDEIRANTES";"Sim";"Ingestao de alcool";1;"Capotamento";"Com Vitimas Feridas";"Plena Noite";"Decrescente";"Ceu Claro";"Simples";"Reta";"Nao";264411;"Caminhonete";"I/TOYOTA HILUX CD4X4";2010;"Condutor";"Lesoes Leves";33;"Feminino";0;1;0;0;"-19.68149525";"-54.35055614";"SR-MS";"DEL3/6";"UOP02/MS"
149146;327550;2018-07-27;"sexta-feira";"05:40:00";"MG";50;57,4;"UBERLANDIA";"Nao";"Ingestao de alcool";1;"Colisao traseira";"Com Vitimas Feridas";"Amanhecer";"Crescente";"Ceu Claro";"Dupla";"Nao Informado";"Nao";264482;"Automóvel";"CHEVROLET/CELTA 1.0L LT";2011;"Condutor";"Lesoes Leves";24;"Masculino";0;1;0;0;"-18.79598047";"-48.23547363";"SR-MG";"DEL4/15";"UOP02/MG"
149183;326761;2018-07-27;"sexta-feira";"07:30:00";"SP";116;439,5;"REGISTRO";"Sim";"Ingestao de alcool";1;"Colisao com objeto estatico";"Sem Vitimas";"Pleno dia";"Decrescente";"Nublado";"Dupla";"Curva";"Sim";264473;"Automóvel";"RENAULT/MEGANEGT EXPR 16";2008;"Condutor";"Ileso";34;"Masculino";1;0;0;0;"-24.45835794";"-47.81427026";"SR-SP";"DEL6/5";"UOP01/SP"
149219;325588;2018-07-27;"sexta-feira";"14:20:00";"SC";101;204,1;"SAO JOSE";"Sim";"Ingestao de alcool";1;"Colisao com objeto estatico";"Sem Vitimas";"Pleno dia";"Decrescente";"Ceu Claro";"Multipla";"Reta";"Sim";264549;"Automóvel";"FIAT/SIENA ATTRACTIV 1.4";2014;"Condutor";"Ileso";48;"Masculino";1;0;0;0;"-27.5832";"-48.6151";"SR-SC";"DEL8/1";"UOP01/SC"
149256;327286;2018-07-27;"sexta-feira";"16:15:00";"SP";116;59,9;"GUARATINGUETA";"Sim";"Ingestao de alcool";1;"Colisao com objeto estatico";"Sem Vitimas";"Pleno dia";"Crescente";"Nublado";"Dupla";"Reta";"Sim";264769;"Caminhao-trator";"SCANIA/R124 GA4X2NZ 360";2004;"Condutor";"Ileso";26;"Masculino";1;0;0;0;"-22.79054429";"-45.16043901";"SR-SP";"DEL6/8";"UOP02/SP"
149283;327190;2018-07-27;"sexta-feira";"18:30:00";"PR";369;57;"BANDEIRANTES";"Sim";"Ingestao de alcool";1;"Colisao frontal";"Com Vitimas Feridas";"Plena Noite";"Crescente";"Ceu Claro";"Simples";"Reta";"Sim";264686;"Motoneta";"HONDA/BIZ 125 ES";2010;"Condutor";"Lesoes Leves";22;"Feminino";0;1;0;0;"-23.12743537";"-50.38356716";"SR-PR";"DEL7/7";"UOP06/PR"
149283;327187;2018-07-27;"sexta-feira";"18:30:00";"PR";369;57;"BANDEIRANTES";"Sim";"Ingestao de alcool";1;"Colisao frontal";"Com Vitimas Feridas";"Plena Noite";"Crescente";"Ceu Claro";"Simples";"Reta";"Sim";264685;"Automóvel";"VW/FUSCA 1300";1973;"Condutor";"Ileso";22;"Masculino";1;0;0;0;"-23.12743537";"-50.38356716";"SR-PR";"DEL7/7";"UOP06/PR"
149302;327263;2018-07-27;"sexta-feira";"19:45:00";"PE";428;181,9;"PETROLINA";"Sim";"Ingestao de alcool";1;"Colisao frontal";"Com Vitimas Feridas";"Plena Noite";"Decrescente";"Ceu Claro";"Simples";"Reta";"Nao";264710;"Automóvel";"FIAT/UNO MILLE FIRE";2001;"Condutor";"Lesoes Leves";21;"Masculino";0;1;0;0;"-9.32415926";"-40.46200201";"SR-PE";"DEL11/6";"UOP01/PE"
149302;327266;2018-07-27;"sexta-feira";"19:45:00";"PE";428;181,9;"PETROLINA";"Sim";"Ingestao de alcool";1;"Colisao frontal";"Com Vitimas Feridas";"Plena Noite";"Decrescente";"Ceu Claro";"Simples";"Reta";"Nao";264710;"Automóvel";"FIAT/UNO MILLE FIRE";2001;"Passageiro";"Lesoes Leves";20;"Masculino";0;1;0;0;"-9.32415926";"-40.46200201";"SR-PE";"DEL11/6";"UOP01/PE"
149302;327269;2018-07-27;"sexta-feira";"19:45:00";"PE";428;181,9;"PETROLINA";"Sim";"Ingestao de alcool";1;"Colisao frontal";"Com Vitimas Feridas";"Plena Noite";"Decrescente";"Ceu Claro";"Simples";"Reta";"Nao";264711;"Automóvel";"GM/CELTA 4P LIFE";2009;"Condutor";"Ileso";60;"Masculino";1;0;0;0;"-9.32415926";"-40.46200201";"SR-PE";"DEL11/6";"UOP01/PE"
149302;327268;2018-07-27;"sexta-feira";"19:45:00";"PE";428;181,9;"PETROLINA";"Sim";"Ingestao de alcool";1;"Colisao frontal";"Com Vitimas Feridas";"Plena Noite";"Decrescente";"Ceu Claro";"Simples";"Reta";"Nao";264710;"Automóvel";"FIAT/UNO MILLE FIRE";2001;"Passageiro";"Lesoes Leves";21;"Masculino";0;1;0;0;"-9.32415926";"-40.46200201";"SR-PE";"DEL11/6";"UOP01/PE"
149323;325757;2018-07-27;"sexta-feira";"20:30:00";"RO";364;225,9;"CACOAL";"Sim";"Ingestao de alcool";1;"Tombamento";"Com Vitimas Feridas";"Plena Noite";"Crescente";"Ceu Claro";"Simples";"Nao Informado";"Sim";264797;"Motoneta";"SUNDOWN/WEB 100";2009;"Condutor";"Lesoes Leves";29;"Masculino";0;1;0;0;"-11.50126253";"-61.36990786";"SR-RO";"DEL21/2";"UOP02/RO"
149334;327163;2018-07-27;"sexta-feira";"23:00:00";"PR";376;212,8;"JANDAIA DO SUL";"Sim";"Ingestao de alcool";1;"Colisao traseira";"Sem Vitimas";"Plena Noite";"Decrescente";"Ceu Claro";"Dupla";"Curva";"Nao";264807;"Automóvel";"VW/NOVO GOL 1.0";2013;"Condutor";"Ileso";47;"Masculino";1;0;0;0;"-23.57904243";"-51.65225923";"SR-PR";"DEL7/7";"UOP04/PR"
149334;327164;2018-07-27;"sexta-feira";"23:00:00";"PR";376;212,8;"JANDAIA DO SUL";"Sim";"Ingestao de alcool";1;"Colisao traseira";"Sem Vitimas";"Plena Noite";"Decrescente";"Ceu Claro";"Dupla";"Curva";"Nao";264808;"Automóvel";"GM/MONZA SL";1988;"Condutor";"Ileso";28;"Feminino";1;0;0;0;"-23.57904243";"-51.65225923";"SR-PR";"DEL7/7";"UOP04/PR"
149334;327165;2018-07-27;"sexta-feira";"23:00:00";"PR";376;212,8;"JANDAIA DO SUL";"Sim";"Ingestao de alcool";1;"Colisao traseira";"Sem Vitimas";"Plena Noite";"Decrescente";"Ceu Claro";"Dupla";"Curva";"Nao";264808;"Automóvel";"GM/MONZA SL";1988;"Passageiro";"Ileso";NA;"Masculino";1;0;0;0;"-23.57904243";"-51.65225923";"SR-PR";"DEL7/7";"UOP04/PR"
149337;325712;2018-07-27;"sexta-feira";"23:05:00";"RS";290;99,9;"PORTO ALEGRE";"Sim";"Ingestao de alcool";1;"Colisao lateral";"Com Vitimas Feridas";"Plena Noite";"Crescente";"Ceu Claro";"Dupla";"Ponte";"Nao";264736;"Automóvel";"HYUNDAI/HB20 1.6M PREM";2014;"Condutor";"Ileso";26;"Masculino";1;0;0;0;"-29.98777069";"-51.23838365";"SR-RS";"DEL9/1";"UOP01/RS"
149337;325713;2018-07-27;"sexta-feira";"23:05:00";"RS";290;99,9;"PORTO ALEGRE";"Sim";"Ingestao de alcool";1;"Colisao lateral";"Com Vitimas Feridas";"Plena Noite";"Crescente";"Ceu Claro";"Dupla";"Ponte";"Nao";264737;"Automóvel";"VW/FOX 1.0 GII";2010;"Condutor";"Ileso";37;"Masculino";1;0;0;0;"-29.98777069";"-51.23838365";"SR-RS";"DEL9/1";"UOP01/RS"
149337;325714;2018-07-27;"sexta-feira";"23:05:00";"RS";290;99,9;"PORTO ALEGRE";"Sim";"Ingestao de alcool";1;"Colisao lateral";"Com Vitimas Feridas";"Plena Noite";"Crescente";"Ceu Claro";"Dupla";"Ponte";"Nao";264737;"Automóvel";"VW/FOX 1.0 GII";2010;"Passageiro";"Lesoes Leves";33;"Feminino";0;1;0;0;"-29.98777069";"-51.23838365";"SR-RS";"DEL9/1";"UOP01/RS"
149341;327419;2018-07-27;"sexta-feira";"23:25:00";"SC";282;504,8;"XANXERE";"Sim";"Ingestao de alcool";1;"Colisao frontal";"Com Vitimas Feridas";"Plena Noite";"Crescente";"Ceu Claro";"Simples";"Reta";"Nao";264725;"Automóvel";"GM/CORSA HATCH MAXX";2010;"Condutor";"Lesoes Leves";34;"Masculino";0;1;0;0;"-26.88534933";"-52.41480405";"SR-SC";"DEL8/8";"UOP01/SC"
149341;327420;2018-07-27;"sexta-feira";"23:25:00";"SC";282;504,8;"XANXERE";"Sim";"Ingestao de alcool";1;"Colisao frontal";"Com Vitimas Feridas";"Plena Noite";"Crescente";"Ceu Claro";"Simples";"Reta";"Nao";264725;"Automóvel";"GM/CORSA HATCH MAXX";2010;"Passageiro";"Lesoes Leves";30;"Feminino";0;1;0;0;"-26.88534933";"-52.41480405";"SR-SC";"DEL8/8";"UOP01/SC"
149341;327421;2018-07-27;"sexta-feira";"23:25:00";"SC";282;504,8;"XANXERE";"Sim";"Ingestao de alcool";1;"Colisao frontal";"Com Vitimas Feridas";"Plena Noite";"Crescente";"Ceu Claro";"Simples";"Reta";"Nao";264726;"Automóvel";"GM/CORSA WIND";1998;"Condutor";"Nao Informado";NA;"Nao Informado";0;0;0;0;"-26.88534933";"-52.41480405";"SR-SC";"DEL8/8";"UOP01/SC"
149357;325743;2018-07-28;"sabado";"03:55:00";"PR";376;174,7;"MARINGA";"Sim";"Ingestao de alcool";1;"Colisao com objeto estatico";"Sem Vitimas";"Plena Noite";"Crescente";"Ceu Claro";"Dupla";"Reta";"Sim";264786;"Automóvel";"I/HYUNDAI AZERA 3.3 V6";2008;"Condutor";"Ileso";40;"Feminino";1;0;0;0;"-23.4125752";"-51.9437826";"SR-PR";"DEL7/7";"UOP04/PR"
149359;328783;2018-07-28;"sabado";"03:50:00";"PE";101;46;"IGARASSU";"Sim";"Ingestao de alcool";1;"Colisao com objeto estatico";"Com Vitimas Feridas";"Amanhecer";"Decrescente";"Ceu Claro";"Dupla";"Reta";"Sim";267136;"Automóvel";"FORD/FIESTA";2005;"Condutor";"Nao Informado";NA;"Nao Informado";0;0;0;0;"-7.85840789";"-34.90851045";"SR-PE";"DEL11/1";"UOP02/PE"
149359;328779;2018-07-28;"sabado";"03:50:00";"PE";101;46;"IGARASSU";"Sim";"Ingestao de alcool";1;"Colisao com objeto estatico";"Com Vitimas Feridas";"Amanhecer";"Decrescente";"Ceu Claro";"Dupla";"Reta";"Sim";267124;"Automóvel";"RENAULT/SANDERO GTLINE";2010;"Condutor";"Lesoes Leves";27;"Masculino";0;1;0;0;"-7.85840789";"-34.90851045";"SR-PE";"DEL11/1";"UOP02/PE"
149359;328782;2018-07-28;"sabado";"03:50:00";"PE";101;46;"IGARASSU";"Sim";"Ingestao de alcool";1;"Colisao com objeto estatico";"Com Vitimas Feridas";"Amanhecer";"Decrescente";"Ceu Claro";"Dupla";"Reta";"Sim";267129;"Automóvel";"GM/CORSA HATCH MAXX";2008;"Condutor";"Nao Informado";NA;"Nao Informado";0;0;0;0;"-7.85840789";"-34.90851045";"SR-PE";"DEL11/1";"UOP02/PE"
149359;328781;2018-07-28;"sabado";"03:50:00";"PE";101;46;"IGARASSU";"Sim";"Ingestao de alcool";1;"Colisao com objeto estatico";"Com Vitimas Feridas";"Amanhecer";"Decrescente";"Ceu Claro";"Dupla";"Reta";"Sim";267127;"Caminhonete";"VW/SAVEIRO CD TL MB";2014;"Condutor";"Nao Informado";NA;"Nao Informado";0;0;0;0;"-7.85840789";"-34.90851045";"SR-PE";"DEL11/1";"UOP02/PE"