"id";"pesid";"data_inversa";"dia_semana";"horario";"uf";"br";"km";"municipio";"causa_principal";"causa_acidente";"ordem_tipo_acidente";"tipo_acidente";"classificacao_acidente";"fase_dia";"sentido_via";"condicao_metereologica";"tipo_pista";"tracado_via";"uso_solo";"id_veiculo";"tipo_veiculo";"marca";"ano_fabricacao_veiculo";"tipo_envolvido";"estado_fisico";"idade";"sexo";"ilesos";"feridos_leves";"feridos_graves";"mortos";"latitude";"longitude";"regional";"delegacia";"uop"
149367;329631;2018-07-28;"sabado";"05:35:00";"SC";470;70,6;"INDAIAL";"Sim";"Ingestao de alcool";1;"Colisao frontal";"Com Vitimas Feridas";"Plena Noite";"Crescente";"Ceu Claro";"Simples";"Reta";"Nao";266298;"Automóvel";"FORD/KA GL";1999;"Condutor";"Lesoes Leves";38;"Masculino";0;1;0;0;"-26.8925921";"-49.2587176";"SR-SC";"DEL8/4";"UOP01/SC"
149367;329630;2018-07-28;"sabado";"05:35:00";"SC";470;70,6;"INDAIAL";"Sim";"Ingestao de alcool";1;"Colisao frontal";"Com Vitimas Feridas";"Plena Noite";"Crescente";"Ceu Claro";"Simples";"Reta";"Nao";266297;"Automóvel";"I/JEEP GCHEROKEE LIMITED";1997;"Condutor";"Ileso";33;"Masculino";1;0;0;0;"-26.8925921";"-49.2587176";"SR-SC";"DEL8/4";"UOP01/SC"
149367;329632;2018-07-28;"sabado";"05:35:00";"SC";470;70,6;"INDAIAL";"Sim";"Ingestao de alcool";1;"Colisao frontal";"Com Vitimas Feridas";"Plena Noite";"Crescente";"Ceu Claro";"Simples";"Reta";"Nao";266298;"Automóvel";"FORD/KA GL";1999;"Passageiro";"Lesoes Graves";19;"Feminino";0;0;1;0;"-26.8925921";"-49.2587176";"SR-SC";"DEL8/4";"UOP01/SC"
149368;327206;2018-07-28;"sabado";"05:50:00";"RJ";393;290;"VOLTA REDONDA";"Sim";"Ingestao de alcool";1;"Colisao transversal";"Com Vitimas Feridas";"Amanhecer";"Crescente";"Ceu Claro";"Simples";"Intersecao de vias";"Sim";264841;"Caminhao";"VW/24.280 CRM 6X2";2014;"Condutor";"Ileso";50;"Masculino";1;0;0;0;"-22.52125876";"-44.11663055";"SR-RJ";"DEL5/5";"UOP02/RJ"
149368;327209;2018-07-28;"sabado";"05:50:00";"RJ";393;290;"VOLTA REDONDA";"Sim";"Ingestao de alcool";1;"Colisao transversal";"Com Vitimas Feridas";"Amanhecer";"Crescente";"Ceu Claro";"Simples";"Intersecao de vias";"Sim";265950;"Automóvel";"VW/SANTANA 2000 MI";1996;"Passageiro";"Lesoes Leves";48;"Feminino";0;1;0;0;"-22.52125876";"-44.11663055";"SR-RJ";"DEL5/5";"UOP02/RJ"
149368;327211;2018-07-28;"sabado";"05:50:00";"RJ";393;290;"VOLTA REDONDA";"Sim";"Ingestao de alcool";1;"Colisao transversal";"Com Vitimas Feridas";"Amanhecer";"Crescente";"Ceu Claro";"Simples";"Intersecao de vias";"Sim";265950;"Automóvel";"VW/SANTANA 2000 MI";1996;"Passageiro";"Lesoes Leves";48;"Masculino";0;1;0;0;"-22.52125876";"-44.11663055";"SR-RJ";"DEL5/5";"UOP02/RJ"
149368;327207;2018-07-28;"sabado";"05:50:00";"RJ";393;290;"VOLTA REDONDA";"Sim";"Ingestao de alcool";1;"Colisao transversal";"Com Vitimas Feridas";"Amanhecer";"Crescente";"Ceu Claro";"Simples";"Intersecao de vias";"Sim";265950;"Automóvel";"VW/SANTANA 2000 MI";1996;"Condutor";"Ileso";20;"Masculino";1;0;0;0;"-22.52125876";"-44.11663055";"SR-RJ";"DEL5/5";"UOP02/RJ"
149374;326614;2018-07-28;"sabado";"05:30:00";"MS";163;323;"RIO BRILHANTE";"Sim";"Ingestao de alcool";2;"Colisao com objeto estatico";"Sem Vitimas";"Amanhecer";"Crescente";"Ceu Claro";"Simples";"Reta";"Nao";264820;"Automóvel";"HONDA/CIVIC LXS FLEX";2009;"Condutor";"Ileso";22;"Masculino";1;0;0;0;"-21.78490667";"-54.52676654";"SR-MS";"DEL3/2";"UOP02/MS"
149383;326804;2018-07-28;"sabado";"05:30:00";"RS";470;176;"VERANOPOLIS";"Sim";"Ingestao de alcool";1;"Saida de leito carrocavel";"Com Vitimas Feridas";"Plena Noite";"Crescente";"Ceu Claro";"Simples";"Reta";"Sim";265586;"Automóvel";"VW/GOL 1.0";2009;"Passageiro";"Lesoes Leves";22;"Feminino";0;1;0;0;"-28.93563217";"-51.54273415";"SR-RS";"DEL9/6";"UOP02/RS"
149383;326811;2018-07-28;"sabado";"05:30:00";"RS";470;176;"VERANOPOLIS";"Sim";"Ingestao de alcool";1;"Saida de leito carrocavel";"Com Vitimas Feridas";"Plena Noite";"Crescente";"Ceu Claro";"Simples";"Reta";"Sim";265586;"Automóvel";"VW/GOL 1.0";2009;"Condutor";"Lesoes Leves";22;"Masculino";0;1;0;0;"-28.93563217";"-51.54273415";"SR-RS";"DEL9/6";"UOP02/RS"
149390;327126;2018-07-28;"sabado";"05:33:00";"RO";364;17,6;"VILHENA";"Sim";"Ingestao de alcool";1;"Colisao lateral";"Com Vitimas Feridas";"Amanhecer";"Crescente";"Ceu Claro";"Simples";"Nao Informado";"Nao";264958;"Caminhao-trator";"VOLVO/FH12 380 4X2T";2001;"Condutor";"Ileso";41;"Masculino";1;0;0;0;"-12.73208";"-60.165894";"SR-RO";"DEL21/4";"UOP01/RO"
149390;327128;2018-07-28;"sabado";"05:33:00";"RO";364;17,6;"VILHENA";"Sim";"Ingestao de alcool";1;"Colisao lateral";"Com Vitimas Feridas";"Amanhecer";"Crescente";"Ceu Claro";"Simples";"Nao Informado";"Nao";264959;"Motocicleta";"HONDA/CG 150 TITAN ESD";2005;"Condutor";"Lesoes Graves";20;"Masculino";0;0;1;0;"-12.73208";"-60.165894";"SR-RO";"DEL21/4";"UOP01/RO"
149454;328021;2018-07-28;"sabado";"15:20:00";"SC";101;205;"SAO JOSE";"Sim";"Ingestao de alcool";1;"Tombamento";"Com Vitimas Feridas";"Pleno dia";"Crescente";"Ceu Claro";"Dupla";"Curva";"Sim";266577;"Motocicleta";"HONDA/CG 150 TITAN KS";2004;"Condutor";"Lesoes Leves";33;"Feminino";0;1;0;0;"-27.58498068";"-48.61630071";"SR-SC";"DEL8/1";"UOP01/SC"
149458;326980;2018-07-28;"sabado";"15:10:00";"MG";116;374,7;"FREI INOCENCIO";"Sim";"Ingestao de alcool";1;"Colisao frontal";"Sem Vitimas";"Pleno dia";"Crescente";"Ceu Claro";"Simples";"Reta";"Sim";264994;"Automóvel";"I/HYUNDAI AZERA 3.0 V6";2011;"Condutor";"Ileso";70;"Masculino";1;0;0;0;"-18.57126684";"-41.91054583";"SR-MG";"DEL4/11";"UOP01/MG"
149458;326982;2018-07-28;"sabado";"15:10:00";"MG";116;374,7;"FREI INOCENCIO";"Sim";"Ingestao de alcool";1;"Colisao frontal";"Sem Vitimas";"Pleno dia";"Crescente";"Ceu Claro";"Simples";"Reta";"Sim";264995;"Automóvel";"FIAT/TEMPRA IE";1995;"Condutor";"Ileso";51;"Masculino";1;0;0;0;"-18.57126684";"-41.91054583";"SR-MG";"DEL4/11";"UOP01/MG"
149466;325939;2018-07-28;"sabado";"14:05:00";"SC";470;53,4;"BLUMENAU";"Sim";"Ingestao de alcool";1;"Queda de ocupante de veiculo";"Sem Vitimas";"Pleno dia";"Decrescente";"Ceu Claro";"Simples";"Reta";"Nao";264931;"Automóvel";"VW/GOL 1000I";1995;"Condutor";"Ileso";NA;"Masculino";1;0;0;0;"-26.86299349";"-49.08763105";"SR-SC";"DEL8/4";"UOP01/SC"
149466;325940;2018-07-28;"sabado";"14:05:00";"SC";470;53,4;"BLUMENAU";"Sim";"Ingestao de alcool";1;"Queda de ocupante de veiculo";"Sem Vitimas";"Pleno dia";"Decrescente";"Ceu Claro";"Simples";"Reta";"Nao";264931;"Automóvel";"VW/GOL 1000I";1995;"Passageiro";"Ileso";42;"Masculino";1;0;0;0;"-26.86299349";"-49.08763105";"SR-SC";"DEL8/4";"UOP01/SC"
149478;327713;2018-07-28;"sabado";"17:40:00";"BA";116;365;"LAMARAO";"Sim";"Ingestao de alcool";1;"Colisao frontal";"Com Vitimas Feridas";"Anoitecer";"Decrescente";"Ceu Claro";"Simples";"Reta";"Nao";266339;"Automóvel";"FIAT/UNO MILLE FIRE FLEX";2006;"Condutor";"Ileso";34;"Masculino";1;0;0;0;"-11.71712456";"-38.98738861";"SR-BA";"DEL10/2";"UOP02/BA"
149478;327716;2018-07-28;"sabado";"17:40:00";"BA";116;365;"LAMARAO";"Sim";"Ingestao de alcool";1;"Colisao frontal";"Com Vitimas Feridas";"Anoitecer";"Decrescente";"Ceu Claro";"Simples";"Reta";"Nao";266345;"Micro-ônibus";"I/M.BENZ 312D SPRINTER M";2000;"Condutor";"Ileso";29;"Masculino";1;0;0;0;"-11.71712456";"-38.98738861";"SR-BA";"DEL10/2";"UOP02/BA"
149478;327714;2018-07-28;"sabado";"17:40:00";"BA";116;365;"LAMARAO";"Sim";"Ingestao de alcool";1;"Colisao frontal";"Com Vitimas Feridas";"Anoitecer";"Decrescente";"Ceu Claro";"Simples";"Reta";"Nao";266339;"Automóvel";"FIAT/UNO MILLE FIRE FLEX";2006;"Passageiro";"Lesoes Leves";27;"Masculino";0;1;0;0;"-11.71712456";"-38.98738861";"SR-BA";"DEL10/2";"UOP02/BA"
149496;326119;2018-07-28;"sabado";"17:00:00";"SC";280;126;"SAO BENTO DO SUL";"Sim";"Ingestao de alcool";1;"Saida de leito carrocavel";"Com Vitimas Feridas";"Pleno dia";"Crescente";"Ceu Claro";"Simples";"Reta";"Nao";265072;"Automóvel";"CHEVROLET/CLASSIC";2009;"Condutor";"Lesoes Leves";30;"Masculino";0;1;0;0;"-26.237795";"-49.494263";"SR-SC";"DEL8/6";"UOP03/SC"
149509;330054;2018-07-28;"sabado";"18:30:00";"RJ";101;527;"ANGRA DOS REIS";"Sim";"Ingestao de alcool";1;"Colisao frontal";"Com Vitimas Feridas";"Plena Noite";"Decrescente";"Ceu Claro";"Simples";"Reta";"Nao";265058;"Automóvel";"VW/FUSCA";1979;"Passageiro";"Lesoes Graves";21;"Feminino";0;0;1;0;"-23.02515877";"-44.5080024";"SR-RJ";"DEL5/3";"UOP03/RJ"
149509;330179;2018-07-28;"sabado";"18:30:00";"RJ";101;527;"ANGRA DOS REIS";"Sim";"Ingestao de alcool";1;"Colisao frontal";"Com Vitimas Feridas";"Plena Noite";"Decrescente";"Ceu Claro";"Simples";"Reta";"Nao";265059;"Caminhonete";"FIAT/TORO ENDURANCE AT";2018;"Condutor";"Ileso";50;"Masculino";1;0;0;0;"-23.02515877";"-44.5080024";"SR-RJ";"DEL5/3";"UOP03/RJ"
149509;330045;2018-07-28;"sabado";"18:30:00";"RJ";101;527;"ANGRA DOS REIS";"Sim";"Ingestao de alcool";1;"Colisao frontal";"Com Vitimas Feridas";"Plena Noite";"Decrescente";"Ceu Claro";"Simples";"Reta";"Nao";265058;"Automóvel";"VW/FUSCA";1979;"Condutor";"Lesoes Graves";37;"Masculino";0;0;1;0;"-23.02515877";"-44.5080024";"SR-RJ";"DEL5/3";"UOP03/RJ"
149519;329855;2018-07-28;"sabado";"19:55:00";"MG";116;412;"GOVERNADOR VALADARES";"Sim";"Ingestao de alcool";1;"Colisao lateral";"Sem Vitimas";"Plena Noite";"Crescente";"Ceu Claro";"Simples";"Reta";"Nao";265021;"Automóvel";"FIAT/PALIO ED";1997;"Condutor";"Ileso";62;"Masculino";1;0;0;0;"-18.82513";"-41.986519";"SR-MG";"DEL4/6";"UOP01/MG"
149519;329866;2018-07-28;"sabado";"19:55:00";"MG";116;412;"GOVERNADOR VALADARES";"Sim";"Ingestao de alcool";1;"Colisao lateral";"Sem Vitimas";"Plena Noite";"Crescente";"Ceu Claro";"Simples";"Reta";"Nao";265020;"Camioneta";"FORD/ECOSPORT FSL 1.6";2014;"Condutor";"Ileso";49;"Masculino";1;0;0;0;"-18.82513";"-41.986519";"SR-MG";"DEL4/6";"UOP01/MG"
149520;327734;2018-07-28;"sabado";"21:40:00";"BA";116;321;"ARACI";"Sim";"Ingestao de alcool";1;"Atropelamento de Pedestre";"Com Vitimas Feridas";"Plena Noite";"Decrescente";"Ceu Claro";"Simples";"Reta";"Sim";265047;"Camioneta";"HYUNDAI/TUCSON GLSB";2010;"Condutor";"Ileso";39;"Masculino";1;0;0;0;"-11.33049436";"-38.95370007";"SR-BA";"DEL10/2";"UOP02/BA"
149520;327738;2018-07-28;"sabado";"21:40:00";"BA";116;321;"ARACI";"Sim";"Ingestao de alcool";1;"Atropelamento de Pedestre";"Com Vitimas Feridas";"Plena Noite";"Decrescente";"Ceu Claro";"Simples";"Reta";"Sim";265047;"Camioneta";"HYUNDAI/TUCSON GLSB";2010;"Pedestre";"Lesoes Graves";47;"Masculino";0;0;1;0;"-11.33049436";"-38.95370007";"SR-BA";"DEL10/2";"UOP02/BA"
149525;326111;2018-07-28;"sabado";"21:15:00";"GO";153;514,2;"APARECIDA DE GOIANIA";"Sim";"Ingestao de alcool";1;"Colisao transversal";"Com Vitimas Feridas";"Plena Noite";"Crescente";"Ceu Claro";"Multipla";"Reta";"Sim";265063;"Automóvel";"CHEVROLET/CLASSIC LS";2012;"Condutor";"Ileso";20;"Masculino";1;0;0;0;"-16.8315";"-49.2434";"SR-GO";"DEL1/1";"UOP03/GO"
149525;326113;2018-07-28;"sabado";"21:15:00";"GO";153;514,2;"APARECIDA DE GOIANIA";"Sim";"Ingestao de alcool";1;"Colisao transversal";"Com Vitimas Feridas";"Plena Noite";"Crescente";"Ceu Claro";"Multipla";"Reta";"Sim";265064;"Ônibus";"VW/COMIL VERSATILE I";2007;"Condutor";"Ileso";34;"Masculino";1;0;0;0;"-16.8315";"-49.2434";"SR-GO";"DEL1/1";"UOP03/GO"
149525;326112;2018-07-28;"sabado";"21:15:00";"GO";153;514,2;"APARECIDA DE GOIANIA";"Sim";"Ingestao de alcool";1;"Colisao transversal";"Com Vitimas Feridas";"Plena Noite";"Crescente";"Ceu Claro";"Multipla";"Reta";"Sim";265063;"Automóvel";"CHEVROLET/CLASSIC LS";2012;"Passageiro";"Lesoes Graves";19;"Feminino";0;0;1;0;"-16.8315";"-49.2434";"SR-GO";"DEL1/1";"UOP03/GO"
149526;327707;2018-07-28;"sabado";"20:00:00";"PB";101;44,9;"MAMANGUAPE";"Sim";"Ingestao de alcool";1;"Colisao traseira";"Com Vitimas Feridas";"Plena Noite";"Crescente";"Ceu Claro";"Dupla";"Reta";"Nao";265138;"Caminhonete";"I/NISSAN FRONTIER SEATX4";2017;"Condutor";"Ileso";27;"Masculino";1;0;0;0;"-6.8828748";"-35.13088703";"SR-PB";"DEL14/1";"UOP04/PB"
149526;327709;2018-07-28;"sabado";"20:00:00";"PB";101;44,9;"MAMANGUAPE";"Sim";"Ingestao de alcool";1;"Colisao traseira";"Com Vitimas Feridas";"Plena Noite";"Crescente";"Ceu Claro";"Dupla";"Reta";"Nao";265139;"Automóvel";"FIAT/SIENA 1.5";2003;"Condutor";"Lesoes Leves";52;"Masculino";0;1;0;0;"-6.8828748";"-35.13088703";"SR-PB";"DEL14/1";"UOP04/PB"
149528;328318;2018-07-28;"sabado";"21:20:00";"ES";101;66;"SAO MATEUS";"Sim";"Ingestao de alcool";1;"Queda de ocupante de veiculo";"Com Vitimas Feridas";"Plena Noite";"Crescente";"Ceu Claro";"Simples";"Reta";"Nao";266802;"Automóvel";"";NA;"Condutor";"Nao Informado";NA;"Nao Informado";0;0;0;0;"-18.71958487";"-39.86861229";"SR-ES";"DEL12/4";"UOP02/ES"
149528;328321;2018-07-28;"sabado";"21:20:00";"ES";101;66;"SAO MATEUS";"Sim";"Ingestao de alcool";1;"Queda de ocupante de veiculo";"Com Vitimas Feridas";"Plena Noite";"Crescente";"Ceu Claro";"Simples";"Reta";"Nao";266802;"Automóvel";"";NA;"Passageiro";"Lesoes Leves";36;"Feminino";0;1;0;0;"-18.71958487";"-39.86861229";"SR-ES";"DEL12/4";"UOP02/ES"
149537;326727;2018-07-28;"sabado";"19:45:00";"PI";316;291;"RIBEIRA DO PIAUI";"Nao";"Ingestao de alcool";1;"Saida de leito carrocavel";"Sem Vitimas";"Plena Noite";"Crescente";"Ceu Claro";"Simples";"Reta";"Nao";265056;"Automóvel";"GM/KADETT SL";1989;"Condutor";"Ileso";48;"Masculino";1;0;0;0;"-7.7183401";"-42.7289236";"SR-PI";"DEL17/4";"UOP01/PI"
149540;326126;2018-07-28;"sabado";"17:25:00";"PE";232;505;"SALGUEIRO";"Sim";"Ingestao de alcool";1;"Colisao com objeto estatico";"Com Vitimas Feridas";"Pleno dia";"Decrescente";"Ceu Claro";"Simples";"Curva";"Nao";265095;"Motocicleta";"HONDA/CG 160 FAN ESDI";2015;"Condutor";"Lesoes Leves";26;"Masculino";0;1;0;0;"-8.059892";"-39.102103";"SR-PE";"DEL11/5";"UOP01/PE"
149561;326182;2018-07-29;"domingo";"02:45:00";"SC";101;235;"PALHOCA";"Sim";"Ingestao de alcool";1;"Colisao lateral";"Sem Vitimas";"Plena Noite";"Decrescente";"Chuva";"Dupla";"Reta";"Sim";265131;"Caminhao";"VW/24.280 CRM 6X2";2013;"Condutor";"Ileso";27;"Masculino";1;0;0;0;"-27.827";"-48.63";"SR-SC";"DEL8/1";"UOP02/SC"
149561;326183;2018-07-29;"domingo";"02:45:00";"SC";101;235;"PALHOCA";"Sim";"Ingestao de alcool";1;"Colisao lateral";"Sem Vitimas";"Plena Noite";"Decrescente";"Chuva";"Dupla";"Reta";"Sim";265132;"Automóvel";"VW/FOX CL MBV";2016;"Condutor";"Ileso";38;"Feminino";1;0;0;0;"-27.827";"-48.63";"SR-SC";"DEL8/1";"UOP02/SC"
149563;327979;2018-07-29;"domingo";"03:10:00";"PR";373;175,2;"PONTA GROSSA";"Sim";"Ingestao de alcool";1;"Colisao com objeto estatico";"Sem Vitimas";"Plena Noite";"Crescente";"Ceu Claro";"Dupla";"Reta";"Sim";265155;"Automóvel";"FORD/KA GL";2001;"Condutor";"Ileso";34;"Masculino";1;0;0;0;"-25.06508006";"-50.21294564";"SR-PR";"DEL7/3";"UOP01/PR"
149569;326690;2018-07-29;"domingo";"04:00:00";"AL";423;56;"INHAPI";"Nao";"Ingestao de alcool";2;"Colisao transversal";"Com Vitimas Fatais";"Plena Noite";"Crescente";"Nevoeiro/Neblina";"Simples";"Nao Informado";"Nao";265513;"Automóvel";"VW/GOL 1.0";2008;"Condutor";"Lesoes Graves";22;"Masculino";0;0;1;0;"-9.278931";"-37.774014";"SR-AL";"DEL13/3";"UOP02/AL"
149569;326691;2018-07-29;"domingo";"04:00:00";"AL";423;56;"INHAPI";"Nao";"Ingestao de alcool";2;"Colisao transversal";"Com Vitimas Fatais";"Plena Noite";"Crescente";"Nevoeiro/Neblina";"Simples";"Nao Informado";"Nao";265513;"Automóvel";"VW/GOL 1.0";2008;"Passageiro";"Óbito";54;"Masculino";0;0;0;1;"-9.278931";"-37.774014";"SR-AL";"DEL13/3";"UOP02/AL"
149569;326693;2018-07-29;"domingo";"04:00:00";"AL";423;56;"INHAPI";"Nao";"Ingestao de alcool";2;"Colisao transversal";"Com Vitimas Fatais";"Plena Noite";"Crescente";"Nevoeiro/Neblina";"Simples";"Nao Informado";"Nao";265513;"Automóvel";"VW/GOL 1.0";2008;"Passageiro";"Lesoes Graves";23;"Masculino";0;0;1;0;"-9.278931";"-37.774014";"SR-AL";"DEL13/3";"UOP02/AL"
149569;326694;2018-07-29;"domingo";"04:00:00";"AL";423;56;"INHAPI";"Nao";"Ingestao de alcool";2;"Colisao transversal";"Com Vitimas Fatais";"Plena Noite";"Crescente";"Nevoeiro/Neblina";"Simples";"Nao Informado";"Nao";265513;"Automóvel";"VW/GOL 1.0";2008;"Passageiro";"Óbito";57;"Feminino";0;0;0;1;"-9.278931";"-37.774014";"SR-AL";"DEL13/3";"UOP02/AL"
149569;326684;2018-07-29;"domingo";"04:00:00";"AL";423;56;"INHAPI";"Nao";"Ingestao de alcool";2;"Colisao transversal";"Com Vitimas Fatais";"Plena Noite";"Crescente";"Nevoeiro/Neblina";"Simples";"Nao Informado";"Nao";265507;"Caminhao";"FORD/CARGO 2428 E";2010;"Condutor";"Ileso";35;"Masculino";1;0;0;0;"-9.278931";"-37.774014";"SR-AL";"DEL13/3";"UOP02/AL"
149569;326685;2018-07-29;"domingo";"04:00:00";"AL";423;56;"INHAPI";"Nao";"Ingestao de alcool";2;"Colisao transversal";"Com Vitimas Fatais";"Plena Noite";"Crescente";"Nevoeiro/Neblina";"Simples";"Nao Informado";"Nao";265512;"Caminhao";"FORD/CARGO 2428 CNL";2011;"Condutor";"Ileso";33;"Masculino";1;0;0;0;"-9.278931";"-37.774014";"SR-AL";"DEL13/3";"UOP02/AL"
149569;326692;2018-07-29;"domingo";"04:00:00";"AL";423;56;"INHAPI";"Nao";"Ingestao de alcool";2;"Colisao transversal";"Com Vitimas Fatais";"Plena Noite";"Crescente";"Nevoeiro/Neblina";"Simples";"Nao Informado";"Nao";265513;"Automóvel";"VW/GOL 1.0";2008;"Passageiro";"Lesoes Graves";10;"Feminino";0;0;1;0;"-9.278931";"-37.774014";"SR-AL";"DEL13/3";"UOP02/AL"
149574;326420;2018-07-29;"domingo";"02:40:00";"PB";361;3,9;"PATOS";"Nao";"Ingestao de alcool";1;"Atropelamento de Pedestre";"Com Vitimas Feridas";"Plena Noite";"Decrescente";"Ceu Claro";"Simples";"Reta";"Sim";265175;"Motoneta";"HONDA/BIZ 125 ES";2013;"Condutor";"Lesoes Leves";48;"Masculino";0;1;0;0;"-7.031651";"-37.291743";"SR-PB";"DEL14/3";"UOP01/PB"
149574;326433;2018-07-29;"domingo";"02:40:00";"PB";361;3,9;"PATOS";"Nao";"Ingestao de alcool";1;"Atropelamento de Pedestre";"Com Vitimas Feridas";"Plena Noite";"Decrescente";"Ceu Claro";"Simples";"Reta";"Sim";265175;"Motoneta";"HONDA/BIZ 125 ES";2013;"Pedestre";"Nao Informado";NA;"Nao Informado";0;0;0;0;"-7.031651";"-37.291743";"SR-PB";"DEL14/3";"UOP01/PB"
149574;326430;2018-07-29;"domingo";"02:40:00";"PB";361;3,9;"PATOS";"Nao";"Ingestao de alcool";1;"Atropelamento de Pedestre";"Com Vitimas Feridas";"Plena Noite";"Decrescente";"Ceu Claro";"Simples";"Reta";"Sim";265175;"Motoneta";"HONDA/BIZ 125 ES";2013;"Passageiro";"Lesoes Graves";46;"Feminino";0;0;1;0;"-7.031651";"-37.291743";"SR-PB";"DEL14/3";"UOP01/PB"
149578;327975;2018-07-29;"domingo";"05:30:00";"AP";210;2;"MACAPA";"Sim";"Ingestao de alcool";1;"Tombamento";"Com Vitimas Feridas";"Amanhecer";"Crescente";"Ceu Claro";"Multipla";"Reta";"Sim";266505;"Motocicleta";"JTA/SUZUKI EN125 YES SE";2011;"Condutor";"Lesoes Leves";25;"Masculino";0;1;0;0;"0.08428881";"-51.07997806";"SR-AP";"UOP01/AP";""
149590;326798;2018-07-29;"domingo";"04:30:00";"BA";101;509,9;"ITABUNA";"Nao";"Ingestao de alcool";1;"Atropelamento de Animal";"Com Vitimas Feridas";"Amanhecer";"Crescente";"Ceu Claro";"Simples";"Desvio Temporario";"Nao";265596;"Caminhonete";"FIAT/STRADA FIRE CE FLEX";2012;"Condutor";"Lesoes Graves";22;"Masculino";0;0;1;0;"-14.8337312";"-39.28893194";"SR-BA";"DEL10/5";"UOP01/BA"
149590;326802;2018-07-29;"domingo";"04:30:00";"BA";101;509,9;"ITABUNA";"Nao";"Ingestao de alcool";1;"Atropelamento de Animal";"Com Vitimas Feridas";"Amanhecer";"Crescente";"Ceu Claro";"Simples";"Desvio Temporario";"Nao";265596;"Caminhonete";"FIAT/STRADA FIRE CE FLEX";2012;"Passageiro";"Nao Informado";NA;"Nao Informado";0;0;0;0;"-14.8337312";"-39.28893194";"SR-BA";"DEL10/5";"UOP01/BA"
149590;326803;2018-07-29;"domingo";"04:30:00";"BA";101;509,9;"ITABUNA";"Nao";"Ingestao de alcool";1;"Atropelamento de Animal";"Com Vitimas Feridas";"Amanhecer";"Crescente";"Ceu Claro";"Simples";"Desvio Temporario";"Nao";265596;"Caminhonete";"FIAT/STRADA FIRE CE FLEX";2012;"Passageiro";"Lesoes Graves";22;"Masculino";0;0;1;0;"-14.8337312";"-39.28893194";"SR-BA";"DEL10/5";"UOP01/BA"
149590;326807;2018-07-29;"domingo";"04:30:00";"BA";101;509,9;"ITABUNA";"Nao";"Ingestao de alcool";1;"Atropelamento de Animal";"Com Vitimas Feridas";"Amanhecer";"Crescente";"Ceu Claro";"Simples";"Desvio Temporario";"Nao";265596;"Caminhonete";"FIAT/STRADA FIRE CE FLEX";2012;"Passageiro";"Ileso";21;"Masculino";1;0;0;0;"-14.8337312";"-39.28893194";"SR-BA";"DEL10/5";"UOP01/BA"
149590;326805;2018-07-29;"domingo";"04:30:00";"BA";101;509,9;"ITABUNA";"Nao";"Ingestao de alcool";1;"Atropelamento de Animal";"Com Vitimas Feridas";"Amanhecer";"Crescente";"Ceu Claro";"Simples";"Desvio Temporario";"Nao";265596;"Caminhonete";"FIAT/STRADA FIRE CE FLEX";2012;"Passageiro";"Lesoes Leves";2017;"Feminino";0;1;0;0;"-14.8337312";"-39.28893194";"SR-BA";"DEL10/5";"UOP01/BA"
149591;326270;2018-07-29;"domingo";"06:20:00";"PA";316;11;"MARITUBA";"Sim";"Ingestao de alcool";1;"Colisao lateral";"Sem Vitimas";"Pleno dia";"Crescente";"Ceu Claro";"Dupla";"Reta";"Sim";265199;"Automóvel";"VW/GOL TL MB S";2015;"Condutor";"Ileso";25;"Masculino";1;0;0;0;"-1.365636";"-48.358788";"SR-PA";"DEL19/1";"UOP01/PA"
149591;326274;2018-07-29;"domingo";"06:20:00";"PA";316;11;"MARITUBA";"Sim";"Ingestao de alcool";1;"Colisao lateral";"Sem Vitimas";"Pleno dia";"Crescente";"Ceu Claro";"Dupla";"Reta";"Sim";265211;"Automóvel";"FIAT/PALIO ELX FLEX";2005;"Condutor";"Ileso";48;"Masculino";1;0;0;0;"-1.365636";"-48.358788";"SR-PA";"DEL19/1";"UOP01/PA"
149596;326223;2018-07-29;"domingo";"05:45:00";"MT";364;449;"VARZEA GRANDE";"Sim";"Ingestao de alcool";1;"Saida de leito carrocavel";"Sem Vitimas";"Amanhecer";"Decrescente";"Ceu Claro";"Simples";"Reta";"Nao";265172;"Automóvel";"TOYOTA/COROLLA XLI18FLEX";2010;"Passageiro";"Ileso";20;"Masculino";1;0;0;0;"-15.599074";"-56.218063";"SR-MT";"DEL2/4";"UOP02/MT"
149596;326222;2018-07-29;"domingo";"05:45:00";"MT";364;449;"VARZEA GRANDE";"Sim";"Ingestao de alcool";1;"Saida de leito carrocavel";"Sem Vitimas";"Amanhecer";"Decrescente";"Ceu Claro";"Simples";"Reta";"Nao";265172;"Automóvel";"TOYOTA/COROLLA XLI18FLEX";2010;"Condutor";"Ileso";20;"Masculino";1;0;0;0;"-15.599074";"-56.218063";"SR-MT";"DEL2/4";"UOP02/MT"
149600;327727;2018-07-29;"domingo";"06:30:00";"PI";316;6,5;"TERESINA";"Sim";"Ingestao de alcool";1;"Colisao traseira";"Com Vitimas Feridas";"Pleno dia";"Decrescente";"Ceu Claro";"Simples";"Reta";"Sim";266349;"Bicicleta";"MONARK/";NA;"Condutor";"Lesoes Graves";60;"Masculino";0;0;1;0;"-5.15582107";"-42.77173417";"SR-PI";"DEL17/1";"UOP02/PI"