"id";"pesid";"data_inversa";"dia_semana";"horario";"uf";"br";"km";"municipio";"causa_principal";"causa_acidente";"ordem_tipo_acidente";"tipo_acidente";"classificacao_acidente";"fase_dia";"sentido_via";"condicao_metereologica";"tipo_pista";"tracado_via";"uso_solo";"id_veiculo";"tipo_veiculo";"marca";"ano_fabricacao_veiculo";"tipo_envolvido";"estado_fisico";"idade";"sexo";"ilesos";"feridos_leves";"feridos_graves";"mortos";"latitude";"longitude";"regional";"delegacia";"uop"
150094;327368;2018-06-17;"domingo";"20:35:00";"MS";163;475,7;"CAMPO GRANDE";"Sim";"Ingestao de alcool";1;"Colisao com objeto estatico";"Com Vitimas Feridas";"Plena Noite";"Decrescente";"Ceu Claro";"Simples";"Reta";"Sim";266085;"Caminhonete";"GM/BLAZER ADVANTAGE";2004;"Testemunha";"Nao Informado";NA;"Nao Informado";0;0;0;0;"-20.51366751";"-54.5623436";"SR-MS";"DEL3/1";"UOP01/MS"
150124;329144;2018-07-31;"terca-feira";"18:50:00";"PE";408;86;"SAO LOURENCO DA MATA";"Sim";"Ingestao de alcool";1;"Queda de ocupante de veiculo";"Com Vitimas Feridas";"Pleno dia";"Crescente";"Chuva";"Dupla";"Curva";"Nao";267424;"Motocicleta";"HONDA/CG 150 FAN ESI";2012;"Condutor";"Lesoes Leves";27;"Masculino";0;1;0;0;"-7.99327746";"-35.07187843";"SR-PE";"DEL11/1";"UOP01/PE"
150144;327635;2018-07-31;"terca-feira";"18:30:00";"PE";424;26,1;"PEDRA";"Sim";"Ingestao de alcool";2;"Saida de leito carrocavel";"Com Vitimas Feridas";"Plena Noite";"Decrescente";"Ceu Claro";"Simples";"Ponte";"Nao";266296;"Caminhonete";"VW/SAVEIRO CS TL MB";2014;"Condutor";"Lesoes Graves";18;"Masculino";0;0;1;0;"-8.554271";"-36.898846";"SR-PE";"DEL11/3";"UOP02/PE"
150153;327518;2018-06-11;"segunda-feira";"19:30:00";"AC";317;140;"CAPIXABA";"Sim";"Ingestao de alcool";1;"Colisao com objeto estatico";"Com Vitimas Feridas";"Plena Noite";"Crescente";"Ceu Claro";"Simples";"Reta";"Nao";266217;"Outros";"";NA;"Condutor";"Nao Informado";NA;"Nao Informado";0;0;0;0;"-10.526087";"-67.663162";"SR-AC";"UOP01/AC";""
150153;327517;2018-06-11;"segunda-feira";"19:30:00";"AC";317;140;"CAPIXABA";"Sim";"Ingestao de alcool";1;"Colisao com objeto estatico";"Com Vitimas Feridas";"Plena Noite";"Crescente";"Ceu Claro";"Simples";"Reta";"Nao";266216;"Motocicleta";"YAMAHA/XTZ150 CROSSER E";2015;"Condutor";"Lesoes Leves";28;"Masculino";0;1;0;0;"-10.526087";"-67.663162";"SR-AC";"UOP01/AC";""
150153;327516;2018-06-11;"segunda-feira";"19:30:00";"AC";317;140;"CAPIXABA";"Sim";"Ingestao de alcool";1;"Colisao com objeto estatico";"Com Vitimas Feridas";"Plena Noite";"Crescente";"Ceu Claro";"Simples";"Reta";"Nao";266216;"Motocicleta";"YAMAHA/XTZ150 CROSSER E";2015;"Passageiro";"Lesoes Graves";24;"Masculino";0;0;1;0;"-10.526087";"-67.663162";"SR-AC";"UOP01/AC";""
150163;327614;2018-08-01;"quarta-feira";"00:30:00";"ES";101;245,9;"SERRA";"Sim";"Ingestao de alcool";1;"Colisao lateral";"Com Vitimas Feridas";"Plena Noite";"Crescente";"Ceu Claro";"Simples";"Curva";"Nao";266285;"Caminhao";"M.BENZ/1720";2003;"Condutor";"Lesoes Leves";32;"Masculino";0;1;0;0;"-20.06131718";"-40.37698221";"SR-ES";"DEL12/2";"UOP01/ES"
150163;327615;2018-08-01;"quarta-feira";"00:30:00";"ES";101;245,9;"SERRA";"Sim";"Ingestao de alcool";1;"Colisao lateral";"Com Vitimas Feridas";"Plena Noite";"Crescente";"Ceu Claro";"Simples";"Curva";"Nao";266286;"Caminhao-trator";"SCANIA/R 440 A6X4";2014;"Condutor";"Ileso";67;"Masculino";1;0;0;0;"-20.06131718";"-40.37698221";"SR-ES";"DEL12/2";"UOP01/ES"
150163;327616;2018-08-01;"quarta-feira";"00:30:00";"ES";101;245,9;"SERRA";"Sim";"Ingestao de alcool";1;"Colisao lateral";"Com Vitimas Feridas";"Plena Noite";"Crescente";"Ceu Claro";"Simples";"Curva";"Nao";266285;"Caminhao";"M.BENZ/1720";2003;"Testemunha";"Nao Informado";NA;"Nao Informado";0;0;0;0;"-20.06131718";"-40.37698221";"SR-ES";"DEL12/2";"UOP01/ES"
150176;327623;2018-08-01;"quarta-feira";"03:30:00";"SP";116;499;"CAJATI";"Sim";"Ingestao de alcool";1;"Colisao traseira";"Sem Vitimas";"Plena Noite";"Crescente";"Nublado";"Simples";"Reta";"Nao";266290;"Automóvel";"GM/CORSA WIND";2000;"Passageiro";"Ileso";34;"Masculino";1;0;0;0;"-24.77693561";"-48.17202079";"SR-SP";"DEL6/5";"UOP02/SP"
150176;327624;2018-08-01;"quarta-feira";"03:30:00";"SP";116;499;"CAJATI";"Sim";"Ingestao de alcool";1;"Colisao traseira";"Sem Vitimas";"Plena Noite";"Crescente";"Nublado";"Simples";"Reta";"Nao";266290;"Automóvel";"GM/CORSA WIND";2000;"Passageiro";"Ileso";24;"Masculino";1;0;0;0;"-24.77693561";"-48.17202079";"SR-SP";"DEL6/5";"UOP02/SP"
150176;327625;2018-08-01;"quarta-feira";"03:30:00";"SP";116;499;"CAJATI";"Sim";"Ingestao de alcool";1;"Colisao traseira";"Sem Vitimas";"Plena Noite";"Crescente";"Nublado";"Simples";"Reta";"Nao";266290;"Automóvel";"GM/CORSA WIND";2000;"Passageiro";"Nao Informado";NA;"Nao Informado";0;0;0;0;"-24.77693561";"-48.17202079";"SR-SP";"DEL6/5";"UOP02/SP"
150176;327626;2018-08-01;"quarta-feira";"03:30:00";"SP";116;499;"CAJATI";"Sim";"Ingestao de alcool";1;"Colisao traseira";"Sem Vitimas";"Plena Noite";"Crescente";"Nublado";"Simples";"Reta";"Nao";266290;"Automóvel";"GM/CORSA WIND";2000;"Passageiro";"Nao Informado";NA;"Nao Informado";0;0;0;0;"-24.77693561";"-48.17202079";"SR-SP";"DEL6/5";"UOP02/SP"
150176;327620;2018-08-01;"quarta-feira";"03:30:00";"SP";116;499;"CAJATI";"Sim";"Ingestao de alcool";1;"Colisao traseira";"Sem Vitimas";"Plena Noite";"Crescente";"Nublado";"Simples";"Reta";"Nao";266290;"Automóvel";"GM/CORSA WIND";2000;"Condutor";"Ileso";28;"Masculino";1;0;0;0;"-24.77693561";"-48.17202079";"SR-SP";"DEL6/5";"UOP02/SP"
150189;327764;2018-08-01;"quarta-feira";"07:15:00";"PA";155;328;"MARABA";"Sim";"Ingestao de alcool";1;"Atropelamento de Pedestre";"Com Vitimas Fatais";"Pleno dia";"Decrescente";"Ceu Claro";"Simples";"Reta";"Nao";266344;"Camioneta";"JEEP/COMPASS LONGITUDE F";2018;"Pedestre";"Óbito";70;"Feminino";0;0;0;1;"-5.47555371";"-49.0758766";"SR-PA";"DEL19/3";"UOP01/PA"
150189;327765;2018-08-01;"quarta-feira";"07:15:00";"PA";155;328;"MARABA";"Sim";"Ingestao de alcool";1;"Atropelamento de Pedestre";"Com Vitimas Fatais";"Pleno dia";"Decrescente";"Ceu Claro";"Simples";"Reta";"Nao";266344;"Camioneta";"JEEP/COMPASS LONGITUDE F";2018;"Testemunha";"Nao Informado";NA;"Nao Informado";0;0;0;0;"-5.47555371";"-49.0758766";"SR-PA";"DEL19/3";"UOP01/PA"
150189;327763;2018-08-01;"quarta-feira";"07:15:00";"PA";155;328;"MARABA";"Sim";"Ingestao de alcool";1;"Atropelamento de Pedestre";"Com Vitimas Fatais";"Pleno dia";"Decrescente";"Ceu Claro";"Simples";"Reta";"Nao";266344;"Camioneta";"JEEP/COMPASS LONGITUDE F";2018;"Condutor";"Ileso";51;"Masculino";1;0;0;0;"-5.47555371";"-49.0758766";"SR-PA";"DEL19/3";"UOP01/PA"
150298;329867;2018-08-01;"quarta-feira";"18:10:00";"MG";262;116,5;"RIO CASCA";"Nao";"Ingestao de alcool";1;"Atropelamento de Pedestre";"Com Vitimas Feridas";"Plena Noite";"Crescente";"Nublado";"Simples";"Reta";"Sim";266566;"Motocicleta";"";NA;"Condutor";"Ileso";NA;"Masculino";1;0;0;0;"-20.23079143";"-42.6243031";"SR-MG";"DEL4/3";"UOP03/MG"
150298;329871;2018-08-01;"quarta-feira";"18:10:00";"MG";262;116,5;"RIO CASCA";"Nao";"Ingestao de alcool";1;"Atropelamento de Pedestre";"Com Vitimas Feridas";"Plena Noite";"Crescente";"Nublado";"Simples";"Reta";"Sim";266566;"Motocicleta";"";NA;"Pedestre";"Lesoes Graves";44;"Masculino";0;0;1;0;"-20.23079143";"-42.6243031";"SR-MG";"DEL4/3";"UOP03/MG"
150342;329776;2018-08-01;"quarta-feira";"21:40:00";"SC";282;418;"VARGEM BONITA";"Sim";"Ingestao de alcool";1;"Saida de leito carrocavel";"Sem Vitimas";"Plena Noite";"Crescente";"Ceu Claro";"Simples";"Curva";"Nao";266644;"Automóvel";"CHEVROLET/ONIX 1.4MT LT";2013;"Condutor";"Ileso";33;"Masculino";1;0;0;0;"-27.024965";"-51.730766";"SR-SC";"DEL8/7";"UOP02/SC"
150349;330149;2018-08-01;"quarta-feira";"22:15:00";"RO";364;421;"JARU";"Sim";"Ingestao de alcool";1;"Queda de ocupante de veiculo";"Com Vitimas Feridas";"Plena Noite";"Decrescente";"Ceu Claro";"Simples";"Reta";"Sim";266652;"Motocicleta";"HONDA/CG 125 TITAN";1998;"Condutor";"Lesoes Leves";23;"Masculino";0;1;0;0;"-10.467289";"-62.450893";"SR-RO";"DEL21/3";"UOP02/RO"
150519;328775;2018-08-02;"quinta-feira";"17:50:00";"PR";369;146,4;"LONDRINA";"Sim";"Ingestao de alcool";1;"Colisao lateral";"Sem Vitimas";"Anoitecer";"Decrescente";"Nublado";"Dupla";"Reta";"Sim";266957;"Utilitario";"LR/DISC SPT TD4 HSE 7L";2016;"Condutor";"Ileso";42;"Feminino";1;0;0;0;"-23.29343651";"-51.11871773";"SR-PR";"DEL7/7";"UOP01/PR"
150519;328773;2018-08-02;"quinta-feira";"17:50:00";"PR";369;146,4;"LONDRINA";"Sim";"Ingestao de alcool";1;"Colisao lateral";"Sem Vitimas";"Anoitecer";"Decrescente";"Nublado";"Dupla";"Reta";"Sim";266956;"Caminhao";"M.BENZ/LP 321";1962;"Condutor";"Ileso";57;"Masculino";1;0;0;0;"-23.29343651";"-51.11871773";"SR-PR";"DEL7/7";"UOP01/PR"
150526;328640;2018-08-02;"quinta-feira";"19:00:00";"RS";293;297,5;"SANTANA DO LIVRAMENTO";"Sim";"Ingestao de alcool";1;"Colisao traseira";"Com Vitimas Fatais";"Plena Noite";"Crescente";"Nublado";"Simples";"Reta";"Nao";267065;"Motocicleta";"HONDA/CG 125 TITAN KS";2003;"Passageiro";"Óbito";47;"Masculino";0;0;0;1;"-30.813112";"-55.132164";"SR-RS";"DEL9/11";"UOP01/RS"
150526;328651;2018-08-02;"quinta-feira";"19:00:00";"RS";293;297,5;"SANTANA DO LIVRAMENTO";"Sim";"Ingestao de alcool";1;"Colisao traseira";"Com Vitimas Fatais";"Plena Noite";"Crescente";"Nublado";"Simples";"Reta";"Nao";268371;"Caminhao";"";NA;"Testemunha";"Nao Informado";NA;"Nao Informado";0;0;0;0;"-30.813112";"-55.132164";"SR-RS";"DEL9/11";"UOP01/RS"
150526;328644;2018-08-02;"quinta-feira";"19:00:00";"RS";293;297,5;"SANTANA DO LIVRAMENTO";"Sim";"Ingestao de alcool";1;"Colisao traseira";"Com Vitimas Fatais";"Plena Noite";"Crescente";"Nublado";"Simples";"Reta";"Nao";267065;"Motocicleta";"HONDA/CG 125 TITAN KS";2003;"Condutor";"Lesoes Leves";18;"Masculino";0;1;0;0;"-30.813112";"-55.132164";"SR-RS";"DEL9/11";"UOP01/RS"
150526;328646;2018-08-02;"quinta-feira";"19:00:00";"RS";293;297,5;"SANTANA DO LIVRAMENTO";"Sim";"Ingestao de alcool";1;"Colisao traseira";"Com Vitimas Fatais";"Plena Noite";"Crescente";"Nublado";"Simples";"Reta";"Nao";267066;"Caminhonete";"FIAT/STRADA WORKING CE";2016;"Condutor";"Ileso";34;"Masculino";1;0;0;0;"-30.813112";"-55.132164";"SR-RS";"DEL9/11";"UOP01/RS"
150526;330235;2018-08-02;"quinta-feira";"19:00:00";"RS";293;297,5;"SANTANA DO LIVRAMENTO";"Sim";"Ingestao de alcool";1;"Colisao traseira";"Com Vitimas Fatais";"Plena Noite";"Crescente";"Nublado";"Simples";"Reta";"Nao";268371;"Caminhao";"";NA;"Testemunha";"Nao Informado";NA;"Nao Informado";0;0;0;0;"-30.813112";"-55.132164";"SR-RS";"DEL9/11";"UOP01/RS"
150526;330296;2018-08-02;"quinta-feira";"19:00:00";"RS";293;297,5;"SANTANA DO LIVRAMENTO";"Sim";"Ingestao de alcool";1;"Colisao traseira";"Com Vitimas Fatais";"Plena Noite";"Crescente";"Nublado";"Simples";"Reta";"Nao";268371;"Caminhao";"";NA;"Condutor";"Ileso";NA;"Ignorado";1;0;0;0;"-30.813112";"-55.132164";"SR-RS";"DEL9/11";"UOP01/RS"
150553;328650;2018-08-02;"quinta-feira";"20:30:00";"CE";222;234,7;"SOBRAL";"Nao";"Ingestao de alcool";1;"Colisao frontal";"Com Vitimas Feridas";"Plena Noite";"Decrescente";"Ceu Claro";"Simples";"Reta";"Nao";266994;"Caminhonete";"FIAT/TORO VOLCANO AT D4";2018;"Condutor";"Lesoes Leves";59;"Masculino";0;1;0;0;"-3.71425085";"-40.43900013";"SR-CE";"DEL16/4";"UOP01/CE"
150553;328652;2018-08-02;"quinta-feira";"20:30:00";"CE";222;234,7;"SOBRAL";"Nao";"Ingestao de alcool";1;"Colisao frontal";"Com Vitimas Feridas";"Plena Noite";"Decrescente";"Ceu Claro";"Simples";"Reta";"Nao";266995;"Caminhao-trator";"IVECO/STRALIS 570S41T";2011;"Condutor";"Ileso";28;"Masculino";1;0;0;0;"-3.71425085";"-40.43900013";"SR-CE";"DEL16/4";"UOP01/CE"
150566;328674;2018-08-02;"quinta-feira";"22:10:00";"CE";20;204,5;"BOA VIAGEM";"Sim";"Ingestao de alcool";1;"Atropelamento de Pedestre";"Com Vitimas Feridas";"Plena Noite";"Decrescente";"Ceu Claro";"Simples";"Reta";"Sim";267098;"Motocicleta";"";NA;"Condutor";"Lesoes Graves";NA;"Masculino";0;0;1;0;"-5.12155";"-39.732647";"SR-CE";"DEL16/2";"UOP02/CE"
150566;328675;2018-08-02;"quinta-feira";"22:10:00";"CE";20;204,5;"BOA VIAGEM";"Sim";"Ingestao de alcool";1;"Atropelamento de Pedestre";"Com Vitimas Feridas";"Plena Noite";"Decrescente";"Ceu Claro";"Simples";"Reta";"Sim";267098;"Motocicleta";"";NA;"Pedestre";"Lesoes Leves";NA;"Feminino";0;1;0;0;"-5.12155";"-39.732647";"SR-CE";"DEL16/2";"UOP02/CE"
150593;330401;2018-08-03;"sexta-feira";"00:25:00";"RO";364;238;"CACOAL";"Nao";"Ingestao de alcool";1;"Colisao lateral";"Com Vitimas Feridas";"Plena Noite";"Decrescente";"Ceu Claro";"Simples";"Intersecao de vias";"Sim";267120;"Caminhonete";"VW/SAVEIRO CE CROSS MA";2014;"Condutor";"Ileso";21;"Masculino";1;0;0;0;"-11.438724";"-61.454862";"SR-RO";"DEL21/2";"UOP02/RO"
150593;330404;2018-08-03;"sexta-feira";"00:25:00";"RO";364;238;"CACOAL";"Nao";"Ingestao de alcool";1;"Colisao lateral";"Com Vitimas Feridas";"Plena Noite";"Decrescente";"Ceu Claro";"Simples";"Intersecao de vias";"Sim";267120;"Caminhonete";"VW/SAVEIRO CE CROSS MA";2014;"Passageiro";"Ileso";21;"Masculino";1;0;0;0;"-11.438724";"-61.454862";"SR-RO";"DEL21/2";"UOP02/RO"
150593;331728;2018-08-03;"sexta-feira";"00:25:00";"RO";364;238;"CACOAL";"Nao";"Ingestao de alcool";1;"Colisao lateral";"Com Vitimas Feridas";"Plena Noite";"Decrescente";"Ceu Claro";"Simples";"Intersecao de vias";"Sim";267121;"Motocicleta";"HONDA/POP100";2010;"Condutor";"Lesoes Graves";42;"Masculino";0;0;1;0;"-11.438724";"-61.454862";"SR-RO";"DEL21/2";"UOP02/RO"
150596;329418;2018-08-03;"sexta-feira";"02:10:00";"MG";40;43,4;"PARACATU";"Sim";"Ingestao de alcool";1;"Colisao traseira";"Sem Vitimas";"Plena Noite";"Decrescente";"Ceu Claro";"Dupla";"Nao Informado";"Sim";267067;"Caminhao-trator";"IVECO/STRALIS 740S46TZ";2011;"Condutor";"Ileso";31;"Masculino";1;0;0;0;"-17.227804";"-46.858724";"SR-MG";"DEL4/14";"UOP01/MG"
150596;329423;2018-08-03;"sexta-feira";"02:10:00";"MG";40;43,4;"PARACATU";"Sim";"Ingestao de alcool";1;"Colisao traseira";"Sem Vitimas";"Plena Noite";"Decrescente";"Ceu Claro";"Dupla";"Nao Informado";"Sim";267069;"Automóvel";"FIAT/UNO MILLE ECONOMY";2010;"Condutor";"Ileso";38;"Masculino";1;0;0;0;"-17.227804";"-46.858724";"SR-MG";"DEL4/14";"UOP01/MG"
150598;330972;2018-08-03;"sexta-feira";"03:54:00";"GO";40;9,8;"LUZIANIA";"Sim";"Ingestao de alcool";1;"Saida de leito carrocavel";"Sem Vitimas";"Plena Noite";"Crescente";"Ceu Claro";"Dupla";"Reta";"Sim";267123;"Automóvel";"GM/CELTA";2002;"Condutor";"Ileso";21;"Masculino";1;0;0;0;"-16.131158";"-47.957739";"SR-DF";"GO";"UOP01/DF"
150610;328691;2018-08-03;"sexta-feira";"04:00:00";"MG";40;618,2;"CONGONHAS";"Sim";"Ingestao de alcool";1;"Saida de leito carrocavel";"Sem Vitimas";"Plena Noite";"Decrescente";"Ceu Claro";"Simples";"Curva";"Nao";267096;"Automóvel";"VW/GOL 1000";1996;"Condutor";"Ileso";53;"Masculino";1;0;0;0;"-20.56945095";"-43.8109982";"SR-MG";"DEL4/5";"UOP02/MG"
150610;328692;2018-08-03;"sexta-feira";"04:00:00";"MG";40;618,2;"CONGONHAS";"Sim";"Ingestao de alcool";1;"Saida de leito carrocavel";"Sem Vitimas";"Plena Noite";"Decrescente";"Ceu Claro";"Simples";"Curva";"Nao";267096;"Automóvel";"VW/GOL 1000";1996;"Testemunha";"Nao Informado";NA;"Nao Informado";0;0;0;0;"-20.56945095";"-43.8109982";"SR-MG";"DEL4/5";"UOP02/MG"
150610;328693;2018-08-03;"sexta-feira";"04:00:00";"MG";40;618,2;"CONGONHAS";"Sim";"Ingestao de alcool";1;"Saida de leito carrocavel";"Sem Vitimas";"Plena Noite";"Decrescente";"Ceu Claro";"Simples";"Curva";"Nao";267096;"Automóvel";"VW/GOL 1000";1996;"Testemunha";"Nao Informado";NA;"Nao Informado";0;0;0;0;"-20.56945095";"-43.8109982";"SR-MG";"DEL4/5";"UOP02/MG"
150610;328702;2018-08-03;"sexta-feira";"04:00:00";"MG";40;618,2;"CONGONHAS";"Sim";"Ingestao de alcool";1;"Saida de leito carrocavel";"Sem Vitimas";"Plena Noite";"Decrescente";"Ceu Claro";"Simples";"Curva";"Nao";267096;"Automóvel";"VW/GOL 1000";1996;"Passageiro";"Ileso";26;"Masculino";1;0;0;0;"-20.56945095";"-43.8109982";"SR-MG";"DEL4/5";"UOP02/MG"
150612;329017;2018-08-03;"sexta-feira";"06:50:00";"PE";232;11,1;"JABOATAO DOS GUARARAPES";"Sim";"Ingestao de alcool";1;"Colisao traseira";"Com Vitimas Feridas";"Pleno dia";"Crescente";"Garoa/Chuvisco";"Dupla";"Intersecao de vias";"Sim";267260;"Caminhao";"VW/8.120 EURO3";2009;"Condutor";"Ileso";34;"Masculino";1;0;0;0;"-8.081954";"-34.995449";"SR-PE";"DEL11/1";"UOP01/PE"
150612;328969;2018-08-03;"sexta-feira";"06:50:00";"PE";232;11,1;"JABOATAO DOS GUARARAPES";"Sim";"Ingestao de alcool";1;"Colisao traseira";"Com Vitimas Feridas";"Pleno dia";"Crescente";"Garoa/Chuvisco";"Dupla";"Intersecao de vias";"Sim";267259;"Automóvel";"I/KIA CERATO SX3 1.6MTNB";2010;"Condutor";"Lesoes Leves";26;"Masculino";0;1;0;0;"-8.081954";"-34.995449";"SR-PE";"DEL11/1";"UOP01/PE"
150619;328694;2018-07-15;"domingo";"09:45:00";"CE";222;300,1;"TIANGUA";"Sim";"Ingestao de alcool";1;"Colisao frontal";"Com Vitimas Feridas";"Pleno dia";"Decrescente";"Sol";"Simples";"Nao Informado";"Nao";267106;"Motocicleta";"HONDA/CG 125 FAN KS";2010;"Condutor";"Lesoes Graves";32;"Masculino";0;0;1;0;"-3.65339415";"-40.9314537";"SR-CE";"DEL16/4";"UOP02/CE"
150619;328695;2018-07-15;"domingo";"09:45:00";"CE";222;300,1;"TIANGUA";"Sim";"Ingestao de alcool";1;"Colisao frontal";"Com Vitimas Feridas";"Pleno dia";"Decrescente";"Sol";"Simples";"Nao Informado";"Nao";267107;"Utilitario";"I/TOYOTA HILUXSW4 SRV4X4";2014;"Condutor";"Ileso";46;"Masculino";1;0;0;0;"-3.65339415";"-40.9314537";"SR-CE";"DEL16/4";"UOP02/CE"
150753;330678;2018-08-03;"sexta-feira";"17:30:00";"PR";376;2;"SAO JOSE DOS PINHAIS";"Sim";"Ingestao de alcool";1;"Colisao traseira";"Sem Vitimas";"Pleno dia";"Decrescente";"Nublado";"Dupla";"Reta";"Sim";267365;"Automóvel";"VW/FOX 1.0 GII";2010;"Condutor";"Ileso";55;"Masculino";1;0;0;0;"-25.54639095";"-49.19044364";"SR-PR";"DEL7/1";"UOP08/PR"
150753;330679;2018-08-03;"sexta-feira";"17:30:00";"PR";376;2;"SAO JOSE DOS PINHAIS";"Sim";"Ingestao de alcool";1;"Colisao traseira";"Sem Vitimas";"Pleno dia";"Decrescente";"Nublado";"Dupla";"Reta";"Sim";267366;"Camioneta";"I/MMC OUTLANDER 3.0 V6";2009;"Condutor";"Ileso";30;"Feminino";1;0;0;0;"-25.54639095";"-49.19044364";"SR-PR";"DEL7/1";"UOP08/PR"
150753;330682;2018-08-03;"sexta-feira";"17:30:00";"PR";376;2;"SAO JOSE DOS PINHAIS";"Sim";"Ingestao de alcool";1;"Colisao traseira";"Sem Vitimas";"Pleno dia";"Decrescente";"Nublado";"Dupla";"Reta";"Sim";267367;"Utilitario";"I/SUZUKI G.VITARA 2WD SD";2015;"Condutor";"Ileso";63;"Feminino";1;0;0;0;"-25.54639095";"-49.19044364";"SR-PR";"DEL7/1";"UOP08/PR"
150773;329255;2018-08-03;"sexta-feira";"18:00:00";"MT";174;9,2;"PONTES E LACERDA";"Sim";"Ingestao de alcool";1;"Capotamento";"Com Vitimas Feridas";"Plena Noite";"Decrescente";"Ceu Claro";"Simples";"Reta";"Nao";267533;"Caminhonete";"I/TOYOTA HILUX CS4X4";2008;"Passageiro";"Lesoes Graves";19;"Feminino";0;0;1;0;"-15.20256";"-59.37065";"SR-MT";"DEL2/3";"UOP01/MT"
150773;329259;2018-08-03;"sexta-feira";"18:00:00";"MT";174;9,2;"PONTES E LACERDA";"Sim";"Ingestao de alcool";1;"Capotamento";"Com Vitimas Feridas";"Plena Noite";"Decrescente";"Ceu Claro";"Simples";"Reta";"Nao";267533;"Caminhonete";"I/TOYOTA HILUX CS4X4";2008;"Condutor";"Lesoes Leves";28;"Feminino";0;1;0;0;"-15.20256";"-59.37065";"SR-MT";"DEL2/3";"UOP01/MT"
150773;329533;2018-08-03;"sexta-feira";"18:00:00";"MT";174;9,2;"PONTES E LACERDA";"Sim";"Ingestao de alcool";1;"Capotamento";"Com Vitimas Feridas";"Plena Noite";"Decrescente";"Ceu Claro";"Simples";"Reta";"Nao";267533;"Caminhonete";"I/TOYOTA HILUX CS4X4";2008;"Passageiro";"Ileso";2;"Feminino";1;0;0;0;"-15.20256";"-59.37065";"SR-MT";"DEL2/3";"UOP01/MT"
150781;331057;2018-08-03;"sexta-feira";"18:25:00";"RN";101;164;"CANGUARETAMA";"Sim";"Ingestao de alcool";1;"Queda de ocupante de veiculo";"Com Vitimas Feridas";"Plena Noite";"Crescente";"Ceu Claro";"Dupla";"Reta";"Nao";269009;"Motocicleta";"HONDA/NXR150 BROS ES";2008;"Condutor";"Lesoes Graves";56;"Masculino";0;0;1;0;"-6.401251";"-35.135519";"SR-RN";"DEL15/1";"UOP01/RN"
150789;329283;2018-08-03;"sexta-feira";"18:00:00";"PI";230;310;"FLORIANO";"Sim";"Ingestao de alcool";1;"Colisao frontal";"Com Vitimas Feridas";"Plena Noite";"Crescente";"Ceu Claro";"Simples";"Reta";"Sim";267405;"Motocicleta";"HONDA/POP100";2009;"Condutor";"Lesoes Leves";48;"Masculino";0;1;0;0;"-6.76166648";"-43.01094353";"SR-PI";"DEL17/3";"UOP01/PI"
150789;329284;2018-08-03;"sexta-feira";"18:00:00";"PI";230;310;"FLORIANO";"Sim";"Ingestao de alcool";1;"Colisao frontal";"Com Vitimas Feridas";"Plena Noite";"Crescente";"Ceu Claro";"Simples";"Reta";"Sim";267406;"Automóvel";"CHEVROLET/CLASSIC LS";2010;"Condutor";"Ileso";31;"Masculino";1;0;0;0;"-6.76166648";"-43.01094353";"SR-PI";"DEL17/3";"UOP01/PI"
150789;329286;2018-08-03;"sexta-feira";"18:00:00";"PI";230;310;"FLORIANO";"Sim";"Ingestao de alcool";1;"Colisao frontal";"Com Vitimas Feridas";"Plena Noite";"Crescente";"Ceu Claro";"Simples";"Reta";"Sim";267406;"Automóvel";"CHEVROLET/CLASSIC LS";2010;"Passageiro";"Ileso";27;"Feminino";1;0;0;0;"-6.76166648";"-43.01094353";"SR-PI";"DEL17/3";"UOP01/PI"
150789;329287;2018-08-03;"sexta-feira";"18:00:00";"PI";230;310;"FLORIANO";"Sim";"Ingestao de alcool";1;"Colisao frontal";"Com Vitimas Feridas";"Plena Noite";"Crescente";"Ceu Claro";"Simples";"Reta";"Sim";267406;"Automóvel";"CHEVROLET/CLASSIC LS";2010;"Passageiro";"Ileso";1;"Feminino";1;0;0;0;"-6.76166648";"-43.01094353";"SR-PI";"DEL17/3";"UOP01/PI"
150800;329215;2018-08-03;"sexta-feira";"20:50:00";"GO";80;20,7;"PADRE BERNARDO";"Sim";"Ingestao de alcool";1;"Saida de leito carrocavel";"Sem Vitimas";"Plena Noite";"Crescente";"Ceu Claro";"Simples";"Reta";"Nao";267495;"Automóvel";"GM/CELTA 3 PORTAS";2003;"Condutor";"Ileso";36;"Masculino";1;0;0;0;"-15.377257";"-48.214469";"SR-DF";"GO";"UOP06/DF"
150814;329299;2018-08-03;"sexta-feira";"20:30:00";"MT";163;541;"DIAMANTINO";"Sim";"Ingestao de alcool";1;"Saida de leito carrocavel";"Sem Vitimas";"Anoitecer";"Decrescente";"Ceu Claro";"Simples";"Reta";"Nao";267459;"Caminhao-trator";"M.BENZ/AXOR 2040 S";2008;"Condutor";"Ileso";57;"Masculino";1;0;0;0;"-14.36019116";"-56.42578125";"SR-MT";"DEL2/4";"UOP01/MT"