"id";"pesid";"data_inversa";"dia_semana";"horario";"uf";"br";"km";"municipio";"causa_principal";"causa_acidente";"ordem_tipo_acidente";"tipo_acidente";"classificacao_acidente";"fase_dia";"sentido_via";"condicao_metereologica";"tipo_pista";"tracado_via";"uso_solo";"id_veiculo";"tipo_veiculo";"marca";"ano_fabricacao_veiculo";"tipo_envolvido";"estado_fisico";"idade";"sexo";"ilesos";"feridos_leves";"feridos_graves";"mortos";"latitude";"longitude";"regional";"delegacia";"uop"
151045;329890;2018-08-04;"sabado";"23:30:00";"RS";285;318,5;"PASSO FUNDO";"Sim";"Ingestao de alcool";1;"Saida de leito carrocavel";"Sem Vitimas";"Plena Noite";"Decrescente";"Nublado";"Simples";"Reta";"Nao";267873;"Caminhao-trator";"SCANIA/T113 H 4X2 320";1996;"Condutor";"Ileso";46;"Masculino";1;0;0;0;"-28.267824";"-52.621604";"SR-RS";"DEL9/8";"UOP01/RS"
151052;331369;2018-08-05;"domingo";"01:55:00";"GO";153;514;"APARECIDA DE GOIANIA";"Sim";"Ingestao de alcool";1;"Colisao lateral";"Com Vitimas Feridas";"Plena Noite";"Decrescente";"Ceu Claro";"Dupla";"Reta";"Sim";269224;"Automóvel";"FIAT/PALIO EDX";1997;"Condutor";"Ileso";30;"Masculino";1;0;0;0;"-16.8315";"-49.2434";"SR-GO";"DEL1/1";"UOP03/GO"
151052;331372;2018-08-05;"domingo";"01:55:00";"GO";153;514;"APARECIDA DE GOIANIA";"Sim";"Ingestao de alcool";1;"Colisao lateral";"Com Vitimas Feridas";"Plena Noite";"Decrescente";"Ceu Claro";"Dupla";"Reta";"Sim";269224;"Automóvel";"FIAT/PALIO EDX";1997;"Passageiro";"Lesoes Leves";NA;"Feminino";0;1;0;0;"-16.8315";"-49.2434";"SR-GO";"DEL1/1";"UOP03/GO"
151052;331457;2018-08-05;"domingo";"01:55:00";"GO";153;514;"APARECIDA DE GOIANIA";"Sim";"Ingestao de alcool";1;"Colisao lateral";"Com Vitimas Feridas";"Plena Noite";"Decrescente";"Ceu Claro";"Dupla";"Reta";"Sim";269232;"Automóvel";"FIAT/PALIO WK ADVENTURE";2003;"Condutor";"Ileso";52;"Feminino";1;0;0;0;"-16.8315";"-49.2434";"SR-GO";"DEL1/1";"UOP03/GO"
151055;331185;2018-08-05;"domingo";"00:30:00";"SC";470;245,6;"CURITIBANOS";"Sim";"Ingestao de alcool e/ou substâncias psicoativas pelo pedestre";1;"Colisao lateral";"Com Vitimas Feridas";"Plena Noite";"Decrescente";"Ceu Claro";"Simples";"Reta";"Nao";267861;"Automóvel";"VW/PARATI SURF";1994;"Condutor";"Lesoes Graves";23;"Masculino";0;0;1;0;"-27.31550172";"-50.52908421";"SR-SC";"DEL8/5";"UOP03/SC"
151055;331186;2018-08-05;"domingo";"00:30:00";"SC";470;245,6;"CURITIBANOS";"Sim";"Ingestao de alcool e/ou substâncias psicoativas pelo pedestre";1;"Colisao lateral";"Com Vitimas Feridas";"Plena Noite";"Decrescente";"Ceu Claro";"Simples";"Reta";"Nao";269084;"Ônibus";"MBENZ/MPOLO PARADISO R";2009;"Condutor";"Ileso";56;"Masculino";1;0;0;0;"-27.31550172";"-50.52908421";"SR-SC";"DEL8/5";"UOP03/SC"
151056;329798;2018-08-05;"domingo";"02:30:00";"SP";153;73;"SAO JOSE DO RIO PRETO";"Sim";"Ingestao de alcool";1;"Colisao frontal";"Com Vitimas Feridas";"Plena Noite";"Crescente";"Nublado";"Simples";"Reta";"Nao";267908;"Automóvel";"FORD/FIESTA FLEX";2008;"Condutor";"Ileso";32;"Masculino";1;0;0;0;"-20.876249";"-49.420029";"SR-SP";"DEL6/9";"UOP01/SP"
151056;329800;2018-08-05;"domingo";"02:30:00";"SP";153;73;"SAO JOSE DO RIO PRETO";"Sim";"Ingestao de alcool";1;"Colisao frontal";"Com Vitimas Feridas";"Plena Noite";"Crescente";"Nublado";"Simples";"Reta";"Nao";267908;"Automóvel";"FORD/FIESTA FLEX";2008;"Passageiro";"Ileso";30;"Feminino";1;0;0;0;"-20.876249";"-49.420029";"SR-SP";"DEL6/9";"UOP01/SP"
151056;329797;2018-08-05;"domingo";"02:30:00";"SP";153;73;"SAO JOSE DO RIO PRETO";"Sim";"Ingestao de alcool";1;"Colisao frontal";"Com Vitimas Feridas";"Plena Noite";"Crescente";"Nublado";"Simples";"Reta";"Nao";267907;"Motocicleta";"HONDA/CG150 FAN ESDI";2010;"Condutor";"Lesoes Graves";35;"Masculino";0;0;1;0;"-20.876249";"-49.420029";"SR-SP";"DEL6/9";"UOP01/SP"
151057;331349;2018-08-05;"domingo";"02:19:00";"SP";153;119;"UBARANA";"Sim";"Ingestao de alcool";1;"Saida de leito carrocavel";"Com Vitimas Feridas";"Plena Noite";"Crescente";"Nublado";"Simples";"Reta";"Sim";267895;"Automóvel";"GM/VECTRA SD EXPRESSION";2011;"Passageiro";"Lesoes Leves";37;"Masculino";0;1;0;0;"-21.162096";"-49.71114";"SR-SP";"DEL6/9";"UOP01/SP"
151057;331348;2018-08-05;"domingo";"02:19:00";"SP";153;119;"UBARANA";"Sim";"Ingestao de alcool";1;"Saida de leito carrocavel";"Com Vitimas Feridas";"Plena Noite";"Crescente";"Nublado";"Simples";"Reta";"Sim";267895;"Automóvel";"GM/VECTRA SD EXPRESSION";2011;"Condutor";"Lesoes Leves";28;"Masculino";0;1;0;0;"-21.162096";"-49.71114";"SR-SP";"DEL6/9";"UOP01/SP"
151059;331637;2018-08-05;"domingo";"02:00:00";"RS";392;707,3;"PORTO XAVIER";"Sim";"Ingestao de alcool";1;"Saida de leito carrocavel";"Com Vitimas Feridas";"Plena Noite";"Crescente";"Ceu Claro";"Simples";"Reta";"Nao";267927;"Automóvel";"VW/GOL MI";1997;"Condutor";"Ileso";48;"Masculino";1;0;0;0;"-28.011787";"-55.106556";"SR-RS";"DEL9/10";"UOP01/RS"
151059;331644;2018-08-05;"domingo";"02:00:00";"RS";392;707,3;"PORTO XAVIER";"Sim";"Ingestao de alcool";1;"Saida de leito carrocavel";"Com Vitimas Feridas";"Plena Noite";"Crescente";"Ceu Claro";"Simples";"Reta";"Nao";267927;"Automóvel";"VW/GOL MI";1997;"Passageiro";"Lesoes Graves";61;"Masculino";0;0;1;0;"-28.011787";"-55.106556";"SR-RS";"DEL9/10";"UOP01/RS"
151065;329674;2018-08-05;"domingo";"02:00:00";"SC";280;57,7;"GUARAMIRIM";"Sim";"Ingestao de alcool";1;"Colisao com objeto estatico";"Com Vitimas Feridas";"Plena Noite";"Crescente";"Nublado";"Simples";"Curva";"Sim";267883;"Automóvel";"RENAULT/MEGANESD DYN 16";2008;"Condutor";"Lesoes Leves";30;"Masculino";0;1;0;0;"-26.47477952";"-49.01871085";"SR-SC";"DEL8/3";"UOP03/SC"
151067;329671;2018-08-05;"domingo";"03:45:00";"SC";101;330,5;"TUBARAO";"Sim";"Ingestao de alcool";1;"Saida de leito carrocavel";"Com Vitimas Feridas";"Plena Noite";"Crescente";"Ceu Claro";"Multipla";"Reta";"Nao";267875;"Automóvel";"FIAT/UNO MILLE BRIO";1991;"Passageiro";"Lesoes Leves";20;"Masculino";0;1;0;0;"-28.4546077";"-48.9793629";"SR-SC";"DEL8/2";"UOP01/SC"
151067;329672;2018-08-05;"domingo";"03:45:00";"SC";101;330,5;"TUBARAO";"Sim";"Ingestao de alcool";1;"Saida de leito carrocavel";"Com Vitimas Feridas";"Plena Noite";"Crescente";"Ceu Claro";"Multipla";"Reta";"Nao";267875;"Automóvel";"FIAT/UNO MILLE BRIO";1991;"Passageiro";"Lesoes Leves";21;"Feminino";0;1;0;0;"-28.4546077";"-48.9793629";"SR-SC";"DEL8/2";"UOP01/SC"
151067;331273;2018-08-05;"domingo";"03:45:00";"SC";101;330,5;"TUBARAO";"Sim";"Ingestao de alcool";1;"Saida de leito carrocavel";"Com Vitimas Feridas";"Plena Noite";"Crescente";"Ceu Claro";"Multipla";"Reta";"Nao";267875;"Automóvel";"FIAT/UNO MILLE BRIO";1991;"Condutor";"Nao Informado";NA;"Nao Informado";0;0;0;0;"-28.4546077";"-48.9793629";"SR-SC";"DEL8/2";"UOP01/SC"
151067;329679;2018-08-05;"domingo";"03:45:00";"SC";101;330,5;"TUBARAO";"Sim";"Ingestao de alcool";1;"Saida de leito carrocavel";"Com Vitimas Feridas";"Plena Noite";"Crescente";"Ceu Claro";"Multipla";"Reta";"Nao";267875;"Automóvel";"FIAT/UNO MILLE BRIO";1991;"Passageiro";"Lesoes Leves";23;"Masculino";0;1;0;0;"-28.4546077";"-48.9793629";"SR-SC";"DEL8/2";"UOP01/SC"
151073;329711;2018-08-05;"domingo";"05:00:00";"SC";470;3,5;"NAVEGANTES";"Sim";"Ingestao de alcool";1;"Colisao lateral";"Com Vitimas Feridas";"Plena Noite";"Crescente";"Ceu Claro";"Simples";"Reta";"Nao";267925;"Automóvel";"CHEVROLET/ONIX 1.0MT LT";2014;"Condutor";"Ileso";28;"Masculino";1;0;0;0;"-26.85981585";"-48.68614912";"SR-SC";"DEL8/4";"UOP04/SC"
151073;329710;2018-08-05;"domingo";"05:00:00";"SC";470;3,5;"NAVEGANTES";"Sim";"Ingestao de alcool";1;"Colisao lateral";"Com Vitimas Feridas";"Plena Noite";"Crescente";"Ceu Claro";"Simples";"Reta";"Nao";267924;"Motocicleta";"HONDA/CG 125 FAN ES";2009;"Condutor";"Lesoes Graves";27;"Masculino";0;0;1;0;"-26.85981585";"-48.68614912";"SR-SC";"DEL8/4";"UOP04/SC"
151074;331423;2018-08-05;"domingo";"02:43:00";"SP";116;223,5;"GUARULHOS";"Sim";"Ingestao de alcool";1;"Saida de leito carrocavel";"Sem Vitimas";"Plena Noite";"Crescente";"Nublado";"Multipla";"Reta";"Sim";269285;"Caminhonete";"MMC/L200 4X4 GLS";2002;"Condutor";"Ileso";40;"Masculino";1;0;0;0;"-23.4812398";"-46.5344426";"SR-SP";"DEL6/1";"UOP01/SP"
151083;330300;2018-08-05;"domingo";"06:22:00";"SP";116;107;"TAUBATE";"Sim";"Ingestao de alcool e/ou substâncias psicoativas pelo pedestre";1;"Atropelamento de Pedestre";"Com Vitimas Feridas";"Amanhecer";"Crescente";"Nublado";"Dupla";"Reta";"Sim";268400;"Automóvel";"HONDA/CIVIC LXR";2015;"Condutor";"Ileso";43;"Masculino";1;0;0;0;"-23.01795";"-45.530148";"SR-SP";"DEL6/6";"UOP01/SP"
151083;330308;2018-08-05;"domingo";"06:22:00";"SP";116;107;"TAUBATE";"Sim";"Ingestao de alcool e/ou substâncias psicoativas pelo pedestre";1;"Atropelamento de Pedestre";"Com Vitimas Feridas";"Amanhecer";"Crescente";"Nublado";"Dupla";"Reta";"Sim";268400;"Automóvel";"HONDA/CIVIC LXR";2015;"Pedestre";"Lesoes Leves";NA;"Feminino";0;1;0;0;"-23.01795";"-45.530148";"SR-SP";"DEL6/6";"UOP01/SP"
151096;331165;2018-08-05;"domingo";"05:40:00";"PR";376;138,2;"NOVA ESPERANCA";"Sim";"Ingestao de alcool";1;"Saida de leito carrocavel";"Sem Vitimas";"Plena Noite";"Decrescente";"Garoa/Chuvisco";"Dupla";"Reta";"Nao";267931;"Automóvel";"AUDI/A3 1.8T";2001;"Condutor";"Nao Informado";NA;"Nao Informado";0;0;0;0;"-23.21756601";"-52.18353141";"SR-PR";"DEL7/7";"UOP05/PR"
151101;329843;2018-08-05;"domingo";"08:00:00";"PA";316;15;"MARITUBA";"Nao";"Ingestao de alcool";1;"Colisao transversal";"Sem Vitimas";"Pleno dia";"Crescente";"Ceu Claro";"Dupla";"Reta";"Sim";268009;"Ônibus";"M.BENZ/MPOLO TORINO U";2009;"Condutor";"Ileso";39;"Masculino";1;0;0;0;"-1.36500796";"-48.30576897";"SR-PA";"DEL19/1";"UOP01/PA"
151101;329846;2018-08-05;"domingo";"08:00:00";"PA";316;15;"MARITUBA";"Nao";"Ingestao de alcool";1;"Colisao transversal";"Sem Vitimas";"Pleno dia";"Crescente";"Ceu Claro";"Dupla";"Reta";"Sim";268010;"Automóvel";"GM/CELTA 4P LIFE";2010;"Condutor";"Ileso";25;"Masculino";1;0;0;0;"-1.36500796";"-48.30576897";"SR-PA";"DEL19/1";"UOP01/PA"
151104;329825;2018-08-05;"domingo";"08:02:00";"SC";101;133;"BALNEARIO CAMBORIU";"Sim";"Ingestao de alcool";1;"Colisao com objeto estatico";"Sem Vitimas";"Pleno dia";"Decrescente";"Nublado";"Simples";"Intersecao de vias";"Sim";268011;"Automóvel";"IMP/FIAT TIPO 1.6 IE";1995;"Condutor";"Ileso";27;"Masculino";1;0;0;0;"-27.0021";"-48.6362";"SR-SC";"DEL8/4";"UOP03/SC"
151110;331182;2018-08-05;"domingo";"07:05:00";"RS";285;123,1;"VACARIA";"Sim";"Ingestao de alcool";1;"Colisao com objeto estatico";"Com Vitimas Feridas";"Pleno dia";"Decrescente";"Ceu Claro";"Simples";"Intersecao de vias";"Sim";269082;"Automóvel";"VW/GOL SPECIAL";1998;"Condutor";"Lesoes Leves";32;"Masculino";0;1;0;0;"-28.49895992";"-50.95131114";"SR-RS";"DEL9/5";"UOP03/RS"
151112;332506;2018-08-05;"domingo";"09:10:00";"BA";116;350,6;"SERRINHA";"Sim";"Ingestao de alcool";1;"Colisao lateral";"Com Vitimas Feridas";"Pleno dia";"Decrescente";"Sol";"Simples";"Reta";"Nao";268077;"Caminhao-trator";"M.BENZ/ACTROS 2646LS6X4";2013;"Condutor";"Ileso";48;"Masculino";1;0;0;0;"-11.59760851";"-38.98511653";"SR-BA";"DEL10/2";"UOP02/BA"
151112;331517;2018-08-05;"domingo";"09:10:00";"BA";116;350,6;"SERRINHA";"Sim";"Ingestao de alcool";1;"Colisao lateral";"Com Vitimas Feridas";"Pleno dia";"Decrescente";"Sol";"Simples";"Reta";"Nao";268076;"Automóvel";"GM/CORSA HATCH JOY";2005;"Condutor";"Nao Informado";NA;"Nao Informado";0;0;0;0;"-11.59760851";"-38.98511653";"SR-BA";"DEL10/2";"UOP02/BA"
151112;332528;2018-08-05;"domingo";"09:10:00";"BA";116;350,6;"SERRINHA";"Sim";"Ingestao de alcool";1;"Colisao lateral";"Com Vitimas Feridas";"Pleno dia";"Decrescente";"Sol";"Simples";"Reta";"Nao";268076;"Automóvel";"GM/CORSA HATCH JOY";2005;"Passageiro";"Lesoes Leves";22;"Feminino";0;1;0;0;"-11.59760851";"-38.98511653";"SR-BA";"DEL10/2";"UOP02/BA"
151122;329978;2018-08-05;"domingo";"07:15:00";"MG";116;595;"MANHUACU";"Sim";"Ingestao de alcool";1;"Saida de leito carrocavel";"Com Vitimas Feridas";"Pleno dia";"Decrescente";"Ceu Claro";"Simples";"Curva";"Nao";268039;"Automóvel";"TOYOTA/ETIOS HB XS 15";2013;"Passageiro";"Lesoes Leves";28;"Feminino";0;1;0;0;"-20.282308";"-42.144903";"SR-MG";"DEL4/6";"UOP04/MG"
151122;329981;2018-08-05;"domingo";"07:15:00";"MG";116;595;"MANHUACU";"Sim";"Ingestao de alcool";1;"Saida de leito carrocavel";"Com Vitimas Feridas";"Pleno dia";"Decrescente";"Ceu Claro";"Simples";"Curva";"Nao";268039;"Automóvel";"TOYOTA/ETIOS HB XS 15";2013;"Passageiro";"Lesoes Leves";42;"Masculino";0;1;0;0;"-20.282308";"-42.144903";"SR-MG";"DEL4/6";"UOP04/MG"
151122;329856;2018-08-05;"domingo";"07:15:00";"MG";116;595;"MANHUACU";"Sim";"Ingestao de alcool";1;"Saida de leito carrocavel";"Com Vitimas Feridas";"Pleno dia";"Decrescente";"Ceu Claro";"Simples";"Curva";"Nao";268039;"Automóvel";"TOYOTA/ETIOS HB XS 15";2013;"Condutor";"Lesoes Leves";46;"Feminino";0;1;0;0;"-20.282308";"-42.144903";"SR-MG";"DEL4/6";"UOP04/MG"
151122;329984;2018-08-05;"domingo";"07:15:00";"MG";116;595;"MANHUACU";"Sim";"Ingestao de alcool";1;"Saida de leito carrocavel";"Com Vitimas Feridas";"Pleno dia";"Decrescente";"Ceu Claro";"Simples";"Curva";"Nao";268039;"Automóvel";"TOYOTA/ETIOS HB XS 15";2013;"Passageiro";"Lesoes Leves";42;"Feminino";0;1;0;0;"-20.282308";"-42.144903";"SR-MG";"DEL4/6";"UOP04/MG"
151169;331205;2018-08-05;"domingo";"18:15:00";"PR";376;143,5;"PRESIDENTE CASTELO BRANCO";"Sim";"Ingestao de alcool";1;"Saida de leito carrocavel";"Com Vitimas Feridas";"Plena Noite";"Decrescente";"Chuva";"Dupla";"Reta";"Nao";268140;"Automóvel";"VW/GOL GL";NA;"Passageiro";"Lesoes Leves";16;"Feminino";0;1;0;0;"-23.27068088";"-52.15930939";"SR-PR";"DEL7/7";"UOP05/PR"
151169;329968;2018-08-05;"domingo";"18:15:00";"PR";376;143,5;"PRESIDENTE CASTELO BRANCO";"Sim";"Ingestao de alcool";1;"Saida de leito carrocavel";"Com Vitimas Feridas";"Plena Noite";"Decrescente";"Chuva";"Dupla";"Reta";"Nao";268140;"Automóvel";"VW/GOL GL";NA;"Condutor";"Nao Informado";NA;"Nao Informado";0;0;0;0;"-23.27068088";"-52.15930939";"SR-PR";"DEL7/7";"UOP05/PR"
151169;331202;2018-08-05;"domingo";"18:15:00";"PR";376;143,5;"PRESIDENTE CASTELO BRANCO";"Sim";"Ingestao de alcool";1;"Saida de leito carrocavel";"Com Vitimas Feridas";"Plena Noite";"Decrescente";"Chuva";"Dupla";"Reta";"Nao";268140;"Automóvel";"VW/GOL GL";NA;"Passageiro";"Lesoes Leves";25;"Feminino";0;1;0;0;"-23.27068088";"-52.15930939";"SR-PR";"DEL7/7";"UOP05/PR"
151177;330038;2018-08-05;"domingo";"18:45:00";"AL";416;16,2;"COLONIA LEOPOLDINA";"Sim";"Ingestao de alcool";1;"Colisao frontal";"Com Vitimas Fatais";"Plena Noite";"Crescente";"Ceu Claro";"Simples";"Reta";"Sim";268196;"Motocicleta";"HONDA/CG 125 FAN ES";2010;"Passageiro";"Óbito";15;"Feminino";0;0;0;1;"-8.936141";"-35.650322";"SR-AL";"DEL13/1";"UOP02/AL"
151177;330057;2018-08-05;"domingo";"18:45:00";"AL";416;16,2;"COLONIA LEOPOLDINA";"Sim";"Ingestao de alcool";1;"Colisao frontal";"Com Vitimas Fatais";"Plena Noite";"Crescente";"Ceu Claro";"Simples";"Reta";"Sim";268203;"Ônibus";"I/MBENZ BUSSCAR MICBUS M";2001;"Condutor";"Ileso";39;"Masculino";1;0;0;0;"-8.936141";"-35.650322";"SR-AL";"DEL13/1";"UOP02/AL"
151177;330058;2018-08-05;"domingo";"18:45:00";"AL";416;16,2;"COLONIA LEOPOLDINA";"Sim";"Ingestao de alcool";1;"Colisao frontal";"Com Vitimas Fatais";"Plena Noite";"Crescente";"Ceu Claro";"Simples";"Reta";"Sim";268196;"Motocicleta";"HONDA/CG 125 FAN ES";2010;"Condutor";"Óbito";16;"Masculino";0;0;0;1;"-8.936141";"-35.650322";"SR-AL";"DEL13/1";"UOP02/AL"
151177;330065;2018-08-05;"domingo";"18:45:00";"AL";416;16,2;"COLONIA LEOPOLDINA";"Sim";"Ingestao de alcool";1;"Colisao frontal";"Com Vitimas Fatais";"Plena Noite";"Crescente";"Ceu Claro";"Simples";"Reta";"Sim";268196;"Motocicleta";"HONDA/CG 125 FAN ES";2010;"Passageiro";"Lesoes Graves";25;"Masculino";0;0;1;0;"-8.936141";"-35.650322";"SR-AL";"DEL13/1";"UOP02/AL"
151180;330710;2018-08-05;"domingo";"18:20:00";"BA";116;819;"VITORIA DA CONQUISTA";"Sim";"Ingestao de alcool";1;"Colisao transversal";"Com Vitimas Feridas";"Plena Noite";"Decrescente";"Ceu Claro";"Simples";"Nao Informado";"Sim";268718;"Caminhao-trator";"VOLVO/FH 440 6X2T";2011;"Condutor";"Ileso";24;"Masculino";1;0;0;0;"-14.823164";"-40.817881";"SR-BA";"DEL10/8";"UOP01/BA"
151180;330701;2018-08-05;"domingo";"18:20:00";"BA";116;819;"VITORIA DA CONQUISTA";"Sim";"Ingestao de alcool";1;"Colisao transversal";"Com Vitimas Feridas";"Plena Noite";"Decrescente";"Ceu Claro";"Simples";"Nao Informado";"Sim";268702;"Automóvel";"GM/KADETT GL";1995;"Condutor";"Lesoes Leves";48;"Masculino";0;1;0;0;"-14.823164";"-40.817881";"SR-BA";"DEL10/8";"UOP01/BA"
151180;330702;2018-08-05;"domingo";"18:20:00";"BA";116;819;"VITORIA DA CONQUISTA";"Sim";"Ingestao de alcool";1;"Colisao transversal";"Com Vitimas Feridas";"Plena Noite";"Decrescente";"Ceu Claro";"Simples";"Nao Informado";"Sim";268702;"Automóvel";"GM/KADETT GL";1995;"Passageiro";"Lesoes Leves";40;"Feminino";0;1;0;0;"-14.823164";"-40.817881";"SR-BA";"DEL10/8";"UOP01/BA"
151180;330704;2018-08-05;"domingo";"18:20:00";"BA";116;819;"VITORIA DA CONQUISTA";"Sim";"Ingestao de alcool";1;"Colisao transversal";"Com Vitimas Feridas";"Plena Noite";"Decrescente";"Ceu Claro";"Simples";"Nao Informado";"Sim";268702;"Automóvel";"GM/KADETT GL";1995;"Passageiro";"Lesoes Leves";47;"Feminino";0;1;0;0;"-14.823164";"-40.817881";"SR-BA";"DEL10/8";"UOP01/BA"
151180;330706;2018-08-05;"domingo";"18:20:00";"BA";116;819;"VITORIA DA CONQUISTA";"Sim";"Ingestao de alcool";1;"Colisao transversal";"Com Vitimas Feridas";"Plena Noite";"Decrescente";"Ceu Claro";"Simples";"Nao Informado";"Sim";268702;"Automóvel";"GM/KADETT GL";1995;"Passageiro";"Lesoes Leves";25;"Feminino";0;1;0;0;"-14.823164";"-40.817881";"SR-BA";"DEL10/8";"UOP01/BA"
151188;329994;2018-08-05;"domingo";"17:30:00";"BA";110;365,3;"CATU";"Nao";"Ingestao de alcool";1;"Atropelamento de Pedestre";"Com Vitimas Fatais";"Anoitecer";"Decrescente";"Ceu Claro";"Simples";"Nao Informado";"Sim";268107;"Ônibus";"";NA;"Condutor";"Ileso";NA;"Ignorado";1;0;0;0;"-12.3535";"-38.3892";"SR-BA";"DEL10/1";"UOP04/BA"
151188;329922;2018-08-05;"domingo";"17:30:00";"BA";110;365,3;"CATU";"Nao";"Ingestao de alcool";1;"Atropelamento de Pedestre";"Com Vitimas Fatais";"Anoitecer";"Decrescente";"Ceu Claro";"Simples";"Nao Informado";"Sim";268107;"Ônibus";"";NA;"Pedestre";"Óbito";45;"Masculino";0;0;0;1;"-12.3535";"-38.3892";"SR-BA";"DEL10/1";"UOP04/BA"
151190;329938;2018-08-05;"domingo";"19:00:00";"GO";60;133;"GOIANIA";"Sim";"Ingestao de alcool";1;"Colisao transversal";"Com Vitimas Feridas";"Plena Noite";"Crescente";"Ceu Claro";"Dupla";"Nao Informado";"Nao";268088;"Motocicleta";"HONDA/CG 150 FAN ESI";2012;"Condutor";"Lesoes Leves";34;"Masculino";0;1;0;0;"-16.5815";"-49.1772";"SR-GO";"DEL1/1";"UOP01/GO"
151190;329935;2018-08-05;"domingo";"19:00:00";"GO";60;133;"GOIANIA";"Sim";"Ingestao de alcool";1;"Colisao transversal";"Com Vitimas Feridas";"Plena Noite";"Crescente";"Ceu Claro";"Dupla";"Nao Informado";"Nao";268087;"Caminhao";"M.BENZ/L 1313";1975;"Condutor";"Ileso";56;"Masculino";1;0;0;0;"-16.5815";"-49.1772";"SR-GO";"DEL1/1";"UOP01/GO"
151196;331664;2018-08-05;"domingo";"18:00:00";"MS";463;110,5;"PONTA PORA";"Sim";"Ingestao de alcool";1;"Colisao traseira";"Com Vitimas Feridas";"Plena Noite";"Crescente";"Nublado";"Dupla";"Reta";"Sim";269475;"Automóvel";"FIAT/UNO WAY 1.4";2010;"Condutor";"Ileso";28;"Masculino";1;0;0;0;"-22.56890084";"-55.69541574";"SR-MS";"DEL3/4";"UOP03/MS"
151196;331656;2018-08-05;"domingo";"18:00:00";"MS";463;110,5;"PONTA PORA";"Sim";"Ingestao de alcool";1;"Colisao traseira";"Com Vitimas Feridas";"Plena Noite";"Crescente";"Nublado";"Dupla";"Reta";"Sim";269473;"Automóvel";"GM/CORSA SUPER";1997;"Condutor";"Lesoes Leves";67;"Masculino";0;1;0;0;"-22.56890084";"-55.69541574";"SR-MS";"DEL3/4";"UOP03/MS"
151202;332327;2018-08-05;"domingo";"19:20:00";"MG";40;500;"ESMERALDAS";"Nao";"Ingestao de alcool e/ou substâncias psicoativas pelo pedestre";1;"Saida de leito carrocavel";"Com Vitimas Feridas";"Plena Noite";"Crescente";"Ceu Claro";"Dupla";"Nao Informado";"Sim";268254;"Automóvel";"IMP/PEUGEOT 406 ST";2001;"Condutor";"Lesoes Leves";40;"Masculino";0;1;0;0;"-19.70047";"-44.17425";"SR-MG";"DEL4/2";"UOP01/MG"
151202;332330;2018-08-05;"domingo";"19:20:00";"MG";40;500;"ESMERALDAS";"Nao";"Ingestao de alcool e/ou substâncias psicoativas pelo pedestre";1;"Saida de leito carrocavel";"Com Vitimas Feridas";"Plena Noite";"Crescente";"Ceu Claro";"Dupla";"Nao Informado";"Sim";268254;"Automóvel";"IMP/PEUGEOT 406 ST";2001;"Passageiro";"Lesoes Leves";40;"Feminino";0;1;0;0;"-19.70047";"-44.17425";"SR-MG";"DEL4/2";"UOP01/MG"
151210;329934;2018-08-05;"domingo";"19:00:00";"ES";101;302;"VIANA";"Sim";"Ingestao de alcool";1;"Colisao lateral";"Com Vitimas Feridas";"Plena Noite";"Decrescente";"Ceu Claro";"Dupla";"Reta";"Sim";268105;"Caminhao-trator";"VOLVO/FH 540 6X4T";2012;"Condutor";"Ileso";38;"Masculino";1;0;0;0;"-20.37992004";"-40.45400441";"SR-ES";"DEL12/1";"UOP01/ES"
151210;329942;2018-08-05;"domingo";"19:00:00";"ES";101;302;"VIANA";"Sim";"Ingestao de alcool";1;"Colisao lateral";"Com Vitimas Feridas";"Plena Noite";"Decrescente";"Ceu Claro";"Dupla";"Reta";"Sim";268104;"Motocicleta";"YAMAHA/FACTOR YBR125 K";2012;"Condutor";"Lesoes Graves";32;"Masculino";0;0;1;0;"-20.37992004";"-40.45400441";"SR-ES";"DEL12/1";"UOP01/ES"
151210;329939;2018-08-05;"domingo";"19:00:00";"ES";101;302;"VIANA";"Sim";"Ingestao de alcool";1;"Colisao lateral";"Com Vitimas Feridas";"Plena Noite";"Decrescente";"Ceu Claro";"Dupla";"Reta";"Sim";268104;"Motocicleta";"YAMAHA/FACTOR YBR125 K";2012;"Testemunha";"Nao Informado";NA;"Nao Informado";0;0;0;0;"-20.37992004";"-40.45400441";"SR-ES";"DEL12/1";"UOP01/ES"
151214;329941;2018-08-05;"domingo";"19:05:00";"PR";376;180,2;"MARINGA";"Sim";"Ingestao de alcool";1;"Colisao lateral";"Sem Vitimas";"Plena Noite";"Crescente";"Garoa/Chuvisco";"Dupla";"Reta";"Sim";268109;"Automóvel";"FIAT/UNO MILLE";1991;"Condutor";"Ileso";25;"Masculino";1;0;0;0;"-23.42529527";"-51.89869237";"SR-PR";"DEL7/7";"UOP04/PR"
151214;329940;2018-08-05;"domingo";"19:05:00";"PR";376;180,2;"MARINGA";"Sim";"Ingestao de alcool";1;"Colisao lateral";"Sem Vitimas";"Plena Noite";"Crescente";"Garoa/Chuvisco";"Dupla";"Reta";"Sim";268108;"Automóvel";"I/PEUGEOT 307SD PRES PK";2009;"Condutor";"Ileso";29;"Feminino";1;0;0;0;"-23.42529527";"-51.89869237";"SR-PR";"DEL7/7";"UOP04/PR"