"id";"pesid";"data_inversa";"dia_semana";"horario";"uf";"br";"km";"municipio";"causa_principal";"causa_acidente";"ordem_tipo_acidente";"tipo_acidente";"classificacao_acidente";"fase_dia";"sentido_via";"condicao_metereologica";"tipo_pista";"tracado_via";"uso_solo";"id_veiculo";"tipo_veiculo";"marca";"ano_fabricacao_veiculo";"tipo_envolvido";"estado_fisico";"idade";"sexo";"ilesos";"feridos_leves";"feridos_graves";"mortos";"latitude";"longitude";"regional";"delegacia";"uop"
151234;331610;2018-08-05;"domingo";"21:43:00";"MG";50;51;"UBERLANDIA";"Sim";"Ingestao de alcool";1;"Colisao lateral";"Com Vitimas Feridas";"Plena Noite";"Decrescente";"Ceu Claro";"Multipla";"Reta";"Nao";269437;"Automóvel";"I/FORD FUSION AWD GTDI B";2015;"Passageiro";"Lesoes Leves";65;"Feminino";0;1;0;0;"-18.74575832";"-48.23222548";"SR-MG";"DEL4/15";"UOP02/MG"
151234;331607;2018-08-05;"domingo";"21:43:00";"MG";50;51;"UBERLANDIA";"Sim";"Ingestao de alcool";1;"Colisao lateral";"Com Vitimas Feridas";"Plena Noite";"Decrescente";"Ceu Claro";"Multipla";"Reta";"Nao";269437;"Automóvel";"I/FORD FUSION AWD GTDI B";2015;"Condutor";"Ileso";63;"Masculino";1;0;0;0;"-18.74575832";"-48.23222548";"SR-MG";"DEL4/15";"UOP02/MG"
151234;331966;2018-08-05;"domingo";"21:43:00";"MG";50;51;"UBERLANDIA";"Sim";"Ingestao de alcool";1;"Colisao lateral";"Com Vitimas Feridas";"Plena Noite";"Decrescente";"Ceu Claro";"Multipla";"Reta";"Nao";269437;"Automóvel";"I/FORD FUSION AWD GTDI B";2015;"Passageiro";"Ileso";30;"Feminino";1;0;0;0;"-18.74575832";"-48.23222548";"SR-MG";"DEL4/15";"UOP02/MG"
151234;331967;2018-08-05;"domingo";"21:43:00";"MG";50;51;"UBERLANDIA";"Sim";"Ingestao de alcool";1;"Colisao lateral";"Com Vitimas Feridas";"Plena Noite";"Decrescente";"Ceu Claro";"Multipla";"Reta";"Nao";269437;"Automóvel";"I/FORD FUSION AWD GTDI B";2015;"Passageiro";"Ileso";28;"Masculino";1;0;0;0;"-18.74575832";"-48.23222548";"SR-MG";"DEL4/15";"UOP02/MG"
151234;331968;2018-08-05;"domingo";"21:43:00";"MG";50;51;"UBERLANDIA";"Sim";"Ingestao de alcool";1;"Colisao lateral";"Com Vitimas Feridas";"Plena Noite";"Decrescente";"Ceu Claro";"Multipla";"Reta";"Nao";269441;"Caminhonete";"I/TOYOTA HILUX CD4X4";2010;"Passageiro";"Ileso";30;"Feminino";1;0;0;0;"-18.74575832";"-48.23222548";"SR-MG";"DEL4/15";"UOP02/MG"
151234;331655;2018-08-05;"domingo";"21:43:00";"MG";50;51;"UBERLANDIA";"Sim";"Ingestao de alcool";1;"Colisao lateral";"Com Vitimas Feridas";"Plena Noite";"Decrescente";"Ceu Claro";"Multipla";"Reta";"Nao";269441;"Caminhonete";"I/TOYOTA HILUX CD4X4";2010;"Condutor";"Ileso";55;"Masculino";1;0;0;0;"-18.74575832";"-48.23222548";"SR-MG";"DEL4/15";"UOP02/MG"
151249;330031;2018-06-06;"quarta-feira";"18:30:00";"PB";104;108,3;"SAO SEBASTIAO DE LAGOA DE  ROCA";"Sim";"Ingestao de alcool e/ou substâncias psicoativas pelo pedestre";1;"Atropelamento de Pedestre";"Com Vitimas Fatais";"Plena Noite";"Crescente";"Ceu Claro";"Simples";"Curva";"Nao";268172;"Motocicleta";"HONDA/XRE 300";2013;"Condutor";"Lesoes Leves";24;"Masculino";0;1;0;0;"-7.11349";"-35.866769";"SR-PB";"DEL14/2";"UOP04/PB"
151249;329991;2018-06-06;"quarta-feira";"18:30:00";"PB";104;108,3;"SAO SEBASTIAO DE LAGOA DE  ROCA";"Sim";"Ingestao de alcool e/ou substâncias psicoativas pelo pedestre";1;"Atropelamento de Pedestre";"Com Vitimas Fatais";"Plena Noite";"Crescente";"Ceu Claro";"Simples";"Curva";"Nao";268172;"Motocicleta";"HONDA/XRE 300";2013;"Pedestre";"Óbito";55;"Masculino";0;0;0;1;"-7.11349";"-35.866769";"SR-PB";"DEL14/2";"UOP04/PB"
151250;330012;2018-08-05;"domingo";"22:20:00";"BA";242;228,8;"ITABERABA";"Sim";"Ingestao de alcool";2;"Tombamento";"Com Vitimas Feridas";"Plena Noite";"Decrescente";"Ceu Claro";"Simples";"Reta";"Sim";268185;"Motoneta";"HONDA/BIZ 125";2016;"Condutor";"Lesoes Leves";31;"Masculino";0;1;0;0;"-12.511523";"-40.322498";"SR-BA";"DEL10/6";"UOP02/BA"
151251;330096;2018-08-05;"domingo";"21:40:00";"RO";364;16;"VILHENA";"Nao";"Ingestao de alcool";1;"Atropelamento de Pedestre";"Com Vitimas Feridas";"Plena Noite";"Crescente";"Ignorado";"Simples";"Reta";"Sim";268189;"Caminhonete";"I/TOYOTA HILUX CD4X2 SR";2012;"Pedestre";"Lesoes Leves";46;"Masculino";0;1;0;0;"-12.734379";"-60.156971";"SR-RO";"DEL21/4";"UOP01/RO"
151251;330087;2018-08-05;"domingo";"21:40:00";"RO";364;16;"VILHENA";"Nao";"Ingestao de alcool";1;"Atropelamento de Pedestre";"Com Vitimas Feridas";"Plena Noite";"Crescente";"Ignorado";"Simples";"Reta";"Sim";268189;"Caminhonete";"I/TOYOTA HILUX CD4X2 SR";2012;"Condutor";"Ileso";36;"Masculino";1;0;0;0;"-12.734379";"-60.156971";"SR-RO";"DEL21/4";"UOP01/RO"
151264;331840;2018-08-06;"segunda-feira";"03:50:00";"GO";153;511;"APARECIDA DE GOIANIA";"Sim";"Ingestao de alcool e/ou substâncias psicoativas pelo pedestre";1;"Colisao com objeto estatico";"Com Vitimas Feridas";"Plena Noite";"Crescente";"Ceu Claro";"Dupla";"Reta";"Sim";268230;"Automóvel";"FORD/KA SE 1.0 HA";2014;"Passageiro";"Ileso";28;"Masculino";1;0;0;0;"-16.8067";"-49.2394";"SR-GO";"DEL1/1";"UOP03/GO"
151264;331842;2018-08-06;"segunda-feira";"03:50:00";"GO";153;511;"APARECIDA DE GOIANIA";"Sim";"Ingestao de alcool e/ou substâncias psicoativas pelo pedestre";1;"Colisao com objeto estatico";"Com Vitimas Feridas";"Plena Noite";"Crescente";"Ceu Claro";"Dupla";"Reta";"Sim";268231;"Caminhao";"FORD/CARGO 1618T";1990;"Condutor";"Ileso";63;"Masculino";1;0;0;0;"-16.8067";"-49.2394";"SR-GO";"DEL1/1";"UOP03/GO"
151264;331839;2018-08-06;"segunda-feira";"03:50:00";"GO";153;511;"APARECIDA DE GOIANIA";"Sim";"Ingestao de alcool e/ou substâncias psicoativas pelo pedestre";1;"Colisao com objeto estatico";"Com Vitimas Feridas";"Plena Noite";"Crescente";"Ceu Claro";"Dupla";"Reta";"Sim";268230;"Automóvel";"FORD/KA SE 1.0 HA";2014;"Condutor";"Lesoes Leves";30;"Masculino";0;1;0;0;"-16.8067";"-49.2394";"SR-GO";"DEL1/1";"UOP03/GO"
151287;331555;2018-08-05;"domingo";"02:00:00";"GO";153;580;"PIRACANJUBA";"Sim";"Ingestao de alcool";1;"Queda de ocupante de veiculo";"Com Vitimas Feridas";"Plena Noite";"Decrescente";"Ceu Claro";"Dupla";"Curva";"Nao";268290;"Motocicleta";"YAMAHA/YBR 125E";2000;"Condutor";"Lesoes Graves";40;"Masculino";0;0;1;0;"-17.3851";"-49.2343";"SR-GO";"DEL1/3";"UOP01/GO"
151314;330186;2018-07-15;"domingo";"21:15:00";"RJ";101;303;"SAO GONCALO";"Sim";"Ingestao de alcool";1;"Colisao lateral";"Com Vitimas Feridas";"Plena Noite";"Crescente";"Ceu Claro";"Dupla";"Reta";"Sim";268303;"Caminhonete";"VW/NOVA SAVEIRO RB MBVS";2018;"Condutor";"Lesoes Leves";55;"Masculino";0;1;0;0;"-22.782822";"-42.976677";"SR-RJ";"DEL5/2";"UOP02/RJ"
151314;330187;2018-07-15;"domingo";"21:15:00";"RJ";101;303;"SAO GONCALO";"Sim";"Ingestao de alcool";1;"Colisao lateral";"Com Vitimas Feridas";"Plena Noite";"Crescente";"Ceu Claro";"Dupla";"Reta";"Sim";268304;"Automóvel";"HONDA/CIVIC LXR";2013;"Condutor";"Lesoes Leves";52;"Masculino";0;1;0;0;"-22.782822";"-42.976677";"SR-RJ";"DEL5/2";"UOP02/RJ"
151341;330370;2018-08-06;"segunda-feira";"12:45:00";"BA";242;838,5;"BARREIRAS";"Sim";"Ingestao de alcool";2;"Saida de leito carrocavel";"Com Vitimas Fatais";"Pleno dia";"Decrescente";"Ceu Claro";"Simples";"Reta";"Nao";268451;"Motocicleta";"HONDA/CG 150 TITAN KS";2005;"Condutor";"Óbito";40;"Masculino";0;0;0;1;"-12.094327";"-45.390169";"SR-BA";"DEL10/10";"UOP01/BA"
151341;330388;2018-08-06;"segunda-feira";"12:45:00";"BA";242;838,5;"BARREIRAS";"Sim";"Ingestao de alcool";2;"Saida de leito carrocavel";"Com Vitimas Fatais";"Pleno dia";"Decrescente";"Ceu Claro";"Simples";"Reta";"Nao";268451;"Motocicleta";"HONDA/CG 150 TITAN KS";2005;"Passageiro";"Lesoes Leves";38;"Masculino";0;1;0;0;"-12.094327";"-45.390169";"SR-BA";"DEL10/10";"UOP01/BA"
151414;330592;2018-08-06;"segunda-feira";"18:10:00";"PI";343;343,6;"TERESINA";"Sim";"Ingestao de alcool";1;"Colisao traseira";"Sem Vitimas";"Plena Noite";"Decrescente";"Ceu Claro";"Simples";"Ponte";"Sim";268624;"Automóvel";"FORD/ESCORT 1.0 HOBBY";1995;"Condutor";"Ileso";42;"Masculino";1;0;0;0;"-5.087362";"-42.757851";"SR-PI";"DEL17/1";"UOP01/PI"
151414;330594;2018-08-06;"segunda-feira";"18:10:00";"PI";343;343,6;"TERESINA";"Sim";"Ingestao de alcool";1;"Colisao traseira";"Sem Vitimas";"Plena Noite";"Decrescente";"Ceu Claro";"Simples";"Ponte";"Sim";268624;"Automóvel";"FORD/ESCORT 1.0 HOBBY";1995;"Passageiro";"Ileso";NA;"Masculino";1;0;0;0;"-5.087362";"-42.757851";"SR-PI";"DEL17/1";"UOP01/PI"
151414;330591;2018-08-06;"segunda-feira";"18:10:00";"PI";343;343,6;"TERESINA";"Sim";"Ingestao de alcool";1;"Colisao traseira";"Sem Vitimas";"Plena Noite";"Decrescente";"Ceu Claro";"Simples";"Ponte";"Sim";268623;"Automóvel";"RENAULT/SANDERO EXPR 10";2016;"Condutor";"Ileso";36;"Masculino";1;0;0;0;"-5.087362";"-42.757851";"SR-PI";"DEL17/1";"UOP01/PI"
151428;330570;2018-08-06;"segunda-feira";"18:40:00";"MT";364;151;"PEDRA PRETA";"Sim";"Ingestao de alcool";2;"Colisao com objeto estatico";"Com Vitimas Feridas";"Plena Noite";"Decrescente";"Ceu Claro";"Simples";"Reta";"Nao";268613;"Caminhao";"M.BENZ/LS 1932";1985;"Condutor";"Ileso";27;"Masculino";1;0;0;0;"-16.788549";"-54.216064";"SR-MT";"DEL2/2";"UOP01/MT"
151428;330571;2018-08-06;"segunda-feira";"18:40:00";"MT";364;151;"PEDRA PRETA";"Sim";"Ingestao de alcool";2;"Colisao com objeto estatico";"Com Vitimas Feridas";"Plena Noite";"Decrescente";"Ceu Claro";"Simples";"Reta";"Nao";268613;"Caminhao";"M.BENZ/LS 1932";1985;"Passageiro";"Lesoes Leves";NA;"Masculino";0;1;0;0;"-16.788549";"-54.216064";"SR-MT";"DEL2/2";"UOP01/MT"
151444;330551;2018-08-06;"segunda-feira";"21:40:00";"PI";316;12;"TERESINA";"Sim";"Ingestao de alcool";1;"Colisao com objeto estatico";"Com Vitimas Feridas";"Plena Noite";"Decrescente";"Ceu Claro";"Multipla";"Nao Informado";"Nao";268597;"Motocicleta";"HONDA/NXR150 BROS MIX ES";2010;"Condutor";"Lesoes Graves";43;"Masculino";0;0;1;0;"-5.200803";"-42.757977";"SR-PI";"DEL17/1";"UOP02/PI"
151500;330699;2018-05-08;"terca-feira";"20:40:00";"RS";293;16;"CAPAO DO LEAO";"Sim";"Ingestao de alcool e/ou substâncias psicoativas pelo pedestre";1;"Saida de leito carrocavel";"Sem Vitimas";"Plena Noite";"Crescente";"Ceu Claro";"Simples";"Reta";"Nao";268721;"Caminhao-trator";"M.BENZ/AXOR 2540 S";2009;"Condutor";"Ileso";59;"Masculino";1;0;0;0;"-31.748306";"-52.481197";"SR-RS";"DEL9/7";"UOP01/RS"
151500;330700;2018-05-08;"terca-feira";"20:40:00";"RS";293;16;"CAPAO DO LEAO";"Sim";"Ingestao de alcool e/ou substâncias psicoativas pelo pedestre";1;"Saida de leito carrocavel";"Sem Vitimas";"Plena Noite";"Crescente";"Ceu Claro";"Simples";"Reta";"Nao";268723;"Semireboque";"SR/LIBRELATO SRCT 2E";2008;"Pedestre";"Ileso";49;"Masculino";1;0;0;0;"-31.748306";"-52.481197";"SR-RS";"DEL9/7";"UOP01/RS"
151573;330878;2018-04-14;"sabado";"23:05:00";"RS";392;86;"PELOTAS";"Sim";"Ingestao de alcool";1;"Saida de leito carrocavel";"Sem Vitimas";"Plena Noite";"Decrescente";"Ceu Claro";"Simples";"Reta";"Nao";268842;"Caminhao-trator";"SCANIA/R124 GA4X2NZ 400";2003;"Testemunha";"Nao Informado";NA;"Nao Informado";0;0;0;0;"-31.635014";"-52.493736";"SR-RS";"DEL9/7";"UOP01/RS"
151573;330879;2018-04-14;"sabado";"23:05:00";"RS";392;86;"PELOTAS";"Sim";"Ingestao de alcool";1;"Saida de leito carrocavel";"Sem Vitimas";"Plena Noite";"Decrescente";"Ceu Claro";"Simples";"Reta";"Nao";268842;"Caminhao-trator";"SCANIA/R124 GA4X2NZ 400";2003;"Testemunha";"Nao Informado";NA;"Nao Informado";0;0;0;0;"-31.635014";"-52.493736";"SR-RS";"DEL9/7";"UOP01/RS"
151573;330880;2018-04-14;"sabado";"23:05:00";"RS";392;86;"PELOTAS";"Sim";"Ingestao de alcool";1;"Saida de leito carrocavel";"Sem Vitimas";"Plena Noite";"Decrescente";"Ceu Claro";"Simples";"Reta";"Nao";268842;"Caminhao-trator";"SCANIA/R124 GA4X2NZ 400";2003;"Testemunha";"Nao Informado";NA;"Nao Informado";0;0;0;0;"-31.635014";"-52.493736";"SR-RS";"DEL9/7";"UOP01/RS"
151573;330877;2018-04-14;"sabado";"23:05:00";"RS";392;86;"PELOTAS";"Sim";"Ingestao de alcool";1;"Saida de leito carrocavel";"Sem Vitimas";"Plena Noite";"Decrescente";"Ceu Claro";"Simples";"Reta";"Nao";268842;"Caminhao-trator";"SCANIA/R124 GA4X2NZ 400";2003;"Condutor";"Ileso";47;"Masculino";1;0;0;0;"-31.635014";"-52.493736";"SR-RS";"DEL9/7";"UOP01/RS"
151610;332447;2018-08-07;"terca-feira";"20:30:00";"PR";376;216,5;"JANDAIA DO SUL";"Sim";"Ingestao de alcool";1;"Colisao frontal";"Com Vitimas Feridas";"Plena Noite";"Crescente";"Ceu Claro";"Simples";"Curva";"Sim";269000;"Automóvel";"GM/PRISMA MAXX";2008;"Condutor";"Lesoes Leves";65;"Masculino";0;1;0;0;"-23.593575";"-51.64514";"SR-PR";"DEL7/7";"UOP03/PR"
151610;332451;2018-08-07;"terca-feira";"20:30:00";"PR";376;216,5;"JANDAIA DO SUL";"Sim";"Ingestao de alcool";1;"Colisao frontal";"Com Vitimas Feridas";"Plena Noite";"Crescente";"Ceu Claro";"Simples";"Curva";"Sim";269001;"Caminhao-trator";"I/IVECOSTRALISHD 490S38T";2008;"Condutor";"Ileso";40;"Masculino";1;0;0;0;"-23.593575";"-51.64514";"SR-PR";"DEL7/7";"UOP03/PR"
151611;333831;2018-08-07;"terca-feira";"20:10:00";"GO";153;207;"URUACU";"Sim";"Ingestao de alcool";1;"Colisao frontal";"Com Vitimas Feridas";"Plena Noite";"Decrescente";"Ceu Claro";"Simples";"Reta";"Nao";271007;"Caminhao-trator";"SCANIA/G 440 A4X2";2009;"Condutor";"Ileso";54;"Masculino";1;0;0;0;"-14.576796";"-49.158405";"SR-GO";"DEL1/7";"UOP02/GO"
151611;333830;2018-08-07;"terca-feira";"20:10:00";"GO";153;207;"URUACU";"Sim";"Ingestao de alcool";1;"Colisao frontal";"Com Vitimas Feridas";"Plena Noite";"Decrescente";"Ceu Claro";"Simples";"Reta";"Nao";269039;"Automóvel";"HONDA/CIVIC LXS FLEX";2009;"Condutor";"Lesoes Leves";60;"Masculino";0;1;0;0;"-14.576796";"-49.158405";"SR-GO";"DEL1/7";"UOP02/GO"
151612;333619;2018-08-07;"terca-feira";"19:30:00";"PR";116;208,5;"RIO NEGRO";"Nao";"Ingestao de alcool";1;"Colisao lateral";"Com Vitimas Feridas";"Plena Noite";"Decrescente";"Ceu Claro";"Simples";"Intersecao de vias";"Sim";268943;"Motocicleta";"HONDA/CG150 TITAN MIX EX";2010;"Condutor";"Lesoes Leves";29;"Masculino";0;1;0;0;"-26.08226081";"-49.7737713";"SR-SC";"DEL8/6";"UOP01/SC"
151612;333617;2018-08-07;"terca-feira";"19:30:00";"PR";116;208,5;"RIO NEGRO";"Nao";"Ingestao de alcool";1;"Colisao lateral";"Com Vitimas Feridas";"Plena Noite";"Decrescente";"Ceu Claro";"Simples";"Intersecao de vias";"Sim";268942;"Caminhao";"M.BENZ/L 1113";1978;"Condutor";"Ileso";36;"Masculino";1;0;0;0;"-26.08226081";"-49.7737713";"SR-SC";"DEL8/6";"UOP01/SC"
151635;331079;2018-08-07;"terca-feira";"19:40:00";"RJ";101;267;"RIO BONITO";"Sim";"Ingestao de alcool";1;"Colisao com objeto estatico";"Sem Vitimas";"Plena Noite";"Decrescente";"Garoa/Chuvisco";"Dupla";"Reta";"Nao";269008;"Automóvel";"GM/CELTA 4P LIFE";2008;"Condutor";"Ileso";64;"Masculino";1;0;0;0;"-22.707306";"-42.660637";"SR-RJ";"DEL5/2";"UOP03/RJ"
151639;331113;2018-08-08;"quarta-feira";"01:10:00";"RS";116;146;"CAXIAS DO SUL";"Sim";"Ingestao de alcool";1;"Colisao transversal";"Com Vitimas Feridas";"Plena Noite";"Crescente";"Nublado";"Dupla";"Intersecao de vias";"Sim";269048;"Automóvel";"RENAULT/SCENIC PRI 2016V";2005;"Condutor";"Ileso";58;"Masculino";1;0;0;0;"-29.14278168";"-51.13708198";"SR-RS";"DEL9/5";"UOP01/RS"
151639;331124;2018-08-08;"quarta-feira";"01:10:00";"RS";116;146;"CAXIAS DO SUL";"Sim";"Ingestao de alcool";1;"Colisao transversal";"Com Vitimas Feridas";"Plena Noite";"Crescente";"Nublado";"Dupla";"Intersecao de vias";"Sim";269049;"Caminhao-trator";"SCANIA/R112 H 4X2";1984;"Condutor";"Ileso";43;"Masculino";1;0;0;0;"-29.14278168";"-51.13708198";"SR-RS";"DEL9/5";"UOP01/RS"
151639;331122;2018-08-08;"quarta-feira";"01:10:00";"RS";116;146;"CAXIAS DO SUL";"Sim";"Ingestao de alcool";1;"Colisao transversal";"Com Vitimas Feridas";"Plena Noite";"Crescente";"Nublado";"Dupla";"Intersecao de vias";"Sim";269048;"Automóvel";"RENAULT/SCENIC PRI 2016V";2005;"Passageiro";"Lesoes Leves";6;"Masculino";0;1;0;0;"-29.14278168";"-51.13708198";"SR-RS";"DEL9/5";"UOP01/RS"
151641;331129;2018-08-08;"quarta-feira";"01:45:00";"PE";232;133,4;"CARUARU";"Nao";"Ingestao de alcool";1;"Colisao lateral";"Sem Vitimas";"Plena Noite";"Decrescente";"Ceu Claro";"Dupla";"Reta";"Sim";269057;"Automóvel";"VW/GOL CLI";1995;"Condutor";"Ileso";56;"Masculino";1;0;0;0;"-8.30705895";"-36.01894498";"SR-PE";"DEL11/2";"UOP02/PE"
151641;331130;2018-08-08;"quarta-feira";"01:45:00";"PE";232;133,4;"CARUARU";"Nao";"Ingestao de alcool";1;"Colisao lateral";"Sem Vitimas";"Plena Noite";"Decrescente";"Ceu Claro";"Dupla";"Reta";"Sim";269056;"Automóvel";"FIAT/PALIO FIRE";2014;"Condutor";"Nao Informado";NA;"Nao Informado";0;0;0;0;"-8.30705895";"-36.01894498";"SR-PE";"DEL11/2";"UOP02/PE"
151641;331131;2018-08-08;"quarta-feira";"01:45:00";"PE";232;133,4;"CARUARU";"Nao";"Ingestao de alcool";1;"Colisao lateral";"Sem Vitimas";"Plena Noite";"Decrescente";"Ceu Claro";"Dupla";"Reta";"Sim";269058;"Automóvel";"";NA;"Condutor";"Nao Informado";NA;"Nao Informado";0;0;0;0;"-8.30705895";"-36.01894498";"SR-PE";"DEL11/2";"UOP02/PE"
151726;333291;2018-08-08;"quarta-feira";"13:40:00";"SP";116;279,1;"EMBU DAS ARTES";"Sim";"Ingestao de alcool";1;"Tombamento";"Com Vitimas Feridas";"Pleno dia";"Crescente";"Ceu Claro";"Dupla";"Reta";"Sim";269313;"Camioneta";"VW/KOMBI";2008;"Condutor";"Lesoes Leves";55;"Masculino";0;1;0;0;"-23.64112361";"-46.83703959";"SR-SP";"DEL6/4";"UOP01/SP"
151730;331438;2018-08-08;"quarta-feira";"15:25:00";"RS";158;107,4;"PALMEIRA DAS MISSOES";"Sim";"Ingestao de alcool";1;"Colisao frontal";"Com Vitimas Fatais";"Pleno dia";"Crescente";"Chuva";"Dupla";"Reta";"Nao";269213;"Automóvel";"GM/CHEVETTE SL";1988;"Passageiro";"Lesoes Leves";33;"Feminino";0;1;0;0;"-27.956669";"-53.322495";"SR-RS";"DEL9/14";"UOP02/RS"
151730;331431;2018-08-08;"quarta-feira";"15:25:00";"RS";158;107,4;"PALMEIRA DAS MISSOES";"Sim";"Ingestao de alcool";1;"Colisao frontal";"Com Vitimas Fatais";"Pleno dia";"Crescente";"Chuva";"Dupla";"Reta";"Nao";269213;"Automóvel";"GM/CHEVETTE SL";1988;"Condutor";"Lesoes Leves";36;"Masculino";0;1;0;0;"-27.956669";"-53.322495";"SR-RS";"DEL9/14";"UOP02/RS"
151730;331441;2018-08-08;"quarta-feira";"15:25:00";"RS";158;107,4;"PALMEIRA DAS MISSOES";"Sim";"Ingestao de alcool";1;"Colisao frontal";"Com Vitimas Fatais";"Pleno dia";"Crescente";"Chuva";"Dupla";"Reta";"Nao";269213;"Automóvel";"GM/CHEVETTE SL";1988;"Passageiro";"Lesoes Leves";2;"Feminino";0;1;0;0;"-27.956669";"-53.322495";"SR-RS";"DEL9/14";"UOP02/RS"
151730;331440;2018-08-08;"quarta-feira";"15:25:00";"RS";158;107,4;"PALMEIRA DAS MISSOES";"Sim";"Ingestao de alcool";1;"Colisao frontal";"Com Vitimas Fatais";"Pleno dia";"Crescente";"Chuva";"Dupla";"Reta";"Nao";269213;"Automóvel";"GM/CHEVETTE SL";1988;"Passageiro";"Lesoes Leves";10;"Feminino";0;1;0;0;"-27.956669";"-53.322495";"SR-RS";"DEL9/14";"UOP02/RS"
151730;331435;2018-08-08;"quarta-feira";"15:25:00";"RS";158;107,4;"PALMEIRA DAS MISSOES";"Sim";"Ingestao de alcool";1;"Colisao frontal";"Com Vitimas Fatais";"Pleno dia";"Crescente";"Chuva";"Dupla";"Reta";"Nao";269213;"Automóvel";"GM/CHEVETTE SL";1988;"Passageiro";"Óbito";28;"Masculino";0;0;0;1;"-27.956669";"-53.322495";"SR-RS";"DEL9/14";"UOP02/RS"
151730;331442;2018-08-08;"quarta-feira";"15:25:00";"RS";158;107,4;"PALMEIRA DAS MISSOES";"Sim";"Ingestao de alcool";1;"Colisao frontal";"Com Vitimas Fatais";"Pleno dia";"Crescente";"Chuva";"Dupla";"Reta";"Nao";269214;"Automóvel";"VW/GOL 16V PLUS";1998;"Passageiro";"Lesoes Leves";22;"Masculino";0;1;0;0;"-27.956669";"-53.322495";"SR-RS";"DEL9/14";"UOP02/RS"
151730;331347;2018-08-08;"quarta-feira";"15:25:00";"RS";158;107,4;"PALMEIRA DAS MISSOES";"Sim";"Ingestao de alcool";1;"Colisao frontal";"Com Vitimas Fatais";"Pleno dia";"Crescente";"Chuva";"Dupla";"Reta";"Nao";269214;"Automóvel";"VW/GOL 16V PLUS";1998;"Condutor";"Lesoes Leves";24;"Masculino";0;1;0;0;"-27.956669";"-53.322495";"SR-RS";"DEL9/14";"UOP02/RS"
151730;331439;2018-08-08;"quarta-feira";"15:25:00";"RS";158;107,4;"PALMEIRA DAS MISSOES";"Sim";"Ingestao de alcool";1;"Colisao frontal";"Com Vitimas Fatais";"Pleno dia";"Crescente";"Chuva";"Dupla";"Reta";"Nao";269213;"Automóvel";"GM/CHEVETTE SL";1988;"Passageiro";"Lesoes Leves";0;"Feminino";0;1;0;0;"-27.956669";"-53.322495";"SR-RS";"DEL9/14";"UOP02/RS"
151741;334903;2018-08-08;"quarta-feira";"16:15:00";"PR";369;520;"CASCAVEL";"Sim";"Ingestao de alcool";1;"Colisao frontal";"Sem Vitimas";"Pleno dia";"Decrescente";"Chuva";"Simples";"Reta";"Sim";269278;"Automóvel";"GM/ZAFIRA ELITE";2006;"Passageiro";"Ileso";31;"Feminino";1;0;0;0;"-24.9235";"-53.3911";"SR-PR";"DEL7/4";"UOP01/PR"
151741;331447;2018-08-08;"quarta-feira";"16:15:00";"PR";369;520;"CASCAVEL";"Sim";"Ingestao de alcool";1;"Colisao frontal";"Sem Vitimas";"Pleno dia";"Decrescente";"Chuva";"Simples";"Reta";"Sim";269277;"Automóvel";"VW/FUSCA";1986;"Condutor";"Ileso";76;"Masculino";1;0;0;0;"-24.9235";"-53.3911";"SR-PR";"DEL7/4";"UOP01/PR"
151741;331450;2018-08-08;"quarta-feira";"16:15:00";"PR";369;520;"CASCAVEL";"Sim";"Ingestao de alcool";1;"Colisao frontal";"Sem Vitimas";"Pleno dia";"Decrescente";"Chuva";"Simples";"Reta";"Sim";269278;"Automóvel";"GM/ZAFIRA ELITE";2006;"Condutor";"Ileso";35;"Masculino";1;0;0;0;"-24.9235";"-53.3911";"SR-PR";"DEL7/4";"UOP01/PR"
151751;331459;2018-08-08;"quarta-feira";"16:50:00";"PR";476;136;"CURITIBA";"Sim";"Ingestao de alcool";1;"Colisao traseira";"Sem Vitimas";"Pleno dia";"Decrescente";"Nublado";"Multipla";"Intersecao de vias";"Sim";269312;"Automóvel";"VW/VOYAGE LS";1984;"Condutor";"Ileso";27;"Masculino";1;0;0;0;"-25.49822355";"-49.27708084";"SR-PR";"DEL7/1";"UOP06/PR"
151751;331458;2018-08-08;"quarta-feira";"16:50:00";"PR";476;136;"CURITIBA";"Sim";"Ingestao de alcool";1;"Colisao traseira";"Sem Vitimas";"Pleno dia";"Decrescente";"Nublado";"Multipla";"Intersecao de vias";"Sim";269311;"Caminhao";"FORD/CARGO 2423";2014;"Condutor";"Ileso";36;"Masculino";1;0;0;0;"-25.49822355";"-49.27708084";"SR-PR";"DEL7/1";"UOP06/PR"
151811;331995;2018-08-08;"quarta-feira";"22:45:00";"SP";116;207;"GUARULHOS";"Nao";"Ingestao de alcool";1;"Colisao lateral";"Com Vitimas Feridas";"Plena Noite";"Decrescente";"Nublado";"Dupla";"Reta";"Sim";269355;"Automóvel";"IMP/VW GOL CL 1.6 MI";1997;"Condutor";"Ileso";23;"Masculino";1;0;0;0;"-23.41732931";"-46.37532949";"SR-SP";"DEL6/1";"UOP01/SP"
151811;331990;2018-08-08;"quarta-feira";"22:45:00";"SP";116;207;"GUARULHOS";"Nao";"Ingestao de alcool";1;"Colisao lateral";"Com Vitimas Feridas";"Plena Noite";"Decrescente";"Nublado";"Dupla";"Reta";"Sim";269353;"Caminhao";"SCANIA/P 270 B6X2";2011;"Condutor";"Ileso";42;"Masculino";1;0;0;0;"-23.41732931";"-46.37532949";"SR-SP";"DEL6/1";"UOP01/SP"