"id";"pesid";"data_inversa";"dia_semana";"horario";"uf";"br";"km";"municipio";"causa_principal";"causa_acidente";"ordem_tipo_acidente";"tipo_acidente";"classificacao_acidente";"fase_dia";"sentido_via";"condicao_metereologica";"tipo_pista";"tracado_via";"uso_solo";"id_veiculo";"tipo_veiculo";"marca";"ano_fabricacao_veiculo";"tipo_envolvido";"estado_fisico";"idade";"sexo";"ilesos";"feridos_leves";"feridos_graves";"mortos";"latitude";"longitude";"regional";"delegacia";"uop"
152450;332846;2018-08-11;"sabado";"23:15:00";"SC";101;329,6;"CAPIVARI DE BAIXO";"Sim";"Ingestao de alcool";1;"Saida de leito carrocavel";"Com Vitimas Feridas";"Plena Noite";"Crescente";"Ceu Claro";"Dupla";"Reta";"Sim";270525;"Automóvel";"GM/CLASSIC LIFE";2004;"Condutor";"Lesoes Leves";53;"Masculino";0;1;0;0;"-28.4491852";"-48.97077776";"SR-SC";"DEL8/2";"UOP01/SC"
152452;334725;2018-08-12;"domingo";"00:25:00";"GO";40;3,9;"VALPARAISO DE GOIAS";"Sim";"Ingestao de alcool";1;"Saida de leito carrocavel";"Sem Vitimas";"Plena Noite";"Decrescente";"Ceu Claro";"Simples";"Reta";"Sim";270531;"Automóvel";"VW/GOL 16V";1999;"Passageiro";"Ileso";NA;"Masculino";1;0;0;0;"-16.09340781";"-47.98167229";"SR-DF";"GO";"UOP01/DF"
152452;334728;2018-08-12;"domingo";"00:25:00";"GO";40;3,9;"VALPARAISO DE GOIAS";"Sim";"Ingestao de alcool";1;"Saida de leito carrocavel";"Sem Vitimas";"Plena Noite";"Decrescente";"Ceu Claro";"Simples";"Reta";"Sim";270531;"Automóvel";"VW/GOL 16V";1999;"Passageiro";"Ileso";24;"Feminino";1;0;0;0;"-16.09340781";"-47.98167229";"SR-DF";"GO";"UOP01/DF"
152452;334723;2018-08-12;"domingo";"00:25:00";"GO";40;3,9;"VALPARAISO DE GOIAS";"Sim";"Ingestao de alcool";1;"Saida de leito carrocavel";"Sem Vitimas";"Plena Noite";"Decrescente";"Ceu Claro";"Simples";"Reta";"Sim";270531;"Automóvel";"VW/GOL 16V";1999;"Condutor";"Ileso";29;"Masculino";1;0;0;0;"-16.09340781";"-47.98167229";"SR-DF";"GO";"UOP01/DF"
152452;334727;2018-08-12;"domingo";"00:25:00";"GO";40;3,9;"VALPARAISO DE GOIAS";"Sim";"Ingestao de alcool";1;"Saida de leito carrocavel";"Sem Vitimas";"Plena Noite";"Decrescente";"Ceu Claro";"Simples";"Reta";"Sim";270531;"Automóvel";"VW/GOL 16V";1999;"Passageiro";"Ileso";26;"Feminino";1;0;0;0;"-16.09340781";"-47.98167229";"SR-DF";"GO";"UOP01/DF"
152458;334831;2018-08-11;"sabado";"20:55:00";"PR";280;289;"FLOR DA SERRA DO SUL";"Sim";"Ingestao de alcool";1;"Colisao lateral";"Sem Vitimas";"Plena Noite";"Crescente";"Ceu Claro";"Simples";"Curva";"Nao";272090;"Automóvel";"VW/POLO 1.6";2003;"Condutor";"Ileso";29;"Masculino";1;0;0;0;"-26.250265";"-53.3354";"SR-PR";"DEL7/2";"UOP01/PR"
152458;334830;2018-08-11;"sabado";"20:55:00";"PR";280;289;"FLOR DA SERRA DO SUL";"Sim";"Ingestao de alcool";1;"Colisao lateral";"Sem Vitimas";"Plena Noite";"Crescente";"Ceu Claro";"Simples";"Curva";"Nao";272089;"Motocicleta";"HONDA/CG 150 TITAN KS";2008;"Condutor";"Ileso";20;"Masculino";1;0;0;0;"-26.250265";"-53.3354";"SR-PR";"DEL7/2";"UOP01/PR"
152462;332828;2018-08-12;"domingo";"00:20:00";"BA";407;116,1;"SENHOR DO BONFIM";"Sim";"Ingestao de alcool";1;"Colisao traseira";"Sem Vitimas";"Plena Noite";"Crescente";"Ceu Claro";"Simples";"Reta";"Sim";270504;"Automóvel";"FIAT/UNO MILLE SMART";2000;"Condutor";"Ileso";59;"Masculino";1;0;0;0;"-10.37005607";"-40.16964197";"SR-BA";"DEL10/4";"UOP01/BA"
152462;332826;2018-08-12;"domingo";"00:20:00";"BA";407;116,1;"SENHOR DO BONFIM";"Sim";"Ingestao de alcool";1;"Colisao traseira";"Sem Vitimas";"Plena Noite";"Crescente";"Ceu Claro";"Simples";"Reta";"Sim";270502;"Caminhao";"VW/24.250 CNC 6X2";2011;"Condutor";"Ileso";29;"Masculino";1;0;0;0;"-10.37005607";"-40.16964197";"SR-BA";"DEL10/4";"UOP01/BA"
152476;332925;2018-08-12;"domingo";"03:30:00";"RJ";116;265;"BARRA MANSA";"Sim";"Ingestao de alcool";1;"Colisao com objeto estatico";"Com Vitimas Feridas";"Plena Noite";"Crescente";"Ceu Claro";"Dupla";"Reta";"Sim";270590;"Automóvel";"VW/NOVO VOYAGE 1.6 CITY";2013;"Condutor";"Lesoes Graves";31;"Masculino";0;0;1;0;"-22.55937473";"-44.12349701";"SR-RJ";"DEL5/7";"UOP02/RJ"
152486;334619;2018-08-12;"domingo";"03:00:00";"RO";319;63;"PORTO VELHO";"Sim";"Ingestao de alcool";1;"Colisao lateral";"Sem Vitimas";"Plena Noite";"Decrescente";"Garoa/Chuvisco";"Dupla";"Reta";"Sim";270556;"Automóvel";"I/FIAT SIENA EL FLEX";2010;"Condutor";"Ileso";59;"Masculino";1;0;0;0;"-8.753036";"-63.886997";"SR-RO";"DEL21/1";"UOP01/RO"
152486;334620;2018-08-12;"domingo";"03:00:00";"RO";319;63;"PORTO VELHO";"Sim";"Ingestao de alcool";1;"Colisao lateral";"Sem Vitimas";"Plena Noite";"Decrescente";"Garoa/Chuvisco";"Dupla";"Reta";"Sim";270557;"Automóvel";"CHEVROLET/CELTA 1.0L LT";2011;"Condutor";"Ileso";40;"Masculino";1;0;0;0;"-8.753036";"-63.886997";"SR-RO";"DEL21/1";"UOP01/RO"
152524;333041;2018-08-12;"domingo";"09:15:00";"PR";369;85,5;"CORNELIO PROCOPIO";"Sim";"Ingestao de alcool";1;"Saida de leito carrocavel";"Com Vitimas Feridas";"Pleno dia";"Crescente";"Ceu Claro";"Simples";"Intersecao de vias";"Sim";270712;"Motocicleta";"YAMAHA/FACTOR YBR125 K";2010;"Condutor";"Ileso";33;"Masculino";1;0;0;0;"-23.17354391";"-50.61992342";"SR-PR";"DEL7/7";"UOP06/PR"
152524;333042;2018-08-12;"domingo";"09:15:00";"PR";369;85,5;"CORNELIO PROCOPIO";"Sim";"Ingestao de alcool";1;"Saida de leito carrocavel";"Com Vitimas Feridas";"Pleno dia";"Crescente";"Ceu Claro";"Simples";"Intersecao de vias";"Sim";270712;"Motocicleta";"YAMAHA/FACTOR YBR125 K";2010;"Passageiro";"Lesoes Leves";30;"Masculino";0;1;0;0;"-23.17354391";"-50.61992342";"SR-PR";"DEL7/7";"UOP06/PR"
152538;335264;2018-08-12;"domingo";"13:00:00";"ES";262;40;"DOMINGOS MARTINS";"Sim";"Ingestao de alcool";1;"Colisao transversal";"Sem Vitimas";"Pleno dia";"Crescente";"Ceu Claro";"Simples";"Intersecao de vias";"Sim";272450;"Caminhonete";"FIAT/STRADA ADVENTURE CD";2010;"Condutor";"Ileso";39;"Masculino";1;0;0;0;"-20.3821";"-40.6354";"SR-ES";"DEL12/1";"UOP01/ES"
152538;335266;2018-08-12;"domingo";"13:00:00";"ES";262;40;"DOMINGOS MARTINS";"Sim";"Ingestao de alcool";1;"Colisao transversal";"Sem Vitimas";"Pleno dia";"Crescente";"Ceu Claro";"Simples";"Intersecao de vias";"Sim";272452;"Automóvel";"FIAT/LINEA ABSOLUTE DUAL";2008;"Condutor";"Ileso";43;"Masculino";1;0;0;0;"-20.3821";"-40.6354";"SR-ES";"DEL12/1";"UOP01/ES"
152554;333072;2018-08-12;"domingo";"16:50:00";"SC";470;68;"INDAIAL";"Sim";"Ingestao de alcool";1;"Colisao traseira";"Sem Vitimas";"Pleno dia";"Decrescente";"Ceu Claro";"Dupla";"Ponte";"Sim";270751;"Automóvel";"GM/ZAFIRA 2.0 16V";2001;"Condutor";"Ileso";31;"Masculino";1;0;0;0;"-26.877615";"-49.239231";"SR-SC";"DEL8/4";"UOP01/SC"
152554;333092;2018-08-12;"domingo";"16:50:00";"SC";470;68;"INDAIAL";"Sim";"Ingestao de alcool";1;"Colisao traseira";"Sem Vitimas";"Pleno dia";"Decrescente";"Ceu Claro";"Dupla";"Ponte";"Sim";270752;"Caminhonete";"FIAT/TORO FREEDOM AT";2017;"Condutor";"Ileso";61;"Masculino";1;0;0;0;"-26.877615";"-49.239231";"SR-SC";"DEL8/4";"UOP01/SC"
152571;335040;2018-08-12;"domingo";"18:30:00";"PR";369;242,7;"JANDAIA DO SUL";"Sim";"Ingestao de alcool";1;"Saida de leito carrocavel";"Com Vitimas Feridas";"Plena Noite";"Decrescente";"Ceu Claro";"Simples";"Reta";"Nao";272257;"Automóvel";"GM/CHEVETTE DL";1990;"Condutor";"Lesoes Graves";19;"Masculino";0;0;1;0;"-23.69814963";"-51.71453467";"SR-PR";"DEL7/7";"UOP03/PR"
152571;335041;2018-08-12;"domingo";"18:30:00";"PR";369;242,7;"JANDAIA DO SUL";"Sim";"Ingestao de alcool";1;"Saida de leito carrocavel";"Com Vitimas Feridas";"Plena Noite";"Decrescente";"Ceu Claro";"Simples";"Reta";"Nao";272257;"Automóvel";"GM/CHEVETTE DL";1990;"Passageiro";"Lesoes Graves";20;"Masculino";0;0;1;0;"-23.69814963";"-51.71453467";"SR-PR";"DEL7/7";"UOP03/PR"
152575;333307;2018-08-12;"domingo";"17:50:00";"ES";101;135,9;"LINHARES";"Sim";"Ingestao de alcool";1;"Saida de leito carrocavel";"Com Vitimas Feridas";"Plena Noite";"Crescente";"Nublado";"Simples";"Reta";"Nao";270851;"Automóvel";"TOYOTA/COROLLA XEI20FLEX";2011;"Condutor";"Lesoes Leves";31;"Masculino";0;1;0;0;"-19.28331695";"-40.08707821";"SR-ES";"DEL12/4";"UOP01/ES"
152577;333223;2018-08-12;"domingo";"18:30:00";"ES";101;134;"LINHARES";"Sim";"Ingestao de alcool";1;"Queda de ocupante de veiculo";"Com Vitimas Feridas";"Plena Noite";"Decrescente";"Ceu Claro";"Simples";"Reta";"Nao";270886;"Motocicleta";"HONDA/CG150 TITAN MIX EX";2010;"Condutor";"Lesoes Leves";51;"Masculino";0;1;0;0;"-19.2807951";"-40.08737374";"SR-ES";"DEL12/4";"UOP01/ES"
152585;335172;2018-08-12;"domingo";"02:10:00";"SP";116;5;"QUELUZ";"Sim";"Ingestao de alcool";1;"Colisao com objeto estatico";"Sem Vitimas";"Plena Noite";"Crescente";"Nublado";"Dupla";"Reta";"Nao";270713;"Caminhao-trator";"M.BENZ/AXOR 2536 S";2015;"Testemunha";"Nao Informado";NA;"Nao Informado";0;0;0;0;"-22.529476";"-44.744602";"SR-SP";"DEL6/8";"UOP01/SP"
152585;335168;2018-08-12;"domingo";"02:10:00";"SP";116;5;"QUELUZ";"Sim";"Ingestao de alcool";1;"Colisao com objeto estatico";"Sem Vitimas";"Plena Noite";"Crescente";"Nublado";"Dupla";"Reta";"Nao";270713;"Caminhao-trator";"M.BENZ/AXOR 2536 S";2015;"Condutor";"Ileso";32;"Masculino";1;0;0;0;"-22.529476";"-44.744602";"SR-SP";"DEL6/8";"UOP01/SP"
152587;334663;2018-08-12;"domingo";"17:25:00";"GO";80;50;"PADRE BERNARDO";"Sim";"Ingestao de alcool";1;"Colisao lateral";"Com Vitimas Feridas";"Anoitecer";"Decrescente";"Ignorado";"Simples";"Desvio Temporario";"Nao";270869;"Automóvel";"VW/VOYAGE S";1983;"Condutor";"Lesoes Leves";37;"Masculino";0;1;0;0;"-15.21628234";"-48.59493256";"SR-DF";"GO";"UOP06/DF"
152587;334668;2018-08-12;"domingo";"17:25:00";"GO";80;50;"PADRE BERNARDO";"Sim";"Ingestao de alcool";1;"Colisao lateral";"Com Vitimas Feridas";"Anoitecer";"Decrescente";"Ignorado";"Simples";"Desvio Temporario";"Nao";270870;"Automóvel";"GM/CORSA MILENIUM";2001;"Condutor";"Lesoes Leves";45;"Masculino";0;1;0;0;"-15.21628234";"-48.59493256";"SR-DF";"GO";"UOP06/DF"
152587;334671;2018-08-12;"domingo";"17:25:00";"GO";80;50;"PADRE BERNARDO";"Sim";"Ingestao de alcool";1;"Colisao lateral";"Com Vitimas Feridas";"Anoitecer";"Decrescente";"Ignorado";"Simples";"Desvio Temporario";"Nao";270870;"Automóvel";"GM/CORSA MILENIUM";2001;"Passageiro";"Lesoes Leves";23;"Feminino";0;1;0;0;"-15.21628234";"-48.59493256";"SR-DF";"GO";"UOP06/DF"
152587;334664;2018-08-12;"domingo";"17:25:00";"GO";80;50;"PADRE BERNARDO";"Sim";"Ingestao de alcool";1;"Colisao lateral";"Com Vitimas Feridas";"Anoitecer";"Decrescente";"Ignorado";"Simples";"Desvio Temporario";"Nao";270869;"Automóvel";"VW/VOYAGE S";1983;"Passageiro";"Lesoes Graves";44;"Masculino";0;0;1;0;"-15.21628234";"-48.59493256";"SR-DF";"GO";"UOP06/DF"
152587;334669;2018-08-12;"domingo";"17:25:00";"GO";80;50;"PADRE BERNARDO";"Sim";"Ingestao de alcool";1;"Colisao lateral";"Com Vitimas Feridas";"Anoitecer";"Decrescente";"Ignorado";"Simples";"Desvio Temporario";"Nao";270870;"Automóvel";"GM/CORSA MILENIUM";2001;"Passageiro";"Lesoes Leves";34;"Masculino";0;1;0;0;"-15.21628234";"-48.59493256";"SR-DF";"GO";"UOP06/DF"
152587;334670;2018-08-12;"domingo";"17:25:00";"GO";80;50;"PADRE BERNARDO";"Sim";"Ingestao de alcool";1;"Colisao lateral";"Com Vitimas Feridas";"Anoitecer";"Decrescente";"Ignorado";"Simples";"Desvio Temporario";"Nao";270870;"Automóvel";"GM/CORSA MILENIUM";2001;"Passageiro";"Lesoes Leves";18;"Masculino";0;1;0;0;"-15.21628234";"-48.59493256";"SR-DF";"GO";"UOP06/DF"
152587;334675;2018-08-12;"domingo";"17:25:00";"GO";80;50;"PADRE BERNARDO";"Sim";"Ingestao de alcool";1;"Colisao lateral";"Com Vitimas Feridas";"Anoitecer";"Decrescente";"Ignorado";"Simples";"Desvio Temporario";"Nao";270870;"Automóvel";"GM/CORSA MILENIUM";2001;"Passageiro";"Lesoes Leves";13;"Masculino";0;1;0;0;"-15.21628234";"-48.59493256";"SR-DF";"GO";"UOP06/DF"
152601;333015;2018-08-12;"domingo";"18:30:00";"MS";163;742;"COXIM";"Sim";"Ingestao de alcool";1;"Colisao com objeto estatico";"Sem Vitimas";"Plena Noite";"Crescente";"Ceu Claro";"Simples";"Nao Informado";"Nao";270689;"Automóvel";"VW/VOYAGE PLUS";1990;"Condutor";"Ileso";46;"Masculino";1;0;0;0;"-18.40757397";"-54.67859841";"SR-MS";"DEL3/6";"UOP01/MS"
152619;334842;2018-08-12;"domingo";"20:10:00";"PA";163;1004;"SANTAREM";"Nao";"Ingestao de alcool";1;"Colisao lateral";"Sem Vitimas";"Plena Noite";"Decrescente";"Ceu Claro";"Dupla";"Reta";"Sim";272102;"Automóvel";"FIAT/PALIO ELX";2002;"Condutor";"Ileso";42;"Masculino";1;0;0;0;"-2.43423487";"-54.73374785";"SR-PA";"DEL19/5";"UOP01/PA"
152619;334841;2018-08-12;"domingo";"20:10:00";"PA";163;1004;"SANTAREM";"Nao";"Ingestao de alcool";1;"Colisao lateral";"Sem Vitimas";"Plena Noite";"Decrescente";"Ceu Claro";"Dupla";"Reta";"Sim";272101;"Automóvel";"VW/VOYAGE CL MA";2015;"Condutor";"Ileso";32;"Masculino";1;0;0;0;"-2.43423487";"-54.73374785";"SR-PA";"DEL19/5";"UOP01/PA"
152623;333313;2018-08-12;"domingo";"18:42:00";"PA";316;53;"CASTANHAL";"Sim";"Ingestao de alcool";1;"Saida de leito carrocavel";"Sem Vitimas";"Plena Noite";"Crescente";"Nublado";"Dupla";"Reta";"Sim";270835;"Automóvel";"I/FORD FIESTA SE";2013;"Condutor";"Ileso";34;"Masculino";1;0;0;0;"-1.30597249";"-48.0105114";"SR-PA";"DEL19/1";"UOP02/PA"
152639;333817;2018-08-12;"domingo";"20:00:00";"PE";316;49,2;"TRINDADE";"Nao";"Ingestao de alcool";1;"Colisao traseira";"Com Vitimas Fatais";"Plena Noite";"Crescente";"Ceu Claro";"Simples";"Reta";"Nao";270843;"Micro-ônibus";"FIAT/DUCATO COMBINATO";2002;"Condutor";"Nao Informado";NA;"Nao Informado";0;0;0;0;"-7.713071";"-40.328368";"SR-PE";"DEL11/5";"UOP02/PE"
152639;333160;2018-08-12;"domingo";"20:00:00";"PE";316;49,2;"TRINDADE";"Nao";"Ingestao de alcool";1;"Colisao traseira";"Com Vitimas Fatais";"Plena Noite";"Crescente";"Ceu Claro";"Simples";"Reta";"Nao";270842;"Motoneta";"SUNDOWN/WEB 100";2006;"Passageiro";"Óbito";21;"Masculino";0;0;0;1;"-7.713071";"-40.328368";"SR-PE";"DEL11/5";"UOP02/PE"
152639;333159;2018-08-12;"domingo";"20:00:00";"PE";316;49,2;"TRINDADE";"Nao";"Ingestao de alcool";1;"Colisao traseira";"Com Vitimas Fatais";"Plena Noite";"Crescente";"Ceu Claro";"Simples";"Reta";"Nao";270842;"Motoneta";"SUNDOWN/WEB 100";2006;"Condutor";"Óbito";26;"Masculino";0;0;0;1;"-7.713071";"-40.328368";"SR-PE";"DEL11/5";"UOP02/PE"
152640;334987;2018-08-12;"domingo";"21:15:00";"MG";262;803;"UBERABA";"Sim";"Ingestao de alcool";1;"Tombamento";"Com Vitimas Feridas";"Plena Noite";"Decrescente";"Ceu Claro";"Dupla";"Intersecao de vias";"Sim";270834;"Motocicleta";"JTA/SUZUKI INTRUDER 125";2007;"Condutor";"Lesoes Graves";52;"Feminino";0;0;1;0;"-19.775097";"-47.972019";"SR-MG";"DEL4/15";"UOP01/MG"
152643;333275;2018-08-12;"domingo";"21:00:00";"PR";116;103;"SAO JOSE DOS PINHAIS";"Sim";"Ingestao de alcool";1;"Queda de ocupante de veiculo";"Com Vitimas Feridas";"Plena Noite";"Decrescente";"Ceu Claro";"Dupla";"Curva";"Nao";270760;"Automóvel";"IMP/FIAT TIPO 1.6 IE";1994;"Condutor";"Ileso";43;"Masculino";1;0;0;0;"-25.559525";"-49.151039";"SR-PR";"DEL7/1";"UOP01/PR"
152643;333279;2018-08-12;"domingo";"21:00:00";"PR";116;103;"SAO JOSE DOS PINHAIS";"Sim";"Ingestao de alcool";1;"Queda de ocupante de veiculo";"Com Vitimas Feridas";"Plena Noite";"Decrescente";"Ceu Claro";"Dupla";"Curva";"Nao";270760;"Automóvel";"IMP/FIAT TIPO 1.6 IE";1994;"Passageiro";"Ileso";24;"Feminino";1;0;0;0;"-25.559525";"-49.151039";"SR-PR";"DEL7/1";"UOP01/PR"
152643;333276;2018-08-12;"domingo";"21:00:00";"PR";116;103;"SAO JOSE DOS PINHAIS";"Sim";"Ingestao de alcool";1;"Queda de ocupante de veiculo";"Com Vitimas Feridas";"Plena Noite";"Decrescente";"Ceu Claro";"Dupla";"Curva";"Nao";270760;"Automóvel";"IMP/FIAT TIPO 1.6 IE";1994;"Passageiro";"Lesoes Leves";19;"Masculino";0;1;0;0;"-25.559525";"-49.151039";"SR-PR";"DEL7/1";"UOP01/PR"
152645;333146;2018-08-12;"domingo";"18:45:00";"ES";101;396,8;"RIO NOVO DO SUL";"Sim";"Ingestao de alcool";1;"Saida de leito carrocavel";"Com Vitimas Feridas";"Plena Noite";"Crescente";"Ceu Claro";"Simples";"Reta";"Sim";270810;"Motocicleta";"HONDA/CG 150 TITAN EX";2012;"Passageiro";"Lesoes Leves";30;"Feminino";0;1;0;0;"-20.86737347";"-40.93887806";"SR-ES";"DEL12/3";"UOP02/ES"
152645;333128;2018-08-12;"domingo";"18:45:00";"ES";101;396,8;"RIO NOVO DO SUL";"Sim";"Ingestao de alcool";1;"Saida de leito carrocavel";"Com Vitimas Feridas";"Plena Noite";"Crescente";"Ceu Claro";"Simples";"Reta";"Sim";270810;"Motocicleta";"HONDA/CG 150 TITAN EX";2012;"Condutor";"Lesoes Leves";49;"Masculino";0;1;0;0;"-20.86737347";"-40.93887806";"SR-ES";"DEL12/3";"UOP02/ES"
152650;333097;2018-08-12;"domingo";"18:00:00";"BA";110;79;"JEREMOABO";"Sim";"Ingestao de alcool";1;"Capotamento";"Sem Vitimas";"Anoitecer";"Decrescente";"Ceu Claro";"Simples";"Curva";"Nao";270778;"Automóvel";"FIAT/UNO MILLE EX";1999;"Condutor";"Ileso";65;"Masculino";1;0;0;0;"-10.0908";"-38.3214";"SR-BA";"DEL10/7";"UOP01/BA"
152651;334963;2018-08-12;"domingo";"21:30:00";"MG";267;148;"LIMA DUARTE";"Sim";"Ingestao de alcool";1;"Colisao com objeto estatico";"Com Vitimas Feridas";"Plena Noite";"Crescente";"Ceu Claro";"Simples";"Intersecao de vias";"Nao";270882;"Caminhonete";"FIAT/STRADA ADVENT FLEX";2012;"Condutor";"Lesoes Leves";52;"Masculino";0;1;0;0;"-21.7953244";"-43.67749823";"SR-MG";"DEL4/5";"UOP01/MG"
152669;335181;2018-08-12;"domingo";"22:20:00";"PA";316;6;"ANANINDEUA";"Nao";"Ingestao de alcool";1;"Colisao transversal";"Com Vitimas Feridas";"Plena Noite";"Crescente";"Ceu Claro";"Dupla";"Reta";"Sim";272290;"Automóvel";"FIAT/PALIO ELX";2000;"Condutor";"Ileso";32;"Masculino";1;0;0;0;"-1.37590534";"-48.39033365";"SR-PA";"DEL19/1";"UOP01/PA"
152669;335182;2018-08-12;"domingo";"22:20:00";"PA";316;6;"ANANINDEUA";"Nao";"Ingestao de alcool";1;"Colisao transversal";"Com Vitimas Feridas";"Plena Noite";"Crescente";"Ceu Claro";"Dupla";"Reta";"Sim";272303;"Motocicleta";"HONDA/CG150 FAN ESDI";2012;"Condutor";"Lesoes Graves";NA;"Masculino";0;0;1;0;"-1.37590534";"-48.39033365";"SR-PA";"DEL19/1";"UOP01/PA"
152679;335164;2018-08-12;"domingo";"21:30:00";"RS";470;203;"BENTO GONCALVES";"Sim";"Ingestao de alcool";1;"Saida de leito carrocavel";"Sem Vitimas";"Plena Noite";"Crescente";"Ceu Claro";"Simples";"Curva";"Nao";272372;"Caminhonete";"VW/SAVEIRO 1.8";2000;"Condutor";"Ileso";51;"Masculino";1;0;0;0;"-29.07552521";"-51.57119751";"SR-RS";"DEL9/6";"UOP01/RS"
152683;334155;2018-08-12;"domingo";"22:40:00";"SP";116;104,6;"TAUBATE";"Sim";"Ingestao de alcool";1;"Colisao com objeto estatico";"Sem Vitimas";"Plena Noite";"Decrescente";"Ceu Claro";"Dupla";"Reta";"Nao";271572;"Automóvel";"VW/GOLF";2002;"Condutor";"Ileso";27;"Masculino";1;0;0;0;"-23.00342";"-45.506306";"SR-SP";"DEL6/6";"UOP01/SP"
152684;335193;2018-08-12;"domingo";"22:40:00";"MG";459;95;"POUSO ALEGRE";"Sim";"Ingestao de alcool";1;"Colisao frontal";"Com Vitimas Feridas";"Plena Noite";"Crescente";"Ceu Claro";"Simples";"Curva";"Nao";270883;"Automóvel";"FIAT/UNO MILLE SMART";2001;"Condutor";"Lesoes Leves";NA;"Masculino";0;1;0;0;"-22.189781";"-45.983028";"SR-MG";"DEL4/13";"UOP01/MG"
152684;335203;2018-08-12;"domingo";"22:40:00";"MG";459;95;"POUSO ALEGRE";"Sim";"Ingestao de alcool";1;"Colisao frontal";"Com Vitimas Feridas";"Plena Noite";"Crescente";"Ceu Claro";"Simples";"Curva";"Nao";270884;"Caminhonete";"FORD/F1000 HSD XL";1996;"Condutor";"Ileso";38;"Masculino";1;0;0;0;"-22.189781";"-45.983028";"SR-MG";"DEL4/13";"UOP01/MG"
152690;335257;2018-08-13;"segunda-feira";"01:45:00";"MG";356;278,9;"EUGENOPOLIS";"Sim";"Ingestao de alcool";1;"Colisao frontal";"Com Vitimas Feridas";"Plena Noite";"Crescente";"Ceu Claro";"Simples";"Curva";"Nao";271009;"Caminhonete";"IVECO/DAILY 35S14HDCS";2011;"Condutor";"Ileso";42;"Masculino";1;0;0;0;"-21.12681365";"-42.26201445";"SR-MG";"DEL4/7";"UOP02/MG"
152690;335258;2018-08-13;"segunda-feira";"01:45:00";"MG";356;278,9;"EUGENOPOLIS";"Sim";"Ingestao de alcool";1;"Colisao frontal";"Com Vitimas Feridas";"Plena Noite";"Crescente";"Ceu Claro";"Simples";"Curva";"Nao";271010;"Automóvel";"FIAT/ELBA WEEKEND";1993;"Condutor";"Lesoes Graves";52;"Masculino";0;0;1;0;"-21.12681365";"-42.26201445";"SR-MG";"DEL4/7";"UOP02/MG"
152691;333362;2018-08-13;"segunda-feira";"01:20:00";"SC";163;69,6;"SAO MIGUEL DO OESTE";"Sim";"Ingestao de alcool";1;"Saida de leito carrocavel";"Sem Vitimas";"Plena Noite";"Decrescente";"Ceu Claro";"Dupla";"Reta";"Sim";270895;"Automóvel";"HONDA/CIVIC LXS FLEX";2008;"Condutor";"Ileso";38;"Masculino";1;0;0;0;"-26.72685883";"-53.51296663";"SR-SC";"DEL8/8";"UOP03/SC"
152693;333264;2018-08-13;"segunda-feira";"02:00:00";"RS";285;674,2;"SAO BORJA";"Sim";"Ingestao de alcool";1;"Saida de leito carrocavel";"Sem Vitimas";"Plena Noite";"Crescente";"Ceu Claro";"Simples";"Curva";"Nao";270897;"Automóvel";"GM/PRISMA MAXX";2006;"Condutor";"Ileso";55;"Masculino";1;0;0;0;"-28.65481745";"-55.97877502";"SR-RS";"DEL9/12";"UOP01/RS"
152697;333343;2018-08-13;"segunda-feira";"01:15:00";"SC";282;497,5;"XANXERE";"Sim";"Ingestao de alcool";1;"Colisao traseira";"Sem Vitimas";"Plena Noite";"Crescente";"Ceu Claro";"Simples";"Reta";"Nao";270950;"Automóvel";"FIAT/PUNTO ESSENCE 1.8";2010;"Condutor";"Ileso";35;"Masculino";1;0;0;0;"-26.880062";"-52.344685";"SR-SC";"DEL8/8";"UOP01/SC"
152697;333340;2018-08-13;"segunda-feira";"01:15:00";"SC";282;497,5;"XANXERE";"Sim";"Ingestao de alcool";1;"Colisao traseira";"Sem Vitimas";"Plena Noite";"Crescente";"Ceu Claro";"Simples";"Reta";"Nao";270949;"Automóvel";"FIAT/PALIO ELX";2001;"Condutor";"Nao Informado";NA;"Nao Informado";0;0;0;0;"-26.880062";"-52.344685";"SR-SC";"DEL8/8";"UOP01/SC"
152700;333286;2018-08-13;"segunda-feira";"02:30:00";"DF";70;13;"BRASILIA";"Sim";"Ingestao de alcool";1;"Colisao com objeto estatico";"Com Vitimas Feridas";"Plena Noite";"Crescente";"Ceu Claro";"Dupla";"Rotatória";"Sim";270911;"Automóvel";"VW/GOL CL";1989;"Condutor";"Lesoes Leves";30;"Masculino";0;1;0;0;"-15.79594948";"-48.17268848";"SR-DF";"DF";"UOP06/DF"
152700;333287;2018-08-13;"segunda-feira";"02:30:00";"DF";70;13;"BRASILIA";"Sim";"Ingestao de alcool";1;"Colisao com objeto estatico";"Com Vitimas Feridas";"Plena Noite";"Crescente";"Ceu Claro";"Dupla";"Rotatória";"Sim";270911;"Automóvel";"VW/GOL CL";1989;"Passageiro";"Lesoes Leves";38;"Masculino";0;1;0;0;"-15.79594948";"-48.17268848";"SR-DF";"DF";"UOP06/DF"
152706;333392;2018-08-13;"segunda-feira";"04:00:00";"RS";116;128,7;"SAO MARCOS";"Sim";"Ingestao de alcool";1;"Colisao lateral";"Com Vitimas Feridas";"Plena Noite";"Crescente";"Nevoeiro/Neblina";"Simples";"Curva";"Nao";270990;"Caminhao-trator";"SCANIA/L111S";1980;"Condutor";"Ileso";64;"Masculino";1;0;0;0;"-29.0366042";"-51.10431612";"SR-RS";"DEL9/5";"UOP01/RS"