"id";"pesid";"data_inversa";"dia_semana";"horario";"uf";"br";"km";"municipio";"causa_principal";"causa_acidente";"ordem_tipo_acidente";"tipo_acidente";"classificacao_acidente";"fase_dia";"sentido_via";"condicao_metereologica";"tipo_pista";"tracado_via";"uso_solo";"id_veiculo";"tipo_veiculo";"marca";"ano_fabricacao_veiculo";"tipo_envolvido";"estado_fisico";"idade";"sexo";"ilesos";"feridos_leves";"feridos_graves";"mortos";"latitude";"longitude";"regional";"delegacia";"uop"
153557;335448;2018-03-24;"sabado";"19:00:00";"PR";376;384,9;"IMBAU";"Sim";"Ingestao de alcool e/ou substâncias psicoativas pelo pedestre";1;"Atropelamento de Pedestre";"Com Vitimas Feridas";"Plena Noite";"Crescente";"Ceu Claro";"Dupla";"Reta";"Sim";272614;"Automóvel";"FIAT/BRAVO ESSENCE DUAL";2012;"Condutor";"Ileso";37;"Masculino";1;0;0;0;"-24.44197301";"-50.76161027";"SR-PR";"DEL7/3";"UOP05/PR"
153557;335451;2018-03-24;"sabado";"19:00:00";"PR";376;384,9;"IMBAU";"Sim";"Ingestao de alcool e/ou substâncias psicoativas pelo pedestre";1;"Atropelamento de Pedestre";"Com Vitimas Feridas";"Plena Noite";"Crescente";"Ceu Claro";"Dupla";"Reta";"Sim";272614;"Automóvel";"FIAT/BRAVO ESSENCE DUAL";2012;"Pedestre";"Lesoes Graves";45;"Masculino";0;0;1;0;"-24.44197301";"-50.76161027";"SR-PR";"DEL7/3";"UOP05/PR"
153587;337416;2018-08-17;"sexta-feira";"14:30:00";"SC";101;132;"BALNEARIO CAMBORIU";"Nao";"Ingestao de alcool";1;"Colisao lateral";"Com Vitimas Feridas";"Pleno dia";"Decrescente";"Ceu Claro";"Dupla";"Intersecao de vias";"Sim";272796;"Motocicleta";"HONDA/CG 150 TITAN KS";2006;"Condutor";"Lesoes Leves";50;"Masculino";0;1;0;0;"-26.9992";"-48.646";"SR-SC";"DEL8/4";"UOP03/SC"
153587;337418;2018-08-17;"sexta-feira";"14:30:00";"SC";101;132;"BALNEARIO CAMBORIU";"Nao";"Ingestao de alcool";1;"Colisao lateral";"Com Vitimas Feridas";"Pleno dia";"Decrescente";"Ceu Claro";"Dupla";"Intersecao de vias";"Sim";274212;"Bicicleta";"";NA;"Condutor";"Lesoes Leves";31;"Masculino";0;1;0;0;"-26.9992";"-48.646";"SR-SC";"DEL8/4";"UOP03/SC"
153642;335708;2018-08-17;"sexta-feira";"18:40:00";"SC";280;3,9;"SAO FRANCISCO DO SUL";"Sim";"Ingestao de alcool";1;"Colisao transversal";"Com Vitimas Feridas";"Plena Noite";"Decrescente";"Nublado";"Simples";"Reta";"Nao";272839;"Automóvel";"FORD/KA SE 1.5 SD";2015;"Condutor";"Ileso";42;"Masculino";1;0;0;0;"-26.245319";"-48.615562";"SR-SC";"DEL8/3";"UOP03/SC"
153642;335705;2018-08-17;"sexta-feira";"18:40:00";"SC";280;3,9;"SAO FRANCISCO DO SUL";"Sim";"Ingestao de alcool";1;"Colisao transversal";"Com Vitimas Feridas";"Plena Noite";"Decrescente";"Nublado";"Simples";"Reta";"Nao";272838;"Bicicleta";"";NA;"Condutor";"Lesoes Leves";41;"Masculino";0;1;0;0;"-26.245319";"-48.615562";"SR-SC";"DEL8/3";"UOP03/SC"
153645;335564;2018-07-07;"sabado";"23:50:00";"ES";101;62;"SAO MATEUS";"Sim";"Ingestao de alcool";1;"Colisao frontal";"Com Vitimas Feridas";"Plena Noite";"Crescente";"Ceu Claro";"Simples";"Reta";"Sim";272720;"Motocicleta";"HONDA/CB 300R";2012;"Condutor";"Lesoes Graves";34;"Masculino";0;0;1;0;"-18.690258";"-39.861557";"SR-ES";"DEL12/4";"UOP02/ES"
153645;335565;2018-07-07;"sabado";"23:50:00";"ES";101;62;"SAO MATEUS";"Sim";"Ingestao de alcool";1;"Colisao frontal";"Com Vitimas Feridas";"Plena Noite";"Crescente";"Ceu Claro";"Simples";"Reta";"Sim";272721;"Automóvel";"FORD/FIESTA FLEX";2013;"Condutor";"Ileso";35;"Masculino";1;0;0;0;"-18.690258";"-39.861557";"SR-ES";"DEL12/4";"UOP02/ES"
153657;337580;2018-08-17;"sexta-feira";"18:40:00";"RN";101;5,4;"TOUROS";"Nao";"Ingestao de alcool";1;"Colisao transversal";"Com Vitimas Feridas";"Plena Noite";"Crescente";"Ceu Claro";"Simples";"Reta";"Nao";272878;"Automóvel";"CHEVROLET/CLASSIC LS";2010;"Condutor";"Ileso";40;"Masculino";1;0;0;0;"-5.20393335";"-35.49576938";"SR-RN";"DEL15/2";"UOP01/RN"
153657;337594;2018-08-17;"sexta-feira";"18:40:00";"RN";101;5,4;"TOUROS";"Nao";"Ingestao de alcool";1;"Colisao transversal";"Com Vitimas Feridas";"Plena Noite";"Crescente";"Ceu Claro";"Simples";"Reta";"Nao";272879;"Motocicleta";"HONDA/CG 125 FAN KS";2010;"Passageiro";"Lesoes Graves";56;"Masculino";0;0;1;0;"-5.20393335";"-35.49576938";"SR-RN";"DEL15/2";"UOP01/RN"
153657;337581;2018-08-17;"sexta-feira";"18:40:00";"RN";101;5,4;"TOUROS";"Nao";"Ingestao de alcool";1;"Colisao transversal";"Com Vitimas Feridas";"Plena Noite";"Crescente";"Ceu Claro";"Simples";"Reta";"Nao";272878;"Automóvel";"CHEVROLET/CLASSIC LS";2010;"Passageiro";"Lesoes Leves";34;"Feminino";0;1;0;0;"-5.20393335";"-35.49576938";"SR-RN";"DEL15/2";"UOP01/RN"
153657;337588;2018-08-17;"sexta-feira";"18:40:00";"RN";101;5,4;"TOUROS";"Nao";"Ingestao de alcool";1;"Colisao transversal";"Com Vitimas Feridas";"Plena Noite";"Crescente";"Ceu Claro";"Simples";"Reta";"Nao";272879;"Motocicleta";"HONDA/CG 125 FAN KS";2010;"Condutor";"Lesoes Leves";55;"Masculino";0;1;0;0;"-5.20393335";"-35.49576938";"SR-RN";"DEL15/2";"UOP01/RN"
153678;337406;2018-08-17;"sexta-feira";"20:25:00";"ES";101;143;"LINHARES";"Sim";"Ingestao de alcool";1;"Colisao traseira";"Com Vitimas Feridas";"Plena Noite";"Crescente";"Ceu Claro";"Dupla";"Reta";"Sim";272868;"Automóvel";"FIAT/UNO ELECTRONIC";1994;"Passageiro";"Lesoes Leves";45;"Masculino";0;1;0;0;"-19.55602423";"-40.17250389";"SR-ES";"DEL12/4";"UOP01/ES"
153678;337408;2018-08-17;"sexta-feira";"20:25:00";"ES";101;143;"LINHARES";"Sim";"Ingestao de alcool";1;"Colisao traseira";"Com Vitimas Feridas";"Plena Noite";"Crescente";"Ceu Claro";"Dupla";"Reta";"Sim";272868;"Automóvel";"FIAT/UNO ELECTRONIC";1994;"Testemunha";"Nao Informado";NA;"Nao Informado";0;0;0;0;"-19.55602423";"-40.17250389";"SR-ES";"DEL12/4";"UOP01/ES"
153678;337405;2018-08-17;"sexta-feira";"20:25:00";"ES";101;143;"LINHARES";"Sim";"Ingestao de alcool";1;"Colisao traseira";"Com Vitimas Feridas";"Plena Noite";"Crescente";"Ceu Claro";"Dupla";"Reta";"Sim";272868;"Automóvel";"FIAT/UNO ELECTRONIC";1994;"Condutor";"Lesoes Leves";56;"Masculino";0;1;0;0;"-19.55602423";"-40.17250389";"SR-ES";"DEL12/4";"UOP01/ES"
153678;337403;2018-08-17;"sexta-feira";"20:25:00";"ES";101;143;"LINHARES";"Sim";"Ingestao de alcool";1;"Colisao traseira";"Com Vitimas Feridas";"Plena Noite";"Crescente";"Ceu Claro";"Dupla";"Reta";"Sim";272867;"Automóvel";"FIAT/PALIO 16V";1996;"Condutor";"Ileso";35;"Masculino";1;0;0;0;"-19.55602423";"-40.17250389";"SR-ES";"DEL12/4";"UOP01/ES"
153692;335760;2018-08-17;"sexta-feira";"20:40:00";"SC";101;358,7;"SANGAO";"Sim";"Ingestao de alcool";1;"Colisao transversal";"Com Vitimas Feridas";"Plena Noite";"Crescente";"Ceu Claro";"Simples";"Viaduto";"Sim";272900;"Automóvel";"RENAULT/SCENIC RT 2.0";1999;"Passageiro";"Lesoes Leves";50;"Masculino";0;1;0;0;"-28.64225263";"-49.10207391";"SR-SC";"DEL8/2";"UOP01/SC"
153692;335762;2018-08-17;"sexta-feira";"20:40:00";"SC";101;358,7;"SANGAO";"Sim";"Ingestao de alcool";1;"Colisao transversal";"Com Vitimas Feridas";"Plena Noite";"Crescente";"Ceu Claro";"Simples";"Viaduto";"Sim";272901;"Automóvel";"VW/GOL 1.0";2003;"Condutor";"Ileso";22;"Masculino";1;0;0;0;"-28.64225263";"-49.10207391";"SR-SC";"DEL8/2";"UOP01/SC"
153692;335757;2018-08-17;"sexta-feira";"20:40:00";"SC";101;358,7;"SANGAO";"Sim";"Ingestao de alcool";1;"Colisao transversal";"Com Vitimas Feridas";"Plena Noite";"Crescente";"Ceu Claro";"Simples";"Viaduto";"Sim";272900;"Automóvel";"RENAULT/SCENIC RT 2.0";1999;"Condutor";"Ileso";45;"Masculino";1;0;0;0;"-28.64225263";"-49.10207391";"SR-SC";"DEL8/2";"UOP01/SC"
153696;339203;2018-08-17;"sexta-feira";"21:20:00";"MG";262;443;"NOVA SERRANA";"Sim";"Ingestao de alcool";1;"Atropelamento de Pedestre";"Com Vitimas Fatais";"Plena Noite";"Crescente";"Ceu Claro";"Dupla";"Reta";"Sim";275579;"Automóvel";"FIAT/PALIO WK ADVEN FLEX";2013;"Condutor";"Ileso";34;"Masculino";1;0;0;0;"-19.880623";"-44.912323";"SR-MG";"DEL4/8";"UOP03/MG"
153696;339206;2018-08-17;"sexta-feira";"21:20:00";"MG";262;443;"NOVA SERRANA";"Sim";"Ingestao de alcool";1;"Atropelamento de Pedestre";"Com Vitimas Fatais";"Plena Noite";"Crescente";"Ceu Claro";"Dupla";"Reta";"Sim";275579;"Automóvel";"FIAT/PALIO WK ADVEN FLEX";2013;"Pedestre";"Óbito";NA;"Masculino";0;0;0;1;"-19.880623";"-44.912323";"SR-MG";"DEL4/8";"UOP03/MG"
153728;337833;2018-08-17;"sexta-feira";"23:00:00";"AC";364;122;"RIO BRANCO";"Sim";"Ingestao de alcool";1;"Atropelamento de Pedestre";"Com Vitimas Feridas";"Plena Noite";"Decrescente";"Ceu Claro";"Dupla";"Reta";"Sim";274491;"Bicicleta";"";NA;"Pedestre";"Nao Informado";NA;"Nao Informado";0;0;0;0;"-10.011882";"-67.773392";"SR-AC";"UOP01/AC";""
153728;337831;2018-08-17;"sexta-feira";"23:00:00";"AC";364;122;"RIO BRANCO";"Sim";"Ingestao de alcool";1;"Atropelamento de Pedestre";"Com Vitimas Feridas";"Plena Noite";"Decrescente";"Ceu Claro";"Dupla";"Reta";"Sim";274491;"Bicicleta";"";NA;"Condutor";"Lesoes Leves";38;"Masculino";0;1;0;0;"-10.011882";"-67.773392";"SR-AC";"UOP01/AC";""
153735;335847;2018-08-17;"sexta-feira";"23:55:00";"MT";364;404;"CUIABA";"Sim";"Ingestao de alcool";1;"Atropelamento de Pedestre";"Com Vitimas Feridas";"Plena Noite";"Crescente";"Ceu Claro";"Dupla";"Reta";"Sim";273001;"Motocicleta";"HONDA/CG 150 TITAN EX";2014;"Condutor";"Lesoes Leves";44;"Masculino";0;1;0;0;"-15.64146772";"-56.02162886";"SR-MT";"DEL2/1";"UOP01/MT"
153735;335848;2018-08-17;"sexta-feira";"23:55:00";"MT";364;404;"CUIABA";"Sim";"Ingestao de alcool";1;"Atropelamento de Pedestre";"Com Vitimas Feridas";"Plena Noite";"Crescente";"Ceu Claro";"Dupla";"Reta";"Sim";273001;"Motocicleta";"HONDA/CG 150 TITAN EX";2014;"Pedestre";"Lesoes Graves";0;"Masculino";0;0;1;0;"-15.64146772";"-56.02162886";"SR-MT";"DEL2/1";"UOP01/MT"
153739;337423;2018-08-17;"sexta-feira";"23:45:00";"MG";262;439,4;"NOVA SERRANA";"Sim";"Ingestao de alcool";1;"Colisao lateral";"Com Vitimas Feridas";"Plena Noite";"Crescente";"Nublado";"Dupla";"Desvio Temporario";"Nao";272988;"Camioneta";"FORD/ECOSPORT XLS 1.6L";2003;"Passageiro";"Lesoes Leves";24;"Masculino";0;1;0;0;"-19.896221";"-44.869728";"SR-MG";"DEL4/8";"UOP03/MG"
153739;337424;2018-08-17;"sexta-feira";"23:45:00";"MG";262;439,4;"NOVA SERRANA";"Sim";"Ingestao de alcool";1;"Colisao lateral";"Com Vitimas Feridas";"Plena Noite";"Crescente";"Nublado";"Dupla";"Desvio Temporario";"Nao";272990;"Automóvel";"FIAT/PALIO FIRE";2015;"Condutor";"Ileso";54;"Masculino";1;0;0;0;"-19.896221";"-44.869728";"SR-MG";"DEL4/8";"UOP03/MG"
153739;337427;2018-08-17;"sexta-feira";"23:45:00";"MG";262;439,4;"NOVA SERRANA";"Sim";"Ingestao de alcool";1;"Colisao lateral";"Com Vitimas Feridas";"Plena Noite";"Crescente";"Nublado";"Dupla";"Desvio Temporario";"Nao";272990;"Automóvel";"FIAT/PALIO FIRE";2015;"Passageiro";"Ileso";55;"Masculino";1;0;0;0;"-19.896221";"-44.869728";"SR-MG";"DEL4/8";"UOP03/MG"
153739;337428;2018-08-17;"sexta-feira";"23:45:00";"MG";262;439,4;"NOVA SERRANA";"Sim";"Ingestao de alcool";1;"Colisao lateral";"Com Vitimas Feridas";"Plena Noite";"Crescente";"Nublado";"Dupla";"Desvio Temporario";"Nao";272990;"Automóvel";"FIAT/PALIO FIRE";2015;"Passageiro";"Ileso";26;"Feminino";1;0;0;0;"-19.896221";"-44.869728";"SR-MG";"DEL4/8";"UOP03/MG"
153739;337420;2018-08-17;"sexta-feira";"23:45:00";"MG";262;439,4;"NOVA SERRANA";"Sim";"Ingestao de alcool";1;"Colisao lateral";"Com Vitimas Feridas";"Plena Noite";"Crescente";"Nublado";"Dupla";"Desvio Temporario";"Nao";272988;"Camioneta";"FORD/ECOSPORT XLS 1.6L";2003;"Condutor";"Lesoes Leves";27;"Masculino";0;1;0;0;"-19.896221";"-44.869728";"SR-MG";"DEL4/8";"UOP03/MG"
153745;335816;2018-08-18;"sabado";"03:30:00";"PR";369;148;"LONDRINA";"Sim";"Ingestao de alcool";1;"Colisao traseira";"Com Vitimas Feridas";"Plena Noite";"Crescente";"Ceu Claro";"Dupla";"Reta";"Sim";272953;"Caminhonete";"GM/S10 EXECUTIVE 2.8 4X4";2006;"Condutor";"Ileso";41;"Masculino";1;0;0;0;"-23.29289452";"-51.14293456";"SR-PR";"DEL7/7";"UOP01/PR"
153745;335817;2018-08-18;"sabado";"03:30:00";"PR";369;148;"LONDRINA";"Sim";"Ingestao de alcool";1;"Colisao traseira";"Com Vitimas Feridas";"Plena Noite";"Crescente";"Ceu Claro";"Dupla";"Reta";"Sim";272954;"Automóvel";"AUDI/A3 1.8";2001;"Condutor";"Lesoes Leves";39;"Masculino";0;1;0;0;"-23.29289452";"-51.14293456";"SR-PR";"DEL7/7";"UOP01/PR"
153749;335822;2018-08-18;"sabado";"04:20:00";"RN";110;48;"MOSSORO";"Nao";"Ingestao de alcool";1;"Colisao frontal";"Com Vitimas Fatais";"Plena Noite";"Crescente";"Ceu Claro";"Simples";"Reta";"Sim";272965;"Automóvel";"FIAT/UNO MILLE SMART";2000;"Condutor";"Lesoes Leves";35;"Masculino";0;1;0;0;"-5.20526893";"-37.3281079";"SR-RN";"DEL15/4";"UOP01/RN"
153749;335820;2018-08-18;"sabado";"04:20:00";"RN";110;48;"MOSSORO";"Nao";"Ingestao de alcool";1;"Colisao frontal";"Com Vitimas Fatais";"Plena Noite";"Crescente";"Ceu Claro";"Simples";"Reta";"Sim";272964;"Motocicleta";"HONDA/NXR150 BROS ES";2014;"Condutor";"Óbito";31;"Feminino";0;0;0;1;"-5.20526893";"-37.3281079";"SR-RN";"DEL15/4";"UOP01/RN"
153758;335836;2018-08-18;"sabado";"02:50:00";"RO";364;424;"JARU";"Nao";"Ingestao de alcool";1;"Colisao transversal";"Com Vitimas Feridas";"Plena Noite";"Decrescente";"Ceu Claro";"Simples";"Reta";"Sim";272979;"Motocicleta";"HONDA/CG 150 FAN ESI";2012;"Condutor";"Lesoes Graves";20;"Masculino";0;0;1;0;"-10.444572";"-62.465683";"SR-RO";"DEL21/3";"UOP02/RO"
153758;335839;2018-08-18;"sabado";"02:50:00";"RO";364;424;"JARU";"Nao";"Ingestao de alcool";1;"Colisao transversal";"Com Vitimas Feridas";"Plena Noite";"Decrescente";"Ceu Claro";"Simples";"Reta";"Sim";272979;"Motocicleta";"HONDA/CG 150 FAN ESI";2012;"Passageiro";"Lesoes Graves";20;"Feminino";0;0;1;0;"-10.444572";"-62.465683";"SR-RO";"DEL21/3";"UOP02/RO"
153758;335842;2018-08-18;"sabado";"02:50:00";"RO";364;424;"JARU";"Nao";"Ingestao de alcool";1;"Colisao transversal";"Com Vitimas Feridas";"Plena Noite";"Decrescente";"Ceu Claro";"Simples";"Reta";"Sim";272980;"Automóvel";"FIAT/UNO MILLE FIRE FLEX";2006;"Condutor";"Ileso";22;"Masculino";1;0;0;0;"-10.444572";"-62.465683";"SR-RO";"DEL21/3";"UOP02/RO"
153758;335843;2018-08-18;"sabado";"02:50:00";"RO";364;424;"JARU";"Nao";"Ingestao de alcool";1;"Colisao transversal";"Com Vitimas Feridas";"Plena Noite";"Decrescente";"Ceu Claro";"Simples";"Reta";"Sim";272980;"Automóvel";"FIAT/UNO MILLE FIRE FLEX";2006;"Passageiro";"Lesoes Leves";17;"Masculino";0;1;0;0;"-10.444572";"-62.465683";"SR-RO";"DEL21/3";"UOP02/RO"
153773;337392;2018-08-18;"sabado";"05:35:00";"RS";158;65;"SEBERI";"Nao";"Ingestao de alcool";1;"Colisao lateral";"Sem Vitimas";"Plena Noite";"Crescente";"Ceu Claro";"Simples";"Reta";"Nao";272973;"Automóvel";"I/FORD FOCUS SE AT 2.0HC";2016;"Passageiro";"Ileso";31;"Masculino";1;0;0;0;"-27.61479759";"-53.34480286";"SR-RS";"DEL9/14";"UOP02/RS"
153773;337393;2018-08-18;"sabado";"05:35:00";"RS";158;65;"SEBERI";"Nao";"Ingestao de alcool";1;"Colisao lateral";"Sem Vitimas";"Plena Noite";"Crescente";"Ceu Claro";"Simples";"Reta";"Nao";272973;"Automóvel";"I/FORD FOCUS SE AT 2.0HC";2016;"Passageiro";"Ileso";24;"Masculino";1;0;0;0;"-27.61479759";"-53.34480286";"SR-RS";"DEL9/14";"UOP02/RS"
153773;337394;2018-08-18;"sabado";"05:35:00";"RS";158;65;"SEBERI";"Nao";"Ingestao de alcool";1;"Colisao lateral";"Sem Vitimas";"Plena Noite";"Crescente";"Ceu Claro";"Simples";"Reta";"Nao";272974;"Caminhao-trator";"VOLVO/FH 460 6X2T";2014;"Condutor";"Ileso";43;"Masculino";1;0;0;0;"-27.61479759";"-53.34480286";"SR-RS";"DEL9/14";"UOP02/RS"
153773;337391;2018-08-18;"sabado";"05:35:00";"RS";158;65;"SEBERI";"Nao";"Ingestao de alcool";1;"Colisao lateral";"Sem Vitimas";"Plena Noite";"Crescente";"Ceu Claro";"Simples";"Reta";"Nao";272973;"Automóvel";"I/FORD FOCUS SE AT 2.0HC";2016;"Condutor";"Ileso";20;"Masculino";1;0;0;0;"-27.61479759";"-53.34480286";"SR-RS";"DEL9/14";"UOP02/RS"
153784;335956;2018-08-18;"sabado";"06:00:00";"PR";376;186;"MARIALVA";"Nao";"Ingestao de alcool";2;"Colisao com objeto estatico";"Sem Vitimas";"Amanhecer";"Crescente";"Ceu Claro";"Dupla";"Desvio Temporario";"Nao";273022;"Automóvel";"VW/GOL MI";1997;"Condutor";"Ileso";26;"Masculino";1;0;0;0;"-23.453979";"-51.849734";"SR-PR";"DEL7/7";"UOP04/PR"
153803;336779;2018-08-18;"sabado";"08:00:00";"PA";222;244;"MARABA";"Sim";"Ingestao de alcool";1;"Colisao traseira";"Com Vitimas Feridas";"Pleno dia";"Crescente";"Ceu Claro";"Simples";"Reta";"Sim";273060;"Automóvel";"GM/CLASSIC SPIRIT";2005;"Testemunha";"Nao Informado";NA;"Nao Informado";0;0;0;0;"-5.347676";"-49.080456";"SR-PA";"DEL19/3";"UOP01/PA"
153803;336775;2018-08-18;"sabado";"08:00:00";"PA";222;244;"MARABA";"Sim";"Ingestao de alcool";1;"Colisao traseira";"Com Vitimas Feridas";"Pleno dia";"Crescente";"Ceu Claro";"Simples";"Reta";"Sim";273059;"Caminhonete";"FIAT/STRADA FIRE CE FLEX";2008;"Condutor";"Ileso";40;"Masculino";1;0;0;0;"-5.347676";"-49.080456";"SR-PA";"DEL19/3";"UOP01/PA"
153803;336777;2018-08-18;"sabado";"08:00:00";"PA";222;244;"MARABA";"Sim";"Ingestao de alcool";1;"Colisao traseira";"Com Vitimas Feridas";"Pleno dia";"Crescente";"Ceu Claro";"Simples";"Reta";"Sim";273060;"Automóvel";"GM/CLASSIC SPIRIT";2005;"Condutor";"Lesoes Leves";30;"Feminino";0;1;0;0;"-5.347676";"-49.080456";"SR-PA";"DEL19/3";"UOP01/PA"
153803;336776;2018-08-18;"sabado";"08:00:00";"PA";222;244;"MARABA";"Sim";"Ingestao de alcool";1;"Colisao traseira";"Com Vitimas Feridas";"Pleno dia";"Crescente";"Ceu Claro";"Simples";"Reta";"Sim";273059;"Caminhonete";"FIAT/STRADA FIRE CE FLEX";2008;"Passageiro";"Ileso";26;"Masculino";1;0;0;0;"-5.347676";"-49.080456";"SR-PA";"DEL19/3";"UOP01/PA"
153822;336124;2018-08-18;"sabado";"11:50:00";"RS";386;416;"MONTENEGRO";"Sim";"Ingestao de alcool";1;"Colisao transversal";"Com Vitimas Feridas";"Pleno dia";"Crescente";"Ceu Claro";"Simples";"Reta";"Sim";273198;"Bicicleta";"";NA;"Condutor";"Lesoes Graves";52;"Masculino";0;0;1;0;"-29.81826898";"-51.46794135";"SR-RS";"DEL9/4";"UOP02/RS"
153822;336126;2018-08-18;"sabado";"11:50:00";"RS";386;416;"MONTENEGRO";"Sim";"Ingestao de alcool";1;"Colisao transversal";"Com Vitimas Feridas";"Pleno dia";"Crescente";"Ceu Claro";"Simples";"Reta";"Sim";273205;"Camioneta";"FORD/ECOSPORT 4WD2.0FLEX";2009;"Condutor";"Ileso";70;"Masculino";1;0;0;0;"-29.81826898";"-51.46794135";"SR-RS";"DEL9/4";"UOP02/RS"
153830;335934;2018-08-18;"sabado";"12:13:00";"SC";101;186,1;"BIGUACU";"Sim";"Ingestao de alcool";1;"Colisao com objeto estatico";"Com Vitimas Feridas";"Pleno dia";"Crescente";"Garoa/Chuvisco";"Dupla";"Curva";"Nao";273071;"Motocicleta";"YAMAHA/YBR 125E";2003;"Condutor";"Lesoes Graves";60;"Masculino";0;0;1;0;"-27.4432";"-48.6284";"SR-SC";"DEL8/1";"UOP01/SC"
153845;335985;2018-08-18;"sabado";"12:35:00";"SC";101;238,9;"PALHOCA";"Sim";"Ingestao de alcool";1;"Saida de leito carrocavel";"Com Vitimas Feridas";"Pleno dia";"Crescente";"Nublado";"Dupla";"Reta";"Nao";273096;"Automóvel";"VW/FUSCA 1300";1975;"Condutor";"Lesoes Leves";59;"Masculino";0;1;0;0;"-27.84997624";"-48.63922119";"SR-SC";"DEL8/1";"UOP02/SC"
153851;336036;2018-08-18;"sabado";"14:45:00";"RS";285;425,2;"PANAMBI";"Sim";"Ingestao de alcool";1;"Saida de leito carrocavel";"Com Vitimas Feridas";"Pleno dia";"Decrescente";"Sol";"Simples";"Reta";"Nao";273142;"Caminhonete";"I/TOYOTA HILUX CD4X4";2005;"Passageiro";"Lesoes Leves";27;"Feminino";0;1;0;0;"-28.32160206";"-53.60493422";"SR-RS";"DEL9/10";"UOP01/RS"
153851;336034;2018-08-18;"sabado";"14:45:00";"RS";285;425,2;"PANAMBI";"Sim";"Ingestao de alcool";1;"Saida de leito carrocavel";"Com Vitimas Feridas";"Pleno dia";"Decrescente";"Sol";"Simples";"Reta";"Nao";273142;"Caminhonete";"I/TOYOTA HILUX CD4X4";2005;"Condutor";"Lesoes Leves";29;"Masculino";0;1;0;0;"-28.32160206";"-53.60493422";"SR-RS";"DEL9/10";"UOP01/RS"
153851;336040;2018-08-18;"sabado";"14:45:00";"RS";285;425,2;"PANAMBI";"Sim";"Ingestao de alcool";1;"Saida de leito carrocavel";"Com Vitimas Feridas";"Pleno dia";"Decrescente";"Sol";"Simples";"Reta";"Nao";273142;"Caminhonete";"I/TOYOTA HILUX CD4X4";2005;"Passageiro";"Lesoes Leves";29;"Feminino";0;1;0;0;"-28.32160206";"-53.60493422";"SR-RS";"DEL9/10";"UOP01/RS"
153906;338046;2018-08-18;"sabado";"19:35:00";"SC";470;81;"RODEIO";"Nao";"Ingestao de alcool";1;"Colisao transversal";"Com Vitimas Feridas";"Plena Noite";"Crescente";"Chuva";"Simples";"Curva";"Sim";274619;"Automóvel";"VW/APOLLO GL";1990;"Condutor";"Ileso";36;"Masculino";1;0;0;0;"-26.95138614";"-49.30738628";"SR-SC";"DEL8/4";"UOP01/SC"
153906;338048;2018-08-18;"sabado";"19:35:00";"SC";470;81;"RODEIO";"Nao";"Ingestao de alcool";1;"Colisao transversal";"Com Vitimas Feridas";"Plena Noite";"Crescente";"Chuva";"Simples";"Curva";"Sim";274622;"Motocicleta";"HONDA/NXR150 BROS ESD";2013;"Condutor";"Lesoes Leves";40;"Masculino";0;1;0;0;"-26.95138614";"-49.30738628";"SR-SC";"DEL8/4";"UOP01/SC"
153910;336156;2018-08-18;"sabado";"18:50:00";"BA";110;318;"ALAGOINHAS";"Sim";"Ingestao de alcool";1;"Colisao frontal";"Com Vitimas Feridas";"Plena Noite";"Crescente";"Ceu Claro";"Simples";"Curva";"Nao";273243;"Automóvel";"VW/GOL CL 1.8 MI";1997;"Condutor";"Lesoes Graves";25;"Masculino";0;0;1;0;"-12.0156";"-38.3632";"SR-BA";"DEL10/1";"UOP04/BA"
153910;336157;2018-08-18;"sabado";"18:50:00";"BA";110;318;"ALAGOINHAS";"Sim";"Ingestao de alcool";1;"Colisao frontal";"Com Vitimas Feridas";"Plena Noite";"Crescente";"Ceu Claro";"Simples";"Curva";"Nao";273244;"Caminhao";"FORD/CARGO 1723";2013;"Condutor";"Ileso";29;"Masculino";1;0;0;0;"-12.0156";"-38.3632";"SR-BA";"DEL10/1";"UOP04/BA"
153915;336129;2018-08-18;"sabado";"20:35:00";"ES";101;154;"LINHARES";"Sim";"Ingestao de alcool";1;"Colisao lateral";"Sem Vitimas";"Plena Noite";"Decrescente";"Ceu Claro";"Simples";"Reta";"Nao";273211;"Caminhonete";"FIAT/STRADA WORKING";2016;"Condutor";"Ileso";35;"Masculino";1;0;0;0;"-19.45358448";"-40.0985527";"SR-ES";"DEL12/4";"UOP01/ES"
153915;336128;2018-08-18;"sabado";"20:35:00";"ES";101;154;"LINHARES";"Sim";"Ingestao de alcool";1;"Colisao lateral";"Sem Vitimas";"Plena Noite";"Decrescente";"Ceu Claro";"Simples";"Reta";"Nao";273210;"Automóvel";"FIAT/PALIO ED";1997;"Condutor";"Ileso";50;"Masculino";1;0;0;0;"-19.45358448";"-40.0985527";"SR-ES";"DEL12/4";"UOP01/ES"
153926;337186;2018-08-18;"sabado";"22:00:00";"TO";153;298;"PRESIDENTE KENNEDY";"Sim";"Ingestao de alcool e/ou substâncias psicoativas pelo pedestre";1;"Colisao transversal";"Com Vitimas Feridas";"Plena Noite";"Crescente";"Ceu Claro";"Simples";"Nao Informado";"Nao";273261;"Semireboque";"SR/FACCHINI SRF CF";2007;"Condutor";"Ileso";52;"Masculino";1;0;0;0;"-8.515945";"-48.486015";"SR-TO";"UOP03/TO";""