"id";"pesid";"data_inversa";"dia_semana";"horario";"uf";"br";"km";"municipio";"causa_principal";"causa_acidente";"ordem_tipo_acidente";"tipo_acidente";"classificacao_acidente";"fase_dia";"sentido_via";"condicao_metereologica";"tipo_pista";"tracado_via";"uso_solo";"id_veiculo";"tipo_veiculo";"marca";"ano_fabricacao_veiculo";"tipo_envolvido";"estado_fisico";"idade";"sexo";"ilesos";"feridos_leves";"feridos_graves";"mortos";"latitude";"longitude";"regional";"delegacia";"uop"
154127;337751;2018-08-19;"domingo";"20:50:00";"GO";153;503,1;"GOIANIA";"Sim";"Ingestao de alcool";2;"Colisao com objeto estatico";"Com Vitimas Feridas";"Plena Noite";"Crescente";"Ceu Claro";"Dupla";"Viaduto";"Sim";273627;"Automóvel";"VW/GOL MI";1998;"Condutor";"Nao Informado";NA;"Nao Informado";0;0;0;0;"-16.7366";"-49.243";"SR-GO";"DEL1/1";"UOP01/GO"
154127;337753;2018-08-19;"domingo";"20:50:00";"GO";153;503,1;"GOIANIA";"Sim";"Ingestao de alcool";2;"Colisao com objeto estatico";"Com Vitimas Feridas";"Plena Noite";"Crescente";"Ceu Claro";"Dupla";"Viaduto";"Sim";273629;"Caminhonete";"HYUNDAI/HR HDB";2011;"Condutor";"Lesoes Leves";44;"Masculino";0;1;0;0;"-16.7366";"-49.243";"SR-GO";"DEL1/1";"UOP01/GO"
154127;337752;2018-08-19;"domingo";"20:50:00";"GO";153;503,1;"GOIANIA";"Sim";"Ingestao de alcool";2;"Colisao com objeto estatico";"Com Vitimas Feridas";"Plena Noite";"Crescente";"Ceu Claro";"Dupla";"Viaduto";"Sim";273628;"Automóvel";"HONDA/CIVIC LXS FLEX";2008;"Condutor";"Ileso";43;"Masculino";1;0;0;0;"-16.7366";"-49.243";"SR-GO";"DEL1/1";"UOP01/GO"
154127;337757;2018-08-19;"domingo";"20:50:00";"GO";153;503,1;"GOIANIA";"Sim";"Ingestao de alcool";2;"Colisao com objeto estatico";"Com Vitimas Feridas";"Plena Noite";"Crescente";"Ceu Claro";"Dupla";"Viaduto";"Sim";273628;"Automóvel";"HONDA/CIVIC LXS FLEX";2008;"Passageiro";"Ileso";21;"Feminino";1;0;0;0;"-16.7366";"-49.243";"SR-GO";"DEL1/1";"UOP01/GO"
154134;336622;2018-08-19;"domingo";"19:45:00";"RJ";116;207;"SEROPEDICA";"Sim";"Ingestao de alcool";1;"Colisao com objeto estatico";"Com Vitimas Feridas";"Plena Noite";"Crescente";"Sol";"Multipla";"Reta";"Sim";273601;"Automóvel";"VW/VOYAGE 1.6 COMFORTL";2011;"Passageiro";"Ileso";56;"Feminino";1;0;0;0;"-22.71628797";"-43.71678936";"SR-RJ";"DEL5/1";"UOP03/RJ"
154134;336623;2018-08-19;"domingo";"19:45:00";"RJ";116;207;"SEROPEDICA";"Sim";"Ingestao de alcool";1;"Colisao com objeto estatico";"Com Vitimas Feridas";"Plena Noite";"Crescente";"Sol";"Multipla";"Reta";"Sim";273601;"Automóvel";"VW/VOYAGE 1.6 COMFORTL";2011;"Passageiro";"Ileso";26;"Masculino";1;0;0;0;"-22.71628797";"-43.71678936";"SR-RJ";"DEL5/1";"UOP03/RJ"
154134;336626;2018-08-19;"domingo";"19:45:00";"RJ";116;207;"SEROPEDICA";"Sim";"Ingestao de alcool";1;"Colisao com objeto estatico";"Com Vitimas Feridas";"Plena Noite";"Crescente";"Sol";"Multipla";"Reta";"Sim";273602;"Automóvel";"CHEVROLET/CLASSIC LS";2011;"Passageiro";"Ileso";33;"Masculino";1;0;0;0;"-22.71628797";"-43.71678936";"SR-RJ";"DEL5/1";"UOP03/RJ"
154134;336627;2018-08-19;"domingo";"19:45:00";"RJ";116;207;"SEROPEDICA";"Sim";"Ingestao de alcool";1;"Colisao com objeto estatico";"Com Vitimas Feridas";"Plena Noite";"Crescente";"Sol";"Multipla";"Reta";"Sim";273602;"Automóvel";"CHEVROLET/CLASSIC LS";2011;"Passageiro";"Ileso";25;"Masculino";1;0;0;0;"-22.71628797";"-43.71678936";"SR-RJ";"DEL5/1";"UOP03/RJ"
154134;336629;2018-08-19;"domingo";"19:45:00";"RJ";116;207;"SEROPEDICA";"Sim";"Ingestao de alcool";1;"Colisao com objeto estatico";"Com Vitimas Feridas";"Plena Noite";"Crescente";"Sol";"Multipla";"Reta";"Sim";273603;"Automóvel";"VW/GOL I";1996;"Condutor";"Lesoes Leves";37;"Masculino";0;1;0;0;"-22.71628797";"-43.71678936";"SR-RJ";"DEL5/1";"UOP03/RJ"
154134;336641;2018-08-19;"domingo";"19:45:00";"RJ";116;207;"SEROPEDICA";"Sim";"Ingestao de alcool";1;"Colisao com objeto estatico";"Com Vitimas Feridas";"Plena Noite";"Crescente";"Sol";"Multipla";"Reta";"Sim";273605;"Automóvel";"VW/GOL 1.6L MB5";2018;"Passageiro";"Ileso";25;"Feminino";1;0;0;0;"-22.71628797";"-43.71678936";"SR-RJ";"DEL5/1";"UOP03/RJ"
154134;336633;2018-08-19;"domingo";"19:45:00";"RJ";116;207;"SEROPEDICA";"Sim";"Ingestao de alcool";1;"Colisao com objeto estatico";"Com Vitimas Feridas";"Plena Noite";"Crescente";"Sol";"Multipla";"Reta";"Sim";273604;"Automóvel";"GM/ZAFIRA COMFORT";2011;"Condutor";"Ileso";67;"Masculino";1;0;0;0;"-22.71628797";"-43.71678936";"SR-RJ";"DEL5/1";"UOP03/RJ"
154134;336636;2018-08-19;"domingo";"19:45:00";"RJ";116;207;"SEROPEDICA";"Sim";"Ingestao de alcool";1;"Colisao com objeto estatico";"Com Vitimas Feridas";"Plena Noite";"Crescente";"Sol";"Multipla";"Reta";"Sim";273605;"Automóvel";"VW/GOL 1.6L MB5";2018;"Condutor";"Ileso";47;"Masculino";1;0;0;0;"-22.71628797";"-43.71678936";"SR-RJ";"DEL5/1";"UOP03/RJ"
154134;336621;2018-08-19;"domingo";"19:45:00";"RJ";116;207;"SEROPEDICA";"Sim";"Ingestao de alcool";1;"Colisao com objeto estatico";"Com Vitimas Feridas";"Plena Noite";"Crescente";"Sol";"Multipla";"Reta";"Sim";273601;"Automóvel";"VW/VOYAGE 1.6 COMFORTL";2011;"Condutor";"Ileso";56;"Masculino";1;0;0;0;"-22.71628797";"-43.71678936";"SR-RJ";"DEL5/1";"UOP03/RJ"
154134;336625;2018-08-19;"domingo";"19:45:00";"RJ";116;207;"SEROPEDICA";"Sim";"Ingestao de alcool";1;"Colisao com objeto estatico";"Com Vitimas Feridas";"Plena Noite";"Crescente";"Sol";"Multipla";"Reta";"Sim";273602;"Automóvel";"CHEVROLET/CLASSIC LS";2011;"Condutor";"Ileso";38;"Masculino";1;0;0;0;"-22.71628797";"-43.71678936";"SR-RJ";"DEL5/1";"UOP03/RJ"
154139;338451;2018-08-19;"domingo";"20:50:00";"MG";262;361;"JUATUBA";"Sim";"Ingestao de alcool";1;"Colisao com objeto estatico";"Com Vitimas Feridas";"Plena Noite";"Decrescente";"Ceu Claro";"Dupla";"Nao Informado";"Nao";274526;"Automóvel";"VW/GOL SPECIAL MB";2014;"Condutor";"Lesoes Leves";26;"Feminino";0;1;0;0;"-19.971";"-44.2888";"SR-MG";"DEL4/1";"UOP03/MG"
154149;340157;2018-08-19;"domingo";"21:30:00";"RJ";101;60;"CAMPOS DOS GOYTACAZES";"Sim";"Ingestao de alcool";1;"Colisao traseira";"Com Vitimas Feridas";"Plena Noite";"Decrescente";"Ceu Claro";"Simples";"Retorno Regulamentado";"Sim";275057;"Automóvel";"FORD/FIESTA FLEX";2013;"Condutor";"Ileso";33;"Masculino";1;0;0;0;"-21.720467";"-41.314461";"SR-RJ";"DEL5/8";"UOP01/RJ"
154149;340087;2018-08-19;"domingo";"21:30:00";"RJ";101;60;"CAMPOS DOS GOYTACAZES";"Sim";"Ingestao de alcool";1;"Colisao traseira";"Com Vitimas Feridas";"Plena Noite";"Decrescente";"Ceu Claro";"Simples";"Retorno Regulamentado";"Sim";276323;"Motocicleta";"HONDA/CG 125 TITAN";1994;"Passageiro";"Lesoes Graves";66;"Masculino";0;0;1;0;"-21.720467";"-41.314461";"SR-RJ";"DEL5/8";"UOP01/RJ"
154149;340086;2018-08-19;"domingo";"21:30:00";"RJ";101;60;"CAMPOS DOS GOYTACAZES";"Sim";"Ingestao de alcool";1;"Colisao traseira";"Com Vitimas Feridas";"Plena Noite";"Decrescente";"Ceu Claro";"Simples";"Retorno Regulamentado";"Sim";276323;"Motocicleta";"HONDA/CG 125 TITAN";1994;"Condutor";"Lesoes Leves";71;"Masculino";0;1;0;0;"-21.720467";"-41.314461";"SR-RJ";"DEL5/8";"UOP01/RJ"
154153;336540;2018-07-30;"segunda-feira";"00:05:00";"MT";163;688;"LUCAS DO RIO VERDE";"Sim";"Ingestao de alcool";1;"Colisao traseira";"Sem Vitimas";"Plena Noite";"Crescente";"Ceu Claro";"Simples";"Reta";"Sim";273566;"Caminhao-trator";"VOLVO/FH 440 6X4T";2011;"Condutor";"Ileso";46;"Masculino";1;0;0;0;"-13.06877673";"-55.94100952";"SR-MT";"DEL2/6";"UOP01/MT"
154153;336534;2018-07-30;"segunda-feira";"00:05:00";"MT";163;688;"LUCAS DO RIO VERDE";"Sim";"Ingestao de alcool";1;"Colisao traseira";"Sem Vitimas";"Plena Noite";"Crescente";"Ceu Claro";"Simples";"Reta";"Sim";273565;"Caminhao-trator";"M.BENZ/AXOR 2644S6X4";2013;"Condutor";"Ileso";54;"Masculino";1;0;0;0;"-13.06877673";"-55.94100952";"SR-MT";"DEL2/6";"UOP01/MT"
154165;338271;2018-08-19;"domingo";"19:20:00";"CE";116;483,2;"MILAGRES";"Sim";"Ingestao de alcool";2;"Capotamento";"Com Vitimas Feridas";"Plena Noite";"Crescente";"Ceu Claro";"Simples";"Reta";"Nao";273596;"Automóvel";"FIAT/UNO MILLE FIRE FLEX";2008;"Condutor";"Lesoes Graves";19;"Masculino";0;0;1;0;"-7.327612";"-38.937458";"SR-CE";"DEL16/5";"UOP03/CE"
154165;338272;2018-08-19;"domingo";"19:20:00";"CE";116;483,2;"MILAGRES";"Sim";"Ingestao de alcool";2;"Capotamento";"Com Vitimas Feridas";"Plena Noite";"Crescente";"Ceu Claro";"Simples";"Reta";"Nao";273597;"Caminhao";"M.BENZ/L 1620";2004;"Condutor";"Ileso";29;"Masculino";1;0;0;0;"-7.327612";"-38.937458";"SR-CE";"DEL16/5";"UOP03/CE"
154165;338275;2018-08-19;"domingo";"19:20:00";"CE";116;483,2;"MILAGRES";"Sim";"Ingestao de alcool";2;"Capotamento";"Com Vitimas Feridas";"Plena Noite";"Crescente";"Ceu Claro";"Simples";"Reta";"Nao";273598;"Automóvel";"FIAT/UNO MILLE FIRE";2005;"Condutor";"Lesoes Leves";49;"Masculino";0;1;0;0;"-7.327612";"-38.937458";"SR-CE";"DEL16/5";"UOP03/CE"
154165;338278;2018-08-19;"domingo";"19:20:00";"CE";116;483,2;"MILAGRES";"Sim";"Ingestao de alcool";2;"Capotamento";"Com Vitimas Feridas";"Plena Noite";"Crescente";"Ceu Claro";"Simples";"Reta";"Nao";273598;"Automóvel";"FIAT/UNO MILLE FIRE";2005;"Passageiro";"Ileso";49;"Feminino";1;0;0;0;"-7.327612";"-38.937458";"SR-CE";"DEL16/5";"UOP03/CE"
154166;338103;2018-08-19;"domingo";"22:15:00";"BA";116;15,7;"VITORIA DA CONQUISTA";"Sim";"Ingestao de alcool";1;"Colisao transversal";"Com Vitimas Feridas";"Plena Noite";"Decrescente";"Ceu Claro";"Simples";"Reta";"Sim";274659;"Motocicleta";"HONDA/CG 125 FAN";2008;"Condutor";"Lesoes Graves";21;"Masculino";0;0;1;0;"-14.900858";"-40.852664";"SR-BA";"DEL10/8";"UOP01/BA"
154166;338090;2018-08-19;"domingo";"22:15:00";"BA";116;15,7;"VITORIA DA CONQUISTA";"Sim";"Ingestao de alcool";1;"Colisao transversal";"Com Vitimas Feridas";"Plena Noite";"Decrescente";"Ceu Claro";"Simples";"Reta";"Sim";274651;"Caminhao";"M.BENZ/1214";1996;"Condutor";"Ileso";65;"Masculino";1;0;0;0;"-14.900858";"-40.852664";"SR-BA";"DEL10/8";"UOP01/BA"
154168;336713;2018-08-19;"domingo";"22:30:00";"SP";153;113,3;"JOSE BONIFACIO";"Sim";"Ingestao de alcool";1;"Capotamento";"Sem Vitimas";"Plena Noite";"Decrescente";"Ceu Claro";"Simples";"Reta";"Nao";273705;"Automóvel";"GM/VECTRA GL";1998;"Condutor";"Ileso";46;"Masculino";1;0;0;0;"-21.113001";"-49.686787";"SR-SP";"DEL6/9";"UOP01/SP"
154172;337985;2018-08-19;"domingo";"21:00:00";"GO";60;465,5;"JATAI";"Sim";"Ingestao de alcool";1;"Saida de leito carrocavel";"Com Vitimas Feridas";"Plena Noite";"Decrescente";"Ceu Claro";"Dupla";"Reta";"Nao";273633;"Automóvel";"I/FORD FIESTA SE";2011;"Condutor";"Lesoes Leves";58;"Masculino";0;1;0;0;"-17.9208192";"-51.6882432";"SR-GO";"DEL1/5";"UOP01/GO"
154180;336628;2018-08-19;"domingo";"13:30:00";"MT";70;731;"CACERES";"Sim";"Ingestao de alcool";1;"Colisao lateral";"Com Vitimas Feridas";"Pleno dia";"Crescente";"Ceu Claro";"Simples";"Rotatória";"Sim";273650;"Caminhao-trator";"VOLVO/FH 460 6X2T";2012;"Condutor";"Ileso";50;"Masculino";1;0;0;0;"-16.09235119";"-57.68014848";"SR-MT";"DEL2/3";"UOP01/MT"
154180;336634;2018-08-19;"domingo";"13:30:00";"MT";70;731;"CACERES";"Sim";"Ingestao de alcool";1;"Colisao lateral";"Com Vitimas Feridas";"Pleno dia";"Crescente";"Ceu Claro";"Simples";"Rotatória";"Sim";273655;"Bicicleta";"CALOI/MONDO";NA;"Condutor";"Lesoes Graves";52;"Masculino";0;0;1;0;"-16.09235119";"-57.68014848";"SR-MT";"DEL2/3";"UOP01/MT"
154182;338290;2018-08-20;"segunda-feira";"00:40:00";"BA";116;28;"VITORIA DA CONQUISTA";"Sim";"Ingestao de alcool";1;"Colisao frontal";"Sem Vitimas";"Plena Noite";"Decrescente";"Ceu Claro";"Simples";"Desvio Temporario";"Nao";273676;"Caminhao";"M.BENZ/L 1620";2005;"Condutor";"Ileso";48;"Masculino";1;0;0;0;"-14.912396";"-40.875735";"SR-BA";"DEL10/8";"UOP01/BA"
154182;338282;2018-08-20;"segunda-feira";"00:40:00";"BA";116;28;"VITORIA DA CONQUISTA";"Sim";"Ingestao de alcool";1;"Colisao frontal";"Sem Vitimas";"Plena Noite";"Decrescente";"Ceu Claro";"Simples";"Desvio Temporario";"Nao";273675;"Automóvel";"GM/CELTA 4P LIFE";2006;"Condutor";"Ileso";53;"Masculino";1;0;0;0;"-14.912396";"-40.875735";"SR-BA";"DEL10/8";"UOP01/BA"
154195;336675;2018-08-20;"segunda-feira";"00:34:00";"SC";101;88,1;"BARRA VELHA";"Nao";"Ingestao de alcool";1;"Colisao transversal";"Com Vitimas Feridas";"Plena Noite";"Crescente";"Nublado";"Dupla";"Reta";"Sim";273678;"Automóvel";"HONDA/CIVIC LXS FLEX";2009;"Condutor";"Ileso";33;"Masculino";1;0;0;0;"-26.65125423";"-48.68733823";"SR-SC";"DEL8/3";"UOP02/SC"
154195;336677;2018-08-20;"segunda-feira";"00:34:00";"SC";101;88,1;"BARRA VELHA";"Nao";"Ingestao de alcool";1;"Colisao transversal";"Com Vitimas Feridas";"Plena Noite";"Crescente";"Nublado";"Dupla";"Reta";"Sim";273679;"Automóvel";"GM/CORSA HATCH";2004;"Condutor";"Ileso";30;"Masculino";1;0;0;0;"-26.65125423";"-48.68733823";"SR-SC";"DEL8/3";"UOP02/SC"
154195;336676;2018-08-20;"segunda-feira";"00:34:00";"SC";101;88,1;"BARRA VELHA";"Nao";"Ingestao de alcool";1;"Colisao transversal";"Com Vitimas Feridas";"Plena Noite";"Crescente";"Nublado";"Dupla";"Reta";"Sim";273678;"Automóvel";"HONDA/CIVIC LXS FLEX";2009;"Passageiro";"Lesoes Leves";30;"Feminino";0;1;0;0;"-26.65125423";"-48.68733823";"SR-SC";"DEL8/3";"UOP02/SC"
154196;336749;2018-08-20;"segunda-feira";"02:25:00";"SP";116;150;"SAO JOSE DOS CAMPOS";"Sim";"Ingestao de alcool";1;"Colisao com objeto estatico";"Sem Vitimas";"Plena Noite";"Decrescente";"Ceu Claro";"Multipla";"Desvio Temporario";"Sim";273726;"Automóvel";"RENAULT/SANDERO AUTH 10";2017;"Condutor";"Ileso";29;"Masculino";1;0;0;0;"-23.213557";"-45.893028";"SR-SP";"DEL6/2";"UOP01/SP"
154206;336733;2018-08-20;"segunda-feira";"05:10:00";"PE";232;79;"GRAVATA";"Sim";"Ingestao de alcool";1;"Colisao com objeto estatico";"Sem Vitimas";"Amanhecer";"Decrescente";"Ceu Claro";"Simples";"Curva";"Nao";273713;"Caminhonete";"CHEVROLET/MONTANA SPORT";2014;"Condutor";"Ileso";28;"Masculino";1;0;0;0;"-8.19418124";"-35.55408597";"SR-PE";"DEL11/1";"UOP04/PE"
154210;337108;2018-08-20;"segunda-feira";"06:35:00";"DF";20;55,3;"BRASILIA";"Nao";"Ingestao de alcool";1;"Saida de leito carrocavel";"Com Vitimas Feridas";"Pleno dia";"Crescente";"Ceu Claro";"Dupla";"Nao Informado";"Nao";273778;"Automóvel";"FORD/FIESTA HA 1.5L S";2013;"Passageiro";"Lesoes Leves";34;"Feminino";0;1;0;0;"-15.58050921";"-47.37442997";"SR-DF";"DF";"UOP04/DF"
154210;337113;2018-08-20;"segunda-feira";"06:35:00";"DF";20;55,3;"BRASILIA";"Nao";"Ingestao de alcool";1;"Saida de leito carrocavel";"Com Vitimas Feridas";"Pleno dia";"Crescente";"Ceu Claro";"Dupla";"Nao Informado";"Nao";273778;"Automóvel";"FORD/FIESTA HA 1.5L S";2013;"Passageiro";"Lesoes Leves";27;"Masculino";0;1;0;0;"-15.58050921";"-47.37442997";"SR-DF";"DF";"UOP04/DF"
154210;337114;2018-08-20;"segunda-feira";"06:35:00";"DF";20;55,3;"BRASILIA";"Nao";"Ingestao de alcool";1;"Saida de leito carrocavel";"Com Vitimas Feridas";"Pleno dia";"Crescente";"Ceu Claro";"Dupla";"Nao Informado";"Nao";273778;"Automóvel";"FORD/FIESTA HA 1.5L S";2013;"Passageiro";"Ileso";24;"Feminino";1;0;0;0;"-15.58050921";"-47.37442997";"SR-DF";"DF";"UOP04/DF"
154210;337109;2018-08-20;"segunda-feira";"06:35:00";"DF";20;55,3;"BRASILIA";"Nao";"Ingestao de alcool";1;"Saida de leito carrocavel";"Com Vitimas Feridas";"Pleno dia";"Crescente";"Ceu Claro";"Dupla";"Nao Informado";"Nao";273778;"Automóvel";"FORD/FIESTA HA 1.5L S";2013;"Passageiro";"Lesoes Leves";25;"Masculino";0;1;0;0;"-15.58050921";"-47.37442997";"SR-DF";"DF";"UOP04/DF"
154210;337107;2018-08-20;"segunda-feira";"06:35:00";"DF";20;55,3;"BRASILIA";"Nao";"Ingestao de alcool";1;"Saida de leito carrocavel";"Com Vitimas Feridas";"Pleno dia";"Crescente";"Ceu Claro";"Dupla";"Nao Informado";"Nao";273778;"Automóvel";"FORD/FIESTA HA 1.5L S";2013;"Condutor";"Lesoes Leves";28;"Masculino";0;1;0;0;"-15.58050921";"-47.37442997";"SR-DF";"DF";"UOP04/DF"
154210;337119;2018-08-20;"segunda-feira";"06:35:00";"DF";20;55,3;"BRASILIA";"Nao";"Ingestao de alcool";1;"Saida de leito carrocavel";"Com Vitimas Feridas";"Pleno dia";"Crescente";"Ceu Claro";"Dupla";"Nao Informado";"Nao";273778;"Automóvel";"FORD/FIESTA HA 1.5L S";2013;"Passageiro";"Lesoes Leves";1;"Masculino";0;1;0;0;"-15.58050921";"-47.37442997";"SR-DF";"DF";"UOP04/DF"
154316;336979;2018-08-12;"domingo";"18:00:00";"GO";153;519;"APARECIDA DE GOIANIA";"Sim";"Ingestao de alcool";1;"Saida de leito carrocavel";"Com Vitimas Feridas";"Anoitecer";"Decrescente";"Ceu Claro";"Dupla";"Reta";"Nao";273890;"Caminhonete";"GM/S10 EXECUTIVE D";2009;"Condutor";"Lesoes Leves";52;"Masculino";0;1;0;0;"-16.8755";"-49.2523";"SR-GO";"DEL1/1";"UOP03/GO"
154316;336980;2018-08-12;"domingo";"18:00:00";"GO";153;519;"APARECIDA DE GOIANIA";"Sim";"Ingestao de alcool";1;"Saida de leito carrocavel";"Com Vitimas Feridas";"Anoitecer";"Decrescente";"Ceu Claro";"Dupla";"Reta";"Nao";273890;"Caminhonete";"GM/S10 EXECUTIVE D";2009;"Passageiro";"Lesoes Leves";26;"Masculino";0;1;0;0;"-16.8755";"-49.2523";"SR-GO";"DEL1/1";"UOP03/GO"
154316;336981;2018-08-12;"domingo";"18:00:00";"GO";153;519;"APARECIDA DE GOIANIA";"Sim";"Ingestao de alcool";1;"Saida de leito carrocavel";"Com Vitimas Feridas";"Anoitecer";"Decrescente";"Ceu Claro";"Dupla";"Reta";"Nao";273890;"Caminhonete";"GM/S10 EXECUTIVE D";2009;"Passageiro";"Lesoes Leves";17;"Feminino";0;1;0;0;"-16.8755";"-49.2523";"SR-GO";"DEL1/1";"UOP03/GO"
154316;336982;2018-08-12;"domingo";"18:00:00";"GO";153;519;"APARECIDA DE GOIANIA";"Sim";"Ingestao de alcool";1;"Saida de leito carrocavel";"Com Vitimas Feridas";"Anoitecer";"Decrescente";"Ceu Claro";"Dupla";"Reta";"Nao";273890;"Caminhonete";"GM/S10 EXECUTIVE D";2009;"Passageiro";"Lesoes Leves";26;"Feminino";0;1;0;0;"-16.8755";"-49.2523";"SR-GO";"DEL1/1";"UOP03/GO"
154316;336983;2018-08-12;"domingo";"18:00:00";"GO";153;519;"APARECIDA DE GOIANIA";"Sim";"Ingestao de alcool";1;"Saida de leito carrocavel";"Com Vitimas Feridas";"Anoitecer";"Decrescente";"Ceu Claro";"Dupla";"Reta";"Nao";273890;"Caminhonete";"GM/S10 EXECUTIVE D";2009;"Passageiro";"Lesoes Leves";3;"Masculino";0;1;0;0;"-16.8755";"-49.2523";"SR-GO";"DEL1/1";"UOP03/GO"
154348;337207;2018-08-20;"segunda-feira";"19:20:00";"ES";101;64;"SAO MATEUS";"Sim";"Ingestao de alcool";1;"Colisao traseira";"Com Vitimas Feridas";"Plena Noite";"Decrescente";"Ceu Claro";"Simples";"Reta";"Nao";274040;"Caminhao";"M.BENZ/ACCELO 1016";2012;"Condutor";"Ileso";47;"Masculino";1;0;0;0;"-18.72974586";"-39.86005872";"SR-ES";"DEL12/4";"UOP02/ES"
154348;337209;2018-08-20;"segunda-feira";"19:20:00";"ES";101;64;"SAO MATEUS";"Sim";"Ingestao de alcool";1;"Colisao traseira";"Com Vitimas Feridas";"Plena Noite";"Decrescente";"Ceu Claro";"Simples";"Reta";"Nao";274041;"Automóvel";"FIAT/PALIO FIRE";2014;"Condutor";"Lesoes Leves";63;"Masculino";0;1;0;0;"-18.72974586";"-39.86005872";"SR-ES";"DEL12/4";"UOP02/ES"
154366;338359;2018-08-20;"segunda-feira";"23:50:00";"SP";116;126,8;"CACAPAVA";"Sim";"Ingestao de alcool";1;"Colisao lateral";"Sem Vitimas";"Plena Noite";"Decrescente";"Ceu Claro";"Dupla";"Reta";"Sim";274058;"Caminhao-trator";"SCANIA/G 380 A4X2";2009;"Condutor";"Ileso";31;"Masculino";1;0;0;0;"-23.104395";"-45.694351";"SR-SP";"DEL6/6";"UOP02/SP"
154366;338356;2018-08-20;"segunda-feira";"23:50:00";"SP";116;126,8;"CACAPAVA";"Sim";"Ingestao de alcool";1;"Colisao lateral";"Sem Vitimas";"Plena Noite";"Decrescente";"Ceu Claro";"Dupla";"Reta";"Sim";274057;"Automóvel";"VW/VOYAGE 1.0";2010;"Condutor";"Ileso";51;"Masculino";1;0;0;0;"-23.104395";"-45.694351";"SR-SP";"DEL6/6";"UOP02/SP"
154373;337256;2018-08-21;"terca-feira";"02:35:00";"MG";381;500,5;"BETIM";"Nao";"Ingestao de alcool";1;"Colisao com objeto estatico";"Com Vitimas Feridas";"Plena Noite";"Crescente";"Ceu Claro";"Dupla";"Reta";"Sim";274087;"Automóvel";"GM/VECTRA GLS";1998;"Passageiro";"Lesoes Leves";21;"Feminino";0;1;0;0;"-20.002554";"-44.21196";"SR-MG";"DEL4/1";"UOP03/MG"
154373;337255;2018-08-21;"terca-feira";"02:35:00";"MG";381;500,5;"BETIM";"Nao";"Ingestao de alcool";1;"Colisao com objeto estatico";"Com Vitimas Feridas";"Plena Noite";"Crescente";"Ceu Claro";"Dupla";"Reta";"Sim";274087;"Automóvel";"GM/VECTRA GLS";1998;"Condutor";"Lesoes Leves";24;"Masculino";0;1;0;0;"-20.002554";"-44.21196";"SR-MG";"DEL4/1";"UOP03/MG"
154408;337459;2018-08-20;"segunda-feira";"21:00:00";"PI";402;88;"LUIS CORREIA";"Sim";"Ingestao de alcool";1;"Colisao lateral";"Com Vitimas Fatais";"Plena Noite";"Decrescente";"Ceu Claro";"Simples";"Reta";"Nao";274214;"Automóvel";"";NA;"Condutor";"Nao Informado";NA;"Nao Informado";0;0;0;0;"-3.09217918";"-41.45313263";"SR-PI";"DEL17/5";"UOP01/PI"
154408;337417;2018-08-20;"segunda-feira";"21:00:00";"PI";402;88;"LUIS CORREIA";"Sim";"Ingestao de alcool";1;"Colisao lateral";"Com Vitimas Fatais";"Plena Noite";"Decrescente";"Ceu Claro";"Simples";"Reta";"Nao";274213;"Bicicleta";"";NA;"Condutor";"Óbito";68;"Masculino";0;0;0;1;"-3.09217918";"-41.45313263";"SR-PI";"DEL17/5";"UOP01/PI"
154414;337301;2018-08-21;"terca-feira";"08:55:00";"GO";60;100;"ANAPOLIS";"Sim";"Ingestao de alcool";1;"Tombamento";"Com Vitimas Feridas";"Pleno dia";"Decrescente";"Ceu Claro";"Dupla";"Rotatória";"Sim";274131;"Caminhao-trator";"M.BENZ/LS 1934";1989;"Condutor";"Lesoes Leves";32;"Masculino";0;1;0;0;"-16.3979";"-48.9664";"SR-GO";"DEL1/2";"UOP01/GO"
154471;340460;2018-08-21;"terca-feira";"14:20:00";"PE";232;128,2;"CARUARU";"Sim";"Ingestao de alcool";1;"Colisao lateral";"Com Vitimas Feridas";"Pleno dia";"Crescente";"Ceu Claro";"Dupla";"Reta";"Sim";274361;"Caminhonete";"CHEVROLET/S10 LS DD4";2017;"Condutor";"Ileso";30;"Masculino";1;0;0;0;"-8.302498";"-35.978324";"SR-PE";"DEL11/2";"UOP02/PE"
154471;340477;2018-08-21;"terca-feira";"14:20:00";"PE";232;128,2;"CARUARU";"Sim";"Ingestao de alcool";1;"Colisao lateral";"Com Vitimas Feridas";"Pleno dia";"Crescente";"Ceu Claro";"Dupla";"Reta";"Sim";274362;"Motocicleta";"HONDA/CG 125 TITAN KSE";2002;"Condutor";"Lesoes Leves";38;"Masculino";0;1;0;0;"-8.302498";"-35.978324";"SR-PE";"DEL11/2";"UOP02/PE"
154501;339135;2018-08-21;"terca-feira";"18:20:00";"PR";277;61;"SAO JOSE DOS PINHAIS";"Sim";"Ingestao de alcool";1;"Colisao transversal";"Com Vitimas Feridas";"Plena Noite";"Crescente";"Nublado";"Dupla";"Nao Informado";"Nao";275523;"Automóvel";"FIAT/PALIO EX FLEX";2006;"Condutor";"Lesoes Leves";34;"Masculino";0;1;0;0;"-25.55008864";"-49.04142916";"SR-PR";"DEL7/1";"UOP06/PR"