"id";"pesid";"data_inversa";"dia_semana";"horario";"uf";"br";"km";"municipio";"causa_principal";"causa_acidente";"ordem_tipo_acidente";"tipo_acidente";"classificacao_acidente";"fase_dia";"sentido_via";"condicao_metereologica";"tipo_pista";"tracado_via";"uso_solo";"id_veiculo";"tipo_veiculo";"marca";"ano_fabricacao_veiculo";"tipo_envolvido";"estado_fisico";"idade";"sexo";"ilesos";"feridos_leves";"feridos_graves";"mortos";"latitude";"longitude";"regional";"delegacia";"uop"
154501;339128;2018-08-21;"terca-feira";"18:20:00";"PR";277;61;"SAO JOSE DOS PINHAIS";"Sim";"Ingestao de alcool";1;"Colisao transversal";"Com Vitimas Feridas";"Plena Noite";"Crescente";"Nublado";"Dupla";"Nao Informado";"Nao";275517;"Automóvel";"FORD/VERONA 1.8I LX";1994;"Condutor";"Lesoes Graves";46;"Masculino";0;0;1;0;"-25.55008864";"-49.04142916";"SR-PR";"DEL7/1";"UOP06/PR"
154501;339130;2018-08-21;"terca-feira";"18:20:00";"PR";277;61;"SAO JOSE DOS PINHAIS";"Sim";"Ingestao de alcool";1;"Colisao transversal";"Com Vitimas Feridas";"Plena Noite";"Crescente";"Nublado";"Dupla";"Nao Informado";"Nao";275517;"Automóvel";"FORD/VERONA 1.8I LX";1994;"Passageiro";"Lesoes Leves";30;"Feminino";0;1;0;0;"-25.55008864";"-49.04142916";"SR-PR";"DEL7/1";"UOP06/PR"
154554;337729;2018-08-22;"quarta-feira";"03:20:00";"GO";153;436;"ANAPOLIS";"Sim";"Ingestao de alcool";1;"Colisao com objeto estatico";"Com Vitimas Feridas";"Plena Noite";"Crescente";"Ceu Claro";"Dupla";"Reta";"Sim";274422;"Motocicleta";"HONDA/CG150 FAN ESDI";2011;"Condutor";"Lesoes Graves";26;"Masculino";0;0;1;0;"-16.283987";"-48.951763";"SR-GO";"DEL1/2";"UOP01/GO"
154557;339153;2018-08-22;"quarta-feira";"04:45:00";"SP";116;228,4;"SAO PAULO";"Nao";"Ingestao de alcool";1;"Colisao com objeto estatico";"Sem Vitimas";"Plena Noite";"Crescente";"Nublado";"Multipla";"Reta";"Sim";274439;"Caminhao-trator";"M.BENZ/AXOR 2040 S";2010;"Condutor";"Ileso";36;"Masculino";1;0;0;0;"-23.5065978";"-46.5704714";"SR-SP";"DEL6/1";"UOP01/SP"
154557;339154;2018-08-22;"quarta-feira";"04:45:00";"SP";116;228,4;"SAO PAULO";"Nao";"Ingestao de alcool";1;"Colisao com objeto estatico";"Sem Vitimas";"Plena Noite";"Crescente";"Nublado";"Multipla";"Reta";"Sim";274440;"Automóvel";"I/VW SPACEFOX COMFORT";2006;"Condutor";"Ileso";53;"Masculino";1;0;0;0;"-23.5065978";"-46.5704714";"SR-SP";"DEL6/1";"UOP01/SP"
154557;339155;2018-08-22;"quarta-feira";"04:45:00";"SP";116;228,4;"SAO PAULO";"Nao";"Ingestao de alcool";1;"Colisao com objeto estatico";"Sem Vitimas";"Plena Noite";"Crescente";"Nublado";"Multipla";"Reta";"Sim";274440;"Automóvel";"I/VW SPACEFOX COMFORT";2006;"Passageiro";"Ileso";20;"Feminino";1;0;0;0;"-23.5065978";"-46.5704714";"SR-SP";"DEL6/1";"UOP01/SP"
154575;338501;2018-08-22;"quarta-feira";"06:30:00";"PE";232;42,9;"VITORIA DE SANTO ANTAO";"Sim";"Ingestao de alcool e/ou substâncias psicoativas pelo pedestre";1;"Tombamento";"Com Vitimas Feridas";"Pleno dia";"Decrescente";"Ceu Claro";"Dupla";"Retorno Regulamentado";"Nao";274535;"Caminhao-trator";"IVECO/STRALIS 600S44T";2013;"Condutor";"Lesoes Leves";41;"Masculino";0;1;0;0;"-8.11858589";"-35.26109219";"SR-PE";"DEL11/1";"UOP04/PE"
154694;341431;2018-08-22;"quarta-feira";"17:30:00";"PA";316;55;"CASTANHAL";"Sim";"Ingestao de alcool";1;"Colisao traseira";"Sem Vitimas";"Pleno dia";"Crescente";"Ceu Claro";"Dupla";"Reta";"Sim";274781;"Caminhao";"VW/24.280 CRM 6X2";2014;"Condutor";"Ileso";36;"Masculino";1;0;0;0;"-1.30205621";"-47.98760466";"SR-PA";"DEL19/1";"UOP02/PA"
154694;341430;2018-08-22;"quarta-feira";"17:30:00";"PA";316;55;"CASTANHAL";"Sim";"Ingestao de alcool";1;"Colisao traseira";"Sem Vitimas";"Pleno dia";"Crescente";"Ceu Claro";"Dupla";"Reta";"Sim";274777;"Automóvel";"FIAT/PALIO ATTRACTIV 1.0";2013;"Condutor";"Ileso";70;"Masculino";1;0;0;0;"-1.30205621";"-47.98760466";"SR-PA";"DEL19/1";"UOP02/PA"
154718;339531;2018-08-22;"quarta-feira";"20:30:00";"PR";376;5;"APUCARANA";"Sim";"Ingestao de alcool";1;"Colisao traseira";"Sem Vitimas";"Plena Noite";"Crescente";"Ceu Claro";"Dupla";"Reta";"Sim";274734;"Automóvel";"FIAT/PALIO EDX";1997;"Condutor";"Ileso";27;"Masculino";1;0;0;0;"-23.54697286";"-51.45186067";"SR-PR";"DEL7/7";"UOP03/PR"
154718;339532;2018-08-22;"quarta-feira";"20:30:00";"PR";376;5;"APUCARANA";"Sim";"Ingestao de alcool";1;"Colisao traseira";"Sem Vitimas";"Plena Noite";"Crescente";"Ceu Claro";"Dupla";"Reta";"Sim";274734;"Automóvel";"FIAT/PALIO EDX";1997;"Passageiro";"Ileso";29;"Masculino";1;0;0;0;"-23.54697286";"-51.45186067";"SR-PR";"DEL7/7";"UOP03/PR"
154718;339534;2018-08-22;"quarta-feira";"20:30:00";"PR";376;5;"APUCARANA";"Sim";"Ingestao de alcool";1;"Colisao traseira";"Sem Vitimas";"Plena Noite";"Crescente";"Ceu Claro";"Dupla";"Reta";"Sim";274735;"Automóvel";"VW/GOL 1.0";2005;"Condutor";"Ileso";52;"Masculino";1;0;0;0;"-23.54697286";"-51.45186067";"SR-PR";"DEL7/7";"UOP03/PR"
154728;339551;2018-08-23;"quinta-feira";"00:05:00";"BA";20;200;"LUIS EDUARDO MAGALHAES";"Sim";"Ingestao de alcool";1;"Colisao lateral";"Com Vitimas Feridas";"Plena Noite";"Crescente";"Ceu Claro";"Simples";"Reta";"Nao";275901;"Caminhonete";"I/FORD RANGER LTD CD4 32";2012;"Condutor";"Lesoes Leves";70;"Masculino";0;1;0;0;"-12.2293";"-45.8344";"SR-BA";"DEL10/10";"UOP01/BA"
154728;339552;2018-08-23;"quinta-feira";"00:05:00";"BA";20;200;"LUIS EDUARDO MAGALHAES";"Sim";"Ingestao de alcool";1;"Colisao lateral";"Com Vitimas Feridas";"Plena Noite";"Crescente";"Ceu Claro";"Simples";"Reta";"Nao";275901;"Caminhonete";"I/FORD RANGER LTD CD4 32";2012;"Passageiro";"Lesoes Leves";40;"Masculino";0;1;0;0;"-12.2293";"-45.8344";"SR-BA";"DEL10/10";"UOP01/BA"
154728;339553;2018-08-23;"quinta-feira";"00:05:00";"BA";20;200;"LUIS EDUARDO MAGALHAES";"Sim";"Ingestao de alcool";1;"Colisao lateral";"Com Vitimas Feridas";"Plena Noite";"Crescente";"Ceu Claro";"Simples";"Reta";"Nao";275901;"Caminhonete";"I/FORD RANGER LTD CD4 32";2012;"Passageiro";"Lesoes Leves";54;"Feminino";0;1;0;0;"-12.2293";"-45.8344";"SR-BA";"DEL10/10";"UOP01/BA"
154728;339559;2018-08-23;"quinta-feira";"00:05:00";"BA";20;200;"LUIS EDUARDO MAGALHAES";"Sim";"Ingestao de alcool";1;"Colisao lateral";"Com Vitimas Feridas";"Plena Noite";"Crescente";"Ceu Claro";"Simples";"Reta";"Nao";275905;"Caminhonete";"FIAT/STRADA WORKING CE";2013;"Condutor";"Ileso";31;"Masculino";1;0;0;0;"-12.2293";"-45.8344";"SR-BA";"DEL10/10";"UOP01/BA"
154730;339502;2018-08-23;"quinta-feira";"01:00:00";"PR";376;189,5;"MARIALVA";"Sim";"Ingestao de alcool";1;"Colisao com objeto estatico";"Sem Vitimas";"Plena Noite";"Decrescente";"Chuva";"Dupla";"Reta";"Sim";274762;"Automóvel";"I/LIFAN 320 LF7132";2011;"Condutor";"Ileso";37;"Masculino";1;0;0;0;"-23.46876743";"-51.82404215";"SR-PR";"DEL7/7";"UOP04/PR"
154839;338491;2018-08-23;"quinta-feira";"15:15:00";"DF";70;14,9;"BRASILIA";"Sim";"Ingestao de alcool";1;"Saida de leito carrocavel";"Com Vitimas Feridas";"Pleno dia";"Decrescente";"Nublado";"Dupla";"Curva";"Nao";274950;"Automóvel";"FIAT/PALIO FIRE FLEX";2007;"Condutor";"Lesoes Leves";36;"Masculino";0;1;0;0;"-15.79918247";"-48.18289727";"SR-DF";"DF";"UOP06/DF"
154857;338508;2018-08-12;"domingo";"05:45:00";"SC";116;165,7;"PONTE ALTA DO NORTE";"Sim";"Ingestao de alcool";1;"Tombamento";"Com Vitimas Feridas";"Plena Noite";"Decrescente";"Nevoeiro/Neblina";"Simples";"Nao Informado";"Sim";274969;"Caminhao-trator";"SCANIA/R 440 A6X2";2015;"Condutor";"Lesoes Leves";28;"Masculino";0;1;0;0;"-27.15111629";"-50.46272278";"SR-SC";"DEL8/5";"UOP03/SC"
154869;338664;2018-08-23;"quinta-feira";"19:00:00";"GO";158;95;"PIRANHAS";"Sim";"Ingestao de alcool";1;"Saida de leito carrocavel";"Com Vitimas Fatais";"Plena Noite";"Crescente";"Ceu Claro";"Simples";"Reta";"Nao";275093;"Motocicleta";"HONDA/XLR 125";1999;"Condutor";"Óbito";48;"Masculino";0;0;0;1;"-16.47743";"-51.788";"SR-GO";"DEL1/4";"UOP01/GO"
154877;338608;2018-08-23;"quinta-feira";"19:00:00";"BA";116;866,3;"VITORIA DA CONQUISTA";"Sim";"Ingestao de alcool";1;"Colisao lateral";"Com Vitimas Feridas";"Plena Noite";"Crescente";"Nublado";"Simples";"Nao Informado";"Nao";275060;"Caminhao-trator";"VOLVO/FH 440 6X2T";2011;"Condutor";"Ileso";50;"Masculino";1;0;0;0;"-15.17765";"-41.067615";"SR-BA";"DEL10/8";"UOP03/BA"
154877;338609;2018-08-23;"quinta-feira";"19:00:00";"BA";116;866,3;"VITORIA DA CONQUISTA";"Sim";"Ingestao de alcool";1;"Colisao lateral";"Com Vitimas Feridas";"Plena Noite";"Crescente";"Nublado";"Simples";"Nao Informado";"Nao";275063;"Caminhao";"VOLVO/VM 260 6X2R";2008;"Condutor";"Lesoes Leves";40;"Masculino";0;1;0;0;"-15.17765";"-41.067615";"SR-BA";"DEL10/8";"UOP03/BA"
154877;338606;2018-08-23;"quinta-feira";"19:00:00";"BA";116;866,3;"VITORIA DA CONQUISTA";"Sim";"Ingestao de alcool";1;"Colisao lateral";"Com Vitimas Feridas";"Plena Noite";"Crescente";"Nublado";"Simples";"Nao Informado";"Nao";275058;"Caminhao";"FORD/F14000";1989;"Condutor";"Ileso";38;"Masculino";1;0;0;0;"-15.17765";"-41.067615";"SR-BA";"DEL10/8";"UOP03/BA"
154878;340881;2018-08-23;"quinta-feira";"20:29:00";"SC";101;59;"ARAQUARI";"Sim";"Ingestao de alcool";1;"Colisao com objeto estatico";"Com Vitimas Feridas";"Plena Noite";"Crescente";"Nublado";"Dupla";"Curva";"Nao";275086;"Automóvel";"RENAULT/CLIO EXP 10 16VH";2007;"Condutor";"Lesoes Leves";55;"Masculino";0;1;0;0;"-26.451";"-48.7852";"SR-SC";"DEL8/3";"UOP02/SC"
154890;340318;2018-08-23;"quinta-feira";"22:25:00";"GO";40;2;"VALPARAISO DE GOIAS";"Sim";"Ingestao de alcool";1;"Atropelamento de Pedestre";"Com Vitimas Feridas";"Plena Noite";"Decrescente";"Ceu Claro";"Dupla";"Reta";"Sim";275105;"Motocicleta";"HONDA/CG 160 FAN";2018;"Condutor";"Lesoes Leves";31;"Masculino";0;1;0;0;"-16.070988";"-47.984461";"SR-DF";"GO";"UOP01/DF"
154890;340323;2018-08-23;"quinta-feira";"22:25:00";"GO";40;2;"VALPARAISO DE GOIAS";"Sim";"Ingestao de alcool";1;"Atropelamento de Pedestre";"Com Vitimas Feridas";"Plena Noite";"Decrescente";"Ceu Claro";"Dupla";"Reta";"Sim";275105;"Motocicleta";"HONDA/CG 160 FAN";2018;"Pedestre";"Lesoes Graves";43;"Masculino";0;0;1;0;"-16.070988";"-47.984461";"SR-DF";"GO";"UOP01/DF"
154891;339899;2018-08-23;"quinta-feira";"22:45:00";"SC";101;215;"PALHOCA";"Sim";"Ingestao de alcool";1;"Queda de ocupante de veiculo";"Com Vitimas Feridas";"Plena Noite";"Crescente";"Ceu Claro";"Multipla";"Reta";"Nao";275076;"Automóvel";"FIAT/PALIO FIRE";2004;"Condutor";"Ileso";39;"Masculino";1;0;0;0;"-27.6601";"-48.6774";"SR-SC";"DEL8/1";"UOP02/SC"
154891;339901;2018-08-23;"quinta-feira";"22:45:00";"SC";101;215;"PALHOCA";"Sim";"Ingestao de alcool";1;"Queda de ocupante de veiculo";"Com Vitimas Feridas";"Plena Noite";"Crescente";"Ceu Claro";"Multipla";"Reta";"Nao";275077;"Motocicleta";"JTA/SUZUKI INTRUDER 125";2008;"Condutor";"Lesoes Leves";19;"Masculino";0;1;0;0;"-27.6601";"-48.6774";"SR-SC";"DEL8/1";"UOP02/SC"
154896;338620;2018-08-23;"quinta-feira";"19:50:00";"RS";153;517,8;"CACAPAVA DO SUL";"Sim";"Ingestao de alcool";1;"Saida de leito carrocavel";"Com Vitimas Feridas";"Plena Noite";"Decrescente";"Nublado";"Simples";"Curva";"Nao";275070;"Caminhao-trator";"VOLVO/FH 400 6X2T";2010;"Condutor";"Lesoes Leves";39;"Masculino";0;1;0;0;"-30.57798336";"-53.38966012";"SR-RS";"DEL9/9";"UOP02/RS"
154902;339903;2018-08-23;"quinta-feira";"22:50:00";"SC";282;382,2;"JOACABA";"Sim";"Ingestao de alcool";1;"Colisao lateral";"Com Vitimas Feridas";"Plena Noite";"Crescente";"Ceu Claro";"Simples";"Reta";"Nao";276186;"Caminhonete";"GM/S10 ADVANTAGE D";2009;"Condutor";"Ileso";37;"Masculino";1;0;0;0;"-27.2026";"-51.50155";"SR-SC";"DEL8/7";"UOP02/SC"
154902;339904;2018-08-23;"quinta-feira";"22:50:00";"SC";282;382,2;"JOACABA";"Sim";"Ingestao de alcool";1;"Colisao lateral";"Com Vitimas Feridas";"Plena Noite";"Crescente";"Ceu Claro";"Simples";"Reta";"Nao";276187;"Automóvel";"I/CITROEN C4 PALLAS20EXM";2008;"Condutor";"Ileso";33;"Masculino";1;0;0;0;"-27.2026";"-51.50155";"SR-SC";"DEL8/7";"UOP02/SC"
154902;339905;2018-08-23;"quinta-feira";"22:50:00";"SC";282;382,2;"JOACABA";"Sim";"Ingestao de alcool";1;"Colisao lateral";"Com Vitimas Feridas";"Plena Noite";"Crescente";"Ceu Claro";"Simples";"Reta";"Nao";276190;"Motocicleta";"HONDA/CG 125 TITAN KS";2003;"Condutor";"Lesoes Leves";50;"Masculino";0;1;0;0;"-27.2026";"-51.50155";"SR-SC";"DEL8/7";"UOP02/SC"
154926;340574;2018-08-24;"sexta-feira";"06:25:00";"RS";158;328;"SANTA MARIA";"Sim";"Ingestao de alcool";1;"Colisao com objeto estatico";"Sem Vitimas";"Amanhecer";"Decrescente";"Nevoeiro/Neblina";"Simples";"Nao Informado";"Nao";275440;"Automóvel";"I/GM CORSA SUPER W";2000;"Condutor";"Ileso";29;"Masculino";1;0;0;0;"-29.711109";"-53.819717";"SR-RS";"DEL9/9";"UOP01/RS"
154926;340575;2018-08-24;"sexta-feira";"06:25:00";"RS";158;328;"SANTA MARIA";"Sim";"Ingestao de alcool";1;"Colisao com objeto estatico";"Sem Vitimas";"Amanhecer";"Decrescente";"Nevoeiro/Neblina";"Simples";"Nao Informado";"Nao";275441;"Caminhao";"M.BENZ/915C";2008;"Condutor";"Ileso";57;"Masculino";1;0;0;0;"-29.711109";"-53.819717";"SR-RS";"DEL9/9";"UOP01/RS"
155026;340422;2018-08-24;"sexta-feira";"18:10:00";"PB";101;93,6;"CONDE";"Sim";"Ingestao de alcool";1;"Colisao com objeto estatico";"Com Vitimas Feridas";"Plena Noite";"Decrescente";"Nublado";"Dupla";"Reta";"Nao";275424;"Caminhonete";"CHEVROLET/MONTANA LS";2011;"Condutor";"Ileso";36;"Masculino";1;0;0;0;"-7.213517";"-34.911318";"SR-PB";"DEL14/1";"UOP02/PB"
155026;340423;2018-08-24;"sexta-feira";"18:10:00";"PB";101;93,6;"CONDE";"Sim";"Ingestao de alcool";1;"Colisao com objeto estatico";"Com Vitimas Feridas";"Plena Noite";"Decrescente";"Nublado";"Dupla";"Reta";"Nao";275424;"Caminhonete";"CHEVROLET/MONTANA LS";2011;"Passageiro";"Ileso";34;"Feminino";1;0;0;0;"-7.213517";"-34.911318";"SR-PB";"DEL14/1";"UOP02/PB"
155026;340425;2018-08-24;"sexta-feira";"18:10:00";"PB";101;93,6;"CONDE";"Sim";"Ingestao de alcool";1;"Colisao com objeto estatico";"Com Vitimas Feridas";"Plena Noite";"Decrescente";"Nublado";"Dupla";"Reta";"Nao";275424;"Caminhonete";"CHEVROLET/MONTANA LS";2011;"Passageiro";"Lesoes Leves";63;"Feminino";0;1;0;0;"-7.213517";"-34.911318";"SR-PB";"DEL14/1";"UOP02/PB"
155035;339004;2018-08-24;"sexta-feira";"17:42:00";"RO";364;239,1;"CACOAL";"Nao";"Ingestao de alcool";1;"Colisao transversal";"Com Vitimas Feridas";"Anoitecer";"Crescente";"Garoa/Chuvisco";"Simples";"Retorno Regulamentado";"Sim";275328;"Motocicleta";"HONDA/NXR150 BROS ES";2006;"Condutor";"Lesoes Leves";30;"Masculino";0;1;0;0;"-11.43376365";"-61.46369934";"SR-RO";"DEL21/2";"UOP02/RO"
155035;339007;2018-08-24;"sexta-feira";"17:42:00";"RO";364;239,1;"CACOAL";"Nao";"Ingestao de alcool";1;"Colisao transversal";"Com Vitimas Feridas";"Anoitecer";"Crescente";"Garoa/Chuvisco";"Simples";"Retorno Regulamentado";"Sim";275329;"Motocicleta";"HONDA/CG 125 FAN ES";2009;"Passageiro";"Lesoes Leves";32;"Masculino";0;1;0;0;"-11.43376365";"-61.46369934";"SR-RO";"DEL21/2";"UOP02/RO"
155035;339005;2018-08-24;"sexta-feira";"17:42:00";"RO";364;239,1;"CACOAL";"Nao";"Ingestao de alcool";1;"Colisao transversal";"Com Vitimas Feridas";"Anoitecer";"Crescente";"Garoa/Chuvisco";"Simples";"Retorno Regulamentado";"Sim";275328;"Motocicleta";"HONDA/NXR150 BROS ES";2006;"Passageiro";"Lesoes Leves";34;"Feminino";0;1;0;0;"-11.43376365";"-61.46369934";"SR-RO";"DEL21/2";"UOP02/RO"
155035;339006;2018-08-24;"sexta-feira";"17:42:00";"RO";364;239,1;"CACOAL";"Nao";"Ingestao de alcool";1;"Colisao transversal";"Com Vitimas Feridas";"Anoitecer";"Crescente";"Garoa/Chuvisco";"Simples";"Retorno Regulamentado";"Sim";275329;"Motocicleta";"HONDA/CG 125 FAN ES";2009;"Condutor";"Lesoes Leves";51;"Masculino";0;1;0;0;"-11.43376365";"-61.46369934";"SR-RO";"DEL21/2";"UOP02/RO"
155042;338913;2018-03-31;"sabado";"16:55:00";"SP";101;40;"UBATUBA";"Nao";"Ingestao de alcool";1;"Colisao transversal";"Sem Vitimas";"Pleno dia";"Crescente";"Ceu Claro";"Simples";"Reta";"Nao";275318;"Automóvel";"CHEVROLET/ONIX 1.0MT LT";2013;"Condutor";"Ileso";31;"Masculino";1;0;0;0;"-23.414946";"-45.035156";"SR-SP";"DEL6/7";"UOP01/SP"
155042;338914;2018-03-31;"sabado";"16:55:00";"SP";101;40;"UBATUBA";"Nao";"Ingestao de alcool";1;"Colisao transversal";"Sem Vitimas";"Pleno dia";"Crescente";"Ceu Claro";"Simples";"Reta";"Nao";275319;"Automóvel";"FIAT/PALIO WEEKEND EX";2003;"Condutor";"Ileso";32;"Masculino";1;0;0;0;"-23.414946";"-45.035156";"SR-SP";"DEL6/7";"UOP01/SP"
155049;338980;2018-08-24;"sexta-feira";"19:25:00";"DF";20;16;"BRASILIA";"Sim";"Ingestao de alcool";1;"Colisao transversal";"Com Vitimas Feridas";"Plena Noite";"Crescente";"Ceu Claro";"Dupla";"Reta";"Sim";275370;"Motocicleta";"YAMAHA/YBR 125E";2000;"Condutor";"Ileso";55;"Masculino";1;0;0;0;"-15.62594023";"-47.72501707";"SR-DF";"DF";"UOP04/DF"
155049;338979;2018-08-24;"sexta-feira";"19:25:00";"DF";20;16;"BRASILIA";"Sim";"Ingestao de alcool";1;"Colisao transversal";"Com Vitimas Feridas";"Plena Noite";"Crescente";"Ceu Claro";"Dupla";"Reta";"Sim";275369;"Motocicleta";"HONDA/CB 300R";2015;"Condutor";"Lesoes Leves";41;"Masculino";0;1;0;0;"-15.62594023";"-47.72501707";"SR-DF";"DF";"UOP04/DF"
155049;338984;2018-08-24;"sexta-feira";"19:25:00";"DF";20;16;"BRASILIA";"Sim";"Ingestao de alcool";1;"Colisao transversal";"Com Vitimas Feridas";"Plena Noite";"Crescente";"Ceu Claro";"Dupla";"Reta";"Sim";275370;"Motocicleta";"YAMAHA/YBR 125E";2000;"Passageiro";"Lesoes Leves";33;"Masculino";0;1;0;0;"-15.62594023";"-47.72501707";"SR-DF";"DF";"UOP04/DF"
155061;339019;2018-08-24;"sexta-feira";"19:50:00";"RN";101;98;"NATAL";"Sim";"Ingestao de alcool";1;"Colisao traseira";"Sem Vitimas";"Plena Noite";"Crescente";"Garoa/Chuvisco";"Multipla";"Reta";"Sim";275384;"Caminhonete";"MMC/L200 4X4 GL";2011;"Condutor";"Ileso";37;"Masculino";1;0;0;0;"-5.865723";"-35.216537";"SR-RN";"DEL15/1";"UOP01/RN"
155061;339020;2018-08-24;"sexta-feira";"19:50:00";"RN";101;98;"NATAL";"Sim";"Ingestao de alcool";1;"Colisao traseira";"Sem Vitimas";"Plena Noite";"Crescente";"Garoa/Chuvisco";"Multipla";"Reta";"Sim";275385;"Caminhonete";"I/TOYOTA HILUX CD4X4";2007;"Condutor";"Ileso";51;"Masculino";1;0;0;0;"-5.865723";"-35.216537";"SR-RN";"DEL15/1";"UOP01/RN"
155090;339661;2018-08-24;"sexta-feira";"21:50:00";"SP";116;147,3;"SAO JOSE DOS CAMPOS";"Sim";"Ingestao de alcool";1;"Colisao com objeto estatico";"Sem Vitimas";"Plena Noite";"Crescente";"Ceu Claro";"Multipla";"Reta";"Sim";275984;"Automóvel";"I/NISSAN TIIDA 18SL FLEX";2010;"Condutor";"Ileso";40;"Masculino";1;0;0;0;"-23.19653504";"-45.87409826";"SR-SP";"DEL6/2";"UOP01/SP"
155098;340097;2018-08-24;"sexta-feira";"23:50:00";"RJ";393;287,9;"VOLTA REDONDA";"Sim";"Ingestao de alcool";1;"Colisao traseira";"Com Vitimas Feridas";"Plena Noite";"Crescente";"Ceu Claro";"Dupla";"Reta";"Sim";275501;"Caminhonete";"FIAT/FIORINO WORKING";1997;"Condutor";"Ileso";42;"Masculino";1;0;0;0;"-22.510941";"-44.084461";"SR-RJ";"DEL5/5";"UOP02/RJ"
155098;340096;2018-08-24;"sexta-feira";"23:50:00";"RJ";393;287,9;"VOLTA REDONDA";"Sim";"Ingestao de alcool";1;"Colisao traseira";"Com Vitimas Feridas";"Plena Noite";"Crescente";"Ceu Claro";"Dupla";"Reta";"Sim";275500;"Motocicleta";"HONDA/CG 150 TITAN ES";2008;"Condutor";"Lesoes Leves";36;"Masculino";0;1;0;0;"-22.510941";"-44.084461";"SR-RJ";"DEL5/5";"UOP02/RJ"
155105;340529;2018-08-25;"sabado";"00:40:00";"PI";343;197;"PIRIPIRI";"Sim";"Ingestao de alcool";1;"Atropelamento de Animal";"Com Vitimas Feridas";"Plena Noite";"Decrescente";"Ceu Claro";"Simples";"Reta";"Nao";275498;"Motocicleta";"HONDA/CG 150 TITAN KS";2008;"Condutor";"Lesoes Leves";20;"Masculino";0;1;0;0;"-4.41110987";"-41.87765121";"SR-PI";"DEL17/2";"UOP01/PI"
155106;340971;2018-08-24;"sexta-feira";"19:00:00";"MA";230;500;"RIACHAO";"Sim";"Ingestao de alcool";1;"Colisao lateral";"Sem Vitimas";"Plena Noite";"Crescente";"Ceu Claro";"Simples";"Reta";"Nao";275420;"Caminhao-trator";"SCANIA/R124 GA4X2NZ 360";2000;"Condutor";"Ileso";59;"Masculino";1;0;0;0;"-7.428485";"-46.67355";"SR-MA";"DEL18/5";"UOP01/MA"
155106;340977;2018-08-24;"sexta-feira";"19:00:00";"MA";230;500;"RIACHAO";"Sim";"Ingestao de alcool";1;"Colisao lateral";"Sem Vitimas";"Plena Noite";"Crescente";"Ceu Claro";"Simples";"Reta";"Nao";275421;"Caminhao";"M.BENZ/L 1318";1988;"Condutor";"Ileso";38;"Masculino";1;0;0;0;"-7.428485";"-46.67355";"SR-MA";"DEL18/5";"UOP01/MA"
155121;342251;2018-08-25;"sabado";"03:15:00";"SC";282;3,5;"FLORIANOPOLIS";"Sim";"Ingestao de alcool";1;"Colisao com objeto estatico";"Com Vitimas Feridas";"Plena Noite";"Crescente";"Nublado";"Dupla";"Reta";"Sim";275472;"Automóvel";"FIAT/PALIO FIRE";2004;"Condutor";"Lesoes Leves";36;"Feminino";0;1;0;0;"-27.600384";"-48.599705";"SR-SC";"DEL8/1";"UOP01/SC"
155123;339066;2018-08-24;"sexta-feira";"17:15:00";"SC";101;72;"ARAQUARI";"Sim";"Ingestao de alcool";1;"Colisao lateral";"Sem Vitimas";"Anoitecer";"Decrescente";"Chuva";"Dupla";"Reta";"Nao";275462;"Automóvel";"RENAULT/SANDERO EXPR 10";2017;"Condutor";"Ileso";62;"Masculino";1;0;0;0;"-26.5373";"-48.7127";"SR-SC";"DEL8/3";"UOP02/SC"
155126;340821;2018-08-25;"sabado";"04:45:00";"SC";101;205;"SAO JOSE";"Sim";"Ingestao de alcool e/ou substâncias psicoativas pelo pedestre";1;"Colisao com objeto estatico";"Com Vitimas Feridas";"Plena Noite";"Crescente";"Nublado";"Multipla";"Intersecao de vias";"Sim";275474;"Automóvel";"VW/FUSCA 1300";1974;"Condutor";"Lesoes Leves";61;"Masculino";0;1;0;0;"-27.592";"-48.6181";"SR-SC";"DEL8/1";"UOP01/SC"
155131;339342;2018-08-25;"sabado";"04:20:00";"MG";116;712,1;"MURIAE";"Sim";"Ingestao de alcool";1;"Saida de leito carrocavel";"Com Vitimas Feridas";"Plena Noite";"Decrescente";"Ceu Claro";"Simples";"Nao Informado";"Nao";275495;"Motocicleta";"HONDA/CBX 250 TWISTER";2007;"Condutor";"Lesoes Leves";43;"Masculino";0;1;0;0;"-21.17813924";"-42.3724544";"SR-MG";"DEL4/7";"UOP02/MG"
155141;340451;2018-08-24;"sexta-feira";"22:40:00";"BA";116;903,1;"CANDIDO SALES";"Sim";"Ingestao de alcool";1;"Colisao lateral";"Com Vitimas Feridas";"Plena Noite";"Crescente";"Nublado";"Simples";"Nao Informado";"Nao";275489;"Automóvel";"GM/CHEVETTE SL";1988;"Condutor";"Lesoes Leves";61;"Masculino";0;1;0;0;"-15.46115";"-41.23362";"SR-BA";"DEL10/8";"UOP03/BA"
155141;340452;2018-08-24;"sexta-feira";"22:40:00";"BA";116;903,1;"CANDIDO SALES";"Sim";"Ingestao de alcool";1;"Colisao lateral";"Com Vitimas Feridas";"Plena Noite";"Crescente";"Nublado";"Simples";"Nao Informado";"Nao";275490;"Caminhao-trator";"M.BENZ/1938 S";2004;"Condutor";"Ileso";53;"Masculino";1;0;0;0;"-15.46115";"-41.23362";"SR-BA";"DEL10/8";"UOP03/BA"