"id";"pesid";"data_inversa";"dia_semana";"horario";"uf";"br";"km";"municipio";"causa_principal";"causa_acidente";"ordem_tipo_acidente";"tipo_acidente";"classificacao_acidente";"fase_dia";"sentido_via";"condicao_metereologica";"tipo_pista";"tracado_via";"uso_solo";"id_veiculo";"tipo_veiculo";"marca";"ano_fabricacao_veiculo";"tipo_envolvido";"estado_fisico";"idade";"sexo";"ilesos";"feridos_leves";"feridos_graves";"mortos";"latitude";"longitude";"regional";"delegacia";"uop"
155153;339460;2018-08-25;"sabado";"08:10:00";"PR";476;148;"ARAUCARIA";"Sim";"Ingestao de alcool";1;"Colisao com objeto estatico";"Com Vitimas Feridas";"Pleno dia";"Decrescente";"Ceu Claro";"Dupla";"Desvio Temporario";"Sim";275529;"Automóvel";"I/AUDI A3";1997;"Condutor";"Lesoes Leves";31;"Masculino";0;1;0;0;"-25.55705778";"-49.3484509";"SR-PR";"DEL7/1";"UOP04/PR"
155157;339309;2018-08-25;"sabado";"08:40:00";"RS";116;258;"ESTEIO";"Sim";"Ingestao de alcool";1;"Colisao transversal";"Com Vitimas Feridas";"Pleno dia";"Decrescente";"Ceu Claro";"Multipla";"Rotatória";"Nao";275654;"Automóvel";"GM/PRISMA MAXX";2008;"Condutor";"Ileso";36;"Masculino";1;0;0;0;"-29.85851045";"-51.18116677";"SR-RS";"DEL9/1";"UOP02/RS"
155157;339311;2018-08-25;"sabado";"08:40:00";"RS";116;258;"ESTEIO";"Sim";"Ingestao de alcool";1;"Colisao transversal";"Com Vitimas Feridas";"Pleno dia";"Decrescente";"Ceu Claro";"Multipla";"Rotatória";"Nao";275654;"Automóvel";"GM/PRISMA MAXX";2008;"Passageiro";"Ileso";20;"Masculino";1;0;0;0;"-29.85851045";"-51.18116677";"SR-RS";"DEL9/1";"UOP02/RS"
155157;339314;2018-08-25;"sabado";"08:40:00";"RS";116;258;"ESTEIO";"Sim";"Ingestao de alcool";1;"Colisao transversal";"Com Vitimas Feridas";"Pleno dia";"Decrescente";"Ceu Claro";"Multipla";"Rotatória";"Nao";275655;"Automóvel";"IMP/VW POLO CLAS. 1.8 MI";1997;"Condutor";"Ileso";40;"Masculino";1;0;0;0;"-29.85851045";"-51.18116677";"SR-RS";"DEL9/1";"UOP02/RS"
155157;339313;2018-08-25;"sabado";"08:40:00";"RS";116;258;"ESTEIO";"Sim";"Ingestao de alcool";1;"Colisao transversal";"Com Vitimas Feridas";"Pleno dia";"Decrescente";"Ceu Claro";"Multipla";"Rotatória";"Nao";275654;"Automóvel";"GM/PRISMA MAXX";2008;"Passageiro";"Ileso";21;"Feminino";1;0;0;0;"-29.85851045";"-51.18116677";"SR-RS";"DEL9/1";"UOP02/RS"
155157;339310;2018-08-25;"sabado";"08:40:00";"RS";116;258;"ESTEIO";"Sim";"Ingestao de alcool";1;"Colisao transversal";"Com Vitimas Feridas";"Pleno dia";"Decrescente";"Ceu Claro";"Multipla";"Rotatória";"Nao";275654;"Automóvel";"GM/PRISMA MAXX";2008;"Passageiro";"Lesoes Leves";21;"Feminino";0;1;0;0;"-29.85851045";"-51.18116677";"SR-RS";"DEL9/1";"UOP02/RS"
155193;340964;2018-08-25;"sabado";"13:15:00";"DF";20;7,7;"BRASILIA";"Nao";"Ingestao de alcool";1;"Atropelamento de Pedestre";"Com Vitimas Fatais";"Pleno dia";"Crescente";"Ceu Claro";"Dupla";"Reta";"Sim";275583;"Automóvel";"VW/POLO 2.0 GT";2009;"Testemunha";"Nao Informado";NA;"Nao Informado";0;0;0;0;"-15.65971375";"-47.79439417";"SR-DF";"DF";"UOP04/DF"
155193;340963;2018-08-25;"sabado";"13:15:00";"DF";20;7,7;"BRASILIA";"Nao";"Ingestao de alcool";1;"Atropelamento de Pedestre";"Com Vitimas Fatais";"Pleno dia";"Crescente";"Ceu Claro";"Dupla";"Reta";"Sim";275583;"Automóvel";"VW/POLO 2.0 GT";2009;"Condutor";"Ileso";41;"Masculino";1;0;0;0;"-15.65971375";"-47.79439417";"SR-DF";"DF";"UOP04/DF"
155193;339210;2018-08-25;"sabado";"13:15:00";"DF";20;7,7;"BRASILIA";"Nao";"Ingestao de alcool";1;"Atropelamento de Pedestre";"Com Vitimas Fatais";"Pleno dia";"Crescente";"Ceu Claro";"Dupla";"Reta";"Sim";275583;"Automóvel";"VW/POLO 2.0 GT";2009;"Pedestre";"Óbito";64;"Masculino";0;0;0;1;"-15.65971375";"-47.79439417";"SR-DF";"DF";"UOP04/DF"
155229;339406;2018-08-25;"sabado";"16:40:00";"BA";407;139,2;"SENHOR DO BONFIM";"Sim";"Ingestao de alcool";1;"Colisao traseira";"Sem Vitimas";"Pleno dia";"Decrescente";"Nublado";"Simples";"Reta";"Nao";275751;"Ônibus";"M.BENZ/MPOLO SENIOR GVO";2004;"Condutor";"Ileso";38;"Masculino";1;0;0;0;"-10.5929214";"-40.13331413";"SR-BA";"DEL10/4";"UOP01/BA"
155229;339408;2018-08-25;"sabado";"16:40:00";"BA";407;139,2;"SENHOR DO BONFIM";"Sim";"Ingestao de alcool";1;"Colisao traseira";"Sem Vitimas";"Pleno dia";"Decrescente";"Nublado";"Simples";"Reta";"Nao";275752;"Caminhao";"IVECO/DAILY45S14 GRANFUR";2008;"Condutor";"Ileso";36;"Masculino";1;0;0;0;"-10.5929214";"-40.13331413";"SR-BA";"DEL10/4";"UOP01/BA"
155229;339409;2018-08-25;"sabado";"16:40:00";"BA";407;139,2;"SENHOR DO BONFIM";"Sim";"Ingestao de alcool";1;"Colisao traseira";"Sem Vitimas";"Pleno dia";"Decrescente";"Nublado";"Simples";"Reta";"Nao";275752;"Caminhao";"IVECO/DAILY45S14 GRANFUR";2008;"Passageiro";"Ileso";54;"Masculino";1;0;0;0;"-10.5929214";"-40.13331413";"SR-BA";"DEL10/4";"UOP01/BA"
155229;339410;2018-08-25;"sabado";"16:40:00";"BA";407;139,2;"SENHOR DO BONFIM";"Sim";"Ingestao de alcool";1;"Colisao traseira";"Sem Vitimas";"Pleno dia";"Decrescente";"Nublado";"Simples";"Reta";"Nao";275752;"Caminhao";"IVECO/DAILY45S14 GRANFUR";2008;"Passageiro";"Ileso";43;"Masculino";1;0;0;0;"-10.5929214";"-40.13331413";"SR-BA";"DEL10/4";"UOP01/BA"
155229;339411;2018-08-25;"sabado";"16:40:00";"BA";407;139,2;"SENHOR DO BONFIM";"Sim";"Ingestao de alcool";1;"Colisao traseira";"Sem Vitimas";"Pleno dia";"Decrescente";"Nublado";"Simples";"Reta";"Nao";275752;"Caminhao";"IVECO/DAILY45S14 GRANFUR";2008;"Passageiro";"Ileso";34;"Masculino";1;0;0;0;"-10.5929214";"-40.13331413";"SR-BA";"DEL10/4";"UOP01/BA"
155229;339412;2018-08-25;"sabado";"16:40:00";"BA";407;139,2;"SENHOR DO BONFIM";"Sim";"Ingestao de alcool";1;"Colisao traseira";"Sem Vitimas";"Pleno dia";"Decrescente";"Nublado";"Simples";"Reta";"Nao";275752;"Caminhao";"IVECO/DAILY45S14 GRANFUR";2008;"Passageiro";"Ileso";NA;"Masculino";1;0;0;0;"-10.5929214";"-40.13331413";"SR-BA";"DEL10/4";"UOP01/BA"
155229;339413;2018-08-25;"sabado";"16:40:00";"BA";407;139,2;"SENHOR DO BONFIM";"Sim";"Ingestao de alcool";1;"Colisao traseira";"Sem Vitimas";"Pleno dia";"Decrescente";"Nublado";"Simples";"Reta";"Nao";275752;"Caminhao";"IVECO/DAILY45S14 GRANFUR";2008;"Passageiro";"Ileso";NA;"Masculino";1;0;0;0;"-10.5929214";"-40.13331413";"SR-BA";"DEL10/4";"UOP01/BA"
155229;339414;2018-08-25;"sabado";"16:40:00";"BA";407;139,2;"SENHOR DO BONFIM";"Sim";"Ingestao de alcool";1;"Colisao traseira";"Sem Vitimas";"Pleno dia";"Decrescente";"Nublado";"Simples";"Reta";"Nao";275752;"Caminhao";"IVECO/DAILY45S14 GRANFUR";2008;"Passageiro";"Ileso";NA;"Masculino";1;0;0;0;"-10.5929214";"-40.13331413";"SR-BA";"DEL10/4";"UOP01/BA"
155229;339415;2018-08-25;"sabado";"16:40:00";"BA";407;139,2;"SENHOR DO BONFIM";"Sim";"Ingestao de alcool";1;"Colisao traseira";"Sem Vitimas";"Pleno dia";"Decrescente";"Nublado";"Simples";"Reta";"Nao";275752;"Caminhao";"IVECO/DAILY45S14 GRANFUR";2008;"Passageiro";"Ileso";NA;"Masculino";1;0;0;0;"-10.5929214";"-40.13331413";"SR-BA";"DEL10/4";"UOP01/BA"
155231;341305;2018-08-25;"sabado";"16:10:00";"MT";364;408;"CUIABA";"Sim";"Ingestao de alcool e/ou substâncias psicoativas pelo pedestre";1;"Colisao transversal";"Sem Vitimas";"Pleno dia";"Crescente";"Ceu Claro";"Multipla";"Reta";"Sim";275650;"Automóvel";"FIAT/PALIO FIRE ECONOMY";2009;"Condutor";"Ileso";39;"Masculino";1;0;0;0;"-15.647738";"-56.005013";"SR-MT";"DEL2/1";"UOP01/MT"
155231;341322;2018-08-25;"sabado";"16:10:00";"MT";364;408;"CUIABA";"Sim";"Ingestao de alcool e/ou substâncias psicoativas pelo pedestre";1;"Colisao transversal";"Sem Vitimas";"Pleno dia";"Crescente";"Ceu Claro";"Multipla";"Reta";"Sim";275651;"Automóvel";"PEUGEOT/207HB XR S";2008;"Condutor";"Ileso";35;"Masculino";1;0;0;0;"-15.647738";"-56.005013";"SR-MT";"DEL2/1";"UOP01/MT"
155232;339335;2018-08-25;"sabado";"17:25:00";"BA";101;877;"TEIXEIRA DE FREITAS";"Sim";"Ingestao de alcool";1;"Colisao lateral";"Sem Vitimas";"Anoitecer";"Decrescente";"Ceu Claro";"Simples";"Reta";"Sim";275672;"Automóvel";"FIAT/LINEA LX 1.9";2009;"Condutor";"Ileso";42;"Masculino";1;0;0;0;"-17.539";"-39.715";"SR-BA";"DEL10/9";"UOP03/BA"
155232;339337;2018-08-25;"sabado";"17:25:00";"BA";101;877;"TEIXEIRA DE FREITAS";"Sim";"Ingestao de alcool";1;"Colisao lateral";"Sem Vitimas";"Anoitecer";"Decrescente";"Ceu Claro";"Simples";"Reta";"Sim";275673;"Caminhao-trator";"VOLVO/FH 460 6X2T";2013;"Condutor";"Ileso";34;"Masculino";1;0;0;0;"-17.539";"-39.715";"SR-BA";"DEL10/9";"UOP03/BA"
155233;341763;2018-08-25;"sabado";"17:50:00";"RN";101;125;"SAO JOSE DE MIPIBU";"Sim";"Ingestao de alcool";1;"Atropelamento de Pedestre";"Com Vitimas Feridas";"Plena Noite";"Decrescente";"Ceu Claro";"Dupla";"Reta";"Sim";275745;"Automóvel";"GM/CELTA 2P LIFE";2010;"Condutor";"Ileso";37;"Masculino";1;0;0;0;"-6.074326";"-35.233681";"SR-RN";"DEL15/1";"UOP01/RN"
155233;341764;2018-08-25;"sabado";"17:50:00";"RN";101;125;"SAO JOSE DE MIPIBU";"Sim";"Ingestao de alcool";1;"Atropelamento de Pedestre";"Com Vitimas Feridas";"Plena Noite";"Decrescente";"Ceu Claro";"Dupla";"Reta";"Sim";275745;"Automóvel";"GM/CELTA 2P LIFE";2010;"Pedestre";"Lesoes Graves";46;"Masculino";0;0;1;0;"-6.074326";"-35.233681";"SR-RN";"DEL15/1";"UOP01/RN"
155241;339321;2018-08-25;"sabado";"18:30:00";"ES";101;25,5;"CONCEICAO DA BARRA";"Sim";"Ingestao de alcool";1;"Colisao transversal";"Com Vitimas Feridas";"Plena Noite";"Decrescente";"Ceu Claro";"Simples";"Reta";"Nao";275667;"Camioneta";"I/KIA SORENTO EX2 2.4G25";2014;"Condutor";"Ileso";53;"Masculino";1;0;0;0;"-18.367468";"-39.950821";"SR-ES";"DEL12/4";"UOP02/ES"
155241;339324;2018-08-25;"sabado";"18:30:00";"ES";101;25,5;"CONCEICAO DA BARRA";"Sim";"Ingestao de alcool";1;"Colisao transversal";"Com Vitimas Feridas";"Plena Noite";"Decrescente";"Ceu Claro";"Simples";"Reta";"Nao";275670;"Motocicleta";"HONDA/CG 125 FAN ES";2010;"Condutor";"Lesoes Graves";NA;"Masculino";0;0;1;0;"-18.367468";"-39.950821";"SR-ES";"DEL12/4";"UOP02/ES"
155254;340986;2018-08-25;"sabado";"16:35:00";"SC";280;100;"SAO BENTO DO SUL";"Sim";"Ingestao de alcool e/ou substâncias psicoativas pelo pedestre";1;"Saida de leito carrocavel";"Com Vitimas Feridas";"Pleno dia";"Crescente";"Ceu Claro";"Simples";"Nao Informado";"Nao";275668;"Motocicleta";"YAMAHA/YBR 125ED";2004;"Passageiro";"Lesoes Leves";21;"Feminino";0;1;0;0;"-26.371477";"-49.330688";"SR-SC";"DEL8/6";"UOP03/SC"
155254;340984;2018-08-25;"sabado";"16:35:00";"SC";280;100;"SAO BENTO DO SUL";"Sim";"Ingestao de alcool e/ou substâncias psicoativas pelo pedestre";1;"Saida de leito carrocavel";"Com Vitimas Feridas";"Pleno dia";"Crescente";"Ceu Claro";"Simples";"Nao Informado";"Nao";275668;"Motocicleta";"YAMAHA/YBR 125ED";2004;"Condutor";"Lesoes Graves";54;"Masculino";0;0;1;0;"-26.371477";"-49.330688";"SR-SC";"DEL8/6";"UOP03/SC"
155273;339380;2018-08-25;"sabado";"21:43:00";"ES";262;46,1;"MARECHAL FLORIANO";"Sim";"Ingestao de alcool";1;"Colisao lateral";"Sem Vitimas";"Plena Noite";"Crescente";"Ceu Claro";"Simples";"Reta";"Nao";275734;"Automóvel";"VW/GOLF GENERATION";2002;"Condutor";"Ileso";24;"Masculino";1;0;0;0;"-20.4060805";"-40.6719223";"SR-ES";"DEL12/1";"UOP01/ES"
155273;340968;2018-08-25;"sabado";"21:43:00";"ES";262;46,1;"MARECHAL FLORIANO";"Sim";"Ingestao de alcool";1;"Colisao lateral";"Sem Vitimas";"Plena Noite";"Crescente";"Ceu Claro";"Simples";"Reta";"Nao";275733;"Automóvel";"VW/POLO 1.6";2004;"Condutor";"Ileso";27;"Masculino";1;0;0;0;"-20.4060805";"-40.6719223";"SR-ES";"DEL12/1";"UOP01/ES"
155274;339577;2018-08-25;"sabado";"09:00:00";"PA";230;120;"MARABA";"Sim";"Ingestao de alcool";1;"Colisao traseira";"Com Vitimas Feridas";"Plena Noite";"Decrescente";"Ceu Claro";"Dupla";"Intersecao de vias";"Sim";275918;"Motocicleta";"HONDA/CG 160 FAN ESDI";2017;"Condutor";"Lesoes Leves";33;"Masculino";0;1;0;0;"-5.36381875";"-49.1244328";"SR-PA";"DEL19/3";"UOP01/PA"
155274;339578;2018-08-25;"sabado";"09:00:00";"PA";230;120;"MARABA";"Sim";"Ingestao de alcool";1;"Colisao traseira";"Com Vitimas Feridas";"Plena Noite";"Decrescente";"Ceu Claro";"Dupla";"Intersecao de vias";"Sim";275919;"Motocicleta";"HONDA/CG 160 FAN ESDI";2015;"Condutor";"Lesoes Leves";32;"Masculino";0;1;0;0;"-5.36381875";"-49.1244328";"SR-PA";"DEL19/3";"UOP01/PA"
155275;339390;2018-08-25;"sabado";"21:10:00";"RJ";116;187;"NOVA IGUACU";"Sim";"Ingestao de alcool";1;"Colisao com objeto estatico";"Com Vitimas Feridas";"Plena Noite";"Crescente";"Ceu Claro";"Dupla";"Reta";"Sim";275754;"Automóvel";"GM/CORSA HATCH PREMIUM";2007;"Condutor";"Lesoes Leves";55;"Masculino";0;1;0;0;"-22.738836";"-43.472469";"SR-RJ";"DEL5/1";"UOP03/RJ"
155275;339391;2018-08-25;"sabado";"21:10:00";"RJ";116;187;"NOVA IGUACU";"Sim";"Ingestao de alcool";1;"Colisao com objeto estatico";"Com Vitimas Feridas";"Plena Noite";"Crescente";"Ceu Claro";"Dupla";"Reta";"Sim";275754;"Automóvel";"GM/CORSA HATCH PREMIUM";2007;"Passageiro";"Lesoes Graves";50;"Feminino";0;0;1;0;"-22.738836";"-43.472469";"SR-RJ";"DEL5/1";"UOP03/RJ"
155275;339396;2018-08-25;"sabado";"21:10:00";"RJ";116;187;"NOVA IGUACU";"Sim";"Ingestao de alcool";1;"Colisao com objeto estatico";"Com Vitimas Feridas";"Plena Noite";"Crescente";"Ceu Claro";"Dupla";"Reta";"Sim";275754;"Automóvel";"GM/CORSA HATCH PREMIUM";2007;"Passageiro";"Lesoes Graves";47;"Masculino";0;0;1;0;"-22.738836";"-43.472469";"SR-RJ";"DEL5/1";"UOP03/RJ"
155275;339398;2018-08-25;"sabado";"21:10:00";"RJ";116;187;"NOVA IGUACU";"Sim";"Ingestao de alcool";1;"Colisao com objeto estatico";"Com Vitimas Feridas";"Plena Noite";"Crescente";"Ceu Claro";"Dupla";"Reta";"Sim";275754;"Automóvel";"GM/CORSA HATCH PREMIUM";2007;"Passageiro";"Lesoes Leves";55;"Feminino";0;1;0;0;"-22.738836";"-43.472469";"SR-RJ";"DEL5/1";"UOP03/RJ"
155275;339392;2018-08-25;"sabado";"21:10:00";"RJ";116;187;"NOVA IGUACU";"Sim";"Ingestao de alcool";1;"Colisao com objeto estatico";"Com Vitimas Feridas";"Plena Noite";"Crescente";"Ceu Claro";"Dupla";"Reta";"Sim";275754;"Automóvel";"GM/CORSA HATCH PREMIUM";2007;"Passageiro";"Lesoes Leves";0;"Masculino";0;1;0;0;"-22.738836";"-43.472469";"SR-RJ";"DEL5/1";"UOP03/RJ"
155275;339397;2018-08-25;"sabado";"21:10:00";"RJ";116;187;"NOVA IGUACU";"Sim";"Ingestao de alcool";1;"Colisao com objeto estatico";"Com Vitimas Feridas";"Plena Noite";"Crescente";"Ceu Claro";"Dupla";"Reta";"Sim";275754;"Automóvel";"GM/CORSA HATCH PREMIUM";2007;"Passageiro";"Ileso";NA;"Feminino";1;0;0;0;"-22.738836";"-43.472469";"SR-RJ";"DEL5/1";"UOP03/RJ"
155281;339472;2018-08-25;"sabado";"22:00:00";"PE";232;219,8;"PESQUEIRA";"Sim";"Ingestao de alcool";1;"Colisao com objeto estatico";"Com Vitimas Fatais";"Plena Noite";"Decrescente";"Ceu Claro";"Simples";"Curva";"Nao";275762;"Caminhonete";"VW/SAVEIRO 1.6 TITAN";2009;"Condutor";"Lesoes Graves";35;"Masculino";0;0;1;0;"-8.39683548";"-36.77128744";"SR-PE";"DEL11/3";"UOP02/PE"
155281;339476;2018-08-25;"sabado";"22:00:00";"PE";232;219,8;"PESQUEIRA";"Sim";"Ingestao de alcool";1;"Colisao com objeto estatico";"Com Vitimas Fatais";"Plena Noite";"Decrescente";"Ceu Claro";"Simples";"Curva";"Nao";275762;"Caminhonete";"VW/SAVEIRO 1.6 TITAN";2009;"Passageiro";"Óbito";27;"Feminino";0;0;0;1;"-8.39683548";"-36.77128744";"SR-PE";"DEL11/3";"UOP02/PE"
155290;341084;2018-08-25;"sabado";"23:30:00";"SP";116;288;"ITAPECERICA DA SERRA";"Nao";"Ingestao de alcool";1;"Colisao traseira";"Com Vitimas Feridas";"Plena Noite";"Crescente";"Ceu Claro";"Dupla";"Reta";"Nao";276009;"Automóvel";"IMP/RENAULT MEGANE 2.0 L";1998;"Condutor";"Ileso";33;"Masculino";1;0;0;0;"-23.70836156";"-46.87369585";"SR-SP";"DEL6/4";"UOP01/SP"
155290;341090;2018-08-25;"sabado";"23:30:00";"SP";116;288;"ITAPECERICA DA SERRA";"Nao";"Ingestao de alcool";1;"Colisao traseira";"Com Vitimas Feridas";"Plena Noite";"Crescente";"Ceu Claro";"Dupla";"Reta";"Nao";276009;"Automóvel";"IMP/RENAULT MEGANE 2.0 L";1998;"Passageiro";"Ileso";NA;"Feminino";1;0;0;0;"-23.70836156";"-46.87369585";"SR-SP";"DEL6/4";"UOP01/SP"
155290;341101;2018-08-25;"sabado";"23:30:00";"SP";116;288;"ITAPECERICA DA SERRA";"Nao";"Ingestao de alcool";1;"Colisao traseira";"Com Vitimas Feridas";"Plena Noite";"Crescente";"Ceu Claro";"Dupla";"Reta";"Nao";276010;"Automóvel";"I/PEUGEOT 307 20A FELINE";2005;"Condutor";"Ileso";63;"Masculino";1;0;0;0;"-23.70836156";"-46.87369585";"SR-SP";"DEL6/4";"UOP01/SP"
155290;341098;2018-08-25;"sabado";"23:30:00";"SP";116;288;"ITAPECERICA DA SERRA";"Nao";"Ingestao de alcool";1;"Colisao traseira";"Com Vitimas Feridas";"Plena Noite";"Crescente";"Ceu Claro";"Dupla";"Reta";"Nao";276009;"Automóvel";"IMP/RENAULT MEGANE 2.0 L";1998;"Passageiro";"Lesoes Leves";5;"Masculino";0;1;0;0;"-23.70836156";"-46.87369585";"SR-SP";"DEL6/4";"UOP01/SP"
155290;341102;2018-08-25;"sabado";"23:30:00";"SP";116;288;"ITAPECERICA DA SERRA";"Nao";"Ingestao de alcool";1;"Colisao traseira";"Com Vitimas Feridas";"Plena Noite";"Crescente";"Ceu Claro";"Dupla";"Reta";"Nao";276010;"Automóvel";"I/PEUGEOT 307 20A FELINE";2005;"Passageiro";"Ileso";61;"Feminino";1;0;0;0;"-23.70836156";"-46.87369585";"SR-SP";"DEL6/4";"UOP01/SP"
155290;341103;2018-08-25;"sabado";"23:30:00";"SP";116;288;"ITAPECERICA DA SERRA";"Nao";"Ingestao de alcool";1;"Colisao traseira";"Com Vitimas Feridas";"Plena Noite";"Crescente";"Ceu Claro";"Dupla";"Reta";"Nao";276010;"Automóvel";"I/PEUGEOT 307 20A FELINE";2005;"Passageiro";"Ileso";41;"Feminino";1;0;0;0;"-23.70836156";"-46.87369585";"SR-SP";"DEL6/4";"UOP01/SP"
155290;341104;2018-08-25;"sabado";"23:30:00";"SP";116;288;"ITAPECERICA DA SERRA";"Nao";"Ingestao de alcool";1;"Colisao traseira";"Com Vitimas Feridas";"Plena Noite";"Crescente";"Ceu Claro";"Dupla";"Reta";"Nao";276010;"Automóvel";"I/PEUGEOT 307 20A FELINE";2005;"Passageiro";"Ileso";15;"Masculino";1;0;0;0;"-23.70836156";"-46.87369585";"SR-SP";"DEL6/4";"UOP01/SP"
155292;341260;2018-08-25;"sabado";"22:30:00";"SC";101;136;"BALNEARIO CAMBORIU";"Sim";"Ingestao de alcool";1;"Colisao traseira";"Sem Vitimas";"Plena Noite";"Decrescente";"Ceu Claro";"Multipla";"Reta";"Sim";277248;"Automóvel";"CITROEN/C3 EXCL 14 FLEX";2008;"Condutor";"Ileso";38;"Masculino";1;0;0;0;"-27.0158";"-48.6117";"SR-SC";"DEL8/4";"UOP03/SC"
155292;341258;2018-08-25;"sabado";"22:30:00";"SC";101;136;"BALNEARIO CAMBORIU";"Sim";"Ingestao de alcool";1;"Colisao traseira";"Sem Vitimas";"Plena Noite";"Decrescente";"Ceu Claro";"Multipla";"Reta";"Sim";275758;"Automóvel";"FIAT/PUNTO ATTRACTIVE";2012;"Condutor";"Ileso";21;"Masculino";1;0;0;0;"-27.0158";"-48.6117";"SR-SC";"DEL8/4";"UOP03/SC"
155296;341327;2018-08-26;"domingo";"00:05:00";"PR";476;145;"CURITIBA";"Nao";"Ingestao de alcool";1;"Colisao traseira";"Com Vitimas Feridas";"Plena Noite";"Decrescente";"Ceu Claro";"Dupla";"Desvio Temporario";"Nao";277290;"Automóvel";"IMP/FORD ESCORT GL 16V F";1999;"Condutor";"Nao Informado";NA;"Nao Informado";0;0;0;0;"-25.547749";"-49.32095";"SR-PR";"DEL7/1";"UOP04/PR"
155296;341328;2018-08-26;"domingo";"00:05:00";"PR";476;145;"CURITIBA";"Nao";"Ingestao de alcool";1;"Colisao traseira";"Com Vitimas Feridas";"Plena Noite";"Decrescente";"Ceu Claro";"Dupla";"Desvio Temporario";"Nao";277300;"Automóvel";"FORD/KA GL";2005;"Condutor";"Lesoes Leves";56;"Feminino";0;1;0;0;"-25.547749";"-49.32095";"SR-PR";"DEL7/1";"UOP04/PR"
155296;341329;2018-08-26;"domingo";"00:05:00";"PR";476;145;"CURITIBA";"Nao";"Ingestao de alcool";1;"Colisao traseira";"Com Vitimas Feridas";"Plena Noite";"Decrescente";"Ceu Claro";"Dupla";"Desvio Temporario";"Nao";277300;"Automóvel";"FORD/KA GL";2005;"Passageiro";"Lesoes Leves";52;"Feminino";0;1;0;0;"-25.547749";"-49.32095";"SR-PR";"DEL7/1";"UOP04/PR"
155299;340448;2018-08-26;"domingo";"00:20:00";"TO";153;137,5;"ARAGUAINA";"Nao";"Ingestao de alcool";1;"Colisao traseira";"Sem Vitimas";"Plena Noite";"Crescente";"Ceu Claro";"Dupla";"Nao Informado";"Nao";275810;"Motocicleta";"HONDA/CG 160 TITAN EX";2015;"Condutor";"Ileso";38;"Masculino";1;0;0;0;"-7.146306";"-48.202557";"SR-TO";"UOP04/TO";""
155299;340450;2018-08-26;"domingo";"00:20:00";"TO";153;137,5;"ARAGUAINA";"Nao";"Ingestao de alcool";1;"Colisao traseira";"Sem Vitimas";"Plena Noite";"Crescente";"Ceu Claro";"Dupla";"Nao Informado";"Nao";275809;"Caminhonete";"MMC/L200 TRITON GL D";2017;"Passageiro";"Ileso";35;"Masculino";1;0;0;0;"-7.146306";"-48.202557";"SR-TO";"UOP04/TO";""
155299;340447;2018-08-26;"domingo";"00:20:00";"TO";153;137,5;"ARAGUAINA";"Nao";"Ingestao de alcool";1;"Colisao traseira";"Sem Vitimas";"Plena Noite";"Crescente";"Ceu Claro";"Dupla";"Nao Informado";"Nao";275809;"Caminhonete";"MMC/L200 TRITON GL D";2017;"Condutor";"Ileso";37;"Masculino";1;0;0;0;"-7.146306";"-48.202557";"SR-TO";"UOP04/TO";""
155307;339456;2018-08-26;"domingo";"02:40:00";"PB";101;41,5;"MAMANGUAPE";"Sim";"Ingestao de alcool";1;"Saida de leito carrocavel";"Com Vitimas Feridas";"Plena Noite";"Crescente";"Chuva";"Simples";"Curva";"Sim";275797;"Automóvel";"VW/GOL MI";1997;"Condutor";"Lesoes Leves";37;"Masculino";0;1;0;0;"-6.8593";"-35.1338";"SR-PB";"DEL14/1";"UOP04/PB"
155310;339482;2018-08-26;"domingo";"02:50:00";"RS";386;344,3;"LAJEADO";"Sim";"Ingestao de alcool";1;"Saida de leito carrocavel";"Com Vitimas Feridas";"Plena Noite";"Decrescente";"Ceu Claro";"Dupla";"Reta";"Sim";275830;"Automóvel";"FIAT/PALIO FIRE";2003;"Condutor";"Lesoes Leves";46;"Masculino";0;1;0;0;"-29.44616";"-51.9757";"SR-RS";"DEL9/4";"UOP01/RS"
155311;339443;2018-08-26;"domingo";"01:20:00";"SE";235;51;"ITABAIANA";"Sim";"Ingestao de alcool";1;"Queda de ocupante de veiculo";"Com Vitimas Feridas";"Plena Noite";"Decrescente";"Ignorado";"Dupla";"Rotatória";"Sim";275788;"Motocicleta";"YAMAHA/YS150 FAZER SED";2014;"Condutor";"Lesoes Leves";39;"Masculino";0;1;0;0;"-10.700226";"-37.431423";"SR-SE";"DEL20/1";"UOP02/SE"
155316;341296;2018-08-26;"domingo";"04:00:00";"PI";230;307;"FLORIANO";"Sim";"Ingestao de alcool";1;"Queda de ocupante de veiculo";"Com Vitimas Feridas";"Plena Noite";"Crescente";"Ceu Claro";"Simples";"Reta";"Nao";277280;"Motocicleta";"HONDA/CG150 FAN ESDI";2014;"Condutor";"Lesoes Leves";32;"Masculino";0;1;0;0;"-6.78500929";"-42.99613237";"SR-PI";"DEL17/3";"UOP01/PI"
155318;339458;2018-08-26;"domingo";"01:20:00";"RS";386;188;"SANTO ANTONIO DO PLANALTO";"Sim";"Ingestao de alcool";1;"Colisao lateral";"Sem Vitimas";"Plena Noite";"Crescente";"Ceu Claro";"Simples";"Reta";"Nao";275792;"Ônibus";"MBENZ/MPOLO PARADISO R";2012;"Condutor";"Ileso";32;"Masculino";1;0;0;0;"-28.363001";"-52.707069";"SR-RS";"DEL9/14";"UOP01/RS"