"id";"pesid";"data_inversa";"dia_semana";"horario";"uf";"br";"km";"municipio";"causa_principal";"causa_acidente";"ordem_tipo_acidente";"tipo_acidente";"classificacao_acidente";"fase_dia";"sentido_via";"condicao_metereologica";"tipo_pista";"tracado_via";"uso_solo";"id_veiculo";"tipo_veiculo";"marca";"ano_fabricacao_veiculo";"tipo_envolvido";"estado_fisico";"idade";"sexo";"ilesos";"feridos_leves";"feridos_graves";"mortos";"latitude";"longitude";"regional";"delegacia";"uop"
155719;342108;2018-08-27;"segunda-feira";"21:10:00";"MS";262;77;"TRES LAGOAS";"Sim";"Ingestao de alcool";1;"Saida de leito carrocavel";"Sem Vitimas";"Plena Noite";"Decrescente";"Ceu Claro";"Simples";"Reta";"Nao";276549;"Automóvel";"HYUNDAI/HB20 1.0M COMFOR";2018;"Passageiro";"Ileso";36;"Masculino";1;0;0;0;"-20.758873";"-52.033009";"SR-MS";"DEL3/7";"UOP02/MS"
155719;342105;2018-08-27;"segunda-feira";"21:10:00";"MS";262;77;"TRES LAGOAS";"Sim";"Ingestao de alcool";1;"Saida de leito carrocavel";"Sem Vitimas";"Plena Noite";"Decrescente";"Ceu Claro";"Simples";"Reta";"Nao";276549;"Automóvel";"HYUNDAI/HB20 1.0M COMFOR";2018;"Condutor";"Ileso";39;"Masculino";1;0;0;0;"-20.758873";"-52.033009";"SR-MS";"DEL3/7";"UOP02/MS"
155729;340394;2018-08-28;"terca-feira";"00:30:00";"RS";158;89,7;"PALMEIRA DAS MISSOES";"Sim";"Ingestao de alcool";1;"Colisao lateral";"Com Vitimas Feridas";"Plena Noite";"Crescente";"Ceu Claro";"Simples";"Reta";"Nao";276526;"Automóvel";"GM/VECTRA MILENIUM";2001;"Passageiro";"Ileso";24;"Masculino";1;0;0;0;"-27.800941";"-53.332161";"SR-RS";"DEL9/14";"UOP02/RS"
155729;340393;2018-08-28;"terca-feira";"00:30:00";"RS";158;89,7;"PALMEIRA DAS MISSOES";"Sim";"Ingestao de alcool";1;"Colisao lateral";"Com Vitimas Feridas";"Plena Noite";"Crescente";"Ceu Claro";"Simples";"Reta";"Nao";276526;"Automóvel";"GM/VECTRA MILENIUM";2001;"Passageiro";"Lesoes Leves";24;"Feminino";0;1;0;0;"-27.800941";"-53.332161";"SR-RS";"DEL9/14";"UOP02/RS"
155729;340368;2018-08-28;"terca-feira";"00:30:00";"RS";158;89,7;"PALMEIRA DAS MISSOES";"Sim";"Ingestao de alcool";1;"Colisao lateral";"Com Vitimas Feridas";"Plena Noite";"Crescente";"Ceu Claro";"Simples";"Reta";"Nao";276526;"Automóvel";"GM/VECTRA MILENIUM";2001;"Condutor";"Ileso";26;"Masculino";1;0;0;0;"-27.800941";"-53.332161";"SR-RS";"DEL9/14";"UOP02/RS"
155729;340364;2018-08-28;"terca-feira";"00:30:00";"RS";158;89,7;"PALMEIRA DAS MISSOES";"Sim";"Ingestao de alcool";1;"Colisao lateral";"Com Vitimas Feridas";"Plena Noite";"Crescente";"Ceu Claro";"Simples";"Reta";"Nao";276527;"Caminhao";"VOLVO/VM 260 6X2R";2011;"Condutor";"Ileso";35;"Masculino";1;0;0;0;"-27.800941";"-53.332161";"SR-RS";"DEL9/14";"UOP02/RS"
155729;340366;2018-08-28;"terca-feira";"00:30:00";"RS";158;89,7;"PALMEIRA DAS MISSOES";"Sim";"Ingestao de alcool";1;"Colisao lateral";"Com Vitimas Feridas";"Plena Noite";"Crescente";"Ceu Claro";"Simples";"Reta";"Nao";276526;"Automóvel";"GM/VECTRA MILENIUM";2001;"Passageiro";"Lesoes Leves";20;"Feminino";0;1;0;0;"-27.800941";"-53.332161";"SR-RS";"DEL9/14";"UOP02/RS"
155729;340365;2018-08-28;"terca-feira";"00:30:00";"RS";158;89,7;"PALMEIRA DAS MISSOES";"Sim";"Ingestao de alcool";1;"Colisao lateral";"Com Vitimas Feridas";"Plena Noite";"Crescente";"Ceu Claro";"Simples";"Reta";"Nao";276526;"Automóvel";"GM/VECTRA MILENIUM";2001;"Passageiro";"Lesoes Leves";39;"Feminino";0;1;0;0;"-27.800941";"-53.332161";"SR-RS";"DEL9/14";"UOP02/RS"
155733;340356;2018-08-27;"segunda-feira";"19:55:00";"SC";282;578;"PINHALZINHO";"Sim";"Ingestao de alcool";1;"Colisao transversal";"Com Vitimas Feridas";"Plena Noite";"Crescente";"Ceu Claro";"Simples";"Rotatória";"Sim";276522;"Automóvel";"FIAT/PALIO EDX";1998;"Condutor";"Ileso";62;"Masculino";1;0;0;0;"-26.85287641";"-52.98000097";"SR-SC";"DEL8/8";"UOP02/SC"
155733;340359;2018-08-27;"segunda-feira";"19:55:00";"SC";282;578;"PINHALZINHO";"Sim";"Ingestao de alcool";1;"Colisao transversal";"Com Vitimas Feridas";"Plena Noite";"Crescente";"Ceu Claro";"Simples";"Rotatória";"Sim";276522;"Automóvel";"FIAT/PALIO EDX";1998;"Passageiro";"Lesoes Leves";72;"Masculino";0;1;0;0;"-26.85287641";"-52.98000097";"SR-SC";"DEL8/8";"UOP02/SC"
155733;340357;2018-08-27;"segunda-feira";"19:55:00";"SC";282;578;"PINHALZINHO";"Sim";"Ingestao de alcool";1;"Colisao transversal";"Com Vitimas Feridas";"Plena Noite";"Crescente";"Ceu Claro";"Simples";"Rotatória";"Sim";276523;"Caminhonete";"FIAT/STRADA HD WK CC E";2018;"Condutor";"Ileso";32;"Masculino";1;0;0;0;"-26.85287641";"-52.98000097";"SR-SC";"DEL8/8";"UOP02/SC"
155796;340687;2018-08-28;"terca-feira";"09:00:00";"RN";226;7;"MACAIBA";"Sim";"Ingestao de alcool";1;"Colisao traseira";"Com Vitimas Feridas";"Pleno dia";"Decrescente";"Ceu Claro";"Simples";"Curva";"Sim";276789;"Motocicleta";"HONDA/NXR 160 BROS";2017;"Condutor";"Lesoes Leves";59;"Masculino";0;1;0;0;"-5.827994";"-35.279991";"SR-RN";"DEL15/1";"UOP02/RN"
155796;342266;2018-08-28;"terca-feira";"09:00:00";"RN";226;7;"MACAIBA";"Sim";"Ingestao de alcool";1;"Colisao traseira";"Com Vitimas Feridas";"Pleno dia";"Decrescente";"Ceu Claro";"Simples";"Curva";"Sim";278053;"Automóvel";"";NA;"Condutor";"Ileso";NA;"Masculino";1;0;0;0;"-5.827994";"-35.279991";"SR-RN";"DEL15/1";"UOP02/RN"
155796;340686;2018-08-28;"terca-feira";"09:00:00";"RN";226;7;"MACAIBA";"Sim";"Ingestao de alcool";1;"Colisao traseira";"Com Vitimas Feridas";"Pleno dia";"Decrescente";"Ceu Claro";"Simples";"Curva";"Sim";276788;"Automóvel";"GM/KADETT GL";1994;"Condutor";"Ileso";49;"Masculino";1;0;0;0;"-5.827994";"-35.279991";"SR-RN";"DEL15/1";"UOP02/RN"
155833;340735;2018-08-28;"terca-feira";"17:45:00";"ES";101;186,3;"ARACRUZ";"Sim";"Ingestao de alcool";1;"Atropelamento de Pedestre";"Com Vitimas Feridas";"Anoitecer";"Decrescente";"Ceu Claro";"Simples";"Reta";"Nao";276840;"Caminhonete";"FIAT/STRADA HD WK CE E";2016;"Condutor";"Ileso";66;"Masculino";1;0;0;0;"-19.66716485";"-40.25305599";"SR-ES";"DEL12/4";"UOP01/ES"
155833;340737;2018-08-28;"terca-feira";"17:45:00";"ES";101;186,3;"ARACRUZ";"Sim";"Ingestao de alcool";1;"Atropelamento de Pedestre";"Com Vitimas Feridas";"Anoitecer";"Decrescente";"Ceu Claro";"Simples";"Reta";"Nao";276840;"Caminhonete";"FIAT/STRADA HD WK CE E";2016;"Pedestre";"Lesoes Leves";42;"Masculino";0;1;0;0;"-19.66716485";"-40.25305599";"SR-ES";"DEL12/4";"UOP01/ES"
155885;340809;2018-08-28;"terca-feira";"23:20:00";"SP";153;225,3;"MARILIA";"Sim";"Ingestao de alcool";1;"Colisao lateral";"Com Vitimas Feridas";"Plena Noite";"Crescente";"Ceu Claro";"Simples";"Nao Informado";"Nao";276890;"Automóvel";"FIAT/UNO MILLE FIRE FLEX";2005;"Condutor";"Lesoes Leves";46;"Masculino";0;1;0;0;"-22.040852";"-49.903664";"SR-SP";"DEL6/07";"UOP02/SP"
155885;340812;2018-08-28;"terca-feira";"23:20:00";"SP";153;225,3;"MARILIA";"Sim";"Ingestao de alcool";1;"Colisao lateral";"Com Vitimas Feridas";"Plena Noite";"Crescente";"Ceu Claro";"Simples";"Nao Informado";"Nao";276890;"Automóvel";"FIAT/UNO MILLE FIRE FLEX";2005;"Passageiro";"Ileso";52;"Masculino";1;0;0;0;"-22.040852";"-49.903664";"SR-SP";"DEL6/07";"UOP02/SP"
155885;340815;2018-08-28;"terca-feira";"23:20:00";"SP";153;225,3;"MARILIA";"Sim";"Ingestao de alcool";1;"Colisao lateral";"Com Vitimas Feridas";"Plena Noite";"Crescente";"Ceu Claro";"Simples";"Nao Informado";"Nao";276890;"Automóvel";"FIAT/UNO MILLE FIRE FLEX";2005;"Passageiro";"Ileso";45;"Masculino";1;0;0;0;"-22.040852";"-49.903664";"SR-SP";"DEL6/07";"UOP02/SP"
155885;341612;2018-08-28;"terca-feira";"23:20:00";"SP";153;225,3;"MARILIA";"Sim";"Ingestao de alcool";1;"Colisao lateral";"Com Vitimas Feridas";"Plena Noite";"Crescente";"Ceu Claro";"Simples";"Nao Informado";"Nao";277498;"Semireboque";"";NA;"Condutor";"Nao Informado";NA;"Nao Informado";0;0;0;0;"-22.040852";"-49.903664";"SR-SP";"DEL6/07";"UOP02/SP"
155886;340772;2018-08-28;"terca-feira";"23:30:00";"PR";376;179,3;"MARINGA";"Sim";"Ingestao de alcool";1;"Colisao traseira";"Com Vitimas Feridas";"Plena Noite";"Crescente";"Ceu Claro";"Dupla";"Reta";"Sim";276871;"Motocicleta";"HONDA/CG150 TITAN MIX KS";2009;"Condutor";"Lesoes Leves";40;"Masculino";0;1;0;0;"-23.42021907";"-51.91062444";"SR-PR";"DEL7/7";"UOP04/PR"
155886;340773;2018-08-28;"terca-feira";"23:30:00";"PR";376;179,3;"MARINGA";"Sim";"Ingestao de alcool";1;"Colisao traseira";"Com Vitimas Feridas";"Plena Noite";"Crescente";"Ceu Claro";"Dupla";"Reta";"Sim";276872;"Automóvel";"CHEV/PRISMA 1.4MT LTZ";2017;"Condutor";"Ileso";33;"Masculino";1;0;0;0;"-23.42021907";"-51.91062444";"SR-PR";"DEL7/7";"UOP04/PR"
155896;342852;2018-08-29;"quarta-feira";"03:50:00";"MG";381;500,2;"BETIM";"Sim";"Ingestao de alcool e/ou substâncias psicoativas pelo pedestre";1;"Saida de leito carrocavel";"Com Vitimas Feridas";"Plena Noite";"Crescente";"Ceu Claro";"Dupla";"Reta";"Sim";276886;"Automóvel";"I/CHEVROLET CAMARO 2SS";2010;"Condutor";"Lesoes Leves";NA;"Masculino";0;1;0;0;"-20.00244712";"-44.2124176";"SR-MG";"DEL4/1";"UOP03/MG"
155997;341314;2018-08-29;"quarta-feira";"17:25:00";"MS";163;259,4;"DOURADOS";"Sim";"Ingestao de alcool";1;"Colisao com objeto estatico";"Sem Vitimas";"Pleno dia";"Crescente";"Sol";"Dupla";"Reta";"Sim";277293;"Automóvel";"CHEVROLET/CLASSIC LS";2010;"Condutor";"Ileso";33;"Masculino";1;0;0;0;"-22.24175553";"-54.76856232";"SR-MS";"DEL3/4";"UOP01/MS"
156004;341228;2018-08-29;"quarta-feira";"18:30:00";"PR";116;29;"CAMPINA GRANDE DO SUL";"Sim";"Ingestao de alcool";1;"Atropelamento de Pedestre";"Com Vitimas Feridas";"Plena Noite";"Crescente";"Nevoeiro/Neblina";"Dupla";"Curva";"Nao";277209;"Caminhao";"VOLVO/VM 270 6X2R";2013;"Condutor";"Ileso";40;"Masculino";1;0;0;0;"-25.100108";"-48.811999";"SR-PR";"DEL7/1";"UOP02/PR"
156004;341234;2018-08-29;"quarta-feira";"18:30:00";"PR";116;29;"CAMPINA GRANDE DO SUL";"Sim";"Ingestao de alcool";1;"Atropelamento de Pedestre";"Com Vitimas Feridas";"Plena Noite";"Crescente";"Nevoeiro/Neblina";"Dupla";"Curva";"Nao";277209;"Caminhao";"VOLVO/VM 270 6X2R";2013;"Pedestre";"Lesoes Graves";33;"Masculino";0;0;1;0;"-25.100108";"-48.811999";"SR-PR";"DEL7/1";"UOP02/PR"
156030;341161;2018-04-30;"segunda-feira";"23:40:00";"GO";153;506,9;"APARECIDA DE GOIANIA";"Sim";"Ingestao de alcool";2;"Colisao com objeto estatico";"Com Vitimas Feridas";"Plena Noite";"Crescente";"Ceu Claro";"Dupla";"Reta";"Sim";277163;"Automóvel";"GM/VECTRA GL";2000;"Condutor";"Ileso";53;"Masculino";1;0;0;0;"-16.7715";"-49.2387";"SR-GO";"DEL1/1";"UOP01/GO"
156030;341162;2018-04-30;"segunda-feira";"23:40:00";"GO";153;506,9;"APARECIDA DE GOIANIA";"Sim";"Ingestao de alcool";2;"Colisao com objeto estatico";"Com Vitimas Feridas";"Plena Noite";"Crescente";"Ceu Claro";"Dupla";"Reta";"Sim";277164;"Motocicleta";"JTA/SUZUKI EN125 YES";NA;"Condutor";"Ileso";26;"Masculino";1;0;0;0;"-16.7715";"-49.2387";"SR-GO";"DEL1/1";"UOP01/GO"
156030;341163;2018-04-30;"segunda-feira";"23:40:00";"GO";153;506,9;"APARECIDA DE GOIANIA";"Sim";"Ingestao de alcool";2;"Colisao com objeto estatico";"Com Vitimas Feridas";"Plena Noite";"Crescente";"Ceu Claro";"Dupla";"Reta";"Sim";277164;"Motocicleta";"JTA/SUZUKI EN125 YES";NA;"Passageiro";"Lesoes Leves";30;"Feminino";0;1;0;0;"-16.7715";"-49.2387";"SR-GO";"DEL1/1";"UOP01/GO"
156030;341164;2018-04-30;"segunda-feira";"23:40:00";"GO";153;506,9;"APARECIDA DE GOIANIA";"Sim";"Ingestao de alcool";2;"Colisao com objeto estatico";"Com Vitimas Feridas";"Plena Noite";"Crescente";"Ceu Claro";"Dupla";"Reta";"Sim";277165;"Automóvel";"I/CHEV SONIC LT NB AT";2012;"Condutor";"Ileso";23;"Masculino";1;0;0;0;"-16.7715";"-49.2387";"SR-GO";"DEL1/1";"UOP01/GO"
156030;341165;2018-04-30;"segunda-feira";"23:40:00";"GO";153;506,9;"APARECIDA DE GOIANIA";"Sim";"Ingestao de alcool";2;"Colisao com objeto estatico";"Com Vitimas Feridas";"Plena Noite";"Crescente";"Ceu Claro";"Dupla";"Reta";"Sim";277166;"Motocicleta";"HONDA/CG 125 TITAN";1997;"Condutor";"Lesoes Leves";27;"Masculino";0;1;0;0;"-16.7715";"-49.2387";"SR-GO";"DEL1/1";"UOP01/GO"
156044;341251;2018-08-29;"quarta-feira";"20:10:00";"MG";116;274,6;"TEOFILO OTONI";"Sim";"Ingestao de alcool";1;"Tombamento";"Com Vitimas Feridas";"Plena Noite";"Crescente";"Ceu Claro";"Multipla";"Reta";"Sim";277235;"Automóvel";"VW/GOL CLI";1994;"Condutor";"Lesoes Leves";41;"Masculino";0;1;0;0;"-17.83492766";"-41.51143312";"SR-MG";"DEL4/11";"UOP01/MG"
156049;342733;2018-08-29;"quarta-feira";"22:00:00";"PE";232;145,1;"SAO CAITANO";"Sim";"Ingestao de alcool";1;"Colisao traseira";"Sem Vitimas";"Plena Noite";"Crescente";"Nublado";"Dupla";"Reta";"Nao";277246;"Automóvel";"VW/FOX 1.0 GII";2010;"Condutor";"Ileso";34;"Masculino";1;0;0;0;"-8.32914548";"-36.12223953";"SR-PE";"DEL11/2";"UOP02/PE"
156049;342735;2018-08-29;"quarta-feira";"22:00:00";"PE";232;145,1;"SAO CAITANO";"Sim";"Ingestao de alcool";1;"Colisao traseira";"Sem Vitimas";"Plena Noite";"Crescente";"Nublado";"Dupla";"Reta";"Nao";277247;"Automóvel";"HONDA/CIVIC LXL FLEX";2010;"Condutor";"Ileso";20;"Masculino";1;0;0;0;"-8.32914548";"-36.12223953";"SR-PE";"DEL11/2";"UOP02/PE"
156060;342720;2018-08-29;"quarta-feira";"23:30:00";"MS";262;143,5;"AGUA CLARA";"Sim";"Ingestao de alcool";1;"Colisao com objeto estatico";"Com Vitimas Feridas";"Plena Noite";"Decrescente";"Ceu Claro";"Dupla";"Reta";"Sim";278481;"Motocicleta";"HONDA/CG 150 TITAN ESD";2013;"Condutor";"Lesoes Leves";26;"Masculino";0;1;0;0;"-20.444733";"-52.876798";"SR-MS";"DEL3/7";"UOP02/MS"
156072;343122;2018-08-30;"quinta-feira";"04:30:00";"PR";153;363,8;"RIO AZUL";"Sim";"Ingestao de alcool";1;"Atropelamento de Pedestre";"Com Vitimas Feridas";"Plena Noite";"Decrescente";"Nevoeiro/Neblina";"Simples";"Reta";"Nao";277308;"Caminhao";"SCANIA/P124 CB6X4NZ 360";1999;"Condutor";"Ileso";35;"Masculino";1;0;0;0;"-25.700607";"-50.778904";"SR-PR";"DEL7/3";"UOP04/PR"
156072;343124;2018-08-30;"quinta-feira";"04:30:00";"PR";153;363,8;"RIO AZUL";"Sim";"Ingestao de alcool";1;"Atropelamento de Pedestre";"Com Vitimas Feridas";"Plena Noite";"Decrescente";"Nevoeiro/Neblina";"Simples";"Reta";"Nao";278781;"Semireboque";"REB/RANDON SR GR TR";1994;"Pedestre";"Lesoes Graves";907;"Masculino";0;0;1;0;"-25.700607";"-50.778904";"SR-PR";"DEL7/3";"UOP04/PR"
156096;341793;2018-08-30;"quinta-feira";"08:00:00";"PE";232;10;"JABOATAO DOS GUARARAPES";"Sim";"Ingestao de alcool";1;"Colisao com objeto estatico";"Com Vitimas Feridas";"Pleno dia";"Decrescente";"Nublado";"Dupla";"Reta";"Sim";277359;"Automóvel";"CHEVROLET/CELTA 1.0L LT";2011;"Condutor";"Ileso";22;"Feminino";1;0;0;0;"-8.07985";"-34.990206";"SR-PE";"DEL11/1";"UOP01/PE"
156096;341794;2018-08-30;"quinta-feira";"08:00:00";"PE";232;10;"JABOATAO DOS GUARARAPES";"Sim";"Ingestao de alcool";1;"Colisao com objeto estatico";"Com Vitimas Feridas";"Pleno dia";"Decrescente";"Nublado";"Dupla";"Reta";"Sim";277359;"Automóvel";"CHEVROLET/CELTA 1.0L LT";2011;"Passageiro";"Lesoes Leves";NA;"Feminino";0;1;0;0;"-8.07985";"-34.990206";"SR-PE";"DEL11/1";"UOP01/PE"
156135;344196;2018-08-30;"quinta-feira";"12:00:00";"SC";101;140;"BALNEARIO CAMBORIU";"Sim";"Ingestao de alcool";1;"Tombamento";"Com Vitimas Feridas";"Pleno dia";"Crescente";"Ceu Claro";"Dupla";"Curva";"Sim";277486;"Bicicleta";"";NA;"Condutor";"Lesoes Leves";60;"Masculino";0;1;0;0;"-27.0478";"-48.5981";"SR-SC";"DEL8/4";"UOP03/SC"
156167;347151;2018-08-30;"quinta-feira";"15:10:00";"PB";101;35;"MAMANGUAPE";"Sim";"Ingestao de alcool";1;"Saida de leito carrocavel";"Sem Vitimas";"Pleno dia";"Crescente";"Sol";"Dupla";"Reta";"Nao";277533;"Caminhonete";"GM/S10";1995;"Condutor";"Ileso";52;"Masculino";1;0;0;0;"-6.8061";"-35.1402";"SR-PB";"DEL14/1";"UOP04/PB"
156195;341728;2018-08-30;"quinta-feira";"18:25:00";"DF";80;6,9;"BRASILIA";"Sim";"Ingestao de alcool";2;"Saida de leito carrocavel";"Sem Vitimas";"Plena Noite";"Crescente";"Ceu Claro";"Simples";"Curva";"Nao";277589;"Caminhao-trator";"VOLVO/FH 440 6X2T";2011;"Condutor";"Ileso";50;"Masculino";1;0;0;0;"-15.730893";"-48.136707";"SR-DF";"DF";"UOP06/DF"
156195;341729;2018-08-30;"quinta-feira";"18:25:00";"DF";80;6,9;"BRASILIA";"Sim";"Ingestao de alcool";2;"Saida de leito carrocavel";"Sem Vitimas";"Plena Noite";"Crescente";"Ceu Claro";"Simples";"Curva";"Nao";277610;"Semireboque";"SR/GUERRA AG BS";2012;"Testemunha";"Nao Informado";NA;"Nao Informado";0;0;0;0;"-15.730893";"-48.136707";"SR-DF";"DF";"UOP06/DF"
156195;341727;2018-08-30;"quinta-feira";"18:25:00";"DF";80;6,9;"BRASILIA";"Sim";"Ingestao de alcool";2;"Saida de leito carrocavel";"Sem Vitimas";"Plena Noite";"Crescente";"Ceu Claro";"Simples";"Curva";"Nao";277588;"Automóvel";"FORD/FIESTA";2004;"Condutor";"Ileso";48;"Masculino";1;0;0;0;"-15.730893";"-48.136707";"SR-DF";"DF";"UOP06/DF"
156197;343257;2018-08-30;"quinta-feira";"16:40:00";"SC";101;462;"PASSO DE TORRES";"Sim";"Ingestao de alcool";1;"Capotamento";"Com Vitimas Feridas";"Pleno dia";"Decrescente";"Sol";"Dupla";"Reta";"Nao";277604;"Camioneta";"FORD/ECOSPORT XLT1.6FLEX";2007;"Passageiro";"Lesoes Leves";NA;"Masculino";0;1;0;0;"-29.2848";"-49.7561";"SR-RS";"DEL9/3";"UOP03/RS"
156197;341723;2018-08-30;"quinta-feira";"16:40:00";"SC";101;462;"PASSO DE TORRES";"Sim";"Ingestao de alcool";1;"Capotamento";"Com Vitimas Feridas";"Pleno dia";"Decrescente";"Sol";"Dupla";"Reta";"Nao";277604;"Camioneta";"FORD/ECOSPORT XLT1.6FLEX";2007;"Condutor";"Lesoes Leves";36;"Masculino";0;1;0;0;"-29.2848";"-49.7561";"SR-RS";"DEL9/3";"UOP03/RS"
156228;341747;2018-08-30;"quinta-feira";"21:30:00";"PR";376;3,9;"MANDAGUARI";"Sim";"Ingestao de alcool";1;"Atropelamento de Pedestre";"Com Vitimas Feridas";"Plena Noite";"Crescente";"Ceu Claro";"Simples";"Reta";"Sim";277619;"Caminhonete";"FORD/F250 XL L";2000;"Condutor";"Ileso";46;"Masculino";1;0;0;0;"-23.51730571";"-51.68477112";"SR-PR";"DEL7/7";"UOP04/PR"
156228;341744;2018-08-30;"quinta-feira";"21:30:00";"PR";376;3,9;"MANDAGUARI";"Sim";"Ingestao de alcool";1;"Atropelamento de Pedestre";"Com Vitimas Feridas";"Plena Noite";"Crescente";"Ceu Claro";"Simples";"Reta";"Sim";277618;"Motocicleta";"HONDA/CG 125 TITAN KS";2002;"Pedestre";"Lesoes Leves";53;"Masculino";0;1;0;0;"-23.51730571";"-51.68477112";"SR-PR";"DEL7/7";"UOP04/PR"
156228;341746;2018-08-30;"quinta-feira";"21:30:00";"PR";376;3,9;"MANDAGUARI";"Sim";"Ingestao de alcool";1;"Atropelamento de Pedestre";"Com Vitimas Feridas";"Plena Noite";"Crescente";"Ceu Claro";"Simples";"Reta";"Sim";277618;"Motocicleta";"HONDA/CG 125 TITAN KS";2002;"Condutor";"Lesoes Leves";25;"Masculino";0;1;0;0;"-23.51730571";"-51.68477112";"SR-PR";"DEL7/7";"UOP04/PR"
156230;341706;2018-08-30;"quinta-feira";"21:10:00";"SC";101;194;"BIGUACU";"Sim";"Ingestao de alcool";1;"Colisao com objeto estatico";"Com Vitimas Feridas";"Plena Noite";"Decrescente";"Nublado";"Dupla";"Reta";"Sim";277587;"Motocicleta";"HONDA/CG 125 FAN ES";2009;"Condutor";"Lesoes Leves";48;"Masculino";0;1;0;0;"-27.5055";"-48.6491";"SR-SC";"DEL8/1";"UOP01/SC"
156256;341759;2018-08-30;"quinta-feira";"23:00:00";"SC";470;5;"NAVEGANTES";"Sim";"Ingestao de alcool e/ou substâncias psicoativas pelo pedestre";1;"Atropelamento de Pedestre";"Com Vitimas Feridas";"Plena Noite";"Crescente";"Nublado";"Simples";"Reta";"Nao";277643;"Automóvel";"CHEVROLET/COBALT 1.8 LTZ";2013;"Condutor";"Ileso";60;"Masculino";1;0;0;0;"-26.855688";"-48.700333";"SR-SC";"DEL8/4";"UOP04/SC"
156256;341761;2018-08-30;"quinta-feira";"23:00:00";"SC";470;5;"NAVEGANTES";"Sim";"Ingestao de alcool e/ou substâncias psicoativas pelo pedestre";1;"Atropelamento de Pedestre";"Com Vitimas Feridas";"Plena Noite";"Crescente";"Nublado";"Simples";"Reta";"Nao";277643;"Automóvel";"CHEVROLET/COBALT 1.8 LTZ";2013;"Pedestre";"Lesoes Graves";NA;"Masculino";0;0;1;0;"-26.855688";"-48.700333";"SR-SC";"DEL8/4";"UOP04/SC"
156264;343353;2018-08-30;"quinta-feira";"22:00:00";"MG";116;479,5;"DOM CAVATI";"Sim";"Ingestao de alcool";1;"Atropelamento de Pedestre";"Com Vitimas Feridas";"Plena Noite";"Decrescente";"Nublado";"Simples";"Reta";"Sim";277644;"Automóvel";"GM/CELTA 2P LIFE";2009;"Condutor";"Ileso";32;"Masculino";1;0;0;0;"-19.37734";"-42.1086";"SR-MG";"DEL4/6";"UOP02/MG"
156264;343418;2018-08-30;"quinta-feira";"22:00:00";"MG";116;479,5;"DOM CAVATI";"Sim";"Ingestao de alcool";1;"Atropelamento de Pedestre";"Com Vitimas Feridas";"Plena Noite";"Decrescente";"Nublado";"Simples";"Reta";"Sim";277644;"Automóvel";"GM/CELTA 2P LIFE";2009;"Testemunha";"Nao Informado";NA;"Nao Informado";0;0;0;0;"-19.37734";"-42.1086";"SR-MG";"DEL4/6";"UOP02/MG"
156264;343417;2018-08-30;"quinta-feira";"22:00:00";"MG";116;479,5;"DOM CAVATI";"Sim";"Ingestao de alcool";1;"Atropelamento de Pedestre";"Com Vitimas Feridas";"Plena Noite";"Decrescente";"Nublado";"Simples";"Reta";"Sim";277644;"Automóvel";"GM/CELTA 2P LIFE";2009;"Pedestre";"Lesoes Graves";30;"Masculino";0;0;1;0;"-19.37734";"-42.1086";"SR-MG";"DEL4/6";"UOP02/MG"
156271;343057;2018-08-31;"sexta-feira";"04:20:00";"GO";153;502;"GOIANIA";"Sim";"Ingestao de alcool";1;"Colisao com objeto estatico";"Com Vitimas Feridas";"Amanhecer";"Crescente";"Ceu Claro";"Dupla";"Intersecao de vias";"Sim";278750;"Automóvel";"I/CHERY FACE 1.3";2010;"Condutor";"Ileso";22;"Masculino";1;0;0;0;"-16.7287";"-49.2424";"SR-GO";"DEL1/1";"UOP01/GO"
156271;343058;2018-08-31;"sexta-feira";"04:20:00";"GO";153;502;"GOIANIA";"Sim";"Ingestao de alcool";1;"Colisao com objeto estatico";"Com Vitimas Feridas";"Amanhecer";"Crescente";"Ceu Claro";"Dupla";"Intersecao de vias";"Sim";278750;"Automóvel";"I/CHERY FACE 1.3";2010;"Passageiro";"Lesoes Leves";22;"Feminino";0;1;0;0;"-16.7287";"-49.2424";"SR-GO";"DEL1/1";"UOP01/GO"
156285;343918;2018-08-31;"sexta-feira";"05:40:00";"DF";20;0,5;"BRASILIA";"Sim";"Ingestao de alcool e/ou substâncias psicoativas pelo pedestre";1;"Saida de leito carrocavel";"Sem Vitimas";"Plena Noite";"Decrescente";"Ceu Claro";"Dupla";"Reta";"Sim";279458;"Automóvel";"HONDA/CITY DX FLEX";2011;"Condutor";"Ileso";24;"Feminino";1;0;0;0;"-15.68727394";"-47.85452485";"SR-DF";"DF";"UOP04/DF"
156297;342012;2018-08-31;"sexta-feira";"07:50:00";"PI";343;332,6;"TERESINA";"Sim";"Ingestao de alcool";1;"Saida de leito carrocavel";"Com Vitimas Feridas";"Pleno dia";"Crescente";"Ceu Claro";"Simples";"Reta";"Nao";277786;"Automóvel";"FORD/KA SE 1.0 HA";2016;"Passageiro";"Lesoes Leves";33;"Masculino";0;1;0;0;"-5.058209";"-42.66679";"SR-PI";"DEL17/1";"UOP01/PI"