"id";"pesid";"data_inversa";"dia_semana";"horario";"uf";"br";"km";"municipio";"causa_principal";"causa_acidente";"ordem_tipo_acidente";"tipo_acidente";"classificacao_acidente";"fase_dia";"sentido_via";"condicao_metereologica";"tipo_pista";"tracado_via";"uso_solo";"id_veiculo";"tipo_veiculo";"marca";"ano_fabricacao_veiculo";"tipo_envolvido";"estado_fisico";"idade";"sexo";"ilesos";"feridos_leves";"feridos_graves";"mortos";"latitude";"longitude";"regional";"delegacia";"uop"
156297;342030;2018-08-31;"sexta-feira";"07:50:00";"PI";343;332,6;"TERESINA";"Sim";"Ingestao de alcool";1;"Saida de leito carrocavel";"Com Vitimas Feridas";"Pleno dia";"Crescente";"Ceu Claro";"Simples";"Reta";"Nao";277837;"Automóvel";"I/NISSAN VERSA 16SV FLEX";2013;"Condutor";"Ileso";39;"Masculino";1;0;0;0;"-5.058209";"-42.66679";"SR-PI";"DEL17/1";"UOP01/PI"
156297;342010;2018-08-31;"sexta-feira";"07:50:00";"PI";343;332,6;"TERESINA";"Sim";"Ingestao de alcool";1;"Saida de leito carrocavel";"Com Vitimas Feridas";"Pleno dia";"Crescente";"Ceu Claro";"Simples";"Reta";"Nao";277786;"Automóvel";"FORD/KA SE 1.0 HA";2016;"Condutor";"Lesoes Leves";26;"Masculino";0;1;0;0;"-5.058209";"-42.66679";"SR-PI";"DEL17/1";"UOP01/PI"
156299;341870;2018-08-24;"sexta-feira";"23:00:00";"PB";230;20;"JOAO PESSOA";"Sim";"Ingestao de alcool";1;"Queda de ocupante de veiculo";"Com Vitimas Feridas";"Plena Noite";"Crescente";"Chuva";"Dupla";"Reta";"Nao";277690;"Motocicleta";"HONDA/CG 125 FAN KS";2011;"Condutor";"Lesoes Leves";41;"Masculino";0;1;0;0;"-7.1337";"-34.8544";"SR-PB";"DEL14/1";"UOP01/PB"
156301;341989;2018-08-31;"sexta-feira";"07:30:00";"PI";343;329,6;"TERESINA";"Sim";"Ingestao de alcool";1;"Colisao traseira";"Sem Vitimas";"Pleno dia";"Crescente";"Ceu Claro";"Simples";"Reta";"Nao";277800;"Caminhonete";"VW/SAVEIRO 1.6 CE CROSS";2011;"Condutor";"Ileso";40;"Masculino";1;0;0;0;"-5.064808";"-42.641769";"SR-PI";"DEL17/1";"UOP01/PI"
156301;341990;2018-08-31;"sexta-feira";"07:30:00";"PI";343;329,6;"TERESINA";"Sim";"Ingestao de alcool";1;"Colisao traseira";"Sem Vitimas";"Pleno dia";"Crescente";"Ceu Claro";"Simples";"Reta";"Nao";277805;"Automóvel";"FORD/KA SE 1.0 HA";2016;"Condutor";"Ileso";26;"Masculino";1;0;0;0;"-5.064808";"-42.641769";"SR-PI";"DEL17/1";"UOP01/PI"
156326;341923;2018-08-23;"quinta-feira";"20:00:00";"PI";316;154;"ELESBAO VELOSO";"Sim";"Ingestao de alcool";1;"Atropelamento de Pedestre";"Com Vitimas Feridas";"Plena Noite";"Crescente";"Ceu Claro";"Simples";"Reta";"Sim";277746;"Motocicleta";"HONDA/CG 125 TITAN KS";2003;"Pedestre";"Ileso";42;"Feminino";1;0;0;0;"-6.18561146";"-42.12364197";"SR-PI";"DEL17/4";"UOP02/PI"
156326;341927;2018-08-23;"quinta-feira";"20:00:00";"PI";316;154;"ELESBAO VELOSO";"Sim";"Ingestao de alcool";1;"Atropelamento de Pedestre";"Com Vitimas Feridas";"Plena Noite";"Crescente";"Ceu Claro";"Simples";"Reta";"Sim";277746;"Motocicleta";"HONDA/CG 125 TITAN KS";2003;"Condutor";"Lesoes Leves";32;"Masculino";0;1;0;0;"-6.18561146";"-42.12364197";"SR-PI";"DEL17/4";"UOP02/PI"
156341;343907;2018-08-31;"sexta-feira";"12:40:00";"PE";101;46,5;"IGARASSU";"Sim";"Ingestao de alcool";1;"Colisao lateral";"Com Vitimas Feridas";"Pleno dia";"Decrescente";"Ceu Claro";"Multipla";"Reta";"Sim";277855;"Automóvel";"GM/CELTA 2P LIFE";2010;"Condutor";"Ileso";42;"Masculino";1;0;0;0;"-7.8802";"-34.905";"SR-PE";"DEL11/1";"UOP02/PE"
156341;343910;2018-08-31;"sexta-feira";"12:40:00";"PE";101;46,5;"IGARASSU";"Sim";"Ingestao de alcool";1;"Colisao lateral";"Com Vitimas Feridas";"Pleno dia";"Decrescente";"Ceu Claro";"Multipla";"Reta";"Sim";277856;"Automóvel";"FIAT/UNO ELECTRONIC";1994;"Condutor";"Ileso";40;"Masculino";1;0;0;0;"-7.8802";"-34.905";"SR-PE";"DEL11/1";"UOP02/PE"
156341;343913;2018-08-31;"sexta-feira";"12:40:00";"PE";101;46,5;"IGARASSU";"Sim";"Ingestao de alcool";1;"Colisao lateral";"Com Vitimas Feridas";"Pleno dia";"Decrescente";"Ceu Claro";"Multipla";"Reta";"Sim";277856;"Automóvel";"FIAT/UNO ELECTRONIC";1994;"Pedestre";"Lesoes Leves";29;"Feminino";0;1;0;0;"-7.8802";"-34.905";"SR-PE";"DEL11/1";"UOP02/PE"
156341;343914;2018-08-31;"sexta-feira";"12:40:00";"PE";101;46,5;"IGARASSU";"Sim";"Ingestao de alcool";1;"Colisao lateral";"Com Vitimas Feridas";"Pleno dia";"Decrescente";"Ceu Claro";"Multipla";"Reta";"Sim";277856;"Automóvel";"FIAT/UNO ELECTRONIC";1994;"Pedestre";"Lesoes Leves";62;"Feminino";0;1;0;0;"-7.8802";"-34.905";"SR-PE";"DEL11/1";"UOP02/PE"
156371;345108;2018-08-31;"sexta-feira";"15:25:00";"MG";262;19,7;"REDUTO";"Sim";"Ingestao de alcool";1;"Colisao frontal";"Com Vitimas Fatais";"Pleno dia";"Crescente";"Ceu Claro";"Simples";"Curva";"Nao";278051;"Automóvel";"VW/GOL 1000";1994;"Condutor";"Lesoes Leves";36;"Masculino";0;1;0;0;"-20.249548";"-41.905537";"SR-MG";"DEL4/6";"UOP04/MG"
156371;345112;2018-08-31;"sexta-feira";"15:25:00";"MG";262;19,7;"REDUTO";"Sim";"Ingestao de alcool";1;"Colisao frontal";"Com Vitimas Fatais";"Pleno dia";"Crescente";"Ceu Claro";"Simples";"Curva";"Nao";278052;"Motocicleta";"HONDA/CG 160 TITAN EX";2015;"Condutor";"Óbito";47;"Masculino";0;0;0;1;"-20.249548";"-41.905537";"SR-MG";"DEL4/6";"UOP04/MG"
156393;342154;2018-08-31;"sexta-feira";"18:04:00";"GO";60;5;"SANTO ANTONIO DO DESCOBERTO";"Sim";"Ingestao de alcool";1;"Saida de leito carrocavel";"Com Vitimas Feridas";"Anoitecer";"Crescente";"Ceu Claro";"Dupla";"Viaduto";"Nao";277940;"Automóvel";"RENAULT/CLIO EXP 10 16VS";2004;"Passageiro";"Lesoes Leves";43;"Feminino";0;1;0;0;"-16.09280477";"-48.28034163";"SR-DF";"GO";"UOP03/DF"
156393;342153;2018-08-31;"sexta-feira";"18:04:00";"GO";60;5;"SANTO ANTONIO DO DESCOBERTO";"Sim";"Ingestao de alcool";1;"Saida de leito carrocavel";"Com Vitimas Feridas";"Anoitecer";"Crescente";"Ceu Claro";"Dupla";"Viaduto";"Nao";277940;"Automóvel";"RENAULT/CLIO EXP 10 16VS";2004;"Condutor";"Lesoes Leves";47;"Masculino";0;1;0;0;"-16.09280477";"-48.28034163";"SR-DF";"GO";"UOP03/DF"
156393;342157;2018-08-31;"sexta-feira";"18:04:00";"GO";60;5;"SANTO ANTONIO DO DESCOBERTO";"Sim";"Ingestao de alcool";1;"Saida de leito carrocavel";"Com Vitimas Feridas";"Anoitecer";"Crescente";"Ceu Claro";"Dupla";"Viaduto";"Nao";277940;"Automóvel";"RENAULT/CLIO EXP 10 16VS";2004;"Passageiro";"Lesoes Leves";NA;"Masculino";0;1;0;0;"-16.09280477";"-48.28034163";"SR-DF";"GO";"UOP03/DF"
156393;342158;2018-08-31;"sexta-feira";"18:04:00";"GO";60;5;"SANTO ANTONIO DO DESCOBERTO";"Sim";"Ingestao de alcool";1;"Saida de leito carrocavel";"Com Vitimas Feridas";"Anoitecer";"Crescente";"Ceu Claro";"Dupla";"Viaduto";"Nao";277940;"Automóvel";"RENAULT/CLIO EXP 10 16VS";2004;"Passageiro";"Lesoes Leves";NA;"Masculino";0;1;0;0;"-16.09280477";"-48.28034163";"SR-DF";"GO";"UOP03/DF"
156419;345294;2018-08-31;"sexta-feira";"18:00:00";"MG";262;38,9;"MANHUACU";"Sim";"Ingestao de alcool";1;"Colisao traseira";"Sem Vitimas";"Plena Noite";"Decrescente";"Ceu Claro";"Simples";"Curva";"Sim";280629;"Automóvel";"FORD/KA";2006;"Condutor";"Ileso";54;"Masculino";1;0;0;0;"-20.263067";"-42.036842";"SR-MG";"DEL4/6";"UOP04/MG"
156419;345289;2018-08-31;"sexta-feira";"18:00:00";"MG";262;38,9;"MANHUACU";"Sim";"Ingestao de alcool";1;"Colisao traseira";"Sem Vitimas";"Plena Noite";"Decrescente";"Ceu Claro";"Simples";"Curva";"Sim";280628;"Automóvel";"FIAT/BRAVO ESSENCE 1.8";2011;"Condutor";"Ileso";32;"Masculino";1;0;0;0;"-20.263067";"-42.036842";"SR-MG";"DEL4/6";"UOP04/MG"
156438;342169;2018-08-31;"sexta-feira";"20:40:00";"PB";104;95,6;"ESPERANCA";"Nao";"Ingestao de alcool";1;"Atropelamento de Pedestre";"Com Vitimas Fatais";"Plena Noite";"Crescente";"Ceu Claro";"Simples";"Nao Informado";"Sim";277956;"Outros";"";NA;"Condutor";"Nao Informado";NA;"Nao Informado";0;0;0;0;"-7.0064675";"-35.8533293";"SR-PB";"DEL14/2";"UOP04/PB"
156438;342165;2018-08-31;"sexta-feira";"20:40:00";"PB";104;95,6;"ESPERANCA";"Nao";"Ingestao de alcool";1;"Atropelamento de Pedestre";"Com Vitimas Fatais";"Plena Noite";"Crescente";"Ceu Claro";"Simples";"Nao Informado";"Sim";277956;"Outros";"";NA;"Pedestre";"Óbito";40;"Masculino";0;0;0;1;"-7.0064675";"-35.8533293";"SR-PB";"DEL14/2";"UOP04/PB"
156441;342152;2018-08-31;"sexta-feira";"21:40:00";"DF";20;20,7;"BRASILIA";"Nao";"Ingestao de alcool";1;"Colisao lateral";"Sem Vitimas";"Plena Noite";"Crescente";"Ceu Claro";"Dupla";"Nao Informado";"Sim";277933;"Automóvel";"VW/VOYAGE 1.0 SELECAO";2014;"Condutor";"Ileso";54;"Masculino";1;0;0;0;"-15.60471313";"-47.68713665";"SR-DF";"DF";"UOP04/DF"
156441;342156;2018-08-31;"sexta-feira";"21:40:00";"DF";20;20,7;"BRASILIA";"Nao";"Ingestao de alcool";1;"Colisao lateral";"Sem Vitimas";"Plena Noite";"Crescente";"Ceu Claro";"Dupla";"Nao Informado";"Sim";277934;"Automóvel";"GM/ASTRA HB 4P ADVANTAGE";2006;"Condutor";"Ileso";45;"Masculino";1;0;0;0;"-15.60471313";"-47.68713665";"SR-DF";"DF";"UOP04/DF"
156449;342256;2018-08-31;"sexta-feira";"21:25:00";"SC";163;1,2;"DIONISIO CERQUEIRA";"Sim";"Ingestao de alcool";1;"Colisao transversal";"Com Vitimas Feridas";"Plena Noite";"Decrescente";"Nublado";"Simples";"Nao Informado";"Sim";278037;"Automóvel";"GM/MONZA SL";1988;"Condutor";"Ileso";21;"Masculino";1;0;0;0;"-26.2660559";"-53.6258018";"SR-SC";"DEL8/8";"UOP03/SC"
156449;342254;2018-08-31;"sexta-feira";"21:25:00";"SC";163;1,2;"DIONISIO CERQUEIRA";"Sim";"Ingestao de alcool";1;"Colisao transversal";"Com Vitimas Feridas";"Plena Noite";"Decrescente";"Nublado";"Simples";"Nao Informado";"Sim";277960;"Automóvel";"GM/ASTRA GLS";1999;"Condutor";"Ileso";49;"Masculino";1;0;0;0;"-26.2660559";"-53.6258018";"SR-SC";"DEL8/8";"UOP03/SC"
156449;342257;2018-08-31;"sexta-feira";"21:25:00";"SC";163;1,2;"DIONISIO CERQUEIRA";"Sim";"Ingestao de alcool";1;"Colisao transversal";"Com Vitimas Feridas";"Plena Noite";"Decrescente";"Nublado";"Simples";"Nao Informado";"Sim";278037;"Automóvel";"GM/MONZA SL";1988;"Passageiro";"Lesoes Leves";26;"Masculino";0;1;0;0;"-26.2660559";"-53.6258018";"SR-SC";"DEL8/8";"UOP03/SC"
156449;342259;2018-08-31;"sexta-feira";"21:25:00";"SC";163;1,2;"DIONISIO CERQUEIRA";"Sim";"Ingestao de alcool";1;"Colisao transversal";"Com Vitimas Feridas";"Plena Noite";"Decrescente";"Nublado";"Simples";"Nao Informado";"Sim";278037;"Automóvel";"GM/MONZA SL";1988;"Passageiro";"Lesoes Leves";20;"Masculino";0;1;0;0;"-26.2660559";"-53.6258018";"SR-SC";"DEL8/8";"UOP03/SC"
156450;342250;2018-08-31;"sexta-feira";"23:00:00";"PR";373;452,6;"CHOPINZINHO";"Nao";"Ingestao de alcool";1;"Colisao frontal";"Com Vitimas Fatais";"Plena Noite";"Crescente";"Chuva";"Simples";"Reta";"Nao";278027;"Automóvel";"VW/GOL MI";1998;"Condutor";"Óbito";31;"Masculino";0;0;0;1;"-25.88620165";"-52.35454558";"SR-PR";"DEL7/2";"UOP01/PR"
156450;342470;2018-08-31;"sexta-feira";"23:00:00";"PR";373;452,6;"CHOPINZINHO";"Nao";"Ingestao de alcool";1;"Colisao frontal";"Com Vitimas Fatais";"Plena Noite";"Crescente";"Chuva";"Simples";"Reta";"Nao";278027;"Automóvel";"VW/GOL MI";1998;"Passageiro";"Lesoes Leves";26;"Feminino";0;1;0;0;"-25.88620165";"-52.35454558";"SR-PR";"DEL7/2";"UOP01/PR"
156450;342477;2018-08-31;"sexta-feira";"23:00:00";"PR";373;452,6;"CHOPINZINHO";"Nao";"Ingestao de alcool";1;"Colisao frontal";"Com Vitimas Fatais";"Plena Noite";"Crescente";"Chuva";"Simples";"Reta";"Nao";278028;"Caminhao-trator";"VOLVO/NL12 360 4X2";1993;"Condutor";"Ileso";29;"Masculino";1;0;0;0;"-25.88620165";"-52.35454558";"SR-PR";"DEL7/2";"UOP01/PR"
156450;342474;2018-08-31;"sexta-feira";"23:00:00";"PR";373;452,6;"CHOPINZINHO";"Nao";"Ingestao de alcool";1;"Colisao frontal";"Com Vitimas Fatais";"Plena Noite";"Crescente";"Chuva";"Simples";"Reta";"Nao";278027;"Automóvel";"VW/GOL MI";1998;"Passageiro";"Lesoes Leves";8;"Masculino";0;1;0;0;"-25.88620165";"-52.35454558";"SR-PR";"DEL7/2";"UOP01/PR"
156450;342475;2018-08-31;"sexta-feira";"23:00:00";"PR";373;452,6;"CHOPINZINHO";"Nao";"Ingestao de alcool";1;"Colisao frontal";"Com Vitimas Fatais";"Plena Noite";"Crescente";"Chuva";"Simples";"Reta";"Nao";278027;"Automóvel";"VW/GOL MI";1998;"Passageiro";"Lesoes Leves";4;"Masculino";0;1;0;0;"-25.88620165";"-52.35454558";"SR-PR";"DEL7/2";"UOP01/PR"
156457;343659;2018-08-31;"sexta-feira";"23:15:00";"MG";365;615;"UBERLANDIA";"Sim";"Ingestao de alcool";1;"Saida de leito carrocavel";"Com Vitimas Feridas";"Plena Noite";"Crescente";"Ceu Claro";"Simples";"Nao Informado";"Nao";278043;"Automóvel";"GM/KADETT SL";1989;"Condutor";"Lesoes Leves";51;"Masculino";0;1;0;0;"-18.91440631";"-48.21779251";"SR-MG";"DEL4/15";"UOP01/MG"
156461;342242;2018-08-31;"sexta-feira";"23:20:00";"RJ";101;279,5;"TANGUA";"Sim";"Ingestao de alcool";1;"Colisao com objeto estatico";"Com Vitimas Feridas";"Plena Noite";"Decrescente";"Ceu Claro";"Dupla";"Retorno Regulamentado";"Sim";277979;"Automóvel";"GM/MERIVA";2004;"Condutor";"Ileso";36;"Masculino";1;0;0;0;"-22.73861";"-42.77267";"SR-RJ";"DEL5/2";"UOP03/RJ"
156461;342247;2018-08-31;"sexta-feira";"23:20:00";"RJ";101;279,5;"TANGUA";"Sim";"Ingestao de alcool";1;"Colisao com objeto estatico";"Com Vitimas Feridas";"Plena Noite";"Decrescente";"Ceu Claro";"Dupla";"Retorno Regulamentado";"Sim";277978;"Automóvel";"FIAT/TEMPRA 8V";1998;"Passageiro";"Lesoes Leves";49;"Masculino";0;1;0;0;"-22.73861";"-42.77267";"SR-RJ";"DEL5/2";"UOP03/RJ"
156461;342239;2018-08-31;"sexta-feira";"23:20:00";"RJ";101;279,5;"TANGUA";"Sim";"Ingestao de alcool";1;"Colisao com objeto estatico";"Com Vitimas Feridas";"Plena Noite";"Decrescente";"Ceu Claro";"Dupla";"Retorno Regulamentado";"Sim";277978;"Automóvel";"FIAT/TEMPRA 8V";1998;"Condutor";"Ileso";39;"Masculino";1;0;0;0;"-22.73861";"-42.77267";"SR-RJ";"DEL5/2";"UOP03/RJ"
156463;344047;2018-08-31;"sexta-feira";"22:15:00";"PR";369;191;"ARAPONGAS";"Sim";"Ingestao de alcool";1;"Colisao com objeto estatico";"Sem Vitimas";"Plena Noite";"Crescente";"Ceu Claro";"Dupla";"Reta";"Nao";277957;"Automóvel";"FORD/FIESTA";2003;"Condutor";"Ileso";39;"Masculino";1;0;0;0;"-23.44773978";"-51.42331123";"SR-PR";"DEL7/7";"UOP03/PR"
156472;345144;2018-08-31;"sexta-feira";"23:45:00";"PR";369;76,2;"SANTA MARIANA";"Sim";"Ingestao de alcool";1;"Saida de leito carrocavel";"Com Vitimas Feridas";"Plena Noite";"Crescente";"Ceu Claro";"Simples";"Reta";"Nao";280518;"Automóvel";"GM/CHEVETTE SE";1987;"Condutor";"Lesoes Leves";37;"Masculino";0;1;0;0;"-23.147996";"-50.546021";"SR-PR";"DEL7/7";"UOP06/PR"
156474;343792;2018-09-01;"sabado";"01:35:00";"DF";80;19;"BRASILIA";"Sim";"Ingestao de alcool";1;"Saida de leito carrocavel";"Com Vitimas Feridas";"Plena Noite";"Crescente";"Ceu Claro";"Dupla";"Reta";"Sim";278079;"Automóvel";"VW/GOL MI";1997;"Condutor";"Lesoes Graves";26;"Masculino";0;0;1;0;"-15.65250287";"-48.20221424";"SR-DF";"DF";"UOP06/DF"
156477;344051;2018-09-01;"sabado";"03:10:00";"DF";80;13,7;"BRASILIA";"Sim";"Ingestao de alcool";1;"Colisao traseira";"Sem Vitimas";"Plena Noite";"Crescente";"Ceu Claro";"Simples";"Nao Informado";"Nao";279199;"Caminhonete";"MMC/L200 TRITON SPT GL";2018;"Condutor";"Ileso";36;"Masculino";1;0;0;0;"-15.72348492";"-48.19491126";"SR-DF";"DF";"UOP06/DF"
156477;344050;2018-09-01;"sabado";"03:10:00";"DF";80;13,7;"BRASILIA";"Sim";"Ingestao de alcool";1;"Colisao traseira";"Sem Vitimas";"Plena Noite";"Crescente";"Ceu Claro";"Simples";"Nao Informado";"Nao";279201;"Automóvel";"FIAT/UNO MILLE WAY ECON";2010;"Condutor";"Ileso";51;"Masculino";1;0;0;0;"-15.72348492";"-48.19491126";"SR-DF";"DF";"UOP06/DF"
156485;342271;2018-09-01;"sabado";"03:15:00";"MT";163;777,8;"SORRISO";"Nao";"Ingestao de alcool";1;"Saida de leito carrocavel";"Com Vitimas Feridas";"Pleno dia";"Decrescente";"Ceu Claro";"Simples";"Reta";"Nao";278060;"Automóvel";"TOYOTA/COROLLA XEI20FLEX";2014;"Condutor";"Lesoes Leves";24;"Feminino";0;1;0;0;"-12.48887287";"-55.68334579";"SR-MT";"DEL2/6";"UOP01/MT"
156485;342272;2018-09-01;"sabado";"03:15:00";"MT";163;777,8;"SORRISO";"Nao";"Ingestao de alcool";1;"Saida de leito carrocavel";"Com Vitimas Feridas";"Pleno dia";"Decrescente";"Ceu Claro";"Simples";"Reta";"Nao";278060;"Automóvel";"TOYOTA/COROLLA XEI20FLEX";2014;"Passageiro";"Lesoes Leves";20;"Masculino";0;1;0;0;"-12.48887287";"-55.68334579";"SR-MT";"DEL2/6";"UOP01/MT"
156488;342468;2018-09-01;"sabado";"04:40:00";"PR";476;131;"CURITIBA";"Sim";"Ingestao de alcool";1;"Engavetamento";"Com Vitimas Feridas";"Plena Noite";"Crescente";"Nublado";"Dupla";"Reta";"Sim";278212;"Automóvel";"VW/GOL 1.6 COPA";2006;"Condutor";"Lesoes Leves";36;"Masculino";0;1;0;0;"-25.459627";"-49.249799";"SR-PR";"DEL7/1";"UOP06/PR"
156488;343619;2018-09-01;"sabado";"04:40:00";"PR";476;131;"CURITIBA";"Sim";"Ingestao de alcool";1;"Engavetamento";"Com Vitimas Feridas";"Plena Noite";"Crescente";"Nublado";"Dupla";"Reta";"Sim";279208;"Automóvel";"HYUNDAI/HB20 1.0M COMFOR";2016;"Condutor";"Ileso";31;"Feminino";1;0;0;0;"-25.459627";"-49.249799";"SR-PR";"DEL7/1";"UOP06/PR"
156488;343622;2018-09-01;"sabado";"04:40:00";"PR";476;131;"CURITIBA";"Sim";"Ingestao de alcool";1;"Engavetamento";"Com Vitimas Feridas";"Plena Noite";"Crescente";"Nublado";"Dupla";"Reta";"Sim";279211;"Automóvel";"VW/POLO 1.6";2002;"Condutor";"Ileso";30;"Masculino";1;0;0;0;"-25.459627";"-49.249799";"SR-PR";"DEL7/1";"UOP06/PR"
156488;343621;2018-09-01;"sabado";"04:40:00";"PR";476;131;"CURITIBA";"Sim";"Ingestao de alcool";1;"Engavetamento";"Com Vitimas Feridas";"Plena Noite";"Crescente";"Nublado";"Dupla";"Reta";"Sim";279209;"Utilitario";"I/HONDA CRV RVSI";2005;"Condutor";"Ileso";53;"Masculino";1;0;0;0;"-25.459627";"-49.249799";"SR-PR";"DEL7/1";"UOP06/PR"
156501;345238;2018-09-01;"sabado";"05:40:00";"PR";369;18,6;"CAMBARA";"Sim";"Ingestao de alcool";1;"Capotamento";"Com Vitimas Feridas";"Amanhecer";"Crescente";"Ceu Claro";"Simples";"Reta";"Sim";278252;"Automóvel";"VW/GOL 1.0";2010;"Condutor";"Lesoes Graves";30;"Masculino";0;0;1;0;"-23.03507201";"-50.06570578";"SR-PR";"DEL7/7";"UOP06/PR"
156510;343655;2018-09-01;"sabado";"07:00:00";"MG";116;584;"MANHUACU";"Sim";"Ingestao de alcool";1;"Capotamento";"Com Vitimas Feridas";"Pleno dia";"Decrescente";"Nublado";"Simples";"Nao Informado";"Nao";279230;"Caminhonete";"FIAT/STRADA TREK CE FLEX";2007;"Condutor";"Lesoes Graves";30;"Masculino";0;0;1;0;"-20.210897";"-42.181789";"SR-MG";"DEL4/6";"UOP04/MG"
156530;343238;2018-09-01;"sabado";"05:15:00";"SC";470;140;"RIO DO SUL";"Sim";"Ingestao de alcool e/ou substâncias psicoativas pelo pedestre";1;"Colisao com objeto estatico";"Sem Vitimas";"Plena Noite";"Decrescente";"Chuva";"Simples";"Rotatória";"Sim";278088;"Camioneta";"I/KIA SORENTO EX2 2.4G27";2010;"Condutor";"Ileso";35;"Masculino";1;0;0;0;"-27.222485";"-49.662827";"SR-SC";"DEL8/4";"UOP02/SC"
156531;342277;2018-09-01;"sabado";"06:30:00";"SC";470;101,1;"APIUNA";"Sim";"Ingestao de alcool";1;"Colisao com objeto estatico";"Com Vitimas Feridas";"Amanhecer";"Crescente";"Nublado";"Dupla";"Reta";"Sim";278064;"Automóvel";"FIAT/PUNTO ATTRACTIVE";2012;"Condutor";"Lesoes Leves";32;"Masculino";0;1;0;0;"-27.03928523";"-49.39541092";"SR-SC";"DEL8/4";"UOP02/SC"
156550;342378;2018-08-31;"sexta-feira";"23:00:00";"RS";285;263,2;"MATO CASTELHANO";"Sim";"Ingestao de alcool";1;"Colisao com objeto estatico";"Sem Vitimas";"Plena Noite";"Decrescente";"Chuva";"Simples";"Reta";"Nao";278125;"Caminhao";"VW/7.100";1995;"Condutor";"Ileso";51;"Masculino";1;0;0;0;"-28.30747896";"-52.10375547";"SR-RS";"DEL9/8";"UOP01/RS"
156590;342437;2018-09-01;"sabado";"14:20:00";"SC";101;196,2;"BIGUACU";"Sim";"Ingestao de alcool";1;"Queda de ocupante de veiculo";"Com Vitimas Feridas";"Pleno dia";"Crescente";"Garoa/Chuvisco";"Multipla";"Reta";"Sim";278187;"Motocicleta";"HONDA/CG 125 FAN KS";2010;"Condutor";"Lesoes Leves";42;"Masculino";0;1;0;0;"-27.5185";"-48.6383";"SR-SC";"DEL8/1";"UOP01/SC"
156597;342422;2018-09-01;"sabado";"14:40:00";"PE";104;72,2;"CARUARU";"Sim";"Ingestao de alcool";1;"Tombamento";"Com Vitimas Feridas";"Pleno dia";"Decrescente";"Ceu Claro";"Simples";"Curva";"Nao";278179;"Motocicleta";"HONDA/NXR160 BROS ESDD";2015;"Condutor";"Lesoes Leves";35;"Masculino";0;1;0;0;"-8.332917";"-35.981609";"SR-PE";"DEL11/2";"UOP01/PE"
156611;342531;2018-09-01;"sabado";"15:00:00";"BA";235;350;"JUAZEIRO";"Nao";"Ingestao de alcool";1;"Colisao transversal";"Com Vitimas Feridas";"Pleno dia";"Crescente";"Sol";"Dupla";"Reta";"Sim";278247;"Motocicleta";"HONDA/CG 125 FAN KS";2014;"Condutor";"Lesoes Graves";38;"Masculino";0;0;1;0;"-9.44950632";"-40.48613191";"SR-BA";"DEL10/7";"UOP01/BA"
156611;342534;2018-09-01;"sabado";"15:00:00";"BA";235;350;"JUAZEIRO";"Nao";"Ingestao de alcool";1;"Colisao transversal";"Com Vitimas Feridas";"Pleno dia";"Crescente";"Sol";"Dupla";"Reta";"Sim";278248;"Caminhao";"VW/24.250 CNC 6X2";2011;"Condutor";"Ileso";30;"Masculino";1;0;0;0;"-9.44950632";"-40.48613191";"SR-BA";"DEL10/7";"UOP01/BA"
156612;342525;2018-09-01;"sabado";"16:15:00";"RS";116;385;"CAMAQUA";"Sim";"Ingestao de alcool";1;"Colisao lateral";"Sem Vitimas";"Pleno dia";"Decrescente";"Chuva";"Simples";"Reta";"Nao";278263;"Automóvel";"VW/GOL MI";1997;"Condutor";"Ileso";46;"Masculino";1;0;0;0;"-30.81734626";"-51.70440674";"SR-RS";"DEL9/2";"UOP02/RS"
156612;342530;2018-09-01;"sabado";"16:15:00";"RS";116;385;"CAMAQUA";"Sim";"Ingestao de alcool";1;"Colisao lateral";"Sem Vitimas";"Pleno dia";"Decrescente";"Chuva";"Simples";"Reta";"Nao";278264;"Camioneta";"I/CHEV TRACKER LT AT";2016;"Condutor";"Ileso";53;"Masculino";1;0;0;0;"-30.81734626";"-51.70440674";"SR-RS";"DEL9/2";"UOP02/RS"
156615;342577;2018-09-01;"sabado";"16:48:00";"PR";376;179,6;"MARINGA";"Nao";"Ingestao de alcool";2;"Tombamento";"Com Vitimas Feridas";"Pleno dia";"Decrescente";"Nublado";"Dupla";"Nao Informado";"Sim";278304;"Automóvel";"TOYOTA/COROLLA ALTIS20FX";2010;"Condutor";"Ileso";46;"Masculino";1;0;0;0;"-23.42144681";"-51.90664438";"SR-PR";"DEL7/7";"UOP04/PR"
156615;342580;2018-09-01;"sabado";"16:48:00";"PR";376;179,6;"MARINGA";"Nao";"Ingestao de alcool";2;"Tombamento";"Com Vitimas Feridas";"Pleno dia";"Decrescente";"Nublado";"Dupla";"Nao Informado";"Sim";278304;"Automóvel";"TOYOTA/COROLLA ALTIS20FX";2010;"Testemunha";"Nao Informado";NA;"Nao Informado";0;0;0;0;"-23.42144681";"-51.90664438";"SR-PR";"DEL7/7";"UOP04/PR"
156615;342585;2018-09-01;"sabado";"16:48:00";"PR";376;179,6;"MARINGA";"Nao";"Ingestao de alcool";2;"Tombamento";"Com Vitimas Feridas";"Pleno dia";"Decrescente";"Nublado";"Dupla";"Nao Informado";"Sim";278305;"Motocicleta";"HONDA/CG 150 TITAN ES";2006;"Condutor";"Lesoes Graves";23;"Masculino";0;0;1;0;"-23.42144681";"-51.90664438";"SR-PR";"DEL7/7";"UOP04/PR"