"id";"pesid";"data_inversa";"dia_semana";"horario";"uf";"br";"km";"municipio";"causa_principal";"causa_acidente";"ordem_tipo_acidente";"tipo_acidente";"classificacao_acidente";"fase_dia";"sentido_via";"condicao_metereologica";"tipo_pista";"tracado_via";"uso_solo";"id_veiculo";"tipo_veiculo";"marca";"ano_fabricacao_veiculo";"tipo_envolvido";"estado_fisico";"idade";"sexo";"ilesos";"feridos_leves";"feridos_graves";"mortos";"latitude";"longitude";"regional";"delegacia";"uop"
156636;343252;2018-09-01;"sabado";"19:15:00";"BA";407;143,6;"SENHOR DO BONFIM";"Sim";"Ingestao de alcool e/ou substâncias psicoativas pelo pedestre";1;"Colisao frontal";"Sem Vitimas";"Plena Noite";"Crescente";"Nublado";"Simples";"Reta";"Nao";278889;"Automóvel";"GM/CELTA 5 PORTAS";2004;"Condutor";"Ileso";NA;"Masculino";1;0;0;0;"-10.60604";"-40.132535";"SR-BA";"DEL10/4";"UOP01/BA"
156636;343256;2018-09-01;"sabado";"19:15:00";"BA";407;143,6;"SENHOR DO BONFIM";"Sim";"Ingestao de alcool e/ou substâncias psicoativas pelo pedestre";1;"Colisao frontal";"Sem Vitimas";"Plena Noite";"Crescente";"Nublado";"Simples";"Reta";"Nao";278891;"Caminhao";"M.BENZ/L 1620";2005;"Condutor";"Ileso";61;"Masculino";1;0;0;0;"-10.60604";"-40.132535";"SR-BA";"DEL10/4";"UOP01/BA"
156644;342540;2018-09-01;"sabado";"16:25:00";"PR";369;207,7;"APUCARANA";"Sim";"Ingestao de alcool";1;"Queda de ocupante de veiculo";"Com Vitimas Feridas";"Pleno dia";"Decrescente";"Chuva";"Simples";"Reta";"Sim";278289;"Motocicleta";"HONDA/CG 150 TITAN KS";2008;"Condutor";"Lesoes Leves";60;"Masculino";0;1;0;0;"-23.56308238";"-51.48928989";"SR-PR";"DEL7/7";"UOP03/PR"
156645;345251;2018-09-01;"sabado";"19:00:00";"CE";116;11;"FORTALEZA";"Sim";"Ingestao de alcool";1;"Atropelamento de Pedestre";"Com Vitimas Fatais";"Plena Noite";"Crescente";"Ceu Claro";"Multipla";"Reta";"Sim";280598;"Automóvel";"TOYOTA/COROLLA XEI20FLEX";2010;"Condutor";"Ileso";39;"Masculino";1;0;0;0;"-3.84530365";"-38.49822708";"SR-CE";"DEL16/1";"UOP02/CE"
156645;342766;2018-09-01;"sabado";"19:00:00";"CE";116;11;"FORTALEZA";"Sim";"Ingestao de alcool";1;"Atropelamento de Pedestre";"Com Vitimas Fatais";"Plena Noite";"Crescente";"Ceu Claro";"Multipla";"Reta";"Sim";280598;"Automóvel";"TOYOTA/COROLLA XEI20FLEX";2010;"Pedestre";"Óbito";31;"Masculino";0;0;0;1;"-3.84530365";"-38.49822708";"SR-CE";"DEL16/1";"UOP02/CE"
156646;342565;2018-09-01;"sabado";"17:15:00";"PR";277;720,3;"FOZ DO IGUACU";"Sim";"Ingestao de alcool";1;"Capotamento";"Com Vitimas Feridas";"Pleno dia";"Decrescente";"Chuva";"Dupla";"Reta";"Sim";278310;"Automóvel";"FORD/VERONA 1.8 LX";1991;"Passageiro";"Lesoes Leves";50;"Feminino";0;1;0;0;"-25.48921725";"-54.50685114";"SR-PR";"DEL7/5";"UOP01/PR"
156646;342560;2018-09-01;"sabado";"17:15:00";"PR";277;720,3;"FOZ DO IGUACU";"Sim";"Ingestao de alcool";1;"Capotamento";"Com Vitimas Feridas";"Pleno dia";"Decrescente";"Chuva";"Dupla";"Reta";"Sim";278310;"Automóvel";"FORD/VERONA 1.8 LX";1991;"Condutor";"Lesoes Leves";51;"Masculino";0;1;0;0;"-25.48921725";"-54.50685114";"SR-PR";"DEL7/5";"UOP01/PR"
156655;342583;2018-09-01;"sabado";"19:40:00";"SC";470;28,7;"GASPAR";"Sim";"Ingestao de alcool";1;"Colisao lateral";"Sem Vitimas";"Plena Noite";"Crescente";"Garoa/Chuvisco";"Simples";"Reta";"Nao";278332;"Automóvel";"VW/GOL 1000";1994;"Condutor";"Ileso";42;"Masculino";1;0;0;0;"-26.89366465";"-48.9006722";"SR-SC";"DEL8/4";"UOP01/SC"
156655;342582;2018-09-01;"sabado";"19:40:00";"SC";470;28,7;"GASPAR";"Sim";"Ingestao de alcool";1;"Colisao lateral";"Sem Vitimas";"Plena Noite";"Crescente";"Garoa/Chuvisco";"Simples";"Reta";"Nao";278331;"Caminhao-trator";"IVECO/STRALIS 570S41T";2010;"Condutor";"Ileso";52;"Masculino";1;0;0;0;"-26.89366465";"-48.9006722";"SR-SC";"DEL8/4";"UOP01/SC"
156658;342541;2018-09-01;"sabado";"19:45:00";"PR";369;189;"ARAPONGAS";"Nao";"Ingestao de alcool";1;"Colisao transversal";"Com Vitimas Feridas";"Plena Noite";"Crescente";"Ceu Claro";"Dupla";"Reta";"Nao";278283;"Automóvel";"VW/VOYAGE CL";1990;"Condutor";"Ileso";25;"Masculino";1;0;0;0;"-23.4480892";"-51.42335046";"SR-PR";"DEL7/7";"UOP03/PR"
156658;342544;2018-09-01;"sabado";"19:45:00";"PR";369;189;"ARAPONGAS";"Nao";"Ingestao de alcool";1;"Colisao transversal";"Com Vitimas Feridas";"Plena Noite";"Crescente";"Ceu Claro";"Dupla";"Reta";"Nao";278283;"Automóvel";"VW/VOYAGE CL";1990;"Passageiro";"Lesoes Leves";36;"Masculino";0;1;0;0;"-23.4480892";"-51.42335046";"SR-PR";"DEL7/7";"UOP03/PR"
156658;342551;2018-09-01;"sabado";"19:45:00";"PR";369;189;"ARAPONGAS";"Nao";"Ingestao de alcool";1;"Colisao transversal";"Com Vitimas Feridas";"Plena Noite";"Crescente";"Ceu Claro";"Dupla";"Reta";"Nao";278284;"Automóvel";"GM/CORSA CLASSIC";2003;"Condutor";"Lesoes Leves";28;"Feminino";0;1;0;0;"-23.4480892";"-51.42335046";"SR-PR";"DEL7/7";"UOP03/PR"
156658;342555;2018-09-01;"sabado";"19:45:00";"PR";369;189;"ARAPONGAS";"Nao";"Ingestao de alcool";1;"Colisao transversal";"Com Vitimas Feridas";"Plena Noite";"Crescente";"Ceu Claro";"Dupla";"Reta";"Nao";278284;"Automóvel";"GM/CORSA CLASSIC";2003;"Passageiro";"Ileso";29;"Masculino";1;0;0;0;"-23.4480892";"-51.42335046";"SR-PR";"DEL7/7";"UOP03/PR"
156658;342548;2018-09-01;"sabado";"19:45:00";"PR";369;189;"ARAPONGAS";"Nao";"Ingestao de alcool";1;"Colisao transversal";"Com Vitimas Feridas";"Plena Noite";"Crescente";"Ceu Claro";"Dupla";"Reta";"Nao";278283;"Automóvel";"VW/VOYAGE CL";1990;"Passageiro";"Lesoes Leves";30;"Masculino";0;1;0;0;"-23.4480892";"-51.42335046";"SR-PR";"DEL7/7";"UOP03/PR"
156658;342552;2018-09-01;"sabado";"19:45:00";"PR";369;189;"ARAPONGAS";"Nao";"Ingestao de alcool";1;"Colisao transversal";"Com Vitimas Feridas";"Plena Noite";"Crescente";"Ceu Claro";"Dupla";"Reta";"Nao";278284;"Automóvel";"GM/CORSA CLASSIC";2003;"Passageiro";"Lesoes Leves";10;"Masculino";0;1;0;0;"-23.4480892";"-51.42335046";"SR-PR";"DEL7/7";"UOP03/PR"
156675;342671;2018-09-01;"sabado";"21:20:00";"BA";116;424;"FEIRA DE SANTANA";"Sim";"Ingestao de alcool";1;"Tombamento";"Com Vitimas Feridas";"Plena Noite";"Crescente";"Ceu Claro";"Simples";"Reta";"Sim";278430;"Motocicleta";"YAMAHA/YBR125 FACTOR K";2013;"Condutor";"Lesoes Leves";40;"Masculino";0;1;0;0;"-12.25038478";"-38.9882791";"SR-BA";"DEL10/2";"UOP01/BA"
156678;342619;2018-09-01;"sabado";"19:50:00";"PR";277;452,6;"LARANJEIRAS DO SUL";"Sim";"Ingestao de alcool";1;"Colisao frontal";"Com Vitimas Fatais";"Plena Noite";"Crescente";"Chuva";"Simples";"Reta";"Sim";278401;"Automóvel";"VW/GOL 1000";1994;"Passageiro";"Óbito";71;"Masculino";0;0;0;1;"-25.380544";"-52.400596";"SR-PR";"DEL7/4";"UOP03/PR"
156678;343485;2018-09-01;"sabado";"19:50:00";"PR";277;452,6;"LARANJEIRAS DO SUL";"Sim";"Ingestao de alcool";1;"Colisao frontal";"Com Vitimas Fatais";"Plena Noite";"Crescente";"Chuva";"Simples";"Reta";"Sim";278401;"Automóvel";"VW/GOL 1000";1994;"Condutor";"Nao Informado";NA;"Nao Informado";0;0;0;0;"-25.380544";"-52.400596";"SR-PR";"DEL7/4";"UOP03/PR"
156678;343486;2018-09-01;"sabado";"19:50:00";"PR";277;452,6;"LARANJEIRAS DO SUL";"Sim";"Ingestao de alcool";1;"Colisao frontal";"Com Vitimas Fatais";"Plena Noite";"Crescente";"Chuva";"Simples";"Reta";"Sim";278402;"Automóvel";"VW/SANTANA CL";1990;"Condutor";"Lesoes Leves";25;"Masculino";0;1;0;0;"-25.380544";"-52.400596";"SR-PR";"DEL7/4";"UOP03/PR"
156678;343488;2018-09-01;"sabado";"19:50:00";"PR";277;452,6;"LARANJEIRAS DO SUL";"Sim";"Ingestao de alcool";1;"Colisao frontal";"Com Vitimas Fatais";"Plena Noite";"Crescente";"Chuva";"Simples";"Reta";"Sim";278402;"Automóvel";"VW/SANTANA CL";1990;"Passageiro";"Lesoes Graves";24;"Feminino";0;0;1;0;"-25.380544";"-52.400596";"SR-PR";"DEL7/4";"UOP03/PR"
156678;342620;2018-09-01;"sabado";"19:50:00";"PR";277;452,6;"LARANJEIRAS DO SUL";"Sim";"Ingestao de alcool";1;"Colisao frontal";"Com Vitimas Fatais";"Plena Noite";"Crescente";"Chuva";"Simples";"Reta";"Sim";278402;"Automóvel";"VW/SANTANA CL";1990;"Passageiro";"Óbito";50;"Feminino";0;0;0;1;"-25.380544";"-52.400596";"SR-PR";"DEL7/4";"UOP03/PR"
156679;343470;2018-09-01;"sabado";"21:20:00";"PR";277;474,4;"NOVA LARANJEIRAS";"Sim";"Ingestao de alcool";1;"Colisao frontal";"Com Vitimas Feridas";"Plena Noite";"Decrescente";"Chuva";"Simples";"Curva";"Nao";279074;"Caminhonete";"FIAT/STRADA FIRE FLEX";2012;"Passageiro";"Lesoes Graves";30;"Feminino";0;0;1;0;"-25.29871678";"-52.56185532";"SR-PR";"DEL7/4";"UOP03/PR"
156679;343468;2018-09-01;"sabado";"21:20:00";"PR";277;474,4;"NOVA LARANJEIRAS";"Sim";"Ingestao de alcool";1;"Colisao frontal";"Com Vitimas Feridas";"Plena Noite";"Decrescente";"Chuva";"Simples";"Curva";"Nao";279074;"Caminhonete";"FIAT/STRADA FIRE FLEX";2012;"Condutor";"Lesoes Graves";NA;"Ignorado";0;0;1;0;"-25.29871678";"-52.56185532";"SR-PR";"DEL7/4";"UOP03/PR"
156679;343472;2018-09-01;"sabado";"21:20:00";"PR";277;474,4;"NOVA LARANJEIRAS";"Sim";"Ingestao de alcool";1;"Colisao frontal";"Com Vitimas Feridas";"Plena Noite";"Decrescente";"Chuva";"Simples";"Curva";"Nao";279074;"Caminhonete";"FIAT/STRADA FIRE FLEX";2012;"Passageiro";"Lesoes Graves";17;"Masculino";0;0;1;0;"-25.29871678";"-52.56185532";"SR-PR";"DEL7/4";"UOP03/PR"
156679;343473;2018-09-01;"sabado";"21:20:00";"PR";277;474,4;"NOVA LARANJEIRAS";"Sim";"Ingestao de alcool";1;"Colisao frontal";"Com Vitimas Feridas";"Plena Noite";"Decrescente";"Chuva";"Simples";"Curva";"Nao";279074;"Caminhonete";"FIAT/STRADA FIRE FLEX";2012;"Passageiro";"Lesoes Graves";30;"Feminino";0;0;1;0;"-25.29871678";"-52.56185532";"SR-PR";"DEL7/4";"UOP03/PR"
156679;343469;2018-09-01;"sabado";"21:20:00";"PR";277;474,4;"NOVA LARANJEIRAS";"Sim";"Ingestao de alcool";1;"Colisao frontal";"Com Vitimas Feridas";"Plena Noite";"Decrescente";"Chuva";"Simples";"Curva";"Nao";279074;"Caminhonete";"FIAT/STRADA FIRE FLEX";2012;"Passageiro";"Lesoes Graves";35;"Masculino";0;0;1;0;"-25.29871678";"-52.56185532";"SR-PR";"DEL7/4";"UOP03/PR"
156679;343471;2018-09-01;"sabado";"21:20:00";"PR";277;474,4;"NOVA LARANJEIRAS";"Sim";"Ingestao de alcool";1;"Colisao frontal";"Com Vitimas Feridas";"Plena Noite";"Decrescente";"Chuva";"Simples";"Curva";"Nao";279074;"Caminhonete";"FIAT/STRADA FIRE FLEX";2012;"Passageiro";"Lesoes Graves";33;"Masculino";0;0;1;0;"-25.29871678";"-52.56185532";"SR-PR";"DEL7/4";"UOP03/PR"
156693;344267;2018-09-01;"sabado";"20:40:00";"BA";116;760;"POCOES";"Sim";"Ingestao de alcool";1;"Colisao traseira";"Sem Vitimas";"Pleno dia";"Crescente";"Nublado";"Simples";"Reta";"Nao";278362;"Camioneta";"FORD/ECOSPORT FSL1.6FLEX";2010;"Condutor";"Ileso";29;"Masculino";1;0;0;0;"-14.54302";"-40.39516";"SR-BA";"DEL10/8";"UOP02/BA"
156693;344272;2018-09-01;"sabado";"20:40:00";"BA";116;760;"POCOES";"Sim";"Ingestao de alcool";1;"Colisao traseira";"Sem Vitimas";"Pleno dia";"Crescente";"Nublado";"Simples";"Reta";"Nao";278363;"Automóvel";"GM/CELTA 2P LIFE";2008;"Condutor";"Ileso";44;"Masculino";1;0;0;0;"-14.54302";"-40.39516";"SR-BA";"DEL10/8";"UOP02/BA"
156700;343891;2018-09-01;"sabado";"23:00:00";"TO";153;243;"COLINAS DO TOCANTINS";"Sim";"Ingestao de alcool";1;"Tombamento";"Com Vitimas Feridas";"Plena Noite";"Crescente";"Ceu Claro";"Dupla";"Reta";"Sim";278426;"Motoneta";"HONDA/BIZ 125 ES";2011;"Testemunha";"Nao Informado";NA;"Nao Informado";0;0;0;0;"-8.03471129";"-48.46619725";"SR-TO";"UOP04/TO";""
156700;343884;2018-09-01;"sabado";"23:00:00";"TO";153;243;"COLINAS DO TOCANTINS";"Sim";"Ingestao de alcool";1;"Tombamento";"Com Vitimas Feridas";"Plena Noite";"Crescente";"Ceu Claro";"Dupla";"Reta";"Sim";278426;"Motoneta";"HONDA/BIZ 125 ES";2011;"Condutor";"Lesoes Leves";25;"Masculino";0;1;0;0;"-8.03471129";"-48.46619725";"SR-TO";"UOP04/TO";""
156703;342684;2018-09-01;"sabado";"18:55:00";"SC";280;80;"SAO BENTO DO SUL";"Sim";"Ingestao de alcool";1;"Colisao lateral";"Sem Vitimas";"Plena Noite";"Decrescente";"Nevoeiro/Neblina";"Simples";"Nao Informado";"Nao";278455;"Automóvel";"FORD/KA";1998;"Condutor";"Ileso";63;"Masculino";1;0;0;0;"-26.371477";"-49.330688";"SR-SC";"DEL8/6";"UOP03/SC"
156703;346733;2018-09-01;"sabado";"18:55:00";"SC";280;80;"SAO BENTO DO SUL";"Sim";"Ingestao de alcool";1;"Colisao lateral";"Sem Vitimas";"Plena Noite";"Decrescente";"Nevoeiro/Neblina";"Simples";"Nao Informado";"Nao";278456;"Micro-ônibus";"RENAULT/MASTER EUR STDL3";2013;"Condutor";"Ileso";35;"Masculino";1;0;0;0;"-26.371477";"-49.330688";"SR-SC";"DEL8/6";"UOP03/SC"
156711;343553;2018-09-02;"domingo";"00:25:00";"SC";101;197;"BIGUACU";"Sim";"Ingestao de alcool";1;"Capotamento";"Com Vitimas Feridas";"Plena Noite";"Decrescente";"Chuva";"Multipla";"Reta";"Sim";278366;"Caminhonete";"VW/SAVEIRO 1.6";2008;"Condutor";"Lesoes Leves";29;"Masculino";0;1;0;0;"-27.5267";"-48.6349";"SR-SC";"DEL8/1";"UOP01/SC"
156711;343547;2018-09-02;"domingo";"00:25:00";"SC";101;197;"BIGUACU";"Sim";"Ingestao de alcool";1;"Capotamento";"Com Vitimas Feridas";"Plena Noite";"Decrescente";"Chuva";"Multipla";"Reta";"Sim";278365;"Automóvel";"FIAT/PALIO EX";2000;"Condutor";"Lesoes Leves";33;"Masculino";0;1;0;0;"-27.5267";"-48.6349";"SR-SC";"DEL8/1";"UOP01/SC"
156717;342685;2018-09-02;"domingo";"01:30:00";"BA";324;4;"FEIRA DE SANTANA";"Sim";"Ingestao de alcool";1;"Colisao com objeto estatico";"Com Vitimas Feridas";"Plena Noite";"Crescente";"Ceu Claro";"Dupla";"Curva";"Sim";278440;"Automóvel";"CHEVROLET/ONIX 1.0MT LT";2013;"Condutor";"Lesoes Graves";21;"Masculino";0;0;1;0;"-12.28398558";"-38.97258282";"SR-BA";"DEL10/2";"UOP01/BA"
156717;342687;2018-09-02;"domingo";"01:30:00";"BA";324;4;"FEIRA DE SANTANA";"Sim";"Ingestao de alcool";1;"Colisao com objeto estatico";"Com Vitimas Feridas";"Plena Noite";"Crescente";"Ceu Claro";"Dupla";"Curva";"Sim";278440;"Automóvel";"CHEVROLET/ONIX 1.0MT LT";2013;"Passageiro";"Lesoes Leves";17;"Feminino";0;1;0;0;"-12.28398558";"-38.97258282";"SR-BA";"DEL10/2";"UOP01/BA"
156734;342633;2018-09-02;"domingo";"03:45:00";"PI";343;598;"FLORIANO";"Sim";"Ingestao de alcool";1;"Queda de ocupante de veiculo";"Com Vitimas Feridas";"Plena Noite";"Crescente";"Ceu Claro";"Dupla";"Reta";"Sim";278411;"Motocicleta";"HONDA/CG 160 TITAN";2018;"Condutor";"Lesoes Leves";18;"Masculino";0;1;0;0;"-6.833065";"-43.071575";"SR-PI";"DEL17/3";"UOP01/PI"
156752;344197;2018-09-02;"domingo";"05:50:00";"DF";40;2;"BRASILIA";"Sim";"Ingestao de alcool";1;"Atropelamento de Pedestre";"Com Vitimas Feridas";"Pleno dia";"Decrescente";"Ceu Claro";"Dupla";"Reta";"Sim";278443;"Camioneta";"I/LIFAN X60 1.8L TALENT";2015;"Condutor";"Ileso";33;"Masculino";1;0;0;0;"-15.99288083";"-47.98574924";"SR-DF";"DF";"UOP01/DF"
156752;344198;2018-09-02;"domingo";"05:50:00";"DF";40;2;"BRASILIA";"Sim";"Ingestao de alcool";1;"Atropelamento de Pedestre";"Com Vitimas Feridas";"Pleno dia";"Decrescente";"Ceu Claro";"Dupla";"Reta";"Sim";278444;"Automóvel";"FIAT/ARGO DRIVE 1.3";2017;"Condutor";"Ileso";52;"Feminino";1;0;0;0;"-15.99288083";"-47.98574924";"SR-DF";"DF";"UOP01/DF"
156752;344222;2018-09-02;"domingo";"05:50:00";"DF";40;2;"BRASILIA";"Sim";"Ingestao de alcool";1;"Atropelamento de Pedestre";"Com Vitimas Feridas";"Pleno dia";"Decrescente";"Ceu Claro";"Dupla";"Reta";"Sim";278443;"Camioneta";"I/LIFAN X60 1.8L TALENT";2015;"Testemunha";"Nao Informado";NA;"Nao Informado";0;0;0;0;"-15.99288083";"-47.98574924";"SR-DF";"DF";"UOP01/DF"
156752;344216;2018-09-02;"domingo";"05:50:00";"DF";40;2;"BRASILIA";"Sim";"Ingestao de alcool";1;"Atropelamento de Pedestre";"Com Vitimas Feridas";"Pleno dia";"Decrescente";"Ceu Claro";"Dupla";"Reta";"Sim";278443;"Camioneta";"I/LIFAN X60 1.8L TALENT";2015;"Testemunha";"Nao Informado";NA;"Nao Informado";0;0;0;0;"-15.99288083";"-47.98574924";"SR-DF";"DF";"UOP01/DF"
156752;344208;2018-09-02;"domingo";"05:50:00";"DF";40;2;"BRASILIA";"Sim";"Ingestao de alcool";1;"Atropelamento de Pedestre";"Com Vitimas Feridas";"Pleno dia";"Decrescente";"Ceu Claro";"Dupla";"Reta";"Sim";278443;"Camioneta";"I/LIFAN X60 1.8L TALENT";2015;"Pedestre";"Lesoes Leves";19;"Masculino";0;1;0;0;"-15.99288083";"-47.98574924";"SR-DF";"DF";"UOP01/DF"
156752;344203;2018-09-02;"domingo";"05:50:00";"DF";40;2;"BRASILIA";"Sim";"Ingestao de alcool";1;"Atropelamento de Pedestre";"Com Vitimas Feridas";"Pleno dia";"Decrescente";"Ceu Claro";"Dupla";"Reta";"Sim";278445;"Automóvel";"I/GM CLASSIC LIFE";2006;"Condutor";"Ileso";51;"Masculino";1;0;0;0;"-15.99288083";"-47.98574924";"SR-DF";"DF";"UOP01/DF"
156754;344701;2018-09-02;"domingo";"02:30:00";"MT";364;335;"SANTO ANTONIO DO LEVERGER";"Sim";"Ingestao de alcool";1;"Saida de leito carrocavel";"Sem Vitimas";"Plena Noite";"Crescente";"Ceu Claro";"Dupla";"Reta";"Nao";280148;"Automóvel";"FIAT/SIENA ATTRACTIV 1.4";2013;"Condutor";"Ileso";22;"Masculino";1;0;0;0;"-15.826958";"-55.450573";"SR-MT";"DEL2/1";"UOP02/MT"
156763;344212;2018-09-02;"domingo";"06:55:00";"ES";101;143,2;"LINHARES";"Sim";"Ingestao de alcool";1;"Colisao traseira";"Com Vitimas Feridas";"Pleno dia";"Crescente";"Nublado";"Multipla";"Reta";"Sim";278480;"Automóvel";"VW/VOYAGE 1.0";2010;"Passageiro";"Ileso";29;"Masculino";1;0;0;0;"-19.33916749";"-40.0654006";"SR-ES";"DEL12/4";"UOP01/ES"
156763;344209;2018-09-02;"domingo";"06:55:00";"ES";101;143,2;"LINHARES";"Sim";"Ingestao de alcool";1;"Colisao traseira";"Com Vitimas Feridas";"Pleno dia";"Crescente";"Nublado";"Multipla";"Reta";"Sim";278480;"Automóvel";"VW/VOYAGE 1.0";2010;"Condutor";"Ileso";22;"Masculino";1;0;0;0;"-19.33916749";"-40.0654006";"SR-ES";"DEL12/4";"UOP01/ES"
156763;344214;2018-09-02;"domingo";"06:55:00";"ES";101;143,2;"LINHARES";"Sim";"Ingestao de alcool";1;"Colisao traseira";"Com Vitimas Feridas";"Pleno dia";"Crescente";"Nublado";"Multipla";"Reta";"Sim";278480;"Automóvel";"VW/VOYAGE 1.0";2010;"Passageiro";"Ileso";32;"Feminino";1;0;0;0;"-19.33916749";"-40.0654006";"SR-ES";"DEL12/4";"UOP01/ES"
156763;344213;2018-09-02;"domingo";"06:55:00";"ES";101;143,2;"LINHARES";"Sim";"Ingestao de alcool";1;"Colisao traseira";"Com Vitimas Feridas";"Pleno dia";"Crescente";"Nublado";"Multipla";"Reta";"Sim";278480;"Automóvel";"VW/VOYAGE 1.0";2010;"Passageiro";"Lesoes Leves";22;"Feminino";0;1;0;0;"-19.33916749";"-40.0654006";"SR-ES";"DEL12/4";"UOP01/ES"
156763;344217;2018-09-02;"domingo";"06:55:00";"ES";101;143,2;"LINHARES";"Sim";"Ingestao de alcool";1;"Colisao traseira";"Com Vitimas Feridas";"Pleno dia";"Crescente";"Nublado";"Multipla";"Reta";"Sim";278479;"Automóvel";"VW/POLO 1.6";2008;"Condutor";"Lesoes Leves";43;"Feminino";0;1;0;0;"-19.33916749";"-40.0654006";"SR-ES";"DEL12/4";"UOP01/ES"
156763;344215;2018-09-02;"domingo";"06:55:00";"ES";101;143,2;"LINHARES";"Sim";"Ingestao de alcool";1;"Colisao traseira";"Com Vitimas Feridas";"Pleno dia";"Crescente";"Nublado";"Multipla";"Reta";"Sim";278480;"Automóvel";"VW/VOYAGE 1.0";2010;"Passageiro";"Lesoes Leves";22;"Feminino";0;1;0;0;"-19.33916749";"-40.0654006";"SR-ES";"DEL12/4";"UOP01/ES"
156767;342813;2018-09-02;"domingo";"06:05:00";"MG";40;435,1;"PARAOPEBA";"Sim";"Ingestao de alcool";1;"Colisao lateral";"Sem Vitimas";"Amanhecer";"Crescente";"Ceu Claro";"Dupla";"Reta";"Nao";278542;"Caminhao";"VOLVO/VM 270 6X2R";2015;"Condutor";"Ileso";39;"Masculino";1;0;0;0;"-19.22253";"-44.44714";"SR-MG";"DEL4/2";"UOP01/MG"
156767;342815;2018-09-02;"domingo";"06:05:00";"MG";40;435,1;"PARAOPEBA";"Sim";"Ingestao de alcool";1;"Colisao lateral";"Sem Vitimas";"Amanhecer";"Crescente";"Ceu Claro";"Dupla";"Reta";"Nao";278543;"Caminhonete";"I/FORD RANGER XL 12D";2001;"Condutor";"Nao Informado";NA;"Nao Informado";0;0;0;0;"-19.22253";"-44.44714";"SR-MG";"DEL4/2";"UOP01/MG"
156778;343163;2018-09-02;"domingo";"06:20:00";"SC";282;613,8;"IRACEMINHA";"Nao";"Ingestao de alcool";1;"Colisao frontal";"Com Vitimas Feridas";"Amanhecer";"Decrescente";"Chuva";"Simples";"Curva";"Nao";278475;"Automóvel";"CHEV/SPIN 1.8L MT LTZ";2013;"Condutor";"Ileso";34;"Feminino";1;0;0;0;"-26.76936877";"-53.26729774";"SR-SC";"DEL8/8";"UOP02/SC"
156778;343165;2018-09-02;"domingo";"06:20:00";"SC";282;613,8;"IRACEMINHA";"Nao";"Ingestao de alcool";1;"Colisao frontal";"Com Vitimas Feridas";"Amanhecer";"Decrescente";"Chuva";"Simples";"Curva";"Nao";278475;"Automóvel";"CHEV/SPIN 1.8L MT LTZ";2013;"Passageiro";"Ileso";17;"Masculino";1;0;0;0;"-26.76936877";"-53.26729774";"SR-SC";"DEL8/8";"UOP02/SC"
156778;343166;2018-09-02;"domingo";"06:20:00";"SC";282;613,8;"IRACEMINHA";"Nao";"Ingestao de alcool";1;"Colisao frontal";"Com Vitimas Feridas";"Amanhecer";"Decrescente";"Chuva";"Simples";"Curva";"Nao";278475;"Automóvel";"CHEV/SPIN 1.8L MT LTZ";2013;"Passageiro";"Ileso";14;"Masculino";1;0;0;0;"-26.76936877";"-53.26729774";"SR-SC";"DEL8/8";"UOP02/SC"
156778;343168;2018-09-02;"domingo";"06:20:00";"SC";282;613,8;"IRACEMINHA";"Nao";"Ingestao de alcool";1;"Colisao frontal";"Com Vitimas Feridas";"Amanhecer";"Decrescente";"Chuva";"Simples";"Curva";"Nao";278476;"Automóvel";"GM/CORSA SEDAN PREMIUM";2008;"Condutor";"Ileso";27;"Masculino";1;0;0;0;"-26.76936877";"-53.26729774";"SR-SC";"DEL8/8";"UOP02/SC"
156778;343169;2018-09-02;"domingo";"06:20:00";"SC";282;613,8;"IRACEMINHA";"Nao";"Ingestao de alcool";1;"Colisao frontal";"Com Vitimas Feridas";"Amanhecer";"Decrescente";"Chuva";"Simples";"Curva";"Nao";278476;"Automóvel";"GM/CORSA SEDAN PREMIUM";2008;"Passageiro";"Ileso";51;"Feminino";1;0;0;0;"-26.76936877";"-53.26729774";"SR-SC";"DEL8/8";"UOP02/SC"
156778;343170;2018-09-02;"domingo";"06:20:00";"SC";282;613,8;"IRACEMINHA";"Nao";"Ingestao de alcool";1;"Colisao frontal";"Com Vitimas Feridas";"Amanhecer";"Decrescente";"Chuva";"Simples";"Curva";"Nao";278476;"Automóvel";"GM/CORSA SEDAN PREMIUM";2008;"Passageiro";"Ileso";59;"Feminino";1;0;0;0;"-26.76936877";"-53.26729774";"SR-SC";"DEL8/8";"UOP02/SC"
156778;343159;2018-09-02;"domingo";"06:20:00";"SC";282;613,8;"IRACEMINHA";"Nao";"Ingestao de alcool";1;"Colisao frontal";"Com Vitimas Feridas";"Amanhecer";"Decrescente";"Chuva";"Simples";"Curva";"Nao";278474;"Automóvel";"GM/CORSA WIND";1998;"Condutor";"Lesoes Leves";20;"Masculino";0;1;0;0;"-26.76936877";"-53.26729774";"SR-SC";"DEL8/8";"UOP02/SC"
156782;342805;2018-09-02;"domingo";"07:15:00";"SP";381;22;"BRAGANCA PAULISTA";"Sim";"Ingestao de alcool";1;"Colisao com objeto estatico";"Sem Vitimas";"Pleno dia";"Decrescente";"Ceu Claro";"Dupla";"Reta";"Nao";278547;"Automóvel";"VW/POLO SEDAN 1.6";2013;"Condutor";"Ileso";55;"Masculino";1;0;0;0;"-22.99513816";"-46.51387431";"SR-SP";"DEL6/3";"UOP01/SP"