"id";"pesid";"data_inversa";"dia_semana";"horario";"uf";"br";"km";"municipio";"causa_principal";"causa_acidente";"ordem_tipo_acidente";"tipo_acidente";"classificacao_acidente";"fase_dia";"sentido_via";"condicao_metereologica";"tipo_pista";"tracado_via";"uso_solo";"id_veiculo";"tipo_veiculo";"marca";"ano_fabricacao_veiculo";"tipo_envolvido";"estado_fisico";"idade";"sexo";"ilesos";"feridos_leves";"feridos_graves";"mortos";"latitude";"longitude";"regional";"delegacia";"uop"
156782;342804;2018-09-02;"domingo";"07:15:00";"SP";381;22;"BRAGANCA PAULISTA";"Sim";"Ingestao de alcool";1;"Colisao com objeto estatico";"Sem Vitimas";"Pleno dia";"Decrescente";"Ceu Claro";"Dupla";"Reta";"Nao";278545;"Automóvel";"FIAT/PALIO FIRE";2003;"Condutor";"Ileso";40;"Masculino";1;0;0;0;"-22.99513816";"-46.51387431";"SR-SP";"DEL6/3";"UOP01/SP"
156847;342969;2018-09-02;"domingo";"15:40:00";"MG";262;448;"NOVA SERRANA";"Sim";"Ingestao de alcool";1;"Queda de ocupante de veiculo";"Com Vitimas Feridas";"Pleno dia";"Decrescente";"Ceu Claro";"Simples";"Reta";"Nao";278673;"Motocicleta";"HONDA/CG 160 START";2018;"Condutor";"Lesoes Leves";60;"Masculino";0;1;0;0;"-19.863728";"-44.997971";"SR-MG";"DEL4/8";"UOP03/MG"
156859;342895;2018-09-02;"domingo";"16:20:00";"DF";80;24,5;"BRASILIA";"Sim";"Ingestao de alcool";1;"Colisao frontal";"Sem Vitimas";"Pleno dia";"Decrescente";"Ceu Claro";"Simples";"Reta";"Nao";278617;"Automóvel";"FIAT/STILO FLEX";2006;"Passageiro";"Ileso";NA;"Masculino";1;0;0;0;"-15.62535129";"-48.19937445";"SR-DF";"DF";"UOP06/DF"
156859;342896;2018-09-02;"domingo";"16:20:00";"DF";80;24,5;"BRASILIA";"Sim";"Ingestao de alcool";1;"Colisao frontal";"Sem Vitimas";"Pleno dia";"Decrescente";"Ceu Claro";"Simples";"Reta";"Nao";278618;"Ônibus";"M.BENZ/O 371 RSD";1994;"Condutor";"Ileso";60;"Masculino";1;0;0;0;"-15.62535129";"-48.19937445";"SR-DF";"DF";"UOP06/DF"
156859;342904;2018-09-02;"domingo";"16:20:00";"DF";80;24,5;"BRASILIA";"Sim";"Ingestao de alcool";1;"Colisao frontal";"Sem Vitimas";"Pleno dia";"Decrescente";"Ceu Claro";"Simples";"Reta";"Nao";278618;"Ônibus";"M.BENZ/O 371 RSD";1994;"Passageiro";"Ileso";25;"Masculino";1;0;0;0;"-15.62535129";"-48.19937445";"SR-DF";"DF";"UOP06/DF"
156859;342905;2018-09-02;"domingo";"16:20:00";"DF";80;24,5;"BRASILIA";"Sim";"Ingestao de alcool";1;"Colisao frontal";"Sem Vitimas";"Pleno dia";"Decrescente";"Ceu Claro";"Simples";"Reta";"Nao";278618;"Ônibus";"M.BENZ/O 371 RSD";1994;"Passageiro";"Ileso";27;"Masculino";1;0;0;0;"-15.62535129";"-48.19937445";"SR-DF";"DF";"UOP06/DF"
156859;342907;2018-09-02;"domingo";"16:20:00";"DF";80;24,5;"BRASILIA";"Sim";"Ingestao de alcool";1;"Colisao frontal";"Sem Vitimas";"Pleno dia";"Decrescente";"Ceu Claro";"Simples";"Reta";"Nao";278618;"Ônibus";"M.BENZ/O 371 RSD";1994;"Passageiro";"Ileso";24;"Masculino";1;0;0;0;"-15.62535129";"-48.19937445";"SR-DF";"DF";"UOP06/DF"
156859;342908;2018-09-02;"domingo";"16:20:00";"DF";80;24,5;"BRASILIA";"Sim";"Ingestao de alcool";1;"Colisao frontal";"Sem Vitimas";"Pleno dia";"Decrescente";"Ceu Claro";"Simples";"Reta";"Nao";278618;"Ônibus";"M.BENZ/O 371 RSD";1994;"Passageiro";"Ileso";27;"Masculino";1;0;0;0;"-15.62535129";"-48.19937445";"SR-DF";"DF";"UOP06/DF"
156859;342909;2018-09-02;"domingo";"16:20:00";"DF";80;24,5;"BRASILIA";"Sim";"Ingestao de alcool";1;"Colisao frontal";"Sem Vitimas";"Pleno dia";"Decrescente";"Ceu Claro";"Simples";"Reta";"Nao";278618;"Ônibus";"M.BENZ/O 371 RSD";1994;"Passageiro";"Ileso";25;"Masculino";1;0;0;0;"-15.62535129";"-48.19937445";"SR-DF";"DF";"UOP06/DF"
156859;342911;2018-09-02;"domingo";"16:20:00";"DF";80;24,5;"BRASILIA";"Sim";"Ingestao de alcool";1;"Colisao frontal";"Sem Vitimas";"Pleno dia";"Decrescente";"Ceu Claro";"Simples";"Reta";"Nao";278618;"Ônibus";"M.BENZ/O 371 RSD";1994;"Passageiro";"Ileso";35;"Masculino";1;0;0;0;"-15.62535129";"-48.19937445";"SR-DF";"DF";"UOP06/DF"
156859;342913;2018-09-02;"domingo";"16:20:00";"DF";80;24,5;"BRASILIA";"Sim";"Ingestao de alcool";1;"Colisao frontal";"Sem Vitimas";"Pleno dia";"Decrescente";"Ceu Claro";"Simples";"Reta";"Nao";278618;"Ônibus";"M.BENZ/O 371 RSD";1994;"Passageiro";"Ileso";29;"Masculino";1;0;0;0;"-15.62535129";"-48.19937445";"SR-DF";"DF";"UOP06/DF"
156859;342914;2018-09-02;"domingo";"16:20:00";"DF";80;24,5;"BRASILIA";"Sim";"Ingestao de alcool";1;"Colisao frontal";"Sem Vitimas";"Pleno dia";"Decrescente";"Ceu Claro";"Simples";"Reta";"Nao";278618;"Ônibus";"M.BENZ/O 371 RSD";1994;"Passageiro";"Ileso";37;"Masculino";1;0;0;0;"-15.62535129";"-48.19937445";"SR-DF";"DF";"UOP06/DF"
156859;342916;2018-09-02;"domingo";"16:20:00";"DF";80;24,5;"BRASILIA";"Sim";"Ingestao de alcool";1;"Colisao frontal";"Sem Vitimas";"Pleno dia";"Decrescente";"Ceu Claro";"Simples";"Reta";"Nao";278618;"Ônibus";"M.BENZ/O 371 RSD";1994;"Passageiro";"Ileso";27;"Masculino";1;0;0;0;"-15.62535129";"-48.19937445";"SR-DF";"DF";"UOP06/DF"
156859;342917;2018-09-02;"domingo";"16:20:00";"DF";80;24,5;"BRASILIA";"Sim";"Ingestao de alcool";1;"Colisao frontal";"Sem Vitimas";"Pleno dia";"Decrescente";"Ceu Claro";"Simples";"Reta";"Nao";278618;"Ônibus";"M.BENZ/O 371 RSD";1994;"Passageiro";"Ileso";24;"Masculino";1;0;0;0;"-15.62535129";"-48.19937445";"SR-DF";"DF";"UOP06/DF"
156859;342919;2018-09-02;"domingo";"16:20:00";"DF";80;24,5;"BRASILIA";"Sim";"Ingestao de alcool";1;"Colisao frontal";"Sem Vitimas";"Pleno dia";"Decrescente";"Ceu Claro";"Simples";"Reta";"Nao";278618;"Ônibus";"M.BENZ/O 371 RSD";1994;"Passageiro";"Ileso";25;"Masculino";1;0;0;0;"-15.62535129";"-48.19937445";"SR-DF";"DF";"UOP06/DF"
156859;342894;2018-09-02;"domingo";"16:20:00";"DF";80;24,5;"BRASILIA";"Sim";"Ingestao de alcool";1;"Colisao frontal";"Sem Vitimas";"Pleno dia";"Decrescente";"Ceu Claro";"Simples";"Reta";"Nao";278617;"Automóvel";"FIAT/STILO FLEX";2006;"Condutor";"Ileso";44;"Masculino";1;0;0;0;"-15.62535129";"-48.19937445";"SR-DF";"DF";"UOP06/DF"
156866;344073;2018-09-02;"domingo";"17:30:00";"ES";101;147;"LINHARES";"Sim";"Ingestao de alcool";1;"Atropelamento de Pedestre";"Com Vitimas Feridas";"Pleno dia";"Decrescente";"Sol";"Dupla";"Intersecao de vias";"Sim";279597;"Bicicleta";"";NA;"Condutor";"Lesoes Graves";34;"Feminino";0;0;1;0;"-19.3786717";"-40.06626427";"SR-ES";"DEL12/4";"UOP01/ES"
156866;342971;2018-09-02;"domingo";"17:30:00";"ES";101;147;"LINHARES";"Sim";"Ingestao de alcool";1;"Atropelamento de Pedestre";"Com Vitimas Feridas";"Pleno dia";"Decrescente";"Sol";"Dupla";"Intersecao de vias";"Sim";278650;"Automóvel";"FIAT/PALIO EL";1997;"Condutor";"Ileso";50;"Masculino";1;0;0;0;"-19.3786717";"-40.06626427";"SR-ES";"DEL12/4";"UOP01/ES"
156880;342963;2018-09-02;"domingo";"19:00:00";"GO";60;373;"RIO VERDE";"Nao";"Ingestao de alcool";1;"Colisao transversal";"Sem Vitimas";"Plena Noite";"Crescente";"Ceu Claro";"Dupla";"Reta";"Nao";278672;"Caminhonete";"VW/SAVEIRO CD HL MB";2014;"Passageiro";"Ileso";42;"Feminino";1;0;0;0;"-17.7116";"-50.8524";"SR-GO";"DEL1/4";"UOP01/GO"
156880;342960;2018-09-02;"domingo";"19:00:00";"GO";60;373;"RIO VERDE";"Nao";"Ingestao de alcool";1;"Colisao transversal";"Sem Vitimas";"Plena Noite";"Crescente";"Ceu Claro";"Dupla";"Reta";"Nao";278667;"Caminhonete";"CHEVROLET/MONTANA SPORT";2012;"Condutor";"Ileso";58;"Masculino";1;0;0;0;"-17.7116";"-50.8524";"SR-GO";"DEL1/4";"UOP01/GO"
156880;342961;2018-09-02;"domingo";"19:00:00";"GO";60;373;"RIO VERDE";"Nao";"Ingestao de alcool";1;"Colisao transversal";"Sem Vitimas";"Plena Noite";"Crescente";"Ceu Claro";"Dupla";"Reta";"Nao";278672;"Caminhonete";"VW/SAVEIRO CD HL MB";2014;"Condutor";"Ileso";34;"Masculino";1;0;0;0;"-17.7116";"-50.8524";"SR-GO";"DEL1/4";"UOP01/GO"
156880;343019;2018-09-02;"domingo";"19:00:00";"GO";60;373;"RIO VERDE";"Nao";"Ingestao de alcool";1;"Colisao transversal";"Sem Vitimas";"Plena Noite";"Crescente";"Ceu Claro";"Dupla";"Reta";"Nao";278672;"Caminhonete";"VW/SAVEIRO CD HL MB";2014;"Passageiro";"Ileso";12;"Feminino";1;0;0;0;"-17.7116";"-50.8524";"SR-GO";"DEL1/4";"UOP01/GO"
156893;344990;2018-09-02;"domingo";"17:55:00";"PE";428;185,8;"PETROLINA";"Sim";"Ingestao de alcool";1;"Queda de ocupante de veiculo";"Com Vitimas Feridas";"Plena Noite";"Crescente";"Ceu Claro";"Simples";"Intersecao de vias";"Sim";278621;"Motocicleta";"HONDA/CG 125 FAN ES";2011;"Condutor";"Lesoes Leves";20;"Masculino";0;1;0;0;"-9.346545";"-40.473541";"SR-PE";"DEL11/6";"UOP01/PE"
156893;344991;2018-09-02;"domingo";"17:55:00";"PE";428;185,8;"PETROLINA";"Sim";"Ingestao de alcool";1;"Queda de ocupante de veiculo";"Com Vitimas Feridas";"Plena Noite";"Crescente";"Ceu Claro";"Simples";"Intersecao de vias";"Sim";278621;"Motocicleta";"HONDA/CG 125 FAN ES";2011;"Passageiro";"Lesoes Leves";22;"Feminino";0;1;0;0;"-9.346545";"-40.473541";"SR-PE";"DEL11/6";"UOP01/PE"
156898;342957;2018-09-02;"domingo";"19:10:00";"GO";153;499,7;"GOIANIA";"Sim";"Ingestao de alcool";1;"Colisao com objeto estatico";"Sem Vitimas";"Plena Noite";"Crescente";"Ceu Claro";"Dupla";"Reta";"Sim";278629;"Caminhonete";"FIAT/TORO FREEDOM AT";2016;"Condutor";"Ileso";35;"Masculino";1;0;0;0;"-16.7033";"-49.2311";"SR-GO";"DEL1/1";"UOP01/GO"
156898;342958;2018-09-02;"domingo";"19:10:00";"GO";153;499,7;"GOIANIA";"Sim";"Ingestao de alcool";1;"Colisao com objeto estatico";"Sem Vitimas";"Plena Noite";"Crescente";"Ceu Claro";"Dupla";"Reta";"Sim";278629;"Caminhonete";"FIAT/TORO FREEDOM AT";2016;"Passageiro";"Ileso";31;"Feminino";1;0;0;0;"-16.7033";"-49.2311";"SR-GO";"DEL1/1";"UOP01/GO"
156898;342959;2018-09-02;"domingo";"19:10:00";"GO";153;499,7;"GOIANIA";"Sim";"Ingestao de alcool";1;"Colisao com objeto estatico";"Sem Vitimas";"Plena Noite";"Crescente";"Ceu Claro";"Dupla";"Reta";"Sim";278629;"Caminhonete";"FIAT/TORO FREEDOM AT";2016;"Passageiro";"Ileso";6;"Masculino";1;0;0;0;"-16.7033";"-49.2311";"SR-GO";"DEL1/1";"UOP01/GO"
156905;344644;2018-09-02;"domingo";"20:30:00";"RJ";101;286;"ITABORAI";"Sim";"Ingestao de alcool";1;"Colisao traseira";"Com Vitimas Feridas";"Plena Noite";"Decrescente";"Ceu Claro";"Dupla";"Reta";"Sim";278742;"Automóvel";"VW/GOL 1.0";2011;"Condutor";"Lesoes Leves";45;"Masculino";0;1;0;0;"-22.754093";"-42.824917";"SR-RJ";"DEL5/2";"UOP03/RJ"
156905;344748;2018-09-02;"domingo";"20:30:00";"RJ";101;286;"ITABORAI";"Sim";"Ingestao de alcool";1;"Colisao traseira";"Com Vitimas Feridas";"Plena Noite";"Decrescente";"Ceu Claro";"Dupla";"Reta";"Sim";278741;"Automóvel";"GM/MONZA SL";1990;"Passageiro";"Lesoes Leves";56;"Feminino";0;1;0;0;"-22.754093";"-42.824917";"SR-RJ";"DEL5/2";"UOP03/RJ"
156905;344695;2018-09-02;"domingo";"20:30:00";"RJ";101;286;"ITABORAI";"Sim";"Ingestao de alcool";1;"Colisao traseira";"Com Vitimas Feridas";"Plena Noite";"Decrescente";"Ceu Claro";"Dupla";"Reta";"Sim";278741;"Automóvel";"GM/MONZA SL";1990;"Condutor";"Lesoes Leves";52;"Masculino";0;1;0;0;"-22.754093";"-42.824917";"SR-RJ";"DEL5/2";"UOP03/RJ"
156905;344743;2018-09-02;"domingo";"20:30:00";"RJ";101;286;"ITABORAI";"Sim";"Ingestao de alcool";1;"Colisao traseira";"Com Vitimas Feridas";"Plena Noite";"Decrescente";"Ceu Claro";"Dupla";"Reta";"Sim";278741;"Automóvel";"GM/MONZA SL";1990;"Passageiro";"Lesoes Leves";35;"Feminino";0;1;0;0;"-22.754093";"-42.824917";"SR-RJ";"DEL5/2";"UOP03/RJ"
156905;344747;2018-09-02;"domingo";"20:30:00";"RJ";101;286;"ITABORAI";"Sim";"Ingestao de alcool";1;"Colisao traseira";"Com Vitimas Feridas";"Plena Noite";"Decrescente";"Ceu Claro";"Dupla";"Reta";"Sim";278741;"Automóvel";"GM/MONZA SL";1990;"Passageiro";"Lesoes Leves";NA;"Feminino";0;1;0;0;"-22.754093";"-42.824917";"SR-RJ";"DEL5/2";"UOP03/RJ"
156906;343053;2018-09-02;"domingo";"16:55:00";"SC";480;129,8;"SAO DOMINGOS";"Sim";"Ingestao de alcool";1;"Colisao traseira";"Sem Vitimas";"Pleno dia";"Crescente";"Chuva";"Dupla";"Reta";"Nao";278645;"Automóvel";"VW/GOL TL SC";2014;"Condutor";"Ileso";48;"Masculino";1;0;0;0;"-26.509361";"-52.582638";"SR-SC";"DEL8/8";"UOP01/SC"
156906;343054;2018-09-02;"domingo";"16:55:00";"SC";480;129,8;"SAO DOMINGOS";"Sim";"Ingestao de alcool";1;"Colisao traseira";"Sem Vitimas";"Pleno dia";"Crescente";"Chuva";"Dupla";"Reta";"Nao";278646;"Automóvel";"RENAULT/MEGANESD EXPR 16";2006;"Condutor";"Ileso";56;"Masculino";1;0;0;0;"-26.509361";"-52.582638";"SR-SC";"DEL8/8";"UOP01/SC"
156916;345950;2018-09-02;"domingo";"21:15:00";"BA";101;781,9;"ITABELA";"Sim";"Ingestao de alcool";1;"Colisao frontal";"Com Vitimas Fatais";"Plena Noite";"Crescente";"Nevoeiro/Neblina";"Simples";"Reta";"Nao";278734;"Caminhao";"VW/15.190 CRM 4X2";2013;"Condutor";"Ileso";36;"Masculino";1;0;0;0;"-16.8179";"-39.4813";"SR-BA";"DEL10/9";"UOP01/BA"
156916;343041;2018-09-02;"domingo";"21:15:00";"BA";101;781,9;"ITABELA";"Sim";"Ingestao de alcool";1;"Colisao frontal";"Com Vitimas Fatais";"Plena Noite";"Crescente";"Nevoeiro/Neblina";"Simples";"Reta";"Nao";278733;"Caminhonete";"FIAT/STRADA FIRE FLEX";2007;"Condutor";"Óbito";49;"Masculino";0;0;0;1;"-16.8179";"-39.4813";"SR-BA";"DEL10/9";"UOP01/BA"
156924;343003;2018-09-02;"domingo";"21:30:00";"SE";101;88,7;"NOSSA SENHORA DO SOCORRO";"Sim";"Ingestao de alcool";1;"Colisao com objeto estatico";"Com Vitimas Feridas";"Plena Noite";"Crescente";"Nublado";"Dupla";"Reta";"Nao";278695;"Motocicleta";"HONDA/CG 150 TITAN ESD";2006;"Condutor";"Lesoes Leves";26;"Masculino";0;1;0;0;"-10.8782772";"-37.13393927";"SR-SE";"DEL20/1";"UOP01/SE"
156932;343028;2018-09-02;"domingo";"21:10:00";"MT";163;807;"SINOP";"Sim";"Ingestao de alcool e/ou substâncias psicoativas pelo pedestre";1;"Saida de leito carrocavel";"Sem Vitimas";"Plena Noite";"Decrescente";"Ceu Claro";"Simples";"Desvio Temporario";"Nao";278724;"Caminhonete";"GM/S10 ADVANTAGE D";2007;"Condutor";"Ileso";51;"Masculino";1;0;0;0;"-12.09975258";"-55.51786423";"SR-MT";"DEL2/6";"UOP01/MT"
156940;343025;2018-09-02;"domingo";"22:50:00";"BA";242;808;"BARREIRAS";"Sim";"Ingestao de alcool e/ou substâncias psicoativas pelo pedestre";1;"Atropelamento de Pedestre";"Com Vitimas Feridas";"Plena Noite";"Crescente";"Ceu Claro";"Simples";"Reta";"Sim";278684;"Caminhao";"";NA;"Condutor";"Nao Informado";NA;"Nao Informado";0;0;0;0;"-12.0";"-45.0";"SR-BA";"DEL10/10";"UOP01/BA"
156940;343026;2018-09-02;"domingo";"22:50:00";"BA";242;808;"BARREIRAS";"Sim";"Ingestao de alcool e/ou substâncias psicoativas pelo pedestre";1;"Atropelamento de Pedestre";"Com Vitimas Feridas";"Plena Noite";"Crescente";"Ceu Claro";"Simples";"Reta";"Sim";278684;"Caminhao";"";NA;"Pedestre";"Lesoes Leves";44;"Masculino";0;1;0;0;"-12.0";"-45.0";"SR-BA";"DEL10/10";"UOP01/BA"
156944;343024;2018-09-02;"domingo";"22:45:00";"PR";376;498,5;"PONTA GROSSA";"Sim";"Ingestao de alcool";1;"Saida de leito carrocavel";"Sem Vitimas";"Plena Noite";"Crescente";"Garoa/Chuvisco";"Dupla";"Reta";"Sim";278715;"Automóvel";"FIAT/SIENA FIRE FLEX";2007;"Condutor";"Ileso";41;"Masculino";1;0;0;0;"-25.15431383";"-50.13945044";"SR-PR";"DEL7/3";"UOP03/PR"
156949;343043;2018-09-03;"segunda-feira";"00:30:00";"TO";153;414,4;"MIRANORTE";"Sim";"Ingestao de alcool";1;"Colisao com objeto estatico";"Com Vitimas Feridas";"Plena Noite";"Crescente";"Ceu Claro";"Dupla";"Nao Informado";"Sim";278732;"Motocicleta";"HONDA/NXR160 BROS ESDD";2016;"Condutor";"Lesoes Graves";30;"Masculino";0;0;1;0;"-9.53572784";"-48.59403133";"SR-TO";"UOP02/TO";""
156956;343789;2018-09-02;"domingo";"22:40:00";"PB";230;446,2;"APARECIDA";"Sim";"Ingestao de alcool";1;"Atropelamento de Pedestre";"Com Vitimas Feridas";"Plena Noite";"Crescente";"Ceu Claro";"Simples";"Reta";"Sim";279318;"Caminhao";"";NA;"Pedestre";"Lesoes Graves";44;"Masculino";0;0;1;0;"-6.78709741";"-38.07702541";"SR-PB";"DEL14/3";"UOP03/PB"
156956;343797;2018-09-02;"domingo";"22:40:00";"PB";230;446,2;"APARECIDA";"Sim";"Ingestao de alcool";1;"Atropelamento de Pedestre";"Com Vitimas Feridas";"Plena Noite";"Crescente";"Ceu Claro";"Simples";"Reta";"Sim";279318;"Caminhao";"";NA;"Condutor";"Nao Informado";NA;"Nao Informado";0;0;0;0;"-6.78709741";"-38.07702541";"SR-PB";"DEL14/3";"UOP03/PB"
156957;344335;2018-09-02;"domingo";"23:40:00";"PE";428;174,7;"PETROLINA";"Sim";"Ingestao de alcool";1;"Colisao frontal";"Com Vitimas Fatais";"Plena Noite";"Decrescente";"Ceu Claro";"Simples";"Reta";"Nao";278731;"Caminhao-trator";"SCANIA/P 360 A4X2";2012;"Condutor";"Ileso";36;"Feminino";1;0;0;0;"-9.252337";"-40.425278";"SR-PE";"DEL11/6";"UOP01/PE"
156957;343037;2018-09-02;"domingo";"23:40:00";"PE";428;174,7;"PETROLINA";"Sim";"Ingestao de alcool";1;"Colisao frontal";"Com Vitimas Fatais";"Plena Noite";"Decrescente";"Ceu Claro";"Simples";"Reta";"Nao";278730;"Motocicleta";"HONDA/CG 125 FAN ESD";2014;"Condutor";"Óbito";51;"Masculino";0;0;0;1;"-9.252337";"-40.425278";"SR-PE";"DEL11/6";"UOP01/PE"
156958;343032;2018-09-03;"segunda-feira";"00:50:00";"RJ";101;309;"SAO GONCALO";"Sim";"Ingestao de alcool";1;"Colisao traseira";"Sem Vitimas";"Plena Noite";"Decrescente";"Nublado";"Dupla";"Reta";"Sim";278722;"Automóvel";"FORD/KA SE 1.0 HA B";2016;"Condutor";"Ileso";30;"Masculino";1;0;0;0;"-22.794992";"-43.034481";"SR-RJ";"DEL5/2";"UOP02/RJ"
156958;343035;2018-09-03;"segunda-feira";"00:50:00";"RJ";101;309;"SAO GONCALO";"Sim";"Ingestao de alcool";1;"Colisao traseira";"Sem Vitimas";"Plena Noite";"Decrescente";"Nublado";"Dupla";"Reta";"Sim";278723;"Automóvel";"GM/CELTA 2P SPIRIT";2004;"Condutor";"Ileso";31;"Masculino";1;0;0;0;"-22.794992";"-43.034481";"SR-RJ";"DEL5/2";"UOP02/RJ"
156964;346776;2018-09-02;"domingo";"22:30:00";"GO";70;1,8;"AGUAS LINDAS DE GOIAS";"Sim";"Ingestao de alcool";1;"Colisao traseira";"Com Vitimas Feridas";"Plena Noite";"Decrescente";"Ceu Claro";"Multipla";"Desvio Temporario";"Sim";281714;"Automóvel";"GM/VECTRA MILENIUM";1999;"Condutor";"Ileso";NA;"Feminino";1;0;0;0;"-15.76814073";"-48.22999924";"SR-DF";"GO";"UOP06/DF"
156964;346734;2018-09-02;"domingo";"22:30:00";"GO";70;1,8;"AGUAS LINDAS DE GOIAS";"Sim";"Ingestao de alcool";1;"Colisao traseira";"Com Vitimas Feridas";"Plena Noite";"Decrescente";"Ceu Claro";"Multipla";"Desvio Temporario";"Sim";281717;"Motocicleta";"DAFRA/SPEED 150";2010;"Condutor";"Lesoes Graves";41;"Masculino";0;0;1;0;"-15.76814073";"-48.22999924";"SR-DF";"GO";"UOP06/DF"
156965;343410;2018-09-03;"segunda-feira";"03:50:00";"PB";101;121,1;"CAAPORA";"Sim";"Ingestao de alcool";1;"Colisao traseira";"Com Vitimas Feridas";"Plena Noite";"Decrescente";"Ceu Claro";"Dupla";"Reta";"Nao";278921;"Automóvel";"CHEVROLET/CELTA 1.0L LT";2013;"Condutor";"Lesoes Graves";25;"Masculino";0;0;1;0;"-7.44382";"-34.978244";"SR-PB";"DEL14/1";"UOP02/PB"
156965;343411;2018-09-03;"segunda-feira";"03:50:00";"PB";101;121,1;"CAAPORA";"Sim";"Ingestao de alcool";1;"Colisao traseira";"Com Vitimas Feridas";"Plena Noite";"Decrescente";"Ceu Claro";"Dupla";"Reta";"Nao";278923;"Caminhao-trator";"SCANIA/T112 HW 4X2";1991;"Condutor";"Ileso";47;"Masculino";1;0;0;0;"-7.44382";"-34.978244";"SR-PB";"DEL14/1";"UOP02/PB"
156966;344713;2018-09-03;"segunda-feira";"02:25:00";"BA";242;228;"ITABERABA";"Sim";"Ingestao de alcool";1;"Queda de ocupante de veiculo";"Com Vitimas Feridas";"Plena Noite";"Decrescente";"Garoa/Chuvisco";"Simples";"Reta";"Nao";278735;"Motocicleta";"I/SHINERAY XY50Q PHOENIX";NA;"Condutor";"Lesoes Leves";19;"Feminino";0;1;0;0;"-12.51043993";"-40.31151474";"SR-BA";"DEL10/6";"UOP02/BA"
156967;344570;2018-09-03;"segunda-feira";"04:30:00";"PR";376;546;"PALMEIRA";"Sim";"Ingestao de alcool";1;"Capotamento";"Sem Vitimas";"Plena Noite";"Crescente";"Nublado";"Dupla";"Reta";"Nao";278745;"Automóvel";"VW/POLO SEDAN 1.6";2012;"Condutor";"Ileso";63;"Masculino";1;0;0;0;"-25.39769243";"-49.79172617";"SR-PR";"DEL7/1";"UOP05/PR"
156969;344893;2018-09-03;"segunda-feira";"06:00:00";"DF";40;3;"BRASILIA";"Sim";"Ingestao de alcool";1;"Saida de leito carrocavel";"Com Vitimas Feridas";"Amanhecer";"Crescente";"Ceu Claro";"Dupla";"Reta";"Sim";280019;"Motocicleta";"I/HONDA CBR 250R";2012;"Condutor";"Lesoes Graves";35;"Masculino";0;0;1;0;"-16.003145";"-47.983944";"SR-DF";"DF";"UOP01/DF"
157086;343326;2018-08-30;"quinta-feira";"19:10:00";"BA";415;49;"ITABUNA";"Nao";"Ingestao de alcool e/ou substâncias psicoativas pelo pedestre";1;"Colisao lateral";"Sem Vitimas";"Plena Noite";"Crescente";"Ceu Claro";"Simples";"Reta";"Sim";278943;"Automóvel";"FIAT/UNO MILLE FIRE";2005;"Condutor";"Ileso";61;"Masculino";1;0;0;0;"-14.814651";"-39.296741";"SR-BA";"DEL10/5";"UOP01/BA"
157086;343327;2018-08-30;"quinta-feira";"19:10:00";"BA";415;49;"ITABUNA";"Nao";"Ingestao de alcool e/ou substâncias psicoativas pelo pedestre";1;"Colisao lateral";"Sem Vitimas";"Plena Noite";"Crescente";"Ceu Claro";"Simples";"Reta";"Sim";278944;"Automóvel";"FIAT/PALIO ELX FLEX";2010;"Condutor";"Ileso";52;"Masculino";1;0;0;0;"-14.814651";"-39.296741";"SR-BA";"DEL10/5";"UOP01/BA"
157124;343409;2018-09-03;"segunda-feira";"19:30:00";"PE";104;59,8;"CARUARU";"Sim";"Ingestao de alcool";1;"Colisao transversal";"Com Vitimas Feridas";"Plena Noite";"Decrescente";"Nublado";"Dupla";"Retorno Regulamentado";"Nao";279020;"Automóvel";"RENAULT/LOGAN EXPR 10";2017;"Condutor";"Ileso";42;"Masculino";1;0;0;0;"-8.24576646";"-35.97509086";"SR-PE";"DEL11/2";"UOP01/PE"
157124;343412;2018-09-03;"segunda-feira";"19:30:00";"PE";104;59,8;"CARUARU";"Sim";"Ingestao de alcool";1;"Colisao transversal";"Com Vitimas Feridas";"Plena Noite";"Decrescente";"Nublado";"Dupla";"Retorno Regulamentado";"Nao";279021;"Bicicleta";"";NA;"Condutor";"Lesoes Leves";40;"Masculino";0;1;0;0;"-8.24576646";"-35.97509086";"SR-PE";"DEL11/2";"UOP01/PE"
157325;343926;2018-09-04;"terca-feira";"18:20:00";"SC";470;49,3;"BLUMENAU";"Sim";"Ingestao de alcool e/ou substâncias psicoativas pelo pedestre";1;"Colisao lateral";"Sem Vitimas";"Anoitecer";"Decrescente";"Nublado";"Simples";"Intersecao de vias";"Sim";279434;"Utilitario";"I/LR DISCOVERY TD6 HSE 7";2018;"Condutor";"Ileso";45;"Masculino";1;0;0;0;"-26.86150518";"-49.06778899";"SR-SC";"DEL8/4";"UOP01/SC"
157325;343931;2018-09-04;"terca-feira";"18:20:00";"SC";470;49,3;"BLUMENAU";"Sim";"Ingestao de alcool e/ou substâncias psicoativas pelo pedestre";1;"Colisao lateral";"Sem Vitimas";"Anoitecer";"Decrescente";"Nublado";"Simples";"Intersecao de vias";"Sim";279435;"Caminhao-trator";"SCANIA/T124 GA4X2NZ 360";1998;"Condutor";"Ileso";48;"Masculino";1;0;0;0;"-26.86150518";"-49.06778899";"SR-SC";"DEL8/4";"UOP01/SC"
157332;344005;2018-09-04;"terca-feira";"19:22:00";"GO";50;266,7;"CATALAO";"Sim";"Ingestao de alcool";1;"Colisao frontal";"Com Vitimas Feridas";"Plena Noite";"Crescente";"Ceu Claro";"Simples";"Reta";"Nao";279460;"Micro-ônibus";"I/KIA BESTA EST";1996;"Condutor";"Lesoes Leves";39;"Masculino";0;1;0;0;"-18.0787";"-47.8671";"SR-GO";"DEL1/6";"UOP01/GO"