"id";"pesid";"data_inversa";"dia_semana";"horario";"uf";"br";"km";"municipio";"causa_principal";"causa_acidente";"ordem_tipo_acidente";"tipo_acidente";"classificacao_acidente";"fase_dia";"sentido_via";"condicao_metereologica";"tipo_pista";"tracado_via";"uso_solo";"id_veiculo";"tipo_veiculo";"marca";"ano_fabricacao_veiculo";"tipo_envolvido";"estado_fisico";"idade";"sexo";"ilesos";"feridos_leves";"feridos_graves";"mortos";"latitude";"longitude";"regional";"delegacia";"uop"
158454;346914;2018-09-09;"domingo";"15:35:00";"SC";280;225,5;"TRES BARRAS";"Sim";"Ingestao de alcool";1;"Colisao lateral";"Com Vitimas Feridas";"Pleno dia";"Decrescente";"Ceu Claro";"Simples";"Reta";"Nao";281427;"Automóvel";"RENAULT/SANDERO AUTH 10";2014;"Passageiro";"Lesoes Leves";25;"Feminino";0;1;0;0;"-26.178743";"-50.313049";"SR-SC";"DEL8/6";"UOP04/SC"
158457;347543;2018-09-09;"domingo";"18:30:00";"TO";153;148;"ARAGUAINA";"Sim";"Ingestao de alcool";1;"Colisao traseira";"Com Vitimas Feridas";"Anoitecer";"Decrescente";"Ceu Claro";"Dupla";"Reta";"Nao";281492;"Motoneta";"HONDA/BIZ 125 ES";2011;"Condutor";"Lesoes Leves";36;"Masculino";0;1;0;0;"-7.22979376";"-48.25157786";"SR-TO";"UOP04/TO";""
158457;347578;2018-09-09;"domingo";"18:30:00";"TO";153;148;"ARAGUAINA";"Sim";"Ingestao de alcool";1;"Colisao traseira";"Com Vitimas Feridas";"Anoitecer";"Decrescente";"Ceu Claro";"Dupla";"Reta";"Nao";282286;"Motoneta";"HONDA/BIZ 125 MAIS";2009;"Condutor";"Lesoes Leves";31;"Feminino";0;1;0;0;"-7.22979376";"-48.25157786";"SR-TO";"UOP04/TO";""
158457;347581;2018-09-09;"domingo";"18:30:00";"TO";153;148;"ARAGUAINA";"Sim";"Ingestao de alcool";1;"Colisao traseira";"Com Vitimas Feridas";"Anoitecer";"Decrescente";"Ceu Claro";"Dupla";"Reta";"Nao";282286;"Motoneta";"HONDA/BIZ 125 MAIS";2009;"Passageiro";"Lesoes Leves";12;"Masculino";0;1;0;0;"-7.22979376";"-48.25157786";"SR-TO";"UOP04/TO";""
158497;348621;2018-09-09;"domingo";"21:45:00";"PE";104;77,8;"CARUARU";"Sim";"Ingestao de alcool";1;"Colisao frontal";"Sem Vitimas";"Plena Noite";"Crescente";"Nublado";"Simples";"Reta";"Nao";281545;"Automóvel";"VW/GOL 1.6";2002;"Condutor";"Ileso";30;"Masculino";1;0;0;0;"-8.38240067";"-35.98284245";"SR-PE";"DEL11/2";"UOP01/PE"
158497;348622;2018-09-09;"domingo";"21:45:00";"PE";104;77,8;"CARUARU";"Sim";"Ingestao de alcool";1;"Colisao frontal";"Sem Vitimas";"Plena Noite";"Crescente";"Nublado";"Simples";"Reta";"Nao";281546;"Micro-ônibus";"I/KIA BESTA 12P GS";1999;"Condutor";"Ileso";29;"Masculino";1;0;0;0;"-8.38240067";"-35.98284245";"SR-PE";"DEL11/2";"UOP01/PE"
158497;348623;2018-09-09;"domingo";"21:45:00";"PE";104;77,8;"CARUARU";"Sim";"Ingestao de alcool";1;"Colisao frontal";"Sem Vitimas";"Plena Noite";"Crescente";"Nublado";"Simples";"Reta";"Nao";281547;"Caminhonete";"FIAT/TORO FREEDOM AT9 D";2018;"Condutor";"Ileso";31;"Feminino";1;0;0;0;"-8.38240067";"-35.98284245";"SR-PE";"DEL11/2";"UOP01/PE"
158556;346790;2018-09-06;"quinta-feira";"23:40:00";"AP";210;96;"FERREIRA GOMES";"Sim";"Ingestao de alcool e/ou substâncias psicoativas pelo pedestre";1;"Colisao lateral";"Sem Vitimas";"Plena Noite";"Crescente";"Ceu Claro";"Simples";"Reta";"Nao";281731;"Caminhao";"VW/24.250 CLC 6X2";2011;"Condutor";"Ileso";55;"Masculino";1;0;0;0;"0.6536803";"-51.0";"SR-AP";"UOP01/AP";""
158556;346788;2018-09-06;"quinta-feira";"23:40:00";"AP";210;96;"FERREIRA GOMES";"Sim";"Ingestao de alcool e/ou substâncias psicoativas pelo pedestre";1;"Colisao lateral";"Sem Vitimas";"Plena Noite";"Crescente";"Ceu Claro";"Simples";"Reta";"Nao";281730;"Automóvel";"FORD/FIESTA SEDAN FLEX";2008;"Condutor";"Ileso";25;"Masculino";1;0;0;0;"0.6536803";"-51.0";"SR-AP";"UOP01/AP";""
158569;346741;2018-09-07;"sexta-feira";"02:00:00";"SP";116;213,8;"GUARULHOS";"Sim";"Ingestao de alcool";1;"Tombamento";"Com Vitimas Feridas";"Plena Noite";"Crescente";"Nublado";"Multipla";"Reta";"Sim";281722;"Motocicleta";"YAMAHA/XT 660R";2013;"Condutor";"Lesoes Leves";30;"Masculino";0;1;0;0;"-23.443517";"-46.446293";"SR-SP";"DEL6/1";"UOP01/SP"
158682;349734;2018-09-10;"segunda-feira";"20:45:00";"PR";272;434,3;"GOIOERE";"Sim";"Ingestao de alcool e/ou substâncias psicoativas pelo pedestre";1;"Colisao frontal";"Com Vitimas Feridas";"Plena Noite";"Decrescente";"Ceu Claro";"Simples";"Reta";"Nao";282035;"Caminhonete";"FIAT/STRADA WORKING";2013;"Condutor";"Lesoes Leves";37;"Masculino";0;1;0;0;"-24.196802";"-53.035927";"SR-PR";"DEL7/4";"UOP05/PR"
158682;349735;2018-09-10;"segunda-feira";"20:45:00";"PR";272;434,3;"GOIOERE";"Sim";"Ingestao de alcool e/ou substâncias psicoativas pelo pedestre";1;"Colisao frontal";"Com Vitimas Feridas";"Plena Noite";"Decrescente";"Ceu Claro";"Simples";"Reta";"Nao";282036;"Automóvel";"GM/CELTA 3 PORTAS";2002;"Condutor";"Lesoes Graves";30;"Masculino";0;0;1;0;"-24.196802";"-53.035927";"SR-PR";"DEL7/4";"UOP05/PR"
158686;347047;2018-08-30;"quinta-feira";"05:20:00";"BA";116;824;"VITORIA DA CONQUISTA";"Sim";"Ingestao de alcool";1;"Colisao frontal";"Com Vitimas Feridas";"Amanhecer";"Decrescente";"Ceu Claro";"Dupla";"Reta";"Sim";281932;"Motocicleta";"HONDA/NXR160 BROS ESDD";2015;"Condutor";"Lesoes Graves";34;"Masculino";0;0;1;0;"-14.8534972";"-40.848797";"SR-BA";"DEL10/8";"UOP01/BA"
158686;347046;2018-08-30;"quinta-feira";"05:20:00";"BA";116;824;"VITORIA DA CONQUISTA";"Sim";"Ingestao de alcool";1;"Colisao frontal";"Com Vitimas Feridas";"Amanhecer";"Decrescente";"Ceu Claro";"Dupla";"Reta";"Sim";281931;"Automóvel";"VW/FOX 1.0";2009;"Condutor";"Lesoes Leves";41;"Masculino";0;1;0;0;"-14.8534972";"-40.848797";"SR-BA";"DEL10/8";"UOP01/BA"
158693;347125;2018-09-10;"segunda-feira";"21:42:00";"PB";101;89,3;"JOAO PESSOA";"Sim";"Ingestao de alcool";1;"Colisao transversal";"Com Vitimas Feridas";"Plena Noite";"Decrescente";"Chuva";"Dupla";"Reta";"Sim";281984;"Automóvel";"FIAT/PALIO FIRE FLEX";2007;"Condutor";"Ileso";37;"Masculino";1;0;0;0;"-7.17798315";"-34.89959478";"SR-PB";"DEL14/1";"UOP02/PB"
158693;347126;2018-09-10;"segunda-feira";"21:42:00";"PB";101;89,3;"JOAO PESSOA";"Sim";"Ingestao de alcool";1;"Colisao transversal";"Com Vitimas Feridas";"Plena Noite";"Decrescente";"Chuva";"Dupla";"Reta";"Sim";281985;"Bicicleta";"";NA;"Condutor";"Lesoes Leves";38;"Masculino";0;1;0;0;"-7.17798315";"-34.89959478";"SR-PB";"DEL14/1";"UOP02/PB"
158714;347145;2018-08-16;"quinta-feira";"19:30:00";"MA";316;467;"CODO";"Sim";"Ingestao de alcool";1;"Colisao traseira";"Com Vitimas Feridas";"Plena Noite";"Crescente";"Ceu Claro";"Simples";"Reta";"Sim";282010;"Automóvel";"VW/NOVO GOL 1.0";2013;"Passageiro";"Lesoes Leves";36;"Feminino";0;1;0;0;"-4.541063";"-44.018379";"SR-MA";"DEL18/3";"UOP01/MA"
158714;347146;2018-08-16;"quinta-feira";"19:30:00";"MA";316;467;"CODO";"Sim";"Ingestao de alcool";1;"Colisao traseira";"Com Vitimas Feridas";"Plena Noite";"Crescente";"Ceu Claro";"Simples";"Reta";"Sim";282010;"Automóvel";"VW/NOVO GOL 1.0";2013;"Condutor";"Lesoes Leves";32;"Masculino";0;1;0;0;"-4.541063";"-44.018379";"SR-MA";"DEL18/3";"UOP01/MA"
158714;347147;2018-08-16;"quinta-feira";"19:30:00";"MA";316;467;"CODO";"Sim";"Ingestao de alcool";1;"Colisao traseira";"Com Vitimas Feridas";"Plena Noite";"Crescente";"Ceu Claro";"Simples";"Reta";"Sim";282011;"Automóvel";"I/RENAULT CLIO EXP1016VH";2014;"Condutor";"Ileso";31;"Masculino";1;0;0;0;"-4.541063";"-44.018379";"SR-MA";"DEL18/3";"UOP01/MA"
158720;350911;2018-09-11;"terca-feira";"02:30:00";"MG";267;128,5;"JUIZ DE FORA";"Sim";"Ingestao de alcool";1;"Colisao lateral";"Com Vitimas Feridas";"Plena Noite";"Decrescente";"Ceu Claro";"Simples";"Curva";"Nao";282069;"Caminhao";"M.BENZ/L 1513";1976;"Condutor";"Ileso";60;"Masculino";1;0;0;0;"-21.71038684";"-43.52113724";"SR-MG";"DEL4/5";"UOP01/MG"
158720;350908;2018-09-11;"terca-feira";"02:30:00";"MG";267;128,5;"JUIZ DE FORA";"Sim";"Ingestao de alcool";1;"Colisao lateral";"Com Vitimas Feridas";"Plena Noite";"Decrescente";"Ceu Claro";"Simples";"Curva";"Nao";282068;"Automóvel";"VW/GOL CL 1.6 MI";1998;"Passageiro";"Lesoes Leves";29;"Masculino";0;1;0;0;"-21.71038684";"-43.52113724";"SR-MG";"DEL4/5";"UOP01/MG"
158720;350898;2018-09-11;"terca-feira";"02:30:00";"MG";267;128,5;"JUIZ DE FORA";"Sim";"Ingestao de alcool";1;"Colisao lateral";"Com Vitimas Feridas";"Plena Noite";"Decrescente";"Ceu Claro";"Simples";"Curva";"Nao";282068;"Automóvel";"VW/GOL CL 1.6 MI";1998;"Condutor";"Lesoes Leves";28;"Masculino";0;1;0;0;"-21.71038684";"-43.52113724";"SR-MG";"DEL4/5";"UOP01/MG"
158739;347224;2018-09-10;"segunda-feira";"19:00:00";"RO";435;125,8;"CEREJEIRAS";"Sim";"Ingestao de alcool";1;"Colisao lateral";"Com Vitimas Feridas";"Plena Noite";"Crescente";"Ceu Claro";"Simples";"Reta";"Nao";282081;"Motocicleta";"HONDA/NXR125 BROS ES";2013;"Condutor";"Lesoes Graves";32;"Masculino";0;0;1;0;"-13.18901691";"-60.83443165";"SR-RO";"DEL21/4";"UOP02/RO"
158739;347225;2018-09-10;"segunda-feira";"19:00:00";"RO";435;125,8;"CEREJEIRAS";"Sim";"Ingestao de alcool";1;"Colisao lateral";"Com Vitimas Feridas";"Plena Noite";"Crescente";"Ceu Claro";"Simples";"Reta";"Nao";282082;"Bicicleta";"";NA;"Condutor";"Lesoes Graves";0;"Masculino";0;0;1;0;"-13.18901691";"-60.83443165";"SR-RO";"DEL21/4";"UOP02/RO"
158739;348417;2018-09-10;"segunda-feira";"19:00:00";"RO";435;125,8;"CEREJEIRAS";"Sim";"Ingestao de alcool";1;"Colisao lateral";"Com Vitimas Feridas";"Plena Noite";"Crescente";"Ceu Claro";"Simples";"Reta";"Nao";282082;"Bicicleta";"";NA;"Testemunha";"Nao Informado";NA;"Nao Informado";0;0;0;0;"-13.18901691";"-60.83443165";"SR-RO";"DEL21/4";"UOP02/RO"
158739;348412;2018-09-10;"segunda-feira";"19:00:00";"RO";435;125,8;"CEREJEIRAS";"Sim";"Ingestao de alcool";1;"Colisao lateral";"Com Vitimas Feridas";"Plena Noite";"Crescente";"Ceu Claro";"Simples";"Reta";"Nao";282082;"Bicicleta";"";NA;"Testemunha";"Nao Informado";NA;"Nao Informado";0;0;0;0;"-13.18901691";"-60.83443165";"SR-RO";"DEL21/4";"UOP02/RO"
158757;347240;2018-09-02;"domingo";"02:30:00";"TO";230;19,9;"TOCANTINOPOLIS";"Sim";"Ingestao de alcool";1;"Colisao frontal";"Com Vitimas Fatais";"Plena Noite";"Crescente";"Ceu Claro";"Simples";"Desvio Temporario";"Nao";282094;"Outros";"";NA;"Condutor";"Nao Informado";NA;"Nao Informado";0;0;0;0;"-6.39467323";"-47.53149033";"SR-TO";"UOP05/TO";""
158757;347241;2018-09-02;"domingo";"02:30:00";"TO";230;19,9;"TOCANTINOPOLIS";"Sim";"Ingestao de alcool";1;"Colisao frontal";"Com Vitimas Fatais";"Plena Noite";"Crescente";"Ceu Claro";"Simples";"Desvio Temporario";"Nao";282095;"Bicicleta";"";NA;"Condutor";"Óbito";16;"Masculino";0;0;0;1;"-6.39467323";"-47.53149033";"SR-TO";"UOP05/TO";""
158807;347400;2018-09-07;"sexta-feira";"12:30:00";"SC";470;128,3;"LONTRAS";"Sim";"Ingestao de alcool";1;"Colisao frontal";"Com Vitimas Feridas";"Pleno dia";"Decrescente";"Ceu Claro";"Simples";"Reta";"Sim";282192;"Automóvel";"RENAULT/CLIO AUT 16 16VH";2006;"Condutor";"Lesoes Leves";36;"Masculino";0;1;0;0;"-27.13645177";"-49.54260327";"SR-SC";"DEL8/4";"UOP02/SC"
158807;347401;2018-09-07;"sexta-feira";"12:30:00";"SC";470;128,3;"LONTRAS";"Sim";"Ingestao de alcool";1;"Colisao frontal";"Com Vitimas Feridas";"Pleno dia";"Decrescente";"Ceu Claro";"Simples";"Reta";"Sim";282193;"Motocicleta";"BMW/G650 GS";2014;"Condutor";"Lesoes Leves";40;"Masculino";0;1;0;0;"-27.13645177";"-49.54260327";"SR-SC";"DEL8/4";"UOP02/SC"
158807;347402;2018-09-07;"sexta-feira";"12:30:00";"SC";470;128,3;"LONTRAS";"Sim";"Ingestao de alcool";1;"Colisao frontal";"Com Vitimas Feridas";"Pleno dia";"Decrescente";"Ceu Claro";"Simples";"Reta";"Sim";282192;"Automóvel";"RENAULT/CLIO AUT 16 16VH";2006;"Passageiro";"Lesoes Leves";13;"Feminino";0;1;0;0;"-27.13645177";"-49.54260327";"SR-SC";"DEL8/4";"UOP02/SC"
158807;347403;2018-09-07;"sexta-feira";"12:30:00";"SC";470;128,3;"LONTRAS";"Sim";"Ingestao de alcool";1;"Colisao frontal";"Com Vitimas Feridas";"Pleno dia";"Decrescente";"Ceu Claro";"Simples";"Reta";"Sim";282194;"Automóvel";"CHEV/PRISMA 1.4AT LTZ";2014;"Passageiro";"Lesoes Leves";32;"Feminino";0;1;0;0;"-27.13645177";"-49.54260327";"SR-SC";"DEL8/4";"UOP02/SC"
158807;347405;2018-09-07;"sexta-feira";"12:30:00";"SC";470;128,3;"LONTRAS";"Sim";"Ingestao de alcool";1;"Colisao frontal";"Com Vitimas Feridas";"Pleno dia";"Decrescente";"Ceu Claro";"Simples";"Reta";"Sim";282194;"Automóvel";"CHEV/PRISMA 1.4AT LTZ";2014;"Condutor";"Lesoes Leves";35;"Masculino";0;1;0;0;"-27.13645177";"-49.54260327";"SR-SC";"DEL8/4";"UOP02/SC"
158807;347404;2018-09-07;"sexta-feira";"12:30:00";"SC";470;128,3;"LONTRAS";"Sim";"Ingestao de alcool";1;"Colisao frontal";"Com Vitimas Feridas";"Pleno dia";"Decrescente";"Ceu Claro";"Simples";"Reta";"Sim";282194;"Automóvel";"CHEV/PRISMA 1.4AT LTZ";2014;"Passageiro";"Lesoes Leves";1;"Feminino";0;1;0;0;"-27.13645177";"-49.54260327";"SR-SC";"DEL8/4";"UOP02/SC"
158807;347406;2018-09-07;"sexta-feira";"12:30:00";"SC";470;128,3;"LONTRAS";"Sim";"Ingestao de alcool";1;"Colisao frontal";"Com Vitimas Feridas";"Pleno dia";"Decrescente";"Ceu Claro";"Simples";"Reta";"Sim";282192;"Automóvel";"RENAULT/CLIO AUT 16 16VH";2006;"Passageiro";"Lesoes Leves";6;"Masculino";0;1;0;0;"-27.13645177";"-49.54260327";"SR-SC";"DEL8/4";"UOP02/SC"
158807;347407;2018-09-07;"sexta-feira";"12:30:00";"SC";470;128,3;"LONTRAS";"Sim";"Ingestao de alcool";1;"Colisao frontal";"Com Vitimas Feridas";"Pleno dia";"Decrescente";"Ceu Claro";"Simples";"Reta";"Sim";282192;"Automóvel";"RENAULT/CLIO AUT 16 16VH";2006;"Passageiro";"Lesoes Graves";31;"Feminino";0;0;1;0;"-27.13645177";"-49.54260327";"SR-SC";"DEL8/4";"UOP02/SC"
158835;347599;2018-09-11;"terca-feira";"17:05:00";"PR";369;133,3;"IBIPORA";"Nao";"Ingestao de alcool";2;"Colisao com objeto estatico";"Com Vitimas Feridas";"Pleno dia";"Decrescente";"Ceu Claro";"Dupla";"Intersecao de vias";"Nao";282344;"Automóvel";"FORD/FIESTA FLEX";2014;"Condutor";"Lesoes Leves";44;"Masculino";0;1;0;0;"-23.26061749";"-51.01268465";"SR-PR";"DEL7/7";"UOP01/PR"
158835;347619;2018-09-11;"terca-feira";"17:05:00";"PR";369;133,3;"IBIPORA";"Nao";"Ingestao de alcool";2;"Colisao com objeto estatico";"Com Vitimas Feridas";"Pleno dia";"Decrescente";"Ceu Claro";"Dupla";"Intersecao de vias";"Nao";282345;"Automóvel";"CHEVROLET/COBALT 1.8 LTZ";2013;"Condutor";"Ileso";30;"Masculino";1;0;0;0;"-23.26061749";"-51.01268465";"SR-PR";"DEL7/7";"UOP01/PR"
158835;347630;2018-09-11;"terca-feira";"17:05:00";"PR";369;133,3;"IBIPORA";"Nao";"Ingestao de alcool";2;"Colisao com objeto estatico";"Com Vitimas Feridas";"Pleno dia";"Decrescente";"Ceu Claro";"Dupla";"Intersecao de vias";"Nao";282345;"Automóvel";"CHEVROLET/COBALT 1.8 LTZ";2013;"Passageiro";"Lesoes Leves";0;"Masculino";0;1;0;0;"-23.26061749";"-51.01268465";"SR-PR";"DEL7/7";"UOP01/PR"
158835;347626;2018-09-11;"terca-feira";"17:05:00";"PR";369;133,3;"IBIPORA";"Nao";"Ingestao de alcool";2;"Colisao com objeto estatico";"Com Vitimas Feridas";"Pleno dia";"Decrescente";"Ceu Claro";"Dupla";"Intersecao de vias";"Nao";282345;"Automóvel";"CHEVROLET/COBALT 1.8 LTZ";2013;"Passageiro";"Lesoes Leves";30;"Feminino";0;1;0;0;"-23.26061749";"-51.01268465";"SR-PR";"DEL7/7";"UOP01/PR"
158858;347671;2018-09-11;"terca-feira";"19:05:00";"RS";116;655,1;"JAGUARAO";"Nao";"Ingestao de alcool";1;"Atropelamento de Pedestre";"Com Vitimas Feridas";"Plena Noite";"Crescente";"Ceu Claro";"Simples";"Reta";"Sim";282383;"Automóvel";"FORD/KA FLEX";2013;"Condutor";"Ileso";49;"Masculino";1;0;0;0;"-32.54203787";"-53.36718991";"SR-RS";"DEL9/7";"UOP03/RS"
158858;347673;2018-09-11;"terca-feira";"19:05:00";"RS";116;655,1;"JAGUARAO";"Nao";"Ingestao de alcool";1;"Atropelamento de Pedestre";"Com Vitimas Feridas";"Plena Noite";"Crescente";"Ceu Claro";"Simples";"Reta";"Sim";282383;"Automóvel";"FORD/KA FLEX";2013;"Passageiro";"Ileso";56;"Masculino";1;0;0;0;"-32.54203787";"-53.36718991";"SR-RS";"DEL9/7";"UOP03/RS"
158858;347677;2018-09-11;"terca-feira";"19:05:00";"RS";116;655,1;"JAGUARAO";"Nao";"Ingestao de alcool";1;"Atropelamento de Pedestre";"Com Vitimas Feridas";"Plena Noite";"Crescente";"Ceu Claro";"Simples";"Reta";"Sim";282383;"Automóvel";"FORD/KA FLEX";2013;"Passageiro";"Ileso";55;"Masculino";1;0;0;0;"-32.54203787";"-53.36718991";"SR-RS";"DEL9/7";"UOP03/RS"
158858;347683;2018-09-11;"terca-feira";"19:05:00";"RS";116;655,1;"JAGUARAO";"Nao";"Ingestao de alcool";1;"Atropelamento de Pedestre";"Com Vitimas Feridas";"Plena Noite";"Crescente";"Ceu Claro";"Simples";"Reta";"Sim";282383;"Automóvel";"FORD/KA FLEX";2013;"Pedestre";"Lesoes Graves";55;"Masculino";0;0;1;0;"-32.54203787";"-53.36718991";"SR-RS";"DEL9/7";"UOP03/RS"
158910;347764;2018-09-11;"terca-feira";"22:10:00";"DF";20;9;"BRASILIA";"Sim";"Ingestao de alcool";1;"Atropelamento de Pedestre";"Com Vitimas Feridas";"Plena Noite";"Crescente";"Ceu Claro";"Dupla";"Reta";"Sim";282478;"Automóvel";"VW/GOLF 1.6 SPORTLINE";2012;"Condutor";"Ileso";40;"Masculino";1;0;0;0;"-15.654671";"-47.782917";"SR-DF";"DF";"UOP04/DF"
158910;347774;2018-09-11;"terca-feira";"22:10:00";"DF";20;9;"BRASILIA";"Sim";"Ingestao de alcool";1;"Atropelamento de Pedestre";"Com Vitimas Feridas";"Plena Noite";"Crescente";"Ceu Claro";"Dupla";"Reta";"Sim";282478;"Automóvel";"VW/GOLF 1.6 SPORTLINE";2012;"Pedestre";"Lesoes Graves";30;"Feminino";0;0;1;0;"-15.654671";"-47.782917";"SR-DF";"DF";"UOP04/DF"
158917;348369;2018-09-11;"terca-feira";"23:00:00";"MG";365;163;"PIRAPORA";"Sim";"Ingestao de alcool";1;"Saida de leito carrocavel";"Com Vitimas Feridas";"Plena Noite";"Decrescente";"Ceu Claro";"Simples";"Reta";"Sim";282488;"Automóvel";"GM/CELTA 2P LIFE";2009;"Condutor";"Lesoes Leves";36;"Masculino";0;1;0;0;"-17.371075";"-44.945316";"SR-MG";"DEL4/12";"UOP01/MG"
158917;348376;2018-09-11;"terca-feira";"23:00:00";"MG";365;163;"PIRAPORA";"Sim";"Ingestao de alcool";1;"Saida de leito carrocavel";"Com Vitimas Feridas";"Plena Noite";"Decrescente";"Ceu Claro";"Simples";"Reta";"Sim";282488;"Automóvel";"GM/CELTA 2P LIFE";2009;"Passageiro";"Lesoes Leves";32;"Masculino";0;1;0;0;"-17.371075";"-44.945316";"SR-MG";"DEL4/12";"UOP01/MG"
158920;349547;2018-09-11;"terca-feira";"21:15:00";"RO";364;513;"ARIQUEMES";"Sim";"Ingestao de alcool";1;"Queda de ocupante de veiculo";"Sem Vitimas";"Plena Noite";"Decrescente";"Ceu Claro";"Simples";"Reta";"Nao";282433;"Motocicleta";"DAFRA/RIVA 150";2013;"Passageiro";"Ileso";13;"Masculino";1;0;0;0;"-9.942847";"-63.054668";"SR-RO";"DEL21/3";"UOP01/RO"
158920;349542;2018-09-11;"terca-feira";"21:15:00";"RO";364;513;"ARIQUEMES";"Sim";"Ingestao de alcool";1;"Queda de ocupante de veiculo";"Sem Vitimas";"Plena Noite";"Decrescente";"Ceu Claro";"Simples";"Reta";"Nao";282433;"Motocicleta";"DAFRA/RIVA 150";2013;"Condutor";"Ileso";37;"Masculino";1;0;0;0;"-9.942847";"-63.054668";"SR-RO";"DEL21/3";"UOP01/RO"
159015;347992;2018-07-26;"quinta-feira";"20:15:00";"SC";101;72,3;"ARAQUARI";"Sim";"Ingestao de alcool e/ou substâncias psicoativas pelo pedestre";1;"Atropelamento de Pedestre";"Com Vitimas Fatais";"Plena Noite";"Decrescente";"Nublado";"Dupla";"Reta";"Nao";282609;"Automóvel";"VW/GOL TL MC S";2014;"Condutor";"Ileso";39;"Masculino";1;0;0;0;"-26.5373";"-48.7127";"SR-SC";"DEL8/3";"UOP02/SC"
159015;347993;2018-07-26;"quinta-feira";"20:15:00";"SC";101;72,3;"ARAQUARI";"Sim";"Ingestao de alcool e/ou substâncias psicoativas pelo pedestre";1;"Atropelamento de Pedestre";"Com Vitimas Fatais";"Plena Noite";"Decrescente";"Nublado";"Dupla";"Reta";"Nao";282609;"Automóvel";"VW/GOL TL MC S";2014;"Testemunha";"Nao Informado";NA;"Nao Informado";0;0;0;0;"-26.5373";"-48.7127";"SR-SC";"DEL8/3";"UOP02/SC"
159015;347991;2018-07-26;"quinta-feira";"20:15:00";"SC";101;72,3;"ARAQUARI";"Sim";"Ingestao de alcool e/ou substâncias psicoativas pelo pedestre";1;"Atropelamento de Pedestre";"Com Vitimas Fatais";"Plena Noite";"Decrescente";"Nublado";"Dupla";"Reta";"Nao";282609;"Automóvel";"VW/GOL TL MC S";2014;"Pedestre";"Óbito";32;"Masculino";0;0;0;1;"-26.5373";"-48.7127";"SR-SC";"DEL8/3";"UOP02/SC"
159064;348116;2018-08-26;"domingo";"21:03:00";"PB";230;69;"SOBRADO";"Nao";"Ingestao de alcool";1;"Queda de ocupante de veiculo";"Com Vitimas Feridas";"Plena Noite";"Crescente";"Ceu Claro";"Dupla";"Reta";"Nao";282698;"Motocicleta";"YAMAHA/FACTOR YBR125 K";2010;"Condutor";"Lesoes Leves";36;"Masculino";0;1;0;0;"-7.191899";"-35.22573531";"SR-PB";"DEL14/1";"UOP03/PB"
159077;348234;2018-09-12;"quarta-feira";"19:45:00";"GO";70;10;"AGUAS LINDAS DE GOIAS";"Sim";"Ingestao de alcool";1;"Colisao traseira";"Com Vitimas Feridas";"Plena Noite";"Decrescente";"Ceu Claro";"Dupla";"Reta";"Sim";282828;"Automóvel";"GM/CORSA GL 1.6";1996;"Condutor";"Lesoes Leves";41;"Masculino";0;1;0;0;"-15.7372";"-48.2917";"SR-DF";"GO";"UOP06/DF"
159077;348235;2018-09-12;"quarta-feira";"19:45:00";"GO";70;10;"AGUAS LINDAS DE GOIAS";"Sim";"Ingestao de alcool";1;"Colisao traseira";"Com Vitimas Feridas";"Plena Noite";"Decrescente";"Ceu Claro";"Dupla";"Reta";"Sim";282827;"Caminhao-trator";"M.BENZ/LS 1935";1993;"Condutor";"Ileso";32;"Masculino";1;0;0;0;"-15.7372";"-48.2917";"SR-DF";"GO";"UOP06/DF"
159082;348222;2018-09-12;"quarta-feira";"19:20:00";"DF";40;0,7;"BRASILIA";"Sim";"Ingestao de alcool";1;"Colisao traseira";"Sem Vitimas";"Plena Noite";"Decrescente";"Ceu Claro";"Dupla";"Reta";"Nao";282790;"Automóvel";"VW/GOL 1.0";2007;"Condutor";"Ileso";30;"Masculino";1;0;0;0;"-15.982614";"-47.988218";"SR-DF";"DF";"UOP01/DF"
159082;348257;2018-09-12;"quarta-feira";"19:20:00";"DF";40;0,7;"BRASILIA";"Sim";"Ingestao de alcool";1;"Colisao traseira";"Sem Vitimas";"Plena Noite";"Decrescente";"Ceu Claro";"Dupla";"Reta";"Nao";282791;"Caminhao-trator";"SCANIA/G 420 A6X2";2010;"Condutor";"Ileso";30;"Masculino";1;0;0;0;"-15.982614";"-47.988218";"SR-DF";"DF";"UOP01/DF"
159092;348218;2018-09-12;"quarta-feira";"21:25:00";"PR";376;3,3;"APUCARANA";"Sim";"Ingestao de alcool";1;"Colisao traseira";"Com Vitimas Feridas";"Plena Noite";"Crescente";"Ceu Claro";"Simples";"Intersecao de vias";"Sim";282794;"Automóvel";"VW/NOVO VOYAGE 1.0";2012;"Condutor";"Ileso";48;"Masculino";1;0;0;0;"-23.559062";"-51.438511";"SR-PR";"DEL7/7";"UOP03/PR"
159092;348215;2018-09-12;"quarta-feira";"21:25:00";"PR";376;3,3;"APUCARANA";"Sim";"Ingestao de alcool";1;"Colisao traseira";"Com Vitimas Feridas";"Plena Noite";"Crescente";"Ceu Claro";"Simples";"Intersecao de vias";"Sim";282793;"Motocicleta";"HONDA/CG 125 FAN KS";2013;"Condutor";"Lesoes Leves";30;"Masculino";0;1;0;0;"-23.559062";"-51.438511";"SR-PR";"DEL7/7";"UOP03/PR"