"id";"pesid";"data_inversa";"dia_semana";"horario";"uf";"br";"km";"municipio";"causa_principal";"causa_acidente";"ordem_tipo_acidente";"tipo_acidente";"classificacao_acidente";"fase_dia";"sentido_via";"condicao_metereologica";"tipo_pista";"tracado_via";"uso_solo";"id_veiculo";"tipo_veiculo";"marca";"ano_fabricacao_veiculo";"tipo_envolvido";"estado_fisico";"idade";"sexo";"ilesos";"feridos_leves";"feridos_graves";"mortos";"latitude";"longitude";"regional";"delegacia";"uop"
159753;349857;2018-09-15;"sabado";"22:00:00";"AP";210;3;"MACAPA";"Sim";"Ingestao de alcool";1;"Colisao traseira";"Com Vitimas Feridas";"Plena Noite";"Decrescente";"Ceu Claro";"Dupla";"Reta";"Sim";284051;"Bicicleta";"";NA;"Condutor";"Lesoes Leves";45;"Masculino";0;1;0;0;"0.087255";"-51.085796";"SR-AP";"UOP01/AP";""
159766;349797;2018-09-15;"sabado";"22:35:00";"SC";470;133;"LONTRAS";"Sim";"Ingestao de alcool";1;"Colisao frontal";"Sem Vitimas";"Plena Noite";"Crescente";"Nevoeiro/Neblina";"Simples";"Reta";"Nao";283976;"Automóvel";"VW/GOLF FLASH";2005;"Condutor";"Ileso";33;"Masculino";1;0;0;0;"-27.16680977";"-49.55887556";"SR-SC";"DEL8/4";"UOP02/SC"
159766;349798;2018-09-15;"sabado";"22:35:00";"SC";470;133;"LONTRAS";"Sim";"Ingestao de alcool";1;"Colisao frontal";"Sem Vitimas";"Plena Noite";"Crescente";"Nevoeiro/Neblina";"Simples";"Reta";"Nao";283979;"Caminhao";"VOLVO/VM 270 4X2R";2012;"Condutor";"Ileso";34;"Masculino";1;0;0;0;"-27.16680977";"-49.55887556";"SR-SC";"DEL8/4";"UOP02/SC"
159769;351619;2018-09-15;"sabado";"19:15:00";"PI";343;599;"FLORIANO";"Sim";"Ingestao de alcool";1;"Colisao transversal";"Com Vitimas Feridas";"Plena Noite";"Decrescente";"Ceu Claro";"Dupla";"Rotatória";"Sim";284028;"Automóvel";"I/RENAULT CLIO CAM 10H3P";2010;"Condutor";"Ileso";31;"Masculino";1;0;0;0;"-6.827629";"-43.064651";"SR-PI";"DEL17/3";"UOP01/PI"
159769;351617;2018-09-15;"sabado";"19:15:00";"PI";343;599;"FLORIANO";"Sim";"Ingestao de alcool";1;"Colisao transversal";"Com Vitimas Feridas";"Plena Noite";"Decrescente";"Ceu Claro";"Dupla";"Rotatória";"Sim";284027;"Motocicleta";"YAMAHA/YBR 125E";2007;"Condutor";"Lesoes Leves";36;"Masculino";0;1;0;0;"-6.827629";"-43.064651";"SR-PI";"DEL17/3";"UOP01/PI"
159776;349811;2018-09-16;"domingo";"00:45:00";"RS";285;516,9;"VITORIA DAS MISSOES";"Nao";"Ingestao de alcool";1;"Colisao frontal";"Com Vitimas Feridas";"Plena Noite";"Decrescente";"Ceu Claro";"Simples";"Nao Informado";"Nao";283997;"Automóvel";"GM/ASTRA HB 4P ADVANTAGE";2007;"Condutor";"Lesoes Leves";23;"Masculino";0;1;0;0;"-28.39761064";"-54.44159567";"SR-RS";"DEL9/10";"UOP01/RS"
159776;349810;2018-09-16;"domingo";"00:45:00";"RS";285;516,9;"VITORIA DAS MISSOES";"Nao";"Ingestao de alcool";1;"Colisao frontal";"Com Vitimas Feridas";"Plena Noite";"Decrescente";"Ceu Claro";"Simples";"Nao Informado";"Nao";283996;"Automóvel";"VW/GOL 16V";1998;"Condutor";"Lesoes Leves";37;"Masculino";0;1;0;0;"-28.39761064";"-54.44159567";"SR-RS";"DEL9/10";"UOP01/RS"
159778;351439;2018-09-15;"sabado";"22:30:00";"PR";116;117;"CURITIBA";"Sim";"Ingestao de alcool";1;"Colisao traseira";"Sem Vitimas";"Plena Noite";"Crescente";"Nublado";"Multipla";"Reta";"Sim";284074;"Automóvel";"FIAT/PALIO EX";2003;"Condutor";"Ileso";40;"Masculino";1;0;0;0;"-25.544559";"-49.30146";"SR-PR";"DEL7/1";"UOP06/PR"
159778;351442;2018-09-15;"sabado";"22:30:00";"PR";116;117;"CURITIBA";"Sim";"Ingestao de alcool";1;"Colisao traseira";"Sem Vitimas";"Plena Noite";"Crescente";"Nublado";"Multipla";"Reta";"Sim";284073;"Automóvel";"GM/KADETT SL EFI";1993;"Condutor";"Ileso";26;"Masculino";1;0;0;0;"-25.544559";"-49.30146";"SR-PR";"DEL7/1";"UOP06/PR"
159780;350359;2018-09-16;"domingo";"00:30:00";"MS";463;104;"PONTA PORA";"Sim";"Ingestao de alcool";2;"Saida de leito carrocavel";"Com Vitimas Feridas";"Plena Noite";"Crescente";"Nublado";"Simples";"Reta";"Nao";284025;"Automóvel";"FORD/FIESTA SEDAN FLEX";2006;"Condutor";"Ileso";48;"Masculino";1;0;0;0;"-22.608138";"-55.649385";"SR-MS";"DEL3/4";"UOP03/MS"
159780;350370;2018-09-16;"domingo";"00:30:00";"MS";463;104;"PONTA PORA";"Sim";"Ingestao de alcool";2;"Saida de leito carrocavel";"Com Vitimas Feridas";"Plena Noite";"Crescente";"Nublado";"Simples";"Reta";"Nao";284026;"Caminhonete";"FIAT/DUCATO TRANSFORM A";2014;"Passageiro";"Ileso";33;"Masculino";1;0;0;0;"-22.608138";"-55.649385";"SR-MS";"DEL3/4";"UOP03/MS"
159780;350365;2018-09-16;"domingo";"00:30:00";"MS";463;104;"PONTA PORA";"Sim";"Ingestao de alcool";2;"Saida de leito carrocavel";"Com Vitimas Feridas";"Plena Noite";"Crescente";"Nublado";"Simples";"Reta";"Nao";284026;"Caminhonete";"FIAT/DUCATO TRANSFORM A";2014;"Condutor";"Ileso";47;"Masculino";1;0;0;0;"-22.608138";"-55.649385";"SR-MS";"DEL3/4";"UOP03/MS"
159780;350369;2018-09-16;"domingo";"00:30:00";"MS";463;104;"PONTA PORA";"Sim";"Ingestao de alcool";2;"Saida de leito carrocavel";"Com Vitimas Feridas";"Plena Noite";"Crescente";"Nublado";"Simples";"Reta";"Nao";284026;"Caminhonete";"FIAT/DUCATO TRANSFORM A";2014;"Passageiro";"Lesoes Leves";35;"Feminino";0;1;0;0;"-22.608138";"-55.649385";"SR-MS";"DEL3/4";"UOP03/MS"
159782;351338;2018-09-16;"domingo";"00:50:00";"PR";376;112;"PARANAVAI";"Sim";"Ingestao de alcool";1;"Saida de leito carrocavel";"Sem Vitimas";"Plena Noite";"Decrescente";"Ceu Claro";"Dupla";"Curva";"Nao";285227;"Automóvel";"HONDA/CIVIC LXS FLEX";2009;"Condutor";"Ileso";35;"Masculino";1;0;0;0;"-23.09257";"-52.38679";"SR-PR";"DEL7/7";"UOP05/PR"
159793;350341;2018-09-16;"domingo";"00:15:00";"SC";280;303,4;"PORTO UNIAO";"Sim";"Ingestao de alcool";1;"Colisao com objeto estatico";"Com Vitimas Feridas";"Plena Noite";"Decrescente";"Ceu Claro";"Simples";"Reta";"Nao";284014;"Automóvel";"GM/MONZA SL";1988;"Condutor";"Lesoes Leves";44;"Masculino";0;1;0;0;"-26.296299";"-50.915482";"SR-SC";"DEL8/6";"UOP04/SC"
159793;350342;2018-09-16;"domingo";"00:15:00";"SC";280;303,4;"PORTO UNIAO";"Sim";"Ingestao de alcool";1;"Colisao com objeto estatico";"Com Vitimas Feridas";"Plena Noite";"Decrescente";"Ceu Claro";"Simples";"Reta";"Nao";284014;"Automóvel";"GM/MONZA SL";1988;"Passageiro";"Lesoes Leves";54;"Masculino";0;1;0;0;"-26.296299";"-50.915482";"SR-SC";"DEL8/6";"UOP04/SC"
159794;351868;2018-09-16;"domingo";"03:00:00";"PR";369;157;"LONDRINA";"Sim";"Ingestao de alcool";1;"Colisao com objeto estatico";"Com Vitimas Feridas";"Plena Noite";"Decrescente";"Ceu Claro";"Dupla";"Reta";"Sim";284034;"Automóvel";"I/PEUGEOT 206 14PRESENFX";2006;"Condutor";"Lesoes Leves";29;"Masculino";0;1;0;0;"-23.287";"-51.228";"SR-PR";"DEL7/7";"UOP01/PR"
159798;350031;2018-09-16;"domingo";"04:00:00";"PE";424;101,8;"GARANHUNS";"Sim";"Ingestao de alcool";1;"Colisao frontal";"Sem Vitimas";"Amanhecer";"Decrescente";"Ignorado";"Simples";"Nao Informado";"Nao";284037;"Caminhao";"M.BENZ/709";1990;"Condutor";"Ileso";35;"Masculino";1;0;0;0;"-8.969143";"-36.519597";"SR-PE";"DEL11/3";"UOP01/PE"
159798;350034;2018-09-16;"domingo";"04:00:00";"PE";424;101,8;"GARANHUNS";"Sim";"Ingestao de alcool";1;"Colisao frontal";"Sem Vitimas";"Amanhecer";"Decrescente";"Ignorado";"Simples";"Nao Informado";"Nao";284038;"Automóvel";"VW/POLO 1.6";2007;"Condutor";"Ileso";37;"Masculino";1;0;0;0;"-8.969143";"-36.519597";"SR-PE";"DEL11/3";"UOP01/PE"
159799;351242;2018-09-16;"domingo";"03:00:00";"RS";471;181;"RIO PARDO";"Sim";"Ingestao de alcool";1;"Saida de leito carrocavel";"Com Vitimas Feridas";"Plena Noite";"Crescente";"Nublado";"Simples";"Reta";"Nao";285148;"Automóvel";"RENAULT/CLIO RN 1.6 16V";2000;"Condutor";"Ileso";49;"Masculino";1;0;0;0;"-30.085266";"-52.3666";"SR-RS";"DEL9/2";"UOP03/RS"
159799;351249;2018-09-16;"domingo";"03:00:00";"RS";471;181;"RIO PARDO";"Sim";"Ingestao de alcool";1;"Saida de leito carrocavel";"Com Vitimas Feridas";"Plena Noite";"Crescente";"Nublado";"Simples";"Reta";"Nao";285148;"Automóvel";"RENAULT/CLIO RN 1.6 16V";2000;"Passageiro";"Lesoes Leves";23;"Feminino";0;1;0;0;"-30.085266";"-52.3666";"SR-RS";"DEL9/2";"UOP03/RS"
159805;351483;2018-09-16;"domingo";"04:00:00";"MG";262;52,5;"MANHUACU";"Sim";"Ingestao de alcool";1;"Saida de leito carrocavel";"Sem Vitimas";"Plena Noite";"Decrescente";"Chuva";"Simples";"Reta";"Nao";284047;"Camioneta";"I/LR EVOQUE DYNAMIC 5D";2013;"Condutor";"Ileso";50;"Masculino";1;0;0;0;"-20.246853";"-42.154793";"SR-MG";"DEL4/6";"UOP04/MG"
159810;351255;2018-09-16;"domingo";"04:00:00";"PR";280;269,4;"MARMELEIRO";"Sim";"Ingestao de alcool";1;"Saida de leito carrocavel";"Com Vitimas Feridas";"Plena Noite";"Decrescente";"Ceu Claro";"Simples";"Reta";"Nao";285155;"Caminhao";"FORD/CARGO 816 S";2013;"Condutor";"Lesoes Leves";21;"Masculino";0;1;0;0;"-26.2281812";"-53.17764759";"SR-PR";"DEL7/2";"UOP01/PR"
159821;353045;2018-09-16;"domingo";"02:45:00";"SC";282;525,9;"XAXIM";"Sim";"Ingestao de alcool";1;"Saida de leito carrocavel";"Com Vitimas Feridas";"Plena Noite";"Crescente";"Nublado";"Simples";"Curva";"Nao";284080;"Automóvel";"FIAT/PUNTO BLACKMOTIN";2015;"Condutor";"Lesoes Leves";22;"Masculino";0;1;0;0;"-26.96843673";"-52.57279873";"SR-SC";"DEL8/8";"UOP01/SC"
159821;353046;2018-09-16;"domingo";"02:45:00";"SC";282;525,9;"XAXIM";"Sim";"Ingestao de alcool";1;"Saida de leito carrocavel";"Com Vitimas Feridas";"Plena Noite";"Crescente";"Nublado";"Simples";"Curva";"Nao";284080;"Automóvel";"FIAT/PUNTO BLACKMOTIN";2015;"Passageiro";"Lesoes Leves";20;"Masculino";0;1;0;0;"-26.96843673";"-52.57279873";"SR-SC";"DEL8/8";"UOP01/SC"
159824;349923;2018-09-16;"domingo";"06:10:00";"SC";101;195,6;"BIGUACU";"Sim";"Ingestao de alcool";1;"Colisao com objeto estatico";"Sem Vitimas";"Pleno dia";"Crescente";"Chuva";"Simples";"Reta";"Nao";284110;"Automóvel";"IMP/FORD ESCORT GL 16V H";1997;"Condutor";"Ileso";39;"Masculino";1;0;0;0;"-27.50901365";"-48.64575413";"SR-SC";"DEL8/1";"UOP01/SC"
159824;350137;2018-09-16;"domingo";"06:10:00";"SC";101;195,6;"BIGUACU";"Sim";"Ingestao de alcool";1;"Colisao com objeto estatico";"Sem Vitimas";"Pleno dia";"Crescente";"Chuva";"Simples";"Reta";"Nao";284110;"Automóvel";"IMP/FORD ESCORT GL 16V H";1997;"Pedestre";"Ileso";51;"Masculino";1;0;0;0;"-27.50901365";"-48.64575413";"SR-SC";"DEL8/1";"UOP01/SC"
159867;351675;2018-09-16;"domingo";"13:20:00";"SP";116;186,5;"SANTA ISABEL";"Sim";"Ingestao de alcool";1;"Colisao traseira";"Com Vitimas Feridas";"Pleno dia";"Decrescente";"Ceu Claro";"Dupla";"Reta";"Nao";285469;"Automóvel";"VW/VOYAGE";1981;"Condutor";"Ileso";37;"Masculino";1;0;0;0;"-23.35502964";"-46.20299703";"SR-SP";"DEL6/2";"UOP01/SP"
159867;351681;2018-09-16;"domingo";"13:20:00";"SP";116;186,5;"SANTA ISABEL";"Sim";"Ingestao de alcool";1;"Colisao traseira";"Com Vitimas Feridas";"Pleno dia";"Decrescente";"Ceu Claro";"Dupla";"Reta";"Nao";285472;"Motocicleta";"HONDA/CBX 250 TWISTER";2005;"Condutor";"Lesoes Leves";20;"Masculino";0;1;0;0;"-23.35502964";"-46.20299703";"SR-SP";"DEL6/2";"UOP01/SP"
159867;351683;2018-09-16;"domingo";"13:20:00";"SP";116;186,5;"SANTA ISABEL";"Sim";"Ingestao de alcool";1;"Colisao traseira";"Com Vitimas Feridas";"Pleno dia";"Decrescente";"Ceu Claro";"Dupla";"Reta";"Nao";285472;"Motocicleta";"HONDA/CBX 250 TWISTER";2005;"Passageiro";"Lesoes Leves";20;"Feminino";0;1;0;0;"-23.35502964";"-46.20299703";"SR-SP";"DEL6/2";"UOP01/SP"
159868;350027;2018-09-16;"domingo";"12:50:00";"PE";428;192,3;"PETROLINA";"Sim";"Ingestao de alcool";1;"Colisao traseira";"Com Vitimas Feridas";"Pleno dia";"Crescente";"Ceu Claro";"Simples";"Rotatória";"Sim";284183;"Motocicleta";"YAMAHA/XTZ150 CROSSER E";2014;"Condutor";"Ileso";40;"Masculino";1;0;0;0;"-9.38723943";"-40.52518487";"SR-PE";"DEL11/6";"UOP01/PE"
159868;350030;2018-09-16;"domingo";"12:50:00";"PE";428;192,3;"PETROLINA";"Sim";"Ingestao de alcool";1;"Colisao traseira";"Com Vitimas Feridas";"Pleno dia";"Crescente";"Ceu Claro";"Simples";"Rotatória";"Sim";284184;"Motocicleta";"YAMAHA/YBR 125E";2002;"Condutor";"Lesoes Graves";30;"Masculino";0;0;1;0;"-9.38723943";"-40.52518487";"SR-PE";"DEL11/6";"UOP01/PE"
159876;349989;2018-09-16;"domingo";"14:10:00";"SP";116;72;"APARECIDA";"Nao";"Ingestao de alcool e/ou substâncias psicoativas pelo pedestre";1;"Colisao com objeto em movimento";"Com Vitimas Feridas";"Pleno dia";"Crescente";"Ceu Claro";"Dupla";"Reta";"Sim";284160;"Automóvel";"I/HYUNDAI ELANTRA GLS";2012;"Condutor";"Ileso";27;"Masculino";1;0;0;0;"-22.86312639";"-45.23742914";"SR-SP";"DEL6/8";"UOP02/SP"
159876;349991;2018-09-16;"domingo";"14:10:00";"SP";116;72;"APARECIDA";"Nao";"Ingestao de alcool e/ou substâncias psicoativas pelo pedestre";1;"Colisao com objeto em movimento";"Com Vitimas Feridas";"Pleno dia";"Crescente";"Ceu Claro";"Dupla";"Reta";"Sim";284160;"Automóvel";"I/HYUNDAI ELANTRA GLS";2012;"Pedestre";"Lesoes Leves";NA;"Masculino";0;1;0;0;"-22.86312639";"-45.23742914";"SR-SP";"DEL6/8";"UOP02/SP"
159880;350012;2018-09-16;"domingo";"14:20:00";"SC";101;40,5;"JOINVILLE";"Nao";"Ingestao de alcool";1;"Tombamento";"Com Vitimas Feridas";"Pleno dia";"Decrescente";"Chuva";"Multipla";"Reta";"Sim";284173;"Motocicleta";"HONDA/NXR125 BROS ES";2013;"Condutor";"Ileso";42;"Masculino";1;0;0;0;"-26.3166";"-48.8733";"SR-SC";"DEL8/3";"UOP01/SC"
159880;350013;2018-09-16;"domingo";"14:20:00";"SC";101;40,5;"JOINVILLE";"Nao";"Ingestao de alcool";1;"Tombamento";"Com Vitimas Feridas";"Pleno dia";"Decrescente";"Chuva";"Multipla";"Reta";"Sim";284173;"Motocicleta";"HONDA/NXR125 BROS ES";2013;"Passageiro";"Lesoes Leves";49;"Feminino";0;1;0;0;"-26.3166";"-48.8733";"SR-SC";"DEL8/3";"UOP01/SC"
159893;350283;2018-09-16;"domingo";"15:30:00";"MG";381;544,3;"ITATIAIUCU";"Sim";"Ingestao de alcool e/ou substâncias psicoativas pelo pedestre";1;"Queda de ocupante de veiculo";"Com Vitimas Feridas";"Pleno dia";"Crescente";"Nublado";"Dupla";"Nao Informado";"Nao";284382;"Motocicleta";"";NA;"Condutor";"Lesoes Leves";47;"Masculino";0;1;0;0;"-20.255752";"-44.416518";"SR-MG";"DEL4/4";"UOP03/MG"
159898;354389;2018-09-16;"domingo";"16:10:00";"RS";116;587,9;"ARROIO GRANDE";"Sim";"Ingestao de alcool";1;"Saida de leito carrocavel";"Com Vitimas Feridas";"Pleno dia";"Decrescente";"Nublado";"Simples";"Curva";"Nao";284354;"Automóvel";"GM/CORSA WIND";2000;"Passageiro";"Ileso";32;"Feminino";1;0;0;0;"-32.09555468";"-52.90686954";"SR-RS";"DEL9/7";"UOP03/RS"
159898;354391;2018-09-16;"domingo";"16:10:00";"RS";116;587,9;"ARROIO GRANDE";"Sim";"Ingestao de alcool";1;"Saida de leito carrocavel";"Com Vitimas Feridas";"Pleno dia";"Decrescente";"Nublado";"Simples";"Curva";"Nao";284354;"Automóvel";"GM/CORSA WIND";2000;"Passageiro";"Lesoes Leves";2;"Masculino";0;1;0;0;"-32.09555468";"-52.90686954";"SR-RS";"DEL9/7";"UOP03/RS"
159898;354392;2018-09-16;"domingo";"16:10:00";"RS";116;587,9;"ARROIO GRANDE";"Sim";"Ingestao de alcool";1;"Saida de leito carrocavel";"Com Vitimas Feridas";"Pleno dia";"Decrescente";"Nublado";"Simples";"Curva";"Nao";284354;"Automóvel";"GM/CORSA WIND";2000;"Passageiro";"Ileso";13;"Feminino";1;0;0;0;"-32.09555468";"-52.90686954";"SR-RS";"DEL9/7";"UOP03/RS"
159898;354386;2018-09-16;"domingo";"16:10:00";"RS";116;587,9;"ARROIO GRANDE";"Sim";"Ingestao de alcool";1;"Saida de leito carrocavel";"Com Vitimas Feridas";"Pleno dia";"Decrescente";"Nublado";"Simples";"Curva";"Nao";284354;"Automóvel";"GM/CORSA WIND";2000;"Condutor";"Ileso";30;"Masculino";1;0;0;0;"-32.09555468";"-52.90686954";"SR-RS";"DEL9/7";"UOP03/RS"
159902;350138;2018-09-16;"domingo";"16:15:00";"PR";116;70;"CAMPINA GRANDE DO SUL";"Sim";"Ingestao de alcool";1;"Colisao com objeto estatico";"Sem Vitimas";"Pleno dia";"Crescente";"Nublado";"Dupla";"Reta";"Nao";284252;"Caminhonete";"GM/MONTANA CONQUEST";2009;"Condutor";"Ileso";27;"Masculino";1;0;0;0;"-25.33797543";"-49.0380764";"SR-PR";"DEL7/1";"UOP02/PR"
159915;351784;2018-09-16;"domingo";"15:30:00";"SP";116;333;"MIRACATU";"Sim";"Ingestao de alcool";1;"Colisao traseira";"Sem Vitimas";"Pleno dia";"Crescente";"Ceu Claro";"Dupla";"Reta";"Nao";284210;"Caminhao";"SCANIA/P 310 B8X2";2013;"Condutor";"Ileso";25;"Masculino";1;0;0;0;"-23.9976228";"-47.14902878";"SR-SP";"DEL6/4";"UOP02/SP"
159915;351790;2018-09-16;"domingo";"15:30:00";"SP";116;333;"MIRACATU";"Sim";"Ingestao de alcool";1;"Colisao traseira";"Sem Vitimas";"Pleno dia";"Crescente";"Ceu Claro";"Dupla";"Reta";"Nao";284211;"Caminhao";"VW/24.280 CRM 6X2";2014;"Condutor";"Ileso";37;"Masculino";1;0;0;0;"-23.9976228";"-47.14902878";"SR-SP";"DEL6/4";"UOP02/SP"
159934;350480;2018-09-16;"domingo";"18:45:00";"PA";316;8;"ANANINDEUA";"Sim";"Ingestao de alcool";1;"Capotamento";"Sem Vitimas";"Plena Noite";"Crescente";"Ceu Claro";"Dupla";"Reta";"Sim";284308;"Automóvel";"FIAT/IDEA ELX FLEX";2007;"Condutor";"Ileso";44;"Masculino";1;0;0;0;"-1.366236";"-48.367805";"SR-PA";"DEL19/1";"UOP01/PA"
159936;350227;2018-09-16;"domingo";"19:30:00";"RS";472;572;"URUGUAIANA";"Sim";"Ingestao de alcool";1;"Colisao lateral";"Sem Vitimas";"Plena Noite";"Crescente";"Nublado";"Simples";"Reta";"Nao";284329;"Automóvel";"GM/CHEVETTE";1984;"Condutor";"Ileso";43;"Masculino";1;0;0;0;"-29.7584166";"-56.99913025";"SR-RS";"DEL9/13";"UOP01/RS"
159936;350230;2018-09-16;"domingo";"19:30:00";"RS";472;572;"URUGUAIANA";"Sim";"Ingestao de alcool";1;"Colisao lateral";"Sem Vitimas";"Plena Noite";"Crescente";"Nublado";"Simples";"Reta";"Nao";284329;"Automóvel";"GM/CHEVETTE";1984;"Testemunha";"Nao Informado";NA;"Nao Informado";0;0;0;0;"-29.7584166";"-56.99913025";"SR-RS";"DEL9/13";"UOP01/RS"
159936;350224;2018-09-16;"domingo";"19:30:00";"RS";472;572;"URUGUAIANA";"Sim";"Ingestao de alcool";1;"Colisao lateral";"Sem Vitimas";"Plena Noite";"Crescente";"Nublado";"Simples";"Reta";"Nao";284328;"Automóvel";"FIAT/UNO S";1988;"Condutor";"Ileso";75;"Masculino";1;0;0;0;"-29.7584166";"-56.99913025";"SR-RS";"DEL9/13";"UOP01/RS"
159946;352249;2018-09-16;"domingo";"21:00:00";"PE";101;47;"IGARASSU";"Sim";"Ingestao de alcool";1;"Colisao com objeto estatico";"Com Vitimas Feridas";"Plena Noite";"Crescente";"Nublado";"Multipla";"Reta";"Nao";284298;"Motoneta";"HONDA/PCX 150";2014;"Condutor";"Lesoes Graves";40;"Masculino";0;0;1;0;"-7.8823615";"-34.9050081";"SR-PE";"DEL11/1";"UOP02/PE"
159963;351874;2018-09-16;"domingo";"18:10:00";"CE";222;14;"CAUCAIA";"Nao";"Ingestao de alcool";1;"Colisao lateral";"Sem Vitimas";"Plena Noite";"Decrescente";"Ceu Claro";"Simples";"Intersecao de vias";"Sim";284278;"Ônibus";"M.BENZ/OF1722M NEOBUS SP";2009;"Condutor";"Ileso";42;"Masculino";1;0;0;0;"-3.7330195";"-38.7036299";"SR-CE";"DEL16/1";"UOP01/CE"
159963;351875;2018-09-16;"domingo";"18:10:00";"CE";222;14;"CAUCAIA";"Nao";"Ingestao de alcool";1;"Colisao lateral";"Sem Vitimas";"Plena Noite";"Decrescente";"Ceu Claro";"Simples";"Intersecao de vias";"Sim";284279;"Automóvel";"IMP/VW GOLF GL";1995;"Condutor";"Ileso";33;"Masculino";1;0;0;0;"-3.7330195";"-38.7036299";"SR-CE";"DEL16/1";"UOP01/CE"
159965;351691;2018-09-16;"domingo";"20:50:00";"BA";324;616;"SALVADOR";"Sim";"Ingestao de alcool";1;"Capotamento";"Com Vitimas Feridas";"Plena Noite";"Decrescente";"Ceu Claro";"Dupla";"Desvio Temporario";"Nao";285481;"Automóvel";"I/CHEVROLET CLASSIC LS";2014;"Condutor";"Nao Informado";NA;"Nao Informado";0;0;0;0;"-12.88593265";"-38.43761623";"SR-BA";"DEL10/1";"UOP01/BA"
159965;351696;2018-09-16;"domingo";"20:50:00";"BA";324;616;"SALVADOR";"Sim";"Ingestao de alcool";1;"Capotamento";"Com Vitimas Feridas";"Plena Noite";"Decrescente";"Ceu Claro";"Dupla";"Desvio Temporario";"Nao";285481;"Automóvel";"I/CHEVROLET CLASSIC LS";2014;"Passageiro";"Lesoes Leves";36;"Feminino";0;1;0;0;"-12.88593265";"-38.43761623";"SR-BA";"DEL10/1";"UOP01/BA"
159965;351699;2018-09-16;"domingo";"20:50:00";"BA";324;616;"SALVADOR";"Sim";"Ingestao de alcool";1;"Capotamento";"Com Vitimas Feridas";"Plena Noite";"Decrescente";"Ceu Claro";"Dupla";"Desvio Temporario";"Nao";285481;"Automóvel";"I/CHEVROLET CLASSIC LS";2014;"Passageiro";"Lesoes Leves";32;"Feminino";0;1;0;0;"-12.88593265";"-38.43761623";"SR-BA";"DEL10/1";"UOP01/BA"
159965;351703;2018-09-16;"domingo";"20:50:00";"BA";324;616;"SALVADOR";"Sim";"Ingestao de alcool";1;"Capotamento";"Com Vitimas Feridas";"Plena Noite";"Decrescente";"Ceu Claro";"Dupla";"Desvio Temporario";"Nao";285481;"Automóvel";"I/CHEVROLET CLASSIC LS";2014;"Passageiro";"Nao Informado";NA;"Nao Informado";0;0;0;0;"-12.88593265";"-38.43761623";"SR-BA";"DEL10/1";"UOP01/BA"
159965;351705;2018-09-16;"domingo";"20:50:00";"BA";324;616;"SALVADOR";"Sim";"Ingestao de alcool";1;"Capotamento";"Com Vitimas Feridas";"Plena Noite";"Decrescente";"Ceu Claro";"Dupla";"Desvio Temporario";"Nao";285481;"Automóvel";"I/CHEVROLET CLASSIC LS";2014;"Passageiro";"Nao Informado";NA;"Nao Informado";0;0;0;0;"-12.88593265";"-38.43761623";"SR-BA";"DEL10/1";"UOP01/BA"
159965;351707;2018-09-16;"domingo";"20:50:00";"BA";324;616;"SALVADOR";"Sim";"Ingestao de alcool";1;"Capotamento";"Com Vitimas Feridas";"Plena Noite";"Decrescente";"Ceu Claro";"Dupla";"Desvio Temporario";"Nao";285481;"Automóvel";"I/CHEVROLET CLASSIC LS";2014;"Passageiro";"Nao Informado";NA;"Nao Informado";0;0;0;0;"-12.88593265";"-38.43761623";"SR-BA";"DEL10/1";"UOP01/BA"
159965;351708;2018-09-16;"domingo";"20:50:00";"BA";324;616;"SALVADOR";"Sim";"Ingestao de alcool";1;"Capotamento";"Com Vitimas Feridas";"Plena Noite";"Decrescente";"Ceu Claro";"Dupla";"Desvio Temporario";"Nao";285481;"Automóvel";"I/CHEVROLET CLASSIC LS";2014;"Passageiro";"Nao Informado";NA;"Nao Informado";0;0;0;0;"-12.88593265";"-38.43761623";"SR-BA";"DEL10/1";"UOP01/BA"
159965;351709;2018-09-16;"domingo";"20:50:00";"BA";324;616;"SALVADOR";"Sim";"Ingestao de alcool";1;"Capotamento";"Com Vitimas Feridas";"Plena Noite";"Decrescente";"Ceu Claro";"Dupla";"Desvio Temporario";"Nao";285481;"Automóvel";"I/CHEVROLET CLASSIC LS";2014;"Passageiro";"Nao Informado";NA;"Nao Informado";0;0;0;0;"-12.88593265";"-38.43761623";"SR-BA";"DEL10/1";"UOP01/BA"
159966;351923;2018-09-16;"domingo";"22:15:00";"MA";10;376,1;"ITINGA DO MARANHAO";"Nao";"Ingestao de alcool";1;"Colisao frontal";"Com Vitimas Feridas";"Plena Noite";"Crescente";"Ceu Claro";"Simples";"Reta";"Nao";285620;"Caminhao-trator";"SCANIA/L111";1976;"Condutor";"Ileso";42;"Masculino";1;0;0;0;"-4.46339523";"-47.52264977";"SR-MA";"DEL18/4";"UOP03/MA"