"id";"pesid";"data_inversa";"dia_semana";"horario";"uf";"br";"km";"municipio";"causa_principal";"causa_acidente";"ordem_tipo_acidente";"tipo_acidente";"classificacao_acidente";"fase_dia";"sentido_via";"condicao_metereologica";"tipo_pista";"tracado_via";"uso_solo";"id_veiculo";"tipo_veiculo";"marca";"ano_fabricacao_veiculo";"tipo_envolvido";"estado_fisico";"idade";"sexo";"ilesos";"feridos_leves";"feridos_graves";"mortos";"latitude";"longitude";"regional";"delegacia";"uop"
159966;351938;2018-09-16;"domingo";"22:15:00";"MA";10;376,1;"ITINGA DO MARANHAO";"Nao";"Ingestao de alcool";1;"Colisao frontal";"Com Vitimas Feridas";"Plena Noite";"Crescente";"Ceu Claro";"Simples";"Reta";"Nao";285625;"Motoneta";"HONDA/C100 BIZ ES";2004;"Condutor";"Lesoes Leves";36;"Masculino";0;1;0;0;"-4.46339523";"-47.52264977";"SR-MA";"DEL18/4";"UOP03/MA"
159969;350189;2018-09-16;"domingo";"20:10:00";"AC";364;119,7;"RIO BRANCO";"Sim";"Ingestao de alcool";1;"Tombamento";"Com Vitimas Feridas";"Plena Noite";"Crescente";"Nublado";"Simples";"Reta";"Nao";284294;"Motocicleta";"HONDA/CG 125 FAN KS";2010;"Condutor";"Lesoes Leves";33;"Masculino";0;1;0;0;"-10.01221381";"-67.75240592";"SR-AC";"UOP01/AC";""
159980;351637;2018-09-16;"domingo";"23:15:00";"GO";153;295;"RIALMA";"Sim";"Ingestao de alcool";1;"Saida de leito carrocavel";"Com Vitimas Feridas";"Plena Noite";"Decrescente";"Ceu Claro";"Simples";"Reta";"Nao";285453;"Automóvel";"VW/GOL 1.0";2008;"Condutor";"Lesoes Leves";23;"Masculino";0;1;0;0;"-15.24967";"-49.556309";"SR-GO";"DEL1/2";"UOP02/GO"
159980;351641;2018-09-16;"domingo";"23:15:00";"GO";153;295;"RIALMA";"Sim";"Ingestao de alcool";1;"Saida de leito carrocavel";"Com Vitimas Feridas";"Plena Noite";"Decrescente";"Ceu Claro";"Simples";"Reta";"Nao";285453;"Automóvel";"VW/GOL 1.0";2008;"Passageiro";"Lesoes Leves";23;"Feminino";0;1;0;0;"-15.24967";"-49.556309";"SR-GO";"DEL1/2";"UOP02/GO"
159980;351640;2018-09-16;"domingo";"23:15:00";"GO";153;295;"RIALMA";"Sim";"Ingestao de alcool";1;"Saida de leito carrocavel";"Com Vitimas Feridas";"Plena Noite";"Decrescente";"Ceu Claro";"Simples";"Reta";"Nao";285453;"Automóvel";"VW/GOL 1.0";2008;"Passageiro";"Lesoes Leves";20;"Feminino";0;1;0;0;"-15.24967";"-49.556309";"SR-GO";"DEL1/2";"UOP02/GO"
159983;351393;2018-09-16;"domingo";"21:30:00";"MT";364;458;"VARZEA GRANDE";"Nao";"Ingestao de alcool";1;"Colisao lateral";"Sem Vitimas";"Plena Noite";"Crescente";"Garoa/Chuvisco";"Simples";"Nao Informado";"Nao";284341;"Automóvel";"I/FIAT PALIO ATTRACT 1.4";2012;"Condutor";"Ileso";47;"Masculino";1;0;0;0;"-15.544446";"-56.274193";"SR-MT";"DEL2/4";"UOP02/MT"
159983;351391;2018-09-16;"domingo";"21:30:00";"MT";364;458;"VARZEA GRANDE";"Nao";"Ingestao de alcool";1;"Colisao lateral";"Sem Vitimas";"Plena Noite";"Crescente";"Garoa/Chuvisco";"Simples";"Nao Informado";"Nao";284340;"Caminhao-trator";"SCANIA/T113 H 4X2 360";1995;"Condutor";"Ileso";24;"Masculino";1;0;0;0;"-15.544446";"-56.274193";"SR-MT";"DEL2/4";"UOP02/MT"
160041;350323;2018-09-17;"segunda-feira";"04:15:00";"BA";242;170;"ITABERABA";"Sim";"Ingestao de alcool";1;"Saida de leito carrocavel";"Com Vitimas Feridas";"Amanhecer";"Crescente";"Ceu Claro";"Simples";"Reta";"Nao";284425;"Motocicleta";"HONDA/CG 150 TITAN KS";2006;"Condutor";"Lesoes Graves";39;"Masculino";0;0;1;0;"-12.52104998";"-39.99435425";"SR-BA";"DEL10/6";"UOP02/BA"
160076;352280;2018-09-17;"segunda-feira";"12:20:00";"PE";104;88;"AGRESTINA";"Sim";"Ingestao de alcool";1;"Colisao traseira";"Sem Vitimas";"Pleno dia";"Decrescente";"Ceu Claro";"Simples";"Reta";"Sim";285916;"Micro-ônibus";"I/M.BENZ 312D SPRINTER M";2000;"Condutor";"Ileso";37;"Masculino";1;0;0;0;"-8.45814166";"-35.94244301";"SR-PE";"DEL11/2";"UOP01/PE"
160076;352288;2018-09-17;"segunda-feira";"12:20:00";"PE";104;88;"AGRESTINA";"Sim";"Ingestao de alcool";1;"Colisao traseira";"Sem Vitimas";"Pleno dia";"Decrescente";"Ceu Claro";"Simples";"Reta";"Sim";285921;"Caminhao";"M.BENZ/L 1418";1991;"Condutor";"Ileso";52;"Masculino";1;0;0;0;"-8.45814166";"-35.94244301";"SR-PE";"DEL11/2";"UOP01/PE"
160105;350462;2018-07-28;"sabado";"04:00:00";"PR";376;1,5;"SAO JOSE DOS PINHAIS";"Sim";"Ingestao de alcool";1;"Colisao transversal";"Com Vitimas Feridas";"Plena Noite";"Decrescente";"Ceu Claro";"Dupla";"Nao Informado";"Sim";284540;"Automóvel";"I/NISSAN TIIDA 18S FLEX";2011;"Passageiro";"Ileso";33;"Masculino";1;0;0;0;"-25.5562124";"-49.18604832";"SR-PR";"DEL7/1";"UOP08/PR"
160105;350466;2018-07-28;"sabado";"04:00:00";"PR";376;1,5;"SAO JOSE DOS PINHAIS";"Sim";"Ingestao de alcool";1;"Colisao transversal";"Com Vitimas Feridas";"Plena Noite";"Decrescente";"Ceu Claro";"Dupla";"Nao Informado";"Sim";284540;"Automóvel";"I/NISSAN TIIDA 18S FLEX";2011;"Condutor";"Lesoes Leves";29;"Masculino";0;1;0;0;"-25.5562124";"-49.18604832";"SR-PR";"DEL7/1";"UOP08/PR"
160105;350463;2018-07-28;"sabado";"04:00:00";"PR";376;1,5;"SAO JOSE DOS PINHAIS";"Sim";"Ingestao de alcool";1;"Colisao transversal";"Com Vitimas Feridas";"Plena Noite";"Decrescente";"Ceu Claro";"Dupla";"Nao Informado";"Sim";284541;"Automóvel";"IMP/FIAT SIENA 6 MARCHAS";1998;"Passageiro";"Ileso";34;"Feminino";1;0;0;0;"-25.5562124";"-49.18604832";"SR-PR";"DEL7/1";"UOP08/PR"
160105;350465;2018-07-28;"sabado";"04:00:00";"PR";376;1,5;"SAO JOSE DOS PINHAIS";"Sim";"Ingestao de alcool";1;"Colisao transversal";"Com Vitimas Feridas";"Plena Noite";"Decrescente";"Ceu Claro";"Dupla";"Nao Informado";"Sim";284541;"Automóvel";"IMP/FIAT SIENA 6 MARCHAS";1998;"Condutor";"Lesoes Graves";23;"Masculino";0;0;1;0;"-25.5562124";"-49.18604832";"SR-PR";"DEL7/1";"UOP08/PR"
160105;350464;2018-07-28;"sabado";"04:00:00";"PR";376;1,5;"SAO JOSE DOS PINHAIS";"Sim";"Ingestao de alcool";1;"Colisao transversal";"Com Vitimas Feridas";"Plena Noite";"Decrescente";"Ceu Claro";"Dupla";"Nao Informado";"Sim";284541;"Automóvel";"IMP/FIAT SIENA 6 MARCHAS";1998;"Passageiro";"Lesoes Leves";47;"Masculino";0;1;0;0;"-25.5562124";"-49.18604832";"SR-PR";"DEL7/1";"UOP08/PR"
160196;352233;2018-09-17;"segunda-feira";"23:30:00";"RR";174;506,1;"BOA VISTA";"Sim";"Ingestao de alcool";1;"Atropelamento de Pedestre";"Com Vitimas Feridas";"Plena Noite";"Decrescente";"Ceu Claro";"Dupla";"Reta";"Sim";284704;"Automóvel";"FIAT/PALIO FIRE ECONOMY";2009;"Condutor";"Ileso";30;"Masculino";1;0;0;0;"2.81137119";"-60.69105148";"SR-RR";"UOP01/RR";""
160196;352234;2018-09-17;"segunda-feira";"23:30:00";"RR";174;506,1;"BOA VISTA";"Sim";"Ingestao de alcool";1;"Atropelamento de Pedestre";"Com Vitimas Feridas";"Plena Noite";"Decrescente";"Ceu Claro";"Dupla";"Reta";"Sim";284704;"Automóvel";"FIAT/PALIO FIRE ECONOMY";2009;"Pedestre";"Lesoes Graves";NA;"Masculino";0;0;1;0;"2.81137119";"-60.69105148";"SR-RR";"UOP01/RR";""
160198;352543;2018-09-18;"terca-feira";"00:10:00";"MG";116;414;"GOVERNADOR VALADARES";"Sim";"Ingestao de alcool";1;"Saida de leito carrocavel";"Com Vitimas Feridas";"Plena Noite";"Crescente";"Ceu Claro";"Simples";"Reta";"Sim";284705;"Motocicleta";"HONDA/CG 150 TITAN EX";2014;"Condutor";"Lesoes Leves";37;"Masculino";0;1;0;0;"-18.88109469";"-41.95931387";"SR-MG";"DEL4/6";"UOP01/MG"
160199;353795;2018-09-17;"segunda-feira";"19:30:00";"RO";364;11,1;"VILHENA";"Sim";"Ingestao de alcool";1;"Atropelamento de Pedestre";"Com Vitimas Feridas";"Plena Noite";"Crescente";"Ceu Claro";"Dupla";"Reta";"Sim";284706;"Caminhonete";"CHEVROLET/S10 LT DD4A";2015;"Pedestre";"Lesoes Leves";44;"Masculino";0;1;0;0;"-12.74457576";"-60.11828989";"SR-RO";"DEL21/4";"UOP01/RO"
160199;353794;2018-09-17;"segunda-feira";"19:30:00";"RO";364;11,1;"VILHENA";"Sim";"Ingestao de alcool";1;"Atropelamento de Pedestre";"Com Vitimas Feridas";"Plena Noite";"Crescente";"Ceu Claro";"Dupla";"Reta";"Sim";284706;"Caminhonete";"CHEVROLET/S10 LT DD4A";2015;"Condutor";"Ileso";33;"Feminino";1;0;0;0;"-12.74457576";"-60.11828989";"SR-RO";"DEL21/4";"UOP01/RO"
160212;352173;2018-09-18;"terca-feira";"05:55:00";"RO";319;60,9;"PORTO VELHO";"Sim";"Ingestao de alcool";1;"Tombamento";"Com Vitimas Feridas";"Amanhecer";"Crescente";"Ceu Claro";"Dupla";"Rotatória";"Sim";285829;"Automóvel";"TOYOTA/ETIOS SD XLS";2014;"Condutor";"Ileso";27;"Feminino";1;0;0;0;"-8.74005508";"-63.89029384";"SR-RO";"DEL21/1";"UOP01/RO"
160212;352174;2018-09-18;"terca-feira";"05:55:00";"RO";319;60,9;"PORTO VELHO";"Sim";"Ingestao de alcool";1;"Tombamento";"Com Vitimas Feridas";"Amanhecer";"Crescente";"Ceu Claro";"Dupla";"Rotatória";"Sim";285829;"Automóvel";"TOYOTA/ETIOS SD XLS";2014;"Passageiro";"Ileso";18;"Feminino";1;0;0;0;"-8.74005508";"-63.89029384";"SR-RO";"DEL21/1";"UOP01/RO"
160212;352172;2018-09-18;"terca-feira";"05:55:00";"RO";319;60,9;"PORTO VELHO";"Sim";"Ingestao de alcool";1;"Tombamento";"Com Vitimas Feridas";"Amanhecer";"Crescente";"Ceu Claro";"Dupla";"Rotatória";"Sim";285827;"Motoneta";"HONDA/BIZ 125 KS";2006;"Condutor";"Lesoes Leves";19;"Masculino";0;1;0;0;"-8.74005508";"-63.89029384";"SR-RO";"DEL21/1";"UOP01/RO"
160307;351085;2018-09-18;"terca-feira";"17:45:00";"PB";230;41,9;"SANTA RITA";"Sim";"Ingestao de alcool";1;"Colisao traseira";"Com Vitimas Feridas";"Plena Noite";"Crescente";"Ceu Claro";"Multipla";"Reta";"Nao";285006;"Camioneta";"FORD/ECOSPORT XLS1.6FLEX";2006;"Condutor";"Ileso";56;"Masculino";1;0;0;0;"-7.143052";"-34.996277";"SR-PB";"DEL14/1";"UOP01/PB"
160307;351090;2018-09-18;"terca-feira";"17:45:00";"PB";230;41,9;"SANTA RITA";"Sim";"Ingestao de alcool";1;"Colisao traseira";"Com Vitimas Feridas";"Plena Noite";"Crescente";"Ceu Claro";"Multipla";"Reta";"Nao";285006;"Camioneta";"FORD/ECOSPORT XLS1.6FLEX";2006;"Passageiro";"Lesoes Leves";41;"Feminino";0;1;0;0;"-7.143052";"-34.996277";"SR-PB";"DEL14/1";"UOP01/PB"
160307;351091;2018-09-18;"terca-feira";"17:45:00";"PB";230;41,9;"SANTA RITA";"Sim";"Ingestao de alcool";1;"Colisao traseira";"Com Vitimas Feridas";"Plena Noite";"Crescente";"Ceu Claro";"Multipla";"Reta";"Nao";285007;"Automóvel";"GM/CORSA WIND";2000;"Condutor";"Ileso";54;"Masculino";1;0;0;0;"-7.143052";"-34.996277";"SR-PB";"DEL14/1";"UOP01/PB"
160362;351084;2018-09-18;"terca-feira";"22:50:00";"PR";277;669,5;"MEDIANEIRA";"Sim";"Ingestao de alcool";1;"Colisao com objeto em movimento";"Com Vitimas Feridas";"Plena Noite";"Crescente";"Ceu Claro";"Dupla";"Desvio Temporario";"Sim";285009;"Motocicleta";"YAMAHA/YBR150 FACTOR E";2018;"Condutor";"Lesoes Leves";25;"Masculino";0;1;0;0;"-25.27947073";"-54.07719612";"SR-PR";"DEL7/5";"UOP02/PR"
160391;351143;2018-09-19;"quarta-feira";"02:30:00";"RS";285;566;"SAO LUIZ GONZAGA";"Sim";"Ingestao de alcool";1;"Saida de leito carrocavel";"Sem Vitimas";"Plena Noite";"Decrescente";"Ceu Claro";"Simples";"Intersecao de vias";"Sim";285063;"Automóvel";"I/PEUGEOT 307 20A FELINE";2005;"Condutor";"Ileso";26;"Masculino";1;0;0;0;"-28.41827745";"-54.96484235";"SR-RS";"DEL9/10";"UOP01/RS"
160399;351193;2018-09-19;"quarta-feira";"05:35:00";"RS";158;186;"CRUZ ALTA";"Sim";"Ingestao de alcool";1;"Colisao frontal";"Com Vitimas Feridas";"Plena Noite";"Crescente";"Ceu Claro";"Simples";"Curva";"Nao";285099;"Automóvel";"VW/GOL SPECIAL";2002;"Passageiro";"Lesoes Leves";49;"Masculino";0;1;0;0;"-28.570101";"-53.565742";"SR-RS";"DEL9/10";"UOP02/RS"
160399;351194;2018-09-19;"quarta-feira";"05:35:00";"RS";158;186;"CRUZ ALTA";"Sim";"Ingestao de alcool";1;"Colisao frontal";"Com Vitimas Feridas";"Plena Noite";"Crescente";"Ceu Claro";"Simples";"Curva";"Nao";285100;"Caminhao-trator";"SCANIA/T113 H 4X2 360";1995;"Condutor";"Ileso";66;"Masculino";1;0;0;0;"-28.570101";"-53.565742";"SR-RS";"DEL9/10";"UOP02/RS"
160399;351183;2018-09-19;"quarta-feira";"05:35:00";"RS";158;186;"CRUZ ALTA";"Sim";"Ingestao de alcool";1;"Colisao frontal";"Com Vitimas Feridas";"Plena Noite";"Crescente";"Ceu Claro";"Simples";"Curva";"Nao";285099;"Automóvel";"VW/GOL SPECIAL";2002;"Condutor";"Lesoes Leves";43;"Masculino";0;1;0;0;"-28.570101";"-53.565742";"SR-RS";"DEL9/10";"UOP02/RS"
160399;351795;2018-09-19;"quarta-feira";"05:35:00";"RS";158;186;"CRUZ ALTA";"Sim";"Ingestao de alcool";1;"Colisao frontal";"Com Vitimas Feridas";"Plena Noite";"Crescente";"Ceu Claro";"Simples";"Curva";"Nao";285099;"Automóvel";"VW/GOL SPECIAL";2002;"Testemunha";"Nao Informado";NA;"Nao Informado";0;0;0;0;"-28.570101";"-53.565742";"SR-RS";"DEL9/10";"UOP02/RS"
160431;351532;2018-09-19;"quarta-feira";"08:30:00";"PA";316;4;"ANANINDEUA";"Sim";"Ingestao de alcool";1;"Colisao traseira";"Sem Vitimas";"Pleno dia";"Decrescente";"Ceu Claro";"Dupla";"Reta";"Sim";285177;"Camioneta";"I/TOYOTA RAV4 20L 4X4";2015;"Condutor";"Ileso";41;"Feminino";1;0;0;0;"-1.396582";"-48.422993";"SR-PA";"DEL19/1";"UOP01/PA"
160431;351534;2018-09-19;"quarta-feira";"08:30:00";"PA";316;4;"ANANINDEUA";"Sim";"Ingestao de alcool";1;"Colisao traseira";"Sem Vitimas";"Pleno dia";"Decrescente";"Ceu Claro";"Dupla";"Reta";"Sim";285179;"Automóvel";"GM/CELTA 4P SPIRIT";2010;"Condutor";"Ileso";56;"Masculino";1;0;0;0;"-1.396582";"-48.422993";"SR-PA";"DEL19/1";"UOP01/PA"
160431;351533;2018-09-19;"quarta-feira";"08:30:00";"PA";316;4;"ANANINDEUA";"Sim";"Ingestao de alcool";1;"Colisao traseira";"Sem Vitimas";"Pleno dia";"Decrescente";"Ceu Claro";"Dupla";"Reta";"Sim";285178;"Motocicleta";"HONDA/CG 160 FAN";2017;"Condutor";"Ileso";36;"Masculino";1;0;0;0;"-1.396582";"-48.422993";"SR-PA";"DEL19/1";"UOP01/PA"
160431;351539;2018-09-19;"quarta-feira";"08:30:00";"PA";316;4;"ANANINDEUA";"Sim";"Ingestao de alcool";1;"Colisao traseira";"Sem Vitimas";"Pleno dia";"Decrescente";"Ceu Claro";"Dupla";"Reta";"Sim";285180;"Automóvel";"HONDA/CIVIC LXL";2004;"Condutor";"Ileso";29;"Masculino";1;0;0;0;"-1.396582";"-48.422993";"SR-PA";"DEL19/1";"UOP01/PA"
160431;351540;2018-09-19;"quarta-feira";"08:30:00";"PA";316;4;"ANANINDEUA";"Sim";"Ingestao de alcool";1;"Colisao traseira";"Sem Vitimas";"Pleno dia";"Decrescente";"Ceu Claro";"Dupla";"Reta";"Sim";285180;"Automóvel";"HONDA/CIVIC LXL";2004;"Passageiro";"Ileso";19;"Masculino";1;0;0;0;"-1.396582";"-48.422993";"SR-PA";"DEL19/1";"UOP01/PA"
160431;351541;2018-09-19;"quarta-feira";"08:30:00";"PA";316;4;"ANANINDEUA";"Sim";"Ingestao de alcool";1;"Colisao traseira";"Sem Vitimas";"Pleno dia";"Decrescente";"Ceu Claro";"Dupla";"Reta";"Sim";285180;"Automóvel";"HONDA/CIVIC LXL";2004;"Passageiro";"Ileso";22;"Masculino";1;0;0;0;"-1.396582";"-48.422993";"SR-PA";"DEL19/1";"UOP01/PA"
160431;353877;2018-09-19;"quarta-feira";"08:30:00";"PA";316;4;"ANANINDEUA";"Sim";"Ingestao de alcool";1;"Colisao traseira";"Sem Vitimas";"Pleno dia";"Decrescente";"Ceu Claro";"Dupla";"Reta";"Sim";285180;"Automóvel";"HONDA/CIVIC LXL";2004;"Passageiro";"Ileso";NA;"Masculino";1;0;0;0;"-1.396582";"-48.422993";"SR-PA";"DEL19/1";"UOP01/PA"
160431;353878;2018-09-19;"quarta-feira";"08:30:00";"PA";316;4;"ANANINDEUA";"Sim";"Ingestao de alcool";1;"Colisao traseira";"Sem Vitimas";"Pleno dia";"Decrescente";"Ceu Claro";"Dupla";"Reta";"Sim";285180;"Automóvel";"HONDA/CIVIC LXL";2004;"Passageiro";"Ileso";NA;"Feminino";1;0;0;0;"-1.396582";"-48.422993";"SR-PA";"DEL19/1";"UOP01/PA"
160566;353022;2018-09-20;"quinta-feira";"00:40:00";"RS";293;184;"BAGE";"Sim";"Ingestao de alcool";1;"Colisao traseira";"Sem Vitimas";"Plena Noite";"Crescente";"Ceu Claro";"Simples";"Reta";"Nao";285393;"Automóvel";"FORD/ESCORT 1.0 HOBBY";1993;"Condutor";"Ileso";51;"Masculino";1;0;0;0;"-31.3253606";"-53.9853935";"SR-RS";"DEL9/11";"UOP03/RS"
160566;353025;2018-09-20;"quinta-feira";"00:40:00";"RS";293;184;"BAGE";"Sim";"Ingestao de alcool";1;"Colisao traseira";"Sem Vitimas";"Plena Noite";"Crescente";"Ceu Claro";"Simples";"Reta";"Nao";285394;"Caminhao-trator";"SCANIA/R114 GA4X2NZ 360";1998;"Condutor";"Ileso";27;"Masculino";1;0;0;0;"-31.3253606";"-53.9853935";"SR-RS";"DEL9/11";"UOP03/RS"
160571;352968;2018-09-20;"quinta-feira";"05:00:00";"PR";369;150,8;"LONDRINA";"Nao";"Ingestao de alcool";1;"Atropelamento de Pedestre";"Com Vitimas Feridas";"Plena Noite";"Crescente";"Nublado";"Dupla";"Reta";"Sim";286528;"Automóvel";"GM/CORSA WIND";2000;"Pedestre";"Lesoes Graves";40;"Masculino";0;0;1;0;"-23.29281568";"-51.16957242";"SR-PR";"DEL7/7";"UOP01/PR"
160571;352966;2018-09-20;"quinta-feira";"05:00:00";"PR";369;150,8;"LONDRINA";"Nao";"Ingestao de alcool";1;"Atropelamento de Pedestre";"Com Vitimas Feridas";"Plena Noite";"Crescente";"Nublado";"Dupla";"Reta";"Sim";286528;"Automóvel";"GM/CORSA WIND";2000;"Condutor";"Ileso";63;"Masculino";1;0;0;0;"-23.29281568";"-51.16957242";"SR-PR";"DEL7/7";"UOP01/PR"
160586;351643;2018-09-20;"quinta-feira";"06:10:00";"RS";101;86,8;"OSORIO";"Sim";"Ingestao de alcool";1;"Saida de leito carrocavel";"Com Vitimas Feridas";"Amanhecer";"Decrescente";"Nublado";"Simples";"Reta";"Sim";285456;"Automóvel";"GM/MONZA SL";1991;"Condutor";"Lesoes Leves";30;"Masculino";0;1;0;0;"-29.88175746";"-50.26415885";"SR-RS";"DEL9/3";"UOP01/RS"
160588;351989;2018-09-20;"quinta-feira";"08:00:00";"RN";101;107,9;"PARNAMIRIM";"Sim";"Ingestao de alcool";1;"Atropelamento de Pedestre";"Com Vitimas Feridas";"Pleno dia";"Crescente";"Ceu Claro";"Dupla";"Reta";"Sim";285529;"Ônibus";"MARCOPOLO/VOLARE W8 ON";2007;"Condutor";"Ileso";66;"Masculino";1;0;0;0;"-5.927693";"-35.26493";"SR-RN";"DEL15/1";"UOP01/RN"
160588;351990;2018-09-20;"quinta-feira";"08:00:00";"RN";101;107,9;"PARNAMIRIM";"Sim";"Ingestao de alcool";1;"Atropelamento de Pedestre";"Com Vitimas Feridas";"Pleno dia";"Crescente";"Ceu Claro";"Dupla";"Reta";"Sim";285529;"Ônibus";"MARCOPOLO/VOLARE W8 ON";2007;"Pedestre";"Lesoes Leves";36;"Masculino";0;1;0;0;"-5.927693";"-35.26493";"SR-RN";"DEL15/1";"UOP01/RN"
160698;353621;2018-09-20;"quinta-feira";"17:20:00";"MS";158;108;"PARANAIBA";"Sim";"Ingestao de alcool";1;"Colisao lateral";"Com Vitimas Feridas";"Anoitecer";"Decrescente";"Garoa/Chuvisco";"Simples";"Reta";"Nao";285737;"Caminhao-trator";"VOLVO/FH 440 6X2T";2009;"Condutor";"Ileso";35;"Masculino";1;0;0;0;"-19.79779825";"-51.11281872";"SR-MS";"DEL3/8";"UOP01/MS"
160698;353622;2018-09-20;"quinta-feira";"17:20:00";"MS";158;108;"PARANAIBA";"Sim";"Ingestao de alcool";1;"Colisao lateral";"Com Vitimas Feridas";"Anoitecer";"Decrescente";"Garoa/Chuvisco";"Simples";"Reta";"Nao";285738;"Caminhao";"M.BENZ/L 1516";1986;"Condutor";"Ileso";42;"Masculino";1;0;0;0;"-19.79779825";"-51.11281872";"SR-MS";"DEL3/8";"UOP01/MS"
160698;353620;2018-09-20;"quinta-feira";"17:20:00";"MS";158;108;"PARANAIBA";"Sim";"Ingestao de alcool";1;"Colisao lateral";"Com Vitimas Feridas";"Anoitecer";"Decrescente";"Garoa/Chuvisco";"Simples";"Reta";"Nao";285736;"Caminhonete";"GM/MONTANA SPORT";2005;"Condutor";"Lesoes Leves";35;"Masculino";0;1;0;0;"-19.79779825";"-51.11281872";"SR-MS";"DEL3/8";"UOP01/MS"
160729;354283;2018-09-20;"quinta-feira";"22:15:00";"PR";376;307;"MAUA DA SERRA";"Sim";"Ingestao de alcool e/ou substâncias psicoativas pelo pedestre";1;"Colisao traseira";"Com Vitimas Feridas";"Plena Noite";"Decrescente";"Ceu Claro";"Dupla";"Reta";"Nao";287535;"Caminhonete";"GM/CHEVROLET D20";1985;"Condutor";"Lesoes Leves";37;"Masculino";0;1;0;0;"-23.93719242";"-51.14208698";"SR-PR";"DEL7/7";"UOP02/PR"
160729;354284;2018-09-20;"quinta-feira";"22:15:00";"PR";376;307;"MAUA DA SERRA";"Sim";"Ingestao de alcool e/ou substâncias psicoativas pelo pedestre";1;"Colisao traseira";"Com Vitimas Feridas";"Plena Noite";"Decrescente";"Ceu Claro";"Dupla";"Reta";"Nao";287537;"Caminhao-trator";"VW/18.310";2003;"Condutor";"Ileso";27;"Masculino";1;0;0;0;"-23.93719242";"-51.14208698";"SR-PR";"DEL7/7";"UOP02/PR"
160742;353331;2018-09-20;"quinta-feira";"22:40:00";"GO";60;104;"ANAPOLIS";"Sim";"Ingestao de alcool";1;"Saida de leito carrocavel";"Com Vitimas Feridas";"Plena Noite";"Crescente";"Nublado";"Dupla";"Nao Informado";"Nao";285721;"Motocicleta";"HONDA/CG 125 TITAN KS";2002;"Condutor";"Lesoes Leves";42;"Masculino";0;1;0;0;"-16.4118";"-49.0004";"SR-GO";"DEL1/2";"UOP01/GO"
160750;352023;2018-09-21;"sexta-feira";"00:15:00";"DF";20;23;"BRASILIA";"Sim";"Ingestao de alcool";1;"Colisao com objeto estatico";"Sem Vitimas";"Anoitecer";"Crescente";"Chuva";"Dupla";"Nao Informado";"Sim";285733;"Caminhonete";"FIAT/STRADA FIRE FLEX";2010;"Condutor";"Ileso";40;"Masculino";1;0;0;0;"-15.59473429";"-47.66026855";"SR-DF";"DF";"UOP04/DF"
160859;352399;2018-09-21;"sexta-feira";"16:45:00";"MG";381;481,1;"CONTAGEM";"Sim";"Ingestao de alcool";1;"Atropelamento de Pedestre";"Com Vitimas Feridas";"Pleno dia";"Crescente";"Ceu Claro";"Dupla";"Reta";"Sim";285991;"Caminhonete";"I/KIA K2500 LD";2010;"Condutor";"Ileso";31;"Masculino";1;0;0;0;"-19.95849709";"-44.06083913";"SR-MG";"DEL4/1";"UOP03/MG"
160859;352405;2018-09-21;"sexta-feira";"16:45:00";"MG";381;481,1;"CONTAGEM";"Sim";"Ingestao de alcool";1;"Atropelamento de Pedestre";"Com Vitimas Feridas";"Pleno dia";"Crescente";"Ceu Claro";"Dupla";"Reta";"Sim";285991;"Caminhonete";"I/KIA K2500 LD";2010;"Pedestre";"Lesoes Leves";NA;"Masculino";0;1;0;0;"-19.95849709";"-44.06083913";"SR-MG";"DEL4/1";"UOP03/MG"
160874;352618;2018-09-21;"sexta-feira";"17:30:00";"MS";267;683;"PORTO MURTINHO";"Nao";"Ingestao de alcool";1;"Colisao traseira";"Com Vitimas Feridas";"Anoitecer";"Crescente";"Ceu Claro";"Simples";"Reta";"Sim";286080;"Caminhao-trator";"SCANIA/T112 HS 4X2";1988;"Condutor";"Ileso";27;"Masculino";1;0;0;0;"-21.70000534";"-57.86640644";"SR-MS";"DEL3/5";"UOP01/MS"
160874;352621;2018-09-21;"sexta-feira";"17:30:00";"MS";267;683;"PORTO MURTINHO";"Nao";"Ingestao de alcool";1;"Colisao traseira";"Com Vitimas Feridas";"Anoitecer";"Crescente";"Ceu Claro";"Simples";"Reta";"Sim";286081;"Camioneta";"IMP/TOYOTA HILUX 2CS";1996;"Passageiro";"Lesoes Leves";46;"Masculino";0;1;0;0;"-21.70000534";"-57.86640644";"SR-MS";"DEL3/5";"UOP01/MS"
160874;352625;2018-09-21;"sexta-feira";"17:30:00";"MS";267;683;"PORTO MURTINHO";"Nao";"Ingestao de alcool";1;"Colisao traseira";"Com Vitimas Feridas";"Anoitecer";"Crescente";"Ceu Claro";"Simples";"Reta";"Sim";286081;"Camioneta";"IMP/TOYOTA HILUX 2CS";1996;"Passageiro";"Lesoes Leves";51;"Masculino";0;1;0;0;"-21.70000534";"-57.86640644";"SR-MS";"DEL3/5";"UOP01/MS"
160874;352620;2018-09-21;"sexta-feira";"17:30:00";"MS";267;683;"PORTO MURTINHO";"Nao";"Ingestao de alcool";1;"Colisao traseira";"Com Vitimas Feridas";"Anoitecer";"Crescente";"Ceu Claro";"Simples";"Reta";"Sim";286081;"Camioneta";"IMP/TOYOTA HILUX 2CS";1996;"Condutor";"Lesoes Leves";35;"Masculino";0;1;0;0;"-21.70000534";"-57.86640644";"SR-MS";"DEL3/5";"UOP01/MS"
160892;352447;2018-09-21;"sexta-feira";"19:30:00";"RJ";101;303,8;"SAO GONCALO";"Sim";"Ingestao de alcool";1;"Atropelamento de Pedestre";"Com Vitimas Feridas";"Plena Noite";"Crescente";"Nublado";"Dupla";"Reta";"Sim";285966;"Automóvel";"FIAT/UNO ATTRACTIVE 1.0E";2017;"Passageiro";"Ileso";43;"Masculino";1;0;0;0;"-22.7848655";"-42.9840569";"SR-RJ";"DEL5/2";"UOP02/RJ"