"id";"pesid";"data_inversa";"dia_semana";"horario";"uf";"br";"km";"municipio";"causa_principal";"causa_acidente";"ordem_tipo_acidente";"tipo_acidente";"classificacao_acidente";"fase_dia";"sentido_via";"condicao_metereologica";"tipo_pista";"tracado_via";"uso_solo";"id_veiculo";"tipo_veiculo";"marca";"ano_fabricacao_veiculo";"tipo_envolvido";"estado_fisico";"idade";"sexo";"ilesos";"feridos_leves";"feridos_graves";"mortos";"latitude";"longitude";"regional";"delegacia";"uop"
160892;352446;2018-09-21;"sexta-feira";"19:30:00";"RJ";101;303,8;"SAO GONCALO";"Sim";"Ingestao de alcool";1;"Atropelamento de Pedestre";"Com Vitimas Feridas";"Plena Noite";"Crescente";"Nublado";"Dupla";"Reta";"Sim";285966;"Automóvel";"FIAT/UNO ATTRACTIVE 1.0E";2017;"Condutor";"Lesoes Leves";48;"Feminino";0;1;0;0;"-22.7848655";"-42.9840569";"SR-RJ";"DEL5/2";"UOP02/RJ"
160892;352450;2018-09-21;"sexta-feira";"19:30:00";"RJ";101;303,8;"SAO GONCALO";"Sim";"Ingestao de alcool";1;"Atropelamento de Pedestre";"Com Vitimas Feridas";"Plena Noite";"Crescente";"Nublado";"Dupla";"Reta";"Sim";285966;"Automóvel";"FIAT/UNO ATTRACTIVE 1.0E";2017;"Pedestre";"Lesoes Graves";36;"Masculino";0;0;1;0;"-22.7848655";"-42.9840569";"SR-RJ";"DEL5/2";"UOP02/RJ"
160934;352453;2018-09-21;"sexta-feira";"20:00:00";"RO";429;221;"SERINGUEIRAS";"Sim";"Ingestao de alcool";1;"Queda de ocupante de veiculo";"Com Vitimas Feridas";"Plena Noite";"Crescente";"Nublado";"Simples";"Reta";"Nao";286051;"Motocicleta";"HONDA/CG 125 FAN ES";2009;"Condutor";"Lesoes Graves";39;"Masculino";0;0;1;0;"-11.88455";"-63.201954";"SR-RO";"DEL21/2";"UOP03/RO"
160934;352455;2018-09-21;"sexta-feira";"20:00:00";"RO";429;221;"SERINGUEIRAS";"Sim";"Ingestao de alcool";1;"Queda de ocupante de veiculo";"Com Vitimas Feridas";"Plena Noite";"Crescente";"Nublado";"Simples";"Reta";"Nao";286051;"Motocicleta";"HONDA/CG 125 FAN ES";2009;"Passageiro";"Lesoes Leves";44;"Masculino";0;1;0;0;"-11.88455";"-63.201954";"SR-RO";"DEL21/2";"UOP03/RO"
160942;352468;2018-09-22;"sabado";"00:20:00";"SC";101;351;"JAGUARUNA";"Sim";"Ingestao de alcool";1;"Colisao traseira";"Com Vitimas Feridas";"Plena Noite";"Decrescente";"Ceu Claro";"Dupla";"Nao Informado";"Nao";286062;"Automóvel";"VW/GOL 1.0";2011;"Condutor";"Lesoes Leves";38;"Masculino";0;1;0;0;"-28.602";"-49.0531";"SR-SC";"DEL8/2";"UOP01/SC"
160942;352466;2018-09-22;"sabado";"00:20:00";"SC";101;351;"JAGUARUNA";"Sim";"Ingestao de alcool";1;"Colisao traseira";"Com Vitimas Feridas";"Plena Noite";"Decrescente";"Ceu Claro";"Dupla";"Nao Informado";"Nao";286060;"Automóvel";"RENAULT/CLIO PRI 16 16VS";2003;"Condutor";"Lesoes Graves";38;"Masculino";0;0;1;0;"-28.602";"-49.0531";"SR-SC";"DEL8/2";"UOP01/SC"
160947;355581;2018-09-22;"sabado";"00:40:00";"SC";101;163,8;"TIJUCAS";"Sim";"Ingestao de alcool";1;"Colisao com objeto estatico";"Com Vitimas Feridas";"Plena Noite";"Decrescente";"Nublado";"Dupla";"Reta";"Sim";288583;"Automóvel";"FIAT/BRAVO SPORTING 1.8";2012;"Passageiro";"Lesoes Graves";31;"Masculino";0;0;1;0;"-27.23771791";"-48.63030016";"SR-SC";"DEL8/4";"UOP03/SC"
160947;355577;2018-09-22;"sabado";"00:40:00";"SC";101;163,8;"TIJUCAS";"Sim";"Ingestao de alcool";1;"Colisao com objeto estatico";"Com Vitimas Feridas";"Plena Noite";"Decrescente";"Nublado";"Dupla";"Reta";"Sim";288583;"Automóvel";"FIAT/BRAVO SPORTING 1.8";2012;"Condutor";"Lesoes Graves";33;"Masculino";0;0;1;0;"-27.23771791";"-48.63030016";"SR-SC";"DEL8/4";"UOP03/SC"
160953;352499;2018-09-22;"sabado";"02:30:00";"CE";116;0,1;"FORTALEZA";"Sim";"Ingestao de alcool";1;"Capotamento";"Sem Vitimas";"Plena Noite";"Decrescente";"Ceu Claro";"Dupla";"Reta";"Sim";286086;"Automóvel";"VW/NOVO VOYAGE 1.6 CITY";2013;"Condutor";"Ileso";28;"Masculino";1;0;0;0;"-3.7614";"-38.5188";"SR-CE";"DEL16/1";"UOP02/CE"
160958;354340;2018-09-22;"sabado";"03:50:00";"SC";101;133;"BALNEARIO CAMBORIU";"Sim";"Ingestao de alcool";1;"Tombamento";"Com Vitimas Feridas";"Plena Noite";"Decrescente";"Ceu Claro";"Simples";"Reta";"Sim";287519;"Motocicleta";"HONDA/CG 150 FAN ESI";2010;"Condutor";"Lesoes Leves";30;"Masculino";0;1;0;0;"-27.0021";"-48.6362";"SR-SC";"DEL8/4";"UOP03/SC"
160958;354342;2018-09-22;"sabado";"03:50:00";"SC";101;133;"BALNEARIO CAMBORIU";"Sim";"Ingestao de alcool";1;"Tombamento";"Com Vitimas Feridas";"Plena Noite";"Decrescente";"Ceu Claro";"Simples";"Reta";"Sim";287519;"Motocicleta";"HONDA/CG 150 FAN ESI";2010;"Passageiro";"Lesoes Leves";29;"Feminino";0;1;0;0;"-27.0021";"-48.6362";"SR-SC";"DEL8/4";"UOP03/SC"
160963;354016;2018-09-22;"sabado";"04:30:00";"ES";262;123,3;"CONCEICAO DO CASTELO";"Sim";"Ingestao de alcool";1;"Colisao transversal";"Sem Vitimas";"Amanhecer";"Decrescente";"Nublado";"Simples";"Curva";"Nao";286145;"Caminhao-trator";"VOLVO/FH 460 6X2T";2016;"Condutor";"Ileso";41;"Masculino";1;0;0;0;"-20.2908";"-41.2477";"SR-ES";"DEL12/1";"UOP02/ES"
160963;354017;2018-09-22;"sabado";"04:30:00";"ES";262;123,3;"CONCEICAO DO CASTELO";"Sim";"Ingestao de alcool";1;"Colisao transversal";"Sem Vitimas";"Amanhecer";"Decrescente";"Nublado";"Simples";"Curva";"Nao";286144;"Automóvel";"FIAT/UNO MILLE FIRE";2001;"Condutor";"Ileso";50;"Masculino";1;0;0;0;"-20.2908";"-41.2477";"SR-ES";"DEL12/1";"UOP02/ES"
160966;353435;2018-09-22;"sabado";"05:35:00";"RS";290;73,8;"GRAVATAI";"Sim";"Ingestao de alcool";1;"Saida de leito carrocavel";"Sem Vitimas";"Amanhecer";"Decrescente";"Ceu Claro";"Dupla";"Reta";"Sim";286921;"Automóvel";"CHEVROLET/ONIX 10MT JOYE";2017;"Condutor";"Ileso";27;"Masculino";1;0;0;0;"-29.95433033";"-51.00080338";"SR-RS";"DEL9/3";"UOP02/RS"
160966;353440;2018-09-22;"sabado";"05:35:00";"RS";290;73,8;"GRAVATAI";"Sim";"Ingestao de alcool";1;"Saida de leito carrocavel";"Sem Vitimas";"Amanhecer";"Decrescente";"Ceu Claro";"Dupla";"Reta";"Sim";286921;"Automóvel";"CHEVROLET/ONIX 10MT JOYE";2017;"Passageiro";"Ileso";22;"Masculino";1;0;0;0;"-29.95433033";"-51.00080338";"SR-RS";"DEL9/3";"UOP02/RS"
160967;353812;2018-09-22;"sabado";"06:15:00";"PR";277;727,6;"FOZ DO IGUACU";"Sim";"Ingestao de alcool";1;"Capotamento";"Com Vitimas Feridas";"Amanhecer";"Crescente";"Ceu Claro";"Dupla";"Reta";"Sim";287189;"Automóvel";"VW/GOL 1.0";2005;"Condutor";"Lesoes Leves";29;"Feminino";0;1;0;0;"-25.5105698";"-54.57010031";"SR-PR";"DEL7/5";"UOP03/PR"
160973;352540;2018-09-22;"sabado";"03:25:00";"MG";262;609,8;"CAMPOS ALTOS";"Sim";"Ingestao de alcool";1;"Colisao frontal";"Com Vitimas Fatais";"Pleno dia";"Crescente";"Ceu Claro";"Simples";"Curva";"Nao";286133;"Automóvel";"GM/MONZA SL";1988;"Condutor";"Óbito";35;"Masculino";0;0;0;1;"-19.666414";"-46.16032";"SR-MG";"DEL4/8";"UOP02/MG"
160973;352541;2018-09-22;"sabado";"03:25:00";"MG";262;609,8;"CAMPOS ALTOS";"Sim";"Ingestao de alcool";1;"Colisao frontal";"Com Vitimas Fatais";"Pleno dia";"Crescente";"Ceu Claro";"Simples";"Curva";"Nao";286134;"Caminhao-trator";"M.BENZ/AXOR 2544 S";2013;"Condutor";"Lesoes Graves";41;"Masculino";0;0;1;0;"-19.666414";"-46.16032";"SR-MG";"DEL4/8";"UOP02/MG"
160981;353855;2018-09-22;"sabado";"05:00:00";"RJ";116;184;"NOVA IGUACU";"Sim";"Ingestao de alcool";1;"Colisao traseira";"Sem Vitimas";"Amanhecer";"Crescente";"Nublado";"Dupla";"Reta";"Sim";287210;"Automóvel";"";NA;"Condutor";"Nao Informado";NA;"Nao Informado";0;0;0;0;"-22.74035698";"-43.49860668";"SR-RJ";"DEL5/1";"UOP03/RJ"
160981;353853;2018-09-22;"sabado";"05:00:00";"RJ";116;184;"NOVA IGUACU";"Sim";"Ingestao de alcool";1;"Colisao traseira";"Sem Vitimas";"Amanhecer";"Crescente";"Nublado";"Dupla";"Reta";"Sim";287209;"Automóvel";"I/FIAT PALIO ATTRACT 1.4";2015;"Condutor";"Ileso";38;"Masculino";1;0;0;0;"-22.74035698";"-43.49860668";"SR-RJ";"DEL5/1";"UOP03/RJ"
160999;352566;2018-09-22;"sabado";"07:00:00";"SC";470;22,1;"ILHOTA";"Sim";"Ingestao de alcool";1;"Colisao transversal";"Com Vitimas Fatais";"Amanhecer";"Crescente";"Ceu Claro";"Simples";"Reta";"Nao";286168;"Automóvel";"FIAT/UNO CS";1988;"Passageiro";"Óbito";48;"Feminino";0;0;0;1;"-26.88087086";"-48.84551525";"SR-SC";"DEL8/4";"UOP04/SC"
160999;352565;2018-09-22;"sabado";"07:00:00";"SC";470;22,1;"ILHOTA";"Sim";"Ingestao de alcool";1;"Colisao transversal";"Com Vitimas Fatais";"Amanhecer";"Crescente";"Ceu Claro";"Simples";"Reta";"Nao";286168;"Automóvel";"FIAT/UNO CS";1988;"Condutor";"Óbito";48;"Masculino";0;0;0;1;"-26.88087086";"-48.84551525";"SR-SC";"DEL8/4";"UOP04/SC"
160999;353312;2018-09-22;"sabado";"07:00:00";"SC";470;22,1;"ILHOTA";"Sim";"Ingestao de alcool";1;"Colisao transversal";"Com Vitimas Fatais";"Amanhecer";"Crescente";"Ceu Claro";"Simples";"Reta";"Nao";286169;"Automóvel";"PEUGEOT/207HB XR";2013;"Passageiro";"Lesoes Graves";33;"Masculino";0;0;1;0;"-26.88087086";"-48.84551525";"SR-SC";"DEL8/4";"UOP04/SC"
160999;353310;2018-09-22;"sabado";"07:00:00";"SC";470;22,1;"ILHOTA";"Sim";"Ingestao de alcool";1;"Colisao transversal";"Com Vitimas Fatais";"Amanhecer";"Crescente";"Ceu Claro";"Simples";"Reta";"Nao";286169;"Automóvel";"PEUGEOT/207HB XR";2013;"Condutor";"Lesoes Graves";23;"Masculino";0;0;1;0;"-26.88087086";"-48.84551525";"SR-SC";"DEL8/4";"UOP04/SC"
161002;352573;2018-09-22;"sabado";"08:30:00";"ES";262;20,7;"VIANA";"Sim";"Ingestao de alcool";1;"Colisao traseira";"Sem Vitimas";"Pleno dia";"Crescente";"Ceu Claro";"Simples";"Reta";"Sim";286170;"Camioneta";"HYUNDAI/TUCSON GLSB";2012;"Condutor";"Ileso";37;"Feminino";1;0;0;0;"-20.38323572";"-40.50072757";"SR-ES";"DEL12/1";"UOP01/ES"
161002;352575;2018-09-22;"sabado";"08:30:00";"ES";262;20,7;"VIANA";"Sim";"Ingestao de alcool";1;"Colisao traseira";"Sem Vitimas";"Pleno dia";"Crescente";"Ceu Claro";"Simples";"Reta";"Sim";286171;"Automóvel";"I/CHEVROLET AGILE LTZ";2011;"Condutor";"Ileso";41;"Feminino";1;0;0;0;"-20.38323572";"-40.50072757";"SR-ES";"DEL12/1";"UOP01/ES"
161008;352605;2018-09-22;"sabado";"01:20:00";"PR";476;207,8;"LAPA";"Sim";"Ingestao de alcool";1;"Capotamento";"Com Vitimas Feridas";"Plena Noite";"Decrescente";"Ceu Claro";"Simples";"Curva";"Nao";286156;"Automóvel";"I/VW SPACEFOX SPORT.GII";2011;"Condutor";"Lesoes Graves";55;"Masculino";0;0;1;0;"-25.775969";"-49.82312";"SR-PR";"DEL7/2";"UOP03/PR"
161038;352693;2018-09-22;"sabado";"13:30:00";"DF";70;18,6;"BRASILIA";"Sim";"Ingestao de alcool";1;"Colisao transversal";"Sem Vitimas";"Pleno dia";"Crescente";"Ceu Claro";"Dupla";"Retorno Regulamentado";"Nao";286259;"Automóvel";"VW/NOVO GOL 1.0";2012;"Condutor";"Ileso";28;"Masculino";1;0;0;0;"-15.78938868";"-48.21683848";"SR-DF";"DF";"UOP06/DF"
161038;352695;2018-09-22;"sabado";"13:30:00";"DF";70;18,6;"BRASILIA";"Sim";"Ingestao de alcool";1;"Colisao transversal";"Sem Vitimas";"Pleno dia";"Crescente";"Ceu Claro";"Dupla";"Retorno Regulamentado";"Nao";286259;"Automóvel";"VW/NOVO GOL 1.0";2012;"Passageiro";"Ileso";25;"Masculino";1;0;0;0;"-15.78938868";"-48.21683848";"SR-DF";"DF";"UOP06/DF"
161038;352696;2018-09-22;"sabado";"13:30:00";"DF";70;18,6;"BRASILIA";"Sim";"Ingestao de alcool";1;"Colisao transversal";"Sem Vitimas";"Pleno dia";"Crescente";"Ceu Claro";"Dupla";"Retorno Regulamentado";"Nao";286259;"Automóvel";"VW/NOVO GOL 1.0";2012;"Passageiro";"Ileso";40;"Feminino";1;0;0;0;"-15.78938868";"-48.21683848";"SR-DF";"DF";"UOP06/DF"
161038;352698;2018-09-22;"sabado";"13:30:00";"DF";70;18,6;"BRASILIA";"Sim";"Ingestao de alcool";1;"Colisao transversal";"Sem Vitimas";"Pleno dia";"Crescente";"Ceu Claro";"Dupla";"Retorno Regulamentado";"Nao";286259;"Automóvel";"VW/NOVO GOL 1.0";2012;"Passageiro";"Ileso";22;"Feminino";1;0;0;0;"-15.78938868";"-48.21683848";"SR-DF";"DF";"UOP06/DF"
161038;352705;2018-09-22;"sabado";"13:30:00";"DF";70;18,6;"BRASILIA";"Sim";"Ingestao de alcool";1;"Colisao transversal";"Sem Vitimas";"Pleno dia";"Crescente";"Ceu Claro";"Dupla";"Retorno Regulamentado";"Nao";286260;"Automóvel";"FIAT/UNO MILLE ECONOMY";2010;"Condutor";"Ileso";30;"Masculino";1;0;0;0;"-15.78938868";"-48.21683848";"SR-DF";"DF";"UOP06/DF"
161038;352711;2018-09-22;"sabado";"13:30:00";"DF";70;18,6;"BRASILIA";"Sim";"Ingestao de alcool";1;"Colisao transversal";"Sem Vitimas";"Pleno dia";"Crescente";"Ceu Claro";"Dupla";"Retorno Regulamentado";"Nao";286260;"Automóvel";"FIAT/UNO MILLE ECONOMY";2010;"Passageiro";"Ileso";11;"Feminino";1;0;0;0;"-15.78938868";"-48.21683848";"SR-DF";"DF";"UOP06/DF"
161038;352713;2018-09-22;"sabado";"13:30:00";"DF";70;18,6;"BRASILIA";"Sim";"Ingestao de alcool";1;"Colisao transversal";"Sem Vitimas";"Pleno dia";"Crescente";"Ceu Claro";"Dupla";"Retorno Regulamentado";"Nao";286260;"Automóvel";"FIAT/UNO MILLE ECONOMY";2010;"Passageiro";"Ileso";29;"Feminino";1;0;0;0;"-15.78938868";"-48.21683848";"SR-DF";"DF";"UOP06/DF"
161038;352714;2018-09-22;"sabado";"13:30:00";"DF";70;18,6;"BRASILIA";"Sim";"Ingestao de alcool";1;"Colisao transversal";"Sem Vitimas";"Pleno dia";"Crescente";"Ceu Claro";"Dupla";"Retorno Regulamentado";"Nao";286260;"Automóvel";"FIAT/UNO MILLE ECONOMY";2010;"Passageiro";"Ileso";9;"Feminino";1;0;0;0;"-15.78938868";"-48.21683848";"SR-DF";"DF";"UOP06/DF"
161038;352717;2018-09-22;"sabado";"13:30:00";"DF";70;18,6;"BRASILIA";"Sim";"Ingestao de alcool";1;"Colisao transversal";"Sem Vitimas";"Pleno dia";"Crescente";"Ceu Claro";"Dupla";"Retorno Regulamentado";"Nao";286260;"Automóvel";"FIAT/UNO MILLE ECONOMY";2010;"Passageiro";"Ileso";5;"Feminino";1;0;0;0;"-15.78938868";"-48.21683848";"SR-DF";"DF";"UOP06/DF"
161070;352774;2018-09-22;"sabado";"17:45:00";"SC";101;202;"SAO JOSE";"Sim";"Ingestao de alcool";1;"Colisao traseira";"Sem Vitimas";"Pleno dia";"Decrescente";"Ceu Claro";"Multipla";"Reta";"Sim";286288;"Motocicleta";"HONDA/CG 125 FAN KS";2010;"Condutor";"Ileso";30;"Masculino";1;0;0;0;"-27.5651";"-48.6144";"SR-SC";"DEL8/1";"UOP01/SC"
161070;352772;2018-09-22;"sabado";"17:45:00";"SC";101;202;"SAO JOSE";"Sim";"Ingestao de alcool";1;"Colisao traseira";"Sem Vitimas";"Pleno dia";"Decrescente";"Ceu Claro";"Multipla";"Reta";"Sim";286287;"Automóvel";"RENAULT/LOGAN AUT 1016V";2010;"Condutor";"Ileso";39;"Masculino";1;0;0;0;"-27.5651";"-48.6144";"SR-SC";"DEL8/1";"UOP01/SC"
161072;353938;2018-09-22;"sabado";"18:20:00";"PE";104;70,8;"CARUARU";"Sim";"Ingestao de alcool";1;"Saida de leito carrocavel";"Com Vitimas Feridas";"Plena Noite";"Decrescente";"Ceu Claro";"Simples";"Curva";"Nao";286346;"Micro-ônibus";"TOYOTA/BAND MAX";1990;"Condutor";"Lesoes Leves";56;"Masculino";0;1;0;0;"-8.335324";"-35.980446";"SR-PE";"DEL11/2";"UOP01/PE"
161073;354280;2018-09-22;"sabado";"16:20:00";"RJ";393;254,2;"BARRA DO PIRAI";"Sim";"Ingestao de alcool";1;"Colisao lateral";"Sem Vitimas";"Pleno dia";"Decrescente";"Sol";"Simples";"Curva";"Sim";286367;"Caminhao-trator";"SCANIA/R114GA4X2NZ 380";2007;"Condutor";"Ileso";54;"Masculino";1;0;0;0;"-22.45077624";"-43.8312757";"SR-RJ";"DEL5/5";"UOP02/RJ"
161073;354292;2018-09-22;"sabado";"16:20:00";"RJ";393;254,2;"BARRA DO PIRAI";"Sim";"Ingestao de alcool";1;"Colisao lateral";"Sem Vitimas";"Pleno dia";"Decrescente";"Sol";"Simples";"Curva";"Sim";286368;"Automóvel";"VW/LOGUS CL";1993;"Condutor";"Ileso";51;"Masculino";1;0;0;0;"-22.45077624";"-43.8312757";"SR-RJ";"DEL5/5";"UOP02/RJ"
161078;352803;2018-09-22;"sabado";"18:55:00";"DF";20;20;"BRASILIA";"Sim";"Ingestao de alcool";1;"Atropelamento de Pedestre";"Com Vitimas Feridas";"Plena Noite";"Crescente";"Ceu Claro";"Dupla";"Reta";"Sim";286314;"Automóvel";"FORD/FIESTA SEDAN FLEX";2011;"Condutor";"Ileso";27;"Masculino";1;0;0;0;"-15.60192138";"-47.68204716";"SR-DF";"DF";"UOP04/DF"
161078;352804;2018-09-22;"sabado";"18:55:00";"DF";20;20;"BRASILIA";"Sim";"Ingestao de alcool";1;"Atropelamento de Pedestre";"Com Vitimas Feridas";"Plena Noite";"Crescente";"Ceu Claro";"Dupla";"Reta";"Sim";286314;"Automóvel";"FORD/FIESTA SEDAN FLEX";2011;"Pedestre";"Lesoes Leves";NA;"Masculino";0;1;0;0;"-15.60192138";"-47.68204716";"SR-DF";"DF";"UOP04/DF"
161079;352790;2018-09-22;"sabado";"18:35:00";"RS";116;265;"CANOAS";"Nao";"Ingestao de alcool";1;"Colisao traseira";"Com Vitimas Feridas";"Plena Noite";"Decrescente";"Ceu Claro";"Multipla";"Reta";"Sim";286301;"Automóvel";"GM/CELTA 3 PORTAS SUPER";2004;"Condutor";"Ileso";64;"Feminino";1;0;0;0;"-29.92642997";"-51.17759407";"SR-RS";"DEL9/1";"UOP01/RS"
161079;352791;2018-09-22;"sabado";"18:35:00";"RS";116;265;"CANOAS";"Nao";"Ingestao de alcool";1;"Colisao traseira";"Com Vitimas Feridas";"Plena Noite";"Decrescente";"Ceu Claro";"Multipla";"Reta";"Sim";286302;"Motocicleta";"DAFRA/SPEED 150 CARGO";2009;"Condutor";"Lesoes Leves";38;"Masculino";0;1;0;0;"-29.92642997";"-51.17759407";"SR-RS";"DEL9/1";"UOP01/RS"
161082;354351;2018-09-22;"sabado";"15:15:00";"MT";163;790;"VERA";"Sim";"Ingestao de alcool";1;"Saida de leito carrocavel";"Sem Vitimas";"Pleno dia";"Crescente";"Chuva";"Simples";"Nao Informado";"Nao";286349;"Automóvel";"VW/GOL 1.0 GIV";2013;"Condutor";"Ileso";28;"Masculino";1;0;0;0;"-12.22074333";"-55.54224014";"SR-MT";"DEL2/6";"UOP01/MT"
161084;354326;2018-09-22;"sabado";"19:00:00";"ES";101;294,2;"CARIACICA";"Sim";"Ingestao de alcool";1;"Colisao traseira";"Com Vitimas Feridas";"Plena Noite";"Decrescente";"Ceu Claro";"Dupla";"Reta";"Sim";286317;"Automóvel";"GM/ASTRA HB 4P COMFORT";2004;"Condutor";"Ileso";28;"Masculino";1;0;0;0;"-20.32547237";"-40.39609551";"SR-ES";"DEL12/1";"UOP01/ES"
161084;354331;2018-09-22;"sabado";"19:00:00";"ES";101;294,2;"CARIACICA";"Sim";"Ingestao de alcool";1;"Colisao traseira";"Com Vitimas Feridas";"Plena Noite";"Decrescente";"Ceu Claro";"Dupla";"Reta";"Sim";286318;"Motocicleta";"I/DAYUN DY 150 9";2009;"Condutor";"Lesoes Leves";24;"Masculino";0;1;0;0;"-20.32547237";"-40.39609551";"SR-ES";"DEL12/1";"UOP01/ES"
161100;352892;2018-09-22;"sabado";"20:00:00";"SC";101;208,2;"SAO JOSE";"Sim";"Ingestao de alcool";1;"Saida de leito carrocavel";"Com Vitimas Feridas";"Plena Noite";"Decrescente";"Ceu Claro";"Multipla";"Intersecao de vias";"Sim";286324;"Automóvel";"VW/POLO 1.6";2009;"Passageiro";"Lesoes Leves";28;"Masculino";0;1;0;0;"-27.60433502";"-48.63278833";"SR-SC";"DEL8/1";"UOP01/SC"
161100;352893;2018-09-22;"sabado";"20:00:00";"SC";101;208,2;"SAO JOSE";"Sim";"Ingestao de alcool";1;"Saida de leito carrocavel";"Com Vitimas Feridas";"Plena Noite";"Decrescente";"Ceu Claro";"Multipla";"Intersecao de vias";"Sim";286324;"Automóvel";"VW/POLO 1.6";2009;"Testemunha";"Nao Informado";NA;"Nao Informado";0;0;0;0;"-27.60433502";"-48.63278833";"SR-SC";"DEL8/1";"UOP01/SC"
161100;352890;2018-09-22;"sabado";"20:00:00";"SC";101;208,2;"SAO JOSE";"Sim";"Ingestao de alcool";1;"Saida de leito carrocavel";"Com Vitimas Feridas";"Plena Noite";"Decrescente";"Ceu Claro";"Multipla";"Intersecao de vias";"Sim";286324;"Automóvel";"VW/POLO 1.6";2009;"Passageiro";"Lesoes Leves";24;"Feminino";0;1;0;0;"-27.60433502";"-48.63278833";"SR-SC";"DEL8/1";"UOP01/SC"
161100;352889;2018-09-22;"sabado";"20:00:00";"SC";101;208,2;"SAO JOSE";"Sim";"Ingestao de alcool";1;"Saida de leito carrocavel";"Com Vitimas Feridas";"Plena Noite";"Decrescente";"Ceu Claro";"Multipla";"Intersecao de vias";"Sim";286324;"Automóvel";"VW/POLO 1.6";2009;"Condutor";"Lesoes Leves";25;"Masculino";0;1;0;0;"-27.60433502";"-48.63278833";"SR-SC";"DEL8/1";"UOP01/SC"
161102;352834;2018-09-22;"sabado";"20:30:00";"DF";60;6;"BRASILIA";"Sim";"Ingestao de alcool";1;"Colisao traseira";"Sem Vitimas";"Plena Noite";"Crescente";"Ceu Claro";"Simples";"Reta";"Sim";286344;"Automóvel";"GM/CORSA WIND";1994;"Condutor";"Ileso";29;"Masculino";1;0;0;0;"-15.897939";"-48.113056";"SR-DF";"DF";"UOP03/DF"
161102;352837;2018-09-22;"sabado";"20:30:00";"DF";60;6;"BRASILIA";"Sim";"Ingestao de alcool";1;"Colisao traseira";"Sem Vitimas";"Plena Noite";"Crescente";"Ceu Claro";"Simples";"Reta";"Sim";286345;"Automóvel";"VW/GOL 1.0";2010;"Condutor";"Ileso";39;"Masculino";1;0;0;0;"-15.897939";"-48.113056";"SR-DF";"DF";"UOP03/DF"
161103;354337;2018-09-22;"sabado";"19:45:00";"ES";101;292,5;"CARIACICA";"Sim";"Ingestao de alcool";1;"Colisao traseira";"Com Vitimas Feridas";"Plena Noite";"Decrescente";"Ceu Claro";"Dupla";"Reta";"Sim";286392;"Automóvel";"VW/GOL 1.0";2003;"Passageiro";"Lesoes Leves";52;"Feminino";0;1;0;0;"-20.31149728";"-40.39511919";"SR-ES";"DEL12/1";"UOP01/ES"
161103;352838;2018-09-22;"sabado";"19:45:00";"ES";101;292,5;"CARIACICA";"Sim";"Ingestao de alcool";1;"Colisao traseira";"Com Vitimas Feridas";"Plena Noite";"Decrescente";"Ceu Claro";"Dupla";"Reta";"Sim";286391;"Caminhao";"VW/24.250 CNC 6X2";2010;"Condutor";"Ileso";45;"Masculino";1;0;0;0;"-20.31149728";"-40.39511919";"SR-ES";"DEL12/1";"UOP01/ES"
161103;352840;2018-09-22;"sabado";"19:45:00";"ES";101;292,5;"CARIACICA";"Sim";"Ingestao de alcool";1;"Colisao traseira";"Com Vitimas Feridas";"Plena Noite";"Decrescente";"Ceu Claro";"Dupla";"Reta";"Sim";286392;"Automóvel";"VW/GOL 1.0";2003;"Condutor";"Ileso";55;"Masculino";1;0;0;0;"-20.31149728";"-40.39511919";"SR-ES";"DEL12/1";"UOP01/ES"
161108;352856;2018-09-22;"sabado";"19:30:00";"MS";163;251,1;"DOURADOS";"Sim";"Ingestao de alcool";1;"Tombamento";"Com Vitimas Feridas";"Plena Noite";"Crescente";"Nublado";"Simples";"Reta";"Nao";286413;"Motocicleta";"HONDA/CG 125 FAN KS";2012;"Condutor";"Ileso";52;"Masculino";1;0;0;0;"-22.33403954";"-54.81456757";"SR-MS";"DEL3/4";"UOP01/MS"
161108;352868;2018-09-22;"sabado";"19:30:00";"MS";163;251,1;"DOURADOS";"Sim";"Ingestao de alcool";1;"Tombamento";"Com Vitimas Feridas";"Plena Noite";"Crescente";"Nublado";"Simples";"Reta";"Nao";286413;"Motocicleta";"HONDA/CG 125 FAN KS";2012;"Passageiro";"Lesoes Leves";48;"Feminino";0;1;0;0;"-22.33403954";"-54.81456757";"SR-MS";"DEL3/4";"UOP01/MS"
161111;354390;2018-09-22;"sabado";"20:45:00";"BA";407;3;"JUAZEIRO";"Nao";"Ingestao de alcool";1;"Colisao frontal";"Com Vitimas Feridas";"Plena Noite";"Decrescente";"Ceu Claro";"Simples";"Reta";"Sim";286360;"Motocicleta";"HONDA/POP100";2012;"Condutor";"Lesoes Leves";26;"Masculino";0;1;0;0;"-9.43242453";"-40.497567";"SR-PE";"DEL11/6";"UOP01/PE"
161111;354393;2018-09-22;"sabado";"20:45:00";"BA";407;3;"JUAZEIRO";"Nao";"Ingestao de alcool";1;"Colisao frontal";"Com Vitimas Feridas";"Plena Noite";"Decrescente";"Ceu Claro";"Simples";"Reta";"Sim";286361;"Motocicleta";"";NA;"Condutor";"Lesoes Graves";NA;"Masculino";0;0;1;0;"-9.43242453";"-40.497567";"SR-PE";"DEL11/6";"UOP01/PE"