"id";"pesid";"data_inversa";"dia_semana";"horario";"uf";"br";"km";"municipio";"causa_principal";"causa_acidente";"ordem_tipo_acidente";"tipo_acidente";"classificacao_acidente";"fase_dia";"sentido_via";"condicao_metereologica";"tipo_pista";"tracado_via";"uso_solo";"id_veiculo";"tipo_veiculo";"marca";"ano_fabricacao_veiculo";"tipo_envolvido";"estado_fisico";"idade";"sexo";"ilesos";"feridos_leves";"feridos_graves";"mortos";"latitude";"longitude";"regional";"delegacia";"uop"
161893;356097;2018-09-26;"quarta-feira";"23:40:00";"SC";101;122;"ITAJAI";"Sim";"Ingestao de alcool";1;"Colisao traseira";"Com Vitimas Feridas";"Plena Noite";"Decrescente";"Nublado";"Multipla";"Curva";"Sim";287785;"Caminhao";"VW/24.250 CNC 6X2";2007;"Condutor";"Ileso";23;"Masculino";1;0;0;0;"-26.9366";"-48.6987";"SR-SC";"DEL8/4";"UOP04/SC"
161893;356082;2018-09-26;"quarta-feira";"23:40:00";"SC";101;122;"ITAJAI";"Sim";"Ingestao de alcool";1;"Colisao traseira";"Com Vitimas Feridas";"Plena Noite";"Decrescente";"Nublado";"Multipla";"Curva";"Sim";287784;"Automóvel";"VW/CROSSFOX GII";2010;"Condutor";"Lesoes Leves";26;"Masculino";0;1;0;0;"-26.9366";"-48.6987";"SR-SC";"DEL8/4";"UOP04/SC"
161893;356084;2018-09-26;"quarta-feira";"23:40:00";"SC";101;122;"ITAJAI";"Sim";"Ingestao de alcool";1;"Colisao traseira";"Com Vitimas Feridas";"Plena Noite";"Decrescente";"Nublado";"Multipla";"Curva";"Sim";287784;"Automóvel";"VW/CROSSFOX GII";2010;"Passageiro";"Lesoes Leves";30;"Feminino";0;1;0;0;"-26.9366";"-48.6987";"SR-SC";"DEL8/4";"UOP04/SC"
161893;356092;2018-09-26;"quarta-feira";"23:40:00";"SC";101;122;"ITAJAI";"Sim";"Ingestao de alcool";1;"Colisao traseira";"Com Vitimas Feridas";"Plena Noite";"Decrescente";"Nublado";"Multipla";"Curva";"Sim";287784;"Automóvel";"VW/CROSSFOX GII";2010;"Passageiro";"Lesoes Leves";22;"Feminino";0;1;0;0;"-26.9366";"-48.6987";"SR-SC";"DEL8/4";"UOP04/SC"
161929;354953;2018-09-27;"quinta-feira";"06:40:00";"PR";277;2,3;"PARANAGUA";"Sim";"Ingestao de alcool";1;"Colisao traseira";"Com Vitimas Feridas";"Pleno dia";"Decrescente";"Nublado";"Dupla";"Reta";"Sim";287898;"Caminhao-trator";"SCANIA/T113 H 4X2 360";1994;"Condutor";"Ileso";28;"Masculino";1;0;0;0;"-25.54801717";"-48.54686737";"SR-PR";"DEL7/1";"UOP07/PR"
161929;355311;2018-09-27;"quinta-feira";"06:40:00";"PR";277;2,3;"PARANAGUA";"Sim";"Ingestao de alcool";1;"Colisao traseira";"Com Vitimas Feridas";"Pleno dia";"Decrescente";"Nublado";"Dupla";"Reta";"Sim";288042;"Caminhao-trator";"SCANIA/G 420 A4X2";2009;"Condutor";"Ileso";48;"Masculino";1;0;0;0;"-25.54801717";"-48.54686737";"SR-PR";"DEL7/1";"UOP07/PR"
161929;355313;2018-09-27;"quinta-feira";"06:40:00";"PR";277;2,3;"PARANAGUA";"Sim";"Ingestao de alcool";1;"Colisao traseira";"Com Vitimas Feridas";"Pleno dia";"Decrescente";"Nublado";"Dupla";"Reta";"Sim";288045;"Automóvel";"VW/VOYAGE TL MA";2015;"Condutor";"Ileso";42;"Masculino";1;0;0;0;"-25.54801717";"-48.54686737";"SR-PR";"DEL7/1";"UOP07/PR"
161929;355324;2018-09-27;"quinta-feira";"06:40:00";"PR";277;2,3;"PARANAGUA";"Sim";"Ingestao de alcool";1;"Colisao traseira";"Com Vitimas Feridas";"Pleno dia";"Decrescente";"Nublado";"Dupla";"Reta";"Sim";288048;"Automóvel";"FIAT/SIENA ESSENCE 1.6";2013;"Passageiro";"Lesoes Leves";50;"Feminino";0;1;0;0;"-25.54801717";"-48.54686737";"SR-PR";"DEL7/1";"UOP07/PR"
161929;355323;2018-09-27;"quinta-feira";"06:40:00";"PR";277;2,3;"PARANAGUA";"Sim";"Ingestao de alcool";1;"Colisao traseira";"Com Vitimas Feridas";"Pleno dia";"Decrescente";"Nublado";"Dupla";"Reta";"Sim";288048;"Automóvel";"FIAT/SIENA ESSENCE 1.6";2013;"Condutor";"Ileso";58;"Masculino";1;0;0;0;"-25.54801717";"-48.54686737";"SR-PR";"DEL7/1";"UOP07/PR"
161962;354769;2018-09-03;"segunda-feira";"21:10:00";"SP";381;48,5;"ATIBAIA";"Nao";"Ingestao de alcool e/ou substâncias psicoativas pelo pedestre";1;"Atropelamento de Pedestre";"Com Vitimas Feridas";"Plena Noite";"Crescente";"Nublado";"Dupla";"Reta";"Sim";287924;"Automóvel";"I/NISSAN MARCH 10S FLEX";2013;"Passageiro";"Ileso";24;"Feminino";1;0;0;0;"-23.1888072";"-46.5838477";"SR-SP";"DEL6/3";"UOP02/SP"
161962;354770;2018-09-03;"segunda-feira";"21:10:00";"SP";381;48,5;"ATIBAIA";"Nao";"Ingestao de alcool e/ou substâncias psicoativas pelo pedestre";1;"Atropelamento de Pedestre";"Com Vitimas Feridas";"Plena Noite";"Crescente";"Nublado";"Dupla";"Reta";"Sim";287924;"Automóvel";"I/NISSAN MARCH 10S FLEX";2013;"Condutor";"Ileso";24;"Feminino";1;0;0;0;"-23.1888072";"-46.5838477";"SR-SP";"DEL6/3";"UOP02/SP"
161962;354771;2018-09-03;"segunda-feira";"21:10:00";"SP";381;48,5;"ATIBAIA";"Nao";"Ingestao de alcool e/ou substâncias psicoativas pelo pedestre";1;"Atropelamento de Pedestre";"Com Vitimas Feridas";"Plena Noite";"Crescente";"Nublado";"Dupla";"Reta";"Sim";287924;"Automóvel";"I/NISSAN MARCH 10S FLEX";2013;"Pedestre";"Lesoes Graves";38;"Masculino";0;0;1;0;"-23.1888072";"-46.5838477";"SR-SP";"DEL6/3";"UOP02/SP"
161969;356711;2018-09-27;"quinta-feira";"11:45:00";"RO";364;706;"PORTO VELHO";"Sim";"Ingestao de alcool";1;"Colisao lateral";"Com Vitimas Feridas";"Pleno dia";"Decrescente";"Sol";"Dupla";"Curva";"Nao";289320;"Caminhao";"VW/24.280 CRM 6X2";2013;"Condutor";"Ileso";24;"Masculino";1;0;0;0;"-8.80050784";"-63.82535219";"SR-RO";"DEL21/1";"UOP01/RO"
161969;356713;2018-09-27;"quinta-feira";"11:45:00";"RO";364;706;"PORTO VELHO";"Sim";"Ingestao de alcool";1;"Colisao lateral";"Com Vitimas Feridas";"Pleno dia";"Decrescente";"Sol";"Dupla";"Curva";"Nao";289327;"Automóvel";"CHEVROLET/CLASSIC LS";2012;"Condutor";"Lesoes Leves";47;"Masculino";0;1;0;0;"-8.80050784";"-63.82535219";"SR-RO";"DEL21/1";"UOP01/RO"
161969;356714;2018-09-27;"quinta-feira";"11:45:00";"RO";364;706;"PORTO VELHO";"Sim";"Ingestao de alcool";1;"Colisao lateral";"Com Vitimas Feridas";"Pleno dia";"Decrescente";"Sol";"Dupla";"Curva";"Nao";289327;"Automóvel";"CHEVROLET/CLASSIC LS";2012;"Passageiro";"Lesoes Leves";49;"Masculino";0;1;0;0;"-8.80050784";"-63.82535219";"SR-RO";"DEL21/1";"UOP01/RO"
161984;354838;2018-09-23;"domingo";"21:30:00";"PA";316;2;"ANANINDEUA";"Sim";"Ingestao de alcool";1;"Colisao transversal";"Com Vitimas Feridas";"Plena Noite";"Crescente";"Ceu Claro";"Dupla";"Reta";"Sim";287965;"Automóvel";"FIAT/PALIO ELX FLEX";2006;"Condutor";"Ileso";42;"Masculino";1;0;0;0;"-1.39792518";"-48.42400074";"SR-PA";"DEL19/1";"UOP01/PA"
161984;354839;2018-09-23;"domingo";"21:30:00";"PA";316;2;"ANANINDEUA";"Sim";"Ingestao de alcool";1;"Colisao transversal";"Com Vitimas Feridas";"Plena Noite";"Crescente";"Ceu Claro";"Dupla";"Reta";"Sim";287966;"Motocicleta";"HONDA/CG 125 TITAN KS";2003;"Condutor";"Lesoes Leves";59;"Masculino";0;1;0;0;"-1.39792518";"-48.42400074";"SR-PA";"DEL19/1";"UOP01/PA"
162005;356508;2018-09-27;"quinta-feira";"15:30:00";"PR";369;156;"LONDRINA";"Nao";"Ingestao de alcool";1;"Colisao traseira";"Sem Vitimas";"Pleno dia";"Crescente";"Ceu Claro";"Dupla";"Reta";"Sim";287984;"Automóvel";"FIAT/PALIO EDX";1998;"Condutor";"Ileso";72;"Masculino";1;0;0;0;"-23.29137694";"-51.21748832";"SR-PR";"DEL7/7";"UOP01/PR"
162005;356510;2018-09-27;"quinta-feira";"15:30:00";"PR";369;156;"LONDRINA";"Nao";"Ingestao de alcool";1;"Colisao traseira";"Sem Vitimas";"Pleno dia";"Crescente";"Ceu Claro";"Dupla";"Reta";"Sim";287985;"Automóvel";"VW/GOL 1.0 GIV";2012;"Condutor";"Ileso";36;"Masculino";1;0;0;0;"-23.29137694";"-51.21748832";"SR-PR";"DEL7/7";"UOP01/PR"
162005;357037;2018-09-27;"quinta-feira";"15:30:00";"PR";369;156;"LONDRINA";"Nao";"Ingestao de alcool";1;"Colisao traseira";"Sem Vitimas";"Pleno dia";"Crescente";"Ceu Claro";"Dupla";"Reta";"Sim";287985;"Automóvel";"VW/GOL 1.0 GIV";2012;"Testemunha";"Nao Informado";NA;"Nao Informado";0;0;0;0;"-23.29137694";"-51.21748832";"SR-PR";"DEL7/7";"UOP01/PR"
162016;354951;2018-09-27;"quinta-feira";"18:30:00";"ES";101;258,4;"SERRA";"Sim";"Ingestao de alcool";1;"Atropelamento de Pedestre";"Com Vitimas Feridas";"Plena Noite";"Decrescente";"Ceu Claro";"Simples";"Intersecao de vias";"Sim";288062;"Automóvel";"";NA;"Condutor";"Ileso";NA;"Masculino";1;0;0;0;"-20.13418927";"-40.2927044";"SR-ES";"DEL12/2";"UOP01/ES"
162016;354954;2018-09-27;"quinta-feira";"18:30:00";"ES";101;258,4;"SERRA";"Sim";"Ingestao de alcool";1;"Atropelamento de Pedestre";"Com Vitimas Feridas";"Plena Noite";"Decrescente";"Ceu Claro";"Simples";"Intersecao de vias";"Sim";288062;"Automóvel";"";NA;"Pedestre";"Lesoes Leves";61;"Masculino";0;1;0;0;"-20.13418927";"-40.2927044";"SR-ES";"DEL12/2";"UOP01/ES"
162131;355175;2018-04-08;"domingo";"05:00:00";"PE";428;190,8;"PETROLINA";"Sim";"Ingestao de alcool";1;"Atropelamento de Pedestre";"Com Vitimas Feridas";"Amanhecer";"Crescente";"Chuva";"Simples";"Reta";"Sim";288248;"Automóvel";"";NA;"Condutor";"Nao Informado";NA;"Nao Informado";0;0;0;0;"-9.372067";"-40.486843";"SR-PE";"DEL11/6";"UOP01/PE"
162131;355176;2018-04-08;"domingo";"05:00:00";"PE";428;190,8;"PETROLINA";"Sim";"Ingestao de alcool";1;"Atropelamento de Pedestre";"Com Vitimas Feridas";"Amanhecer";"Crescente";"Chuva";"Simples";"Reta";"Sim";288248;"Automóvel";"";NA;"Pedestre";"Lesoes Leves";52;"Masculino";0;1;0;0;"-9.372067";"-40.486843";"SR-PE";"DEL11/6";"UOP01/PE"
162131;355174;2018-04-08;"domingo";"05:00:00";"PE";428;190,8;"PETROLINA";"Sim";"Ingestao de alcool";1;"Atropelamento de Pedestre";"Com Vitimas Feridas";"Amanhecer";"Crescente";"Chuva";"Simples";"Reta";"Sim";288248;"Automóvel";"";NA;"Pedestre";"Lesoes Leves";40;"Masculino";0;1;0;0;"-9.372067";"-40.486843";"SR-PE";"DEL11/6";"UOP01/PE"
162149;355280;2018-09-28;"sexta-feira";"13:10:00";"RN";110;118;"AUGUSTO SEVERO";"Sim";"Ingestao de alcool";1;"Colisao com objeto estatico";"Sem Vitimas";"Pleno dia";"Crescente";"Ceu Claro";"Simples";"Reta";"Nao";288329;"Automóvel";"FIAT/UNO MILLE EP";1996;"Condutor";"Ileso";40;"Masculino";1;0;0;0;"-5.799626";"-37.29681";"SR-RN";"DEL15/4";"UOP01/RN"
162152;355501;2018-09-28;"sexta-feira";"13:55:00";"PR";277;595;"CASCAVEL";"Sim";"Ingestao de alcool";1;"Colisao traseira";"Com Vitimas Feridas";"Pleno dia";"Decrescente";"Ceu Claro";"Dupla";"Reta";"Sim";288529;"Automóvel";"FIAT/PALIO FIRE ECONOMY";2010;"Condutor";"Ileso";27;"Masculino";1;0;0;0;"-24.983974";"-53.5031088";"SR-PR";"DEL7/4";"UOP01/PR"
162152;355503;2018-09-28;"sexta-feira";"13:55:00";"PR";277;595;"CASCAVEL";"Sim";"Ingestao de alcool";1;"Colisao traseira";"Com Vitimas Feridas";"Pleno dia";"Decrescente";"Ceu Claro";"Dupla";"Reta";"Sim";288529;"Automóvel";"FIAT/PALIO FIRE ECONOMY";2010;"Passageiro";"Lesoes Leves";28;"Masculino";0;1;0;0;"-24.983974";"-53.5031088";"SR-PR";"DEL7/4";"UOP01/PR"
162152;355504;2018-09-28;"sexta-feira";"13:55:00";"PR";277;595;"CASCAVEL";"Sim";"Ingestao de alcool";1;"Colisao traseira";"Com Vitimas Feridas";"Pleno dia";"Decrescente";"Ceu Claro";"Dupla";"Reta";"Sim";288530;"Caminhonete";"CHEVROLET/S10 LT DD2";2014;"Condutor";"Ileso";33;"Masculino";1;0;0;0;"-24.983974";"-53.5031088";"SR-PR";"DEL7/4";"UOP01/PR"
162167;355521;2018-09-28;"sexta-feira";"16:05:00";"PR";376;509,4;"PONTA GROSSA";"Sim";"Ingestao de alcool";1;"Colisao traseira";"Com Vitimas Feridas";"Pleno dia";"Crescente";"Sol";"Dupla";"Reta";"Nao";288468;"Automóvel";"GM/PRISMA MAXX";2009;"Passageiro";"Lesoes Leves";25;"Feminino";0;1;0;0;"-25.21701865";"-50.05975486";"SR-PR";"DEL7/3";"UOP03/PR"
162167;355522;2018-09-28;"sexta-feira";"16:05:00";"PR";376;509,4;"PONTA GROSSA";"Sim";"Ingestao de alcool";1;"Colisao traseira";"Com Vitimas Feridas";"Pleno dia";"Crescente";"Sol";"Dupla";"Reta";"Nao";288468;"Automóvel";"GM/PRISMA MAXX";2009;"Passageiro";"Lesoes Leves";19;"Feminino";0;1;0;0;"-25.21701865";"-50.05975486";"SR-PR";"DEL7/3";"UOP03/PR"
162167;355525;2018-09-28;"sexta-feira";"16:05:00";"PR";376;509,4;"PONTA GROSSA";"Sim";"Ingestao de alcool";1;"Colisao traseira";"Com Vitimas Feridas";"Pleno dia";"Crescente";"Sol";"Dupla";"Reta";"Nao";288470;"Caminhonete";"VW/KOMBI FURGAO";2010;"Condutor";"Ileso";30;"Masculino";1;0;0;0;"-25.21701865";"-50.05975486";"SR-PR";"DEL7/3";"UOP03/PR"
162167;355524;2018-09-28;"sexta-feira";"16:05:00";"PR";376;509,4;"PONTA GROSSA";"Sim";"Ingestao de alcool";1;"Colisao traseira";"Com Vitimas Feridas";"Pleno dia";"Crescente";"Sol";"Dupla";"Reta";"Nao";288468;"Automóvel";"GM/PRISMA MAXX";2009;"Condutor";"Lesoes Leves";26;"Masculino";0;1;0;0;"-25.21701865";"-50.05975486";"SR-PR";"DEL7/3";"UOP03/PR"
162194;355392;2018-09-28;"sexta-feira";"18:15:00";"PE";423;84;"SAO JOAO";"Sim";"Ingestao de alcool";1;"Queda de ocupante de veiculo";"Com Vitimas Fatais";"Plena Noite";"Crescente";"Ceu Claro";"Simples";"Nao Informado";"Nao";288425;"Motoneta";"HONDA/LEAD 110";2009;"Condutor";"Óbito";75;"Masculino";0;0;0;1;"-8.79828";"-36.438";"SR-PE";"DEL11/3";"UOP01/PE"
162195;356365;2018-09-28;"sexta-feira";"18:00:00";"MG";116;209,3;"CATUJI";"Sim";"Ingestao de alcool";1;"Colisao lateral";"Com Vitimas Feridas";"Anoitecer";"Crescente";"Ceu Claro";"Simples";"Reta";"Sim";289233;"Bicicleta";"";NA;"Condutor";"Lesoes Leves";19;"Feminino";0;1;0;0;"-17.30311562";"-41.51630402";"SR-MG";"DEL4/11";"UOP01/MG"
162195;356364;2018-09-28;"sexta-feira";"18:00:00";"MG";116;209,3;"CATUJI";"Sim";"Ingestao de alcool";1;"Colisao lateral";"Com Vitimas Feridas";"Anoitecer";"Crescente";"Ceu Claro";"Simples";"Reta";"Sim";288525;"Motocicleta";"HONDA/CG 125 FAN";2005;"Condutor";"Lesoes Leves";16;"Masculino";0;1;0;0;"-17.30311562";"-41.51630402";"SR-MG";"DEL4/11";"UOP01/MG"
162268;356840;2018-09-28;"sexta-feira";"23:40:00";"SC";101;198,7;"BIGUACU";"Sim";"Ingestao de alcool";1;"Saida de leito carrocavel";"Sem Vitimas";"Plena Noite";"Crescente";"Chuva";"Dupla";"Reta";"Sim";288520;"Automóvel";"GM/CORSA SUPER";1996;"Condutor";"Ileso";59;"Masculino";1;0;0;0;"-27.5341";"-48.6298";"SR-SC";"DEL8/1";"UOP01/SC"
162269;356155;2018-09-28;"sexta-feira";"22:00:00";"BA";101;856,5;"TEIXEIRA DE FREITAS";"Nao";"Ingestao de alcool";1;"Colisao frontal";"Com Vitimas Feridas";"Plena Noite";"Crescente";"Ceu Claro";"Simples";"Curva";"Nao";289036;"Caminhonete";"PEUGEOT/HOGGAR ESCAPADE";2010;"Condutor";"Lesoes Leves";67;"Masculino";0;1;0;0;"-17.3686";"-39.65";"SR-BA";"DEL10/9";"UOP03/BA"
162269;356156;2018-09-28;"sexta-feira";"22:00:00";"BA";101;856,5;"TEIXEIRA DE FREITAS";"Nao";"Ingestao de alcool";1;"Colisao frontal";"Com Vitimas Feridas";"Plena Noite";"Crescente";"Ceu Claro";"Simples";"Curva";"Nao";289036;"Caminhonete";"PEUGEOT/HOGGAR ESCAPADE";2010;"Passageiro";"Ileso";46;"Masculino";1;0;0;0;"-17.3686";"-39.65";"SR-BA";"DEL10/9";"UOP03/BA"
162269;356157;2018-09-28;"sexta-feira";"22:00:00";"BA";101;856,5;"TEIXEIRA DE FREITAS";"Nao";"Ingestao de alcool";1;"Colisao frontal";"Com Vitimas Feridas";"Plena Noite";"Crescente";"Ceu Claro";"Simples";"Curva";"Nao";289046;"Caminhonete";"VW/NOVA SAVEIRO CS";2013;"Condutor";"Ileso";24;"Masculino";1;0;0;0;"-17.3686";"-39.65";"SR-BA";"DEL10/9";"UOP03/BA"
162282;356611;2018-09-29;"sabado";"03:05:00";"SP";116;67,8;"APARECIDA";"Sim";"Ingestao de alcool";1;"Saida de leito carrocavel";"Sem Vitimas";"Plena Noite";"Decrescente";"Ceu Claro";"Dupla";"Reta";"Sim";288569;"Automóvel";"VW/GOL MI";1997;"Condutor";"Ileso";36;"Masculino";1;0;0;0;"-22.83206062";"-45.21526416";"SR-SP";"DEL6/8";"UOP02/SP"
162286;356021;2018-09-28;"sexta-feira";"23:25:00";"MT";364;0,2;"ALTO ARAGUAIA";"Sim";"Ingestao de alcool";1;"Colisao lateral";"Sem Vitimas";"Plena Noite";"Decrescente";"Ceu Claro";"Dupla";"Reta";"Sim";288533;"Caminhonete";"I/TOYOTA HILUX CDSRXA4FD";2016;"Condutor";"Ileso";63;"Masculino";1;0;0;0;"-17.31871";"-53.211903";"SR-MT";"DEL2/2";"UOP04/MT"
162286;356023;2018-09-28;"sexta-feira";"23:25:00";"MT";364;0,2;"ALTO ARAGUAIA";"Sim";"Ingestao de alcool";1;"Colisao lateral";"Sem Vitimas";"Plena Noite";"Decrescente";"Ceu Claro";"Dupla";"Reta";"Sim";288534;"Ônibus";"M.BENZ/COMIL CAMPIONE DD";2017;"Condutor";"Ileso";58;"Masculino";1;0;0;0;"-17.31871";"-53.211903";"SR-MT";"DEL2/2";"UOP04/MT"
162288;357046;2018-09-29;"sabado";"03:45:00";"SC";101;213,5;"PALHOCA";"Nao";"Ingestao de alcool";1;"Colisao com objeto estatico";"Com Vitimas Feridas";"Plena Noite";"Crescente";"Nublado";"Dupla";"Reta";"Sim";288542;"Caminhonete";"VW/KOMBI FURGAO";2007;"Condutor";"Lesoes Graves";58;"Masculino";0;0;1;0;"-27.6446";"-48.6705";"SR-SC";"DEL8/1";"UOP02/SC"
162288;357060;2018-09-29;"sabado";"03:45:00";"SC";101;213,5;"PALHOCA";"Nao";"Ingestao de alcool";1;"Colisao com objeto estatico";"Com Vitimas Feridas";"Plena Noite";"Crescente";"Nublado";"Dupla";"Reta";"Sim";288544;"Automóvel";"I/RENAULT SYMBOL EXPR 16";2009;"Condutor";"Ileso";33;"Masculino";1;0;0;0;"-27.6446";"-48.6705";"SR-SC";"DEL8/1";"UOP02/SC"
162288;357055;2018-09-29;"sabado";"03:45:00";"SC";101;213,5;"PALHOCA";"Nao";"Ingestao de alcool";1;"Colisao com objeto estatico";"Com Vitimas Feridas";"Plena Noite";"Crescente";"Nublado";"Dupla";"Reta";"Sim";288543;"Automóvel";"VW/GOL CITY MB";2014;"Condutor";"Lesoes Leves";30;"Feminino";0;1;0;0;"-27.6446";"-48.6705";"SR-SC";"DEL8/1";"UOP02/SC"
162288;357161;2018-09-29;"sabado";"03:45:00";"SC";101;213,5;"PALHOCA";"Nao";"Ingestao de alcool";1;"Colisao com objeto estatico";"Com Vitimas Feridas";"Plena Noite";"Crescente";"Nublado";"Dupla";"Reta";"Sim";288544;"Automóvel";"I/RENAULT SYMBOL EXPR 16";2009;"Passageiro";"Lesoes Graves";47;"Masculino";0;0;1;0;"-27.6446";"-48.6705";"SR-SC";"DEL8/1";"UOP02/SC"
162306;356812;2018-09-29;"sabado";"06:15:00";"RO";364;311,9;"PRESIDENTE MEDICI";"Sim";"Ingestao de alcool";1;"Colisao frontal";"Com Vitimas Fatais";"Amanhecer";"Decrescente";"Chuva";"Simples";"Reta";"Nao";289573;"Automóvel";"HYUNDAI/HB20S 1.6M COMF";2014;"Condutor";"Óbito";28;"Masculino";0;0;0;1;"-11.13719769";"-61.90128297";"SR-RO";"DEL21/2";"UOP01/RO"
162306;356816;2018-09-29;"sabado";"06:15:00";"RO";364;311,9;"PRESIDENTE MEDICI";"Sim";"Ingestao de alcool";1;"Colisao frontal";"Com Vitimas Fatais";"Amanhecer";"Decrescente";"Chuva";"Simples";"Reta";"Nao";289573;"Automóvel";"HYUNDAI/HB20S 1.6M COMF";2014;"Passageiro";"Óbito";19;"Feminino";0;0;0;1;"-11.13719769";"-61.90128297";"SR-RO";"DEL21/2";"UOP01/RO"
162306;356820;2018-09-29;"sabado";"06:15:00";"RO";364;311,9;"PRESIDENTE MEDICI";"Sim";"Ingestao de alcool";1;"Colisao frontal";"Com Vitimas Fatais";"Amanhecer";"Decrescente";"Chuva";"Simples";"Reta";"Nao";289573;"Automóvel";"HYUNDAI/HB20S 1.6M COMF";2014;"Passageiro";"Óbito";41;"Masculino";0;0;0;1;"-11.13719769";"-61.90128297";"SR-RO";"DEL21/2";"UOP01/RO"
162306;356877;2018-09-29;"sabado";"06:15:00";"RO";364;311,9;"PRESIDENTE MEDICI";"Sim";"Ingestao de alcool";1;"Colisao frontal";"Com Vitimas Fatais";"Amanhecer";"Decrescente";"Chuva";"Simples";"Reta";"Nao";289619;"Ônibus";"MBENZ/MPOLO PARADISO LD";2016;"Passageiro";"Ileso";45;"Masculino";1;0;0;0;"-11.13719769";"-61.90128297";"SR-RO";"DEL21/2";"UOP01/RO"
162306;356876;2018-09-29;"sabado";"06:15:00";"RO";364;311,9;"PRESIDENTE MEDICI";"Sim";"Ingestao de alcool";1;"Colisao frontal";"Com Vitimas Fatais";"Amanhecer";"Decrescente";"Chuva";"Simples";"Reta";"Nao";289619;"Ônibus";"MBENZ/MPOLO PARADISO LD";2016;"Condutor";"Lesoes Graves";38;"Masculino";0;0;1;0;"-11.13719769";"-61.90128297";"SR-RO";"DEL21/2";"UOP01/RO"
162306;356886;2018-09-29;"sabado";"06:15:00";"RO";364;311,9;"PRESIDENTE MEDICI";"Sim";"Ingestao de alcool";1;"Colisao frontal";"Com Vitimas Fatais";"Amanhecer";"Decrescente";"Chuva";"Simples";"Reta";"Nao";289619;"Ônibus";"MBENZ/MPOLO PARADISO LD";2016;"Passageiro";"Lesoes Graves";51;"Feminino";0;0;1;0;"-11.13719769";"-61.90128297";"SR-RO";"DEL21/2";"UOP01/RO"
162306;356882;2018-09-29;"sabado";"06:15:00";"RO";364;311,9;"PRESIDENTE MEDICI";"Sim";"Ingestao de alcool";1;"Colisao frontal";"Com Vitimas Fatais";"Amanhecer";"Decrescente";"Chuva";"Simples";"Reta";"Nao";289619;"Ônibus";"MBENZ/MPOLO PARADISO LD";2016;"Passageiro";"Lesoes Leves";79;"Masculino";0;1;0;0;"-11.13719769";"-61.90128297";"SR-RO";"DEL21/2";"UOP01/RO"
162306;356895;2018-09-29;"sabado";"06:15:00";"RO";364;311,9;"PRESIDENTE MEDICI";"Sim";"Ingestao de alcool";1;"Colisao frontal";"Com Vitimas Fatais";"Amanhecer";"Decrescente";"Chuva";"Simples";"Reta";"Nao";289619;"Ônibus";"MBENZ/MPOLO PARADISO LD";2016;"Passageiro";"Ileso";NA;"Feminino";1;0;0;0;"-11.13719769";"-61.90128297";"SR-RO";"DEL21/2";"UOP01/RO"
162306;356890;2018-09-29;"sabado";"06:15:00";"RO";364;311,9;"PRESIDENTE MEDICI";"Sim";"Ingestao de alcool";1;"Colisao frontal";"Com Vitimas Fatais";"Amanhecer";"Decrescente";"Chuva";"Simples";"Reta";"Nao";289619;"Ônibus";"MBENZ/MPOLO PARADISO LD";2016;"Passageiro";"Ileso";NA;"Feminino";1;0;0;0;"-11.13719769";"-61.90128297";"SR-RO";"DEL21/2";"UOP01/RO"
162306;356891;2018-09-29;"sabado";"06:15:00";"RO";364;311,9;"PRESIDENTE MEDICI";"Sim";"Ingestao de alcool";1;"Colisao frontal";"Com Vitimas Fatais";"Amanhecer";"Decrescente";"Chuva";"Simples";"Reta";"Nao";289619;"Ônibus";"MBENZ/MPOLO PARADISO LD";2016;"Passageiro";"Ileso";NA;"Feminino";1;0;0;0;"-11.13719769";"-61.90128297";"SR-RO";"DEL21/2";"UOP01/RO"
162306;356892;2018-09-29;"sabado";"06:15:00";"RO";364;311,9;"PRESIDENTE MEDICI";"Sim";"Ingestao de alcool";1;"Colisao frontal";"Com Vitimas Fatais";"Amanhecer";"Decrescente";"Chuva";"Simples";"Reta";"Nao";289619;"Ônibus";"MBENZ/MPOLO PARADISO LD";2016;"Passageiro";"Ileso";NA;"Masculino";1;0;0;0;"-11.13719769";"-61.90128297";"SR-RO";"DEL21/2";"UOP01/RO"
162306;356893;2018-09-29;"sabado";"06:15:00";"RO";364;311,9;"PRESIDENTE MEDICI";"Sim";"Ingestao de alcool";1;"Colisao frontal";"Com Vitimas Fatais";"Amanhecer";"Decrescente";"Chuva";"Simples";"Reta";"Nao";289619;"Ônibus";"MBENZ/MPOLO PARADISO LD";2016;"Passageiro";"Ileso";NA;"Masculino";1;0;0;0;"-11.13719769";"-61.90128297";"SR-RO";"DEL21/2";"UOP01/RO"
162306;356894;2018-09-29;"sabado";"06:15:00";"RO";364;311,9;"PRESIDENTE MEDICI";"Sim";"Ingestao de alcool";1;"Colisao frontal";"Com Vitimas Fatais";"Amanhecer";"Decrescente";"Chuva";"Simples";"Reta";"Nao";289619;"Ônibus";"MBENZ/MPOLO PARADISO LD";2016;"Passageiro";"Ileso";NA;"Feminino";1;0;0;0;"-11.13719769";"-61.90128297";"SR-RO";"DEL21/2";"UOP01/RO"
162306;356896;2018-09-29;"sabado";"06:15:00";"RO";364;311,9;"PRESIDENTE MEDICI";"Sim";"Ingestao de alcool";1;"Colisao frontal";"Com Vitimas Fatais";"Amanhecer";"Decrescente";"Chuva";"Simples";"Reta";"Nao";289619;"Ônibus";"MBENZ/MPOLO PARADISO LD";2016;"Passageiro";"Ileso";NA;"Feminino";1;0;0;0;"-11.13719769";"-61.90128297";"SR-RO";"DEL21/2";"UOP01/RO"