"id";"pesid";"data_inversa";"dia_semana";"horario";"uf";"br";"km";"municipio";"causa_principal";"causa_acidente";"ordem_tipo_acidente";"tipo_acidente";"classificacao_acidente";"fase_dia";"sentido_via";"condicao_metereologica";"tipo_pista";"tracado_via";"uso_solo";"id_veiculo";"tipo_veiculo";"marca";"ano_fabricacao_veiculo";"tipo_envolvido";"estado_fisico";"idade";"sexo";"ilesos";"feridos_leves";"feridos_graves";"mortos";"latitude";"longitude";"regional";"delegacia";"uop"
162306;356898;2018-09-29;"sabado";"06:15:00";"RO";364;311,9;"PRESIDENTE MEDICI";"Sim";"Ingestao de alcool";1;"Colisao frontal";"Com Vitimas Fatais";"Amanhecer";"Decrescente";"Chuva";"Simples";"Reta";"Nao";289619;"Ônibus";"MBENZ/MPOLO PARADISO LD";2016;"Passageiro";"Ileso";NA;"Masculino";1;0;0;0;"-11.13719769";"-61.90128297";"SR-RO";"DEL21/2";"UOP01/RO"
162306;356899;2018-09-29;"sabado";"06:15:00";"RO";364;311,9;"PRESIDENTE MEDICI";"Sim";"Ingestao de alcool";1;"Colisao frontal";"Com Vitimas Fatais";"Amanhecer";"Decrescente";"Chuva";"Simples";"Reta";"Nao";289619;"Ônibus";"MBENZ/MPOLO PARADISO LD";2016;"Passageiro";"Ileso";NA;"Feminino";1;0;0;0;"-11.13719769";"-61.90128297";"SR-RO";"DEL21/2";"UOP01/RO"
162306;356901;2018-09-29;"sabado";"06:15:00";"RO";364;311,9;"PRESIDENTE MEDICI";"Sim";"Ingestao de alcool";1;"Colisao frontal";"Com Vitimas Fatais";"Amanhecer";"Decrescente";"Chuva";"Simples";"Reta";"Nao";289619;"Ônibus";"MBENZ/MPOLO PARADISO LD";2016;"Passageiro";"Ileso";NA;"Masculino";1;0;0;0;"-11.13719769";"-61.90128297";"SR-RO";"DEL21/2";"UOP01/RO"
162306;356902;2018-09-29;"sabado";"06:15:00";"RO";364;311,9;"PRESIDENTE MEDICI";"Sim";"Ingestao de alcool";1;"Colisao frontal";"Com Vitimas Fatais";"Amanhecer";"Decrescente";"Chuva";"Simples";"Reta";"Nao";289619;"Ônibus";"MBENZ/MPOLO PARADISO LD";2016;"Passageiro";"Ileso";NA;"Masculino";1;0;0;0;"-11.13719769";"-61.90128297";"SR-RO";"DEL21/2";"UOP01/RO"
162306;356904;2018-09-29;"sabado";"06:15:00";"RO";364;311,9;"PRESIDENTE MEDICI";"Sim";"Ingestao de alcool";1;"Colisao frontal";"Com Vitimas Fatais";"Amanhecer";"Decrescente";"Chuva";"Simples";"Reta";"Nao";289619;"Ônibus";"MBENZ/MPOLO PARADISO LD";2016;"Passageiro";"Ileso";NA;"Feminino";1;0;0;0;"-11.13719769";"-61.90128297";"SR-RO";"DEL21/2";"UOP01/RO"
162306;356908;2018-09-29;"sabado";"06:15:00";"RO";364;311,9;"PRESIDENTE MEDICI";"Sim";"Ingestao de alcool";1;"Colisao frontal";"Com Vitimas Fatais";"Amanhecer";"Decrescente";"Chuva";"Simples";"Reta";"Nao";289619;"Ônibus";"MBENZ/MPOLO PARADISO LD";2016;"Passageiro";"Ileso";NA;"Masculino";1;0;0;0;"-11.13719769";"-61.90128297";"SR-RO";"DEL21/2";"UOP01/RO"
162306;356911;2018-09-29;"sabado";"06:15:00";"RO";364;311,9;"PRESIDENTE MEDICI";"Sim";"Ingestao de alcool";1;"Colisao frontal";"Com Vitimas Fatais";"Amanhecer";"Decrescente";"Chuva";"Simples";"Reta";"Nao";289619;"Ônibus";"MBENZ/MPOLO PARADISO LD";2016;"Passageiro";"Ileso";NA;"Feminino";1;0;0;0;"-11.13719769";"-61.90128297";"SR-RO";"DEL21/2";"UOP01/RO"
162306;356913;2018-09-29;"sabado";"06:15:00";"RO";364;311,9;"PRESIDENTE MEDICI";"Sim";"Ingestao de alcool";1;"Colisao frontal";"Com Vitimas Fatais";"Amanhecer";"Decrescente";"Chuva";"Simples";"Reta";"Nao";289619;"Ônibus";"MBENZ/MPOLO PARADISO LD";2016;"Passageiro";"Ileso";NA;"Masculino";1;0;0;0;"-11.13719769";"-61.90128297";"SR-RO";"DEL21/2";"UOP01/RO"
162306;356914;2018-09-29;"sabado";"06:15:00";"RO";364;311,9;"PRESIDENTE MEDICI";"Sim";"Ingestao de alcool";1;"Colisao frontal";"Com Vitimas Fatais";"Amanhecer";"Decrescente";"Chuva";"Simples";"Reta";"Nao";289619;"Ônibus";"MBENZ/MPOLO PARADISO LD";2016;"Passageiro";"Ileso";NA;"Masculino";1;0;0;0;"-11.13719769";"-61.90128297";"SR-RO";"DEL21/2";"UOP01/RO"
162306;356918;2018-09-29;"sabado";"06:15:00";"RO";364;311,9;"PRESIDENTE MEDICI";"Sim";"Ingestao de alcool";1;"Colisao frontal";"Com Vitimas Fatais";"Amanhecer";"Decrescente";"Chuva";"Simples";"Reta";"Nao";289619;"Ônibus";"MBENZ/MPOLO PARADISO LD";2016;"Passageiro";"Ileso";NA;"Masculino";1;0;0;0;"-11.13719769";"-61.90128297";"SR-RO";"DEL21/2";"UOP01/RO"
162306;356919;2018-09-29;"sabado";"06:15:00";"RO";364;311,9;"PRESIDENTE MEDICI";"Sim";"Ingestao de alcool";1;"Colisao frontal";"Com Vitimas Fatais";"Amanhecer";"Decrescente";"Chuva";"Simples";"Reta";"Nao";289619;"Ônibus";"MBENZ/MPOLO PARADISO LD";2016;"Passageiro";"Ileso";NA;"Masculino";1;0;0;0;"-11.13719769";"-61.90128297";"SR-RO";"DEL21/2";"UOP01/RO"
162306;356920;2018-09-29;"sabado";"06:15:00";"RO";364;311,9;"PRESIDENTE MEDICI";"Sim";"Ingestao de alcool";1;"Colisao frontal";"Com Vitimas Fatais";"Amanhecer";"Decrescente";"Chuva";"Simples";"Reta";"Nao";289619;"Ônibus";"MBENZ/MPOLO PARADISO LD";2016;"Passageiro";"Ileso";NA;"Masculino";1;0;0;0;"-11.13719769";"-61.90128297";"SR-RO";"DEL21/2";"UOP01/RO"
162306;356921;2018-09-29;"sabado";"06:15:00";"RO";364;311,9;"PRESIDENTE MEDICI";"Sim";"Ingestao de alcool";1;"Colisao frontal";"Com Vitimas Fatais";"Amanhecer";"Decrescente";"Chuva";"Simples";"Reta";"Nao";289619;"Ônibus";"MBENZ/MPOLO PARADISO LD";2016;"Passageiro";"Ileso";NA;"Feminino";1;0;0;0;"-11.13719769";"-61.90128297";"SR-RO";"DEL21/2";"UOP01/RO"
162306;356922;2018-09-29;"sabado";"06:15:00";"RO";364;311,9;"PRESIDENTE MEDICI";"Sim";"Ingestao de alcool";1;"Colisao frontal";"Com Vitimas Fatais";"Amanhecer";"Decrescente";"Chuva";"Simples";"Reta";"Nao";289619;"Ônibus";"MBENZ/MPOLO PARADISO LD";2016;"Passageiro";"Ileso";NA;"Masculino";1;0;0;0;"-11.13719769";"-61.90128297";"SR-RO";"DEL21/2";"UOP01/RO"
162306;356924;2018-09-29;"sabado";"06:15:00";"RO";364;311,9;"PRESIDENTE MEDICI";"Sim";"Ingestao de alcool";1;"Colisao frontal";"Com Vitimas Fatais";"Amanhecer";"Decrescente";"Chuva";"Simples";"Reta";"Nao";289619;"Ônibus";"MBENZ/MPOLO PARADISO LD";2016;"Passageiro";"Ileso";NA;"Masculino";1;0;0;0;"-11.13719769";"-61.90128297";"SR-RO";"DEL21/2";"UOP01/RO"
162306;356925;2018-09-29;"sabado";"06:15:00";"RO";364;311,9;"PRESIDENTE MEDICI";"Sim";"Ingestao de alcool";1;"Colisao frontal";"Com Vitimas Fatais";"Amanhecer";"Decrescente";"Chuva";"Simples";"Reta";"Nao";289619;"Ônibus";"MBENZ/MPOLO PARADISO LD";2016;"Passageiro";"Ileso";NA;"Feminino";1;0;0;0;"-11.13719769";"-61.90128297";"SR-RO";"DEL21/2";"UOP01/RO"
162306;356927;2018-09-29;"sabado";"06:15:00";"RO";364;311,9;"PRESIDENTE MEDICI";"Sim";"Ingestao de alcool";1;"Colisao frontal";"Com Vitimas Fatais";"Amanhecer";"Decrescente";"Chuva";"Simples";"Reta";"Nao";289619;"Ônibus";"MBENZ/MPOLO PARADISO LD";2016;"Passageiro";"Ileso";NA;"Masculino";1;0;0;0;"-11.13719769";"-61.90128297";"SR-RO";"DEL21/2";"UOP01/RO"
162306;356929;2018-09-29;"sabado";"06:15:00";"RO";364;311,9;"PRESIDENTE MEDICI";"Sim";"Ingestao de alcool";1;"Colisao frontal";"Com Vitimas Fatais";"Amanhecer";"Decrescente";"Chuva";"Simples";"Reta";"Nao";289619;"Ônibus";"MBENZ/MPOLO PARADISO LD";2016;"Passageiro";"Ileso";NA;"Feminino";1;0;0;0;"-11.13719769";"-61.90128297";"SR-RO";"DEL21/2";"UOP01/RO"
162306;356932;2018-09-29;"sabado";"06:15:00";"RO";364;311,9;"PRESIDENTE MEDICI";"Sim";"Ingestao de alcool";1;"Colisao frontal";"Com Vitimas Fatais";"Amanhecer";"Decrescente";"Chuva";"Simples";"Reta";"Nao";289619;"Ônibus";"MBENZ/MPOLO PARADISO LD";2016;"Passageiro";"Ileso";NA;"Feminino";1;0;0;0;"-11.13719769";"-61.90128297";"SR-RO";"DEL21/2";"UOP01/RO"
162306;356933;2018-09-29;"sabado";"06:15:00";"RO";364;311,9;"PRESIDENTE MEDICI";"Sim";"Ingestao de alcool";1;"Colisao frontal";"Com Vitimas Fatais";"Amanhecer";"Decrescente";"Chuva";"Simples";"Reta";"Nao";289619;"Ônibus";"MBENZ/MPOLO PARADISO LD";2016;"Passageiro";"Ileso";NA;"Feminino";1;0;0;0;"-11.13719769";"-61.90128297";"SR-RO";"DEL21/2";"UOP01/RO"
162306;356935;2018-09-29;"sabado";"06:15:00";"RO";364;311,9;"PRESIDENTE MEDICI";"Sim";"Ingestao de alcool";1;"Colisao frontal";"Com Vitimas Fatais";"Amanhecer";"Decrescente";"Chuva";"Simples";"Reta";"Nao";289619;"Ônibus";"MBENZ/MPOLO PARADISO LD";2016;"Passageiro";"Ileso";NA;"Masculino";1;0;0;0;"-11.13719769";"-61.90128297";"SR-RO";"DEL21/2";"UOP01/RO"
162306;356937;2018-09-29;"sabado";"06:15:00";"RO";364;311,9;"PRESIDENTE MEDICI";"Sim";"Ingestao de alcool";1;"Colisao frontal";"Com Vitimas Fatais";"Amanhecer";"Decrescente";"Chuva";"Simples";"Reta";"Nao";289619;"Ônibus";"MBENZ/MPOLO PARADISO LD";2016;"Passageiro";"Ileso";NA;"Feminino";1;0;0;0;"-11.13719769";"-61.90128297";"SR-RO";"DEL21/2";"UOP01/RO"
162306;356938;2018-09-29;"sabado";"06:15:00";"RO";364;311,9;"PRESIDENTE MEDICI";"Sim";"Ingestao de alcool";1;"Colisao frontal";"Com Vitimas Fatais";"Amanhecer";"Decrescente";"Chuva";"Simples";"Reta";"Nao";289619;"Ônibus";"MBENZ/MPOLO PARADISO LD";2016;"Passageiro";"Ileso";NA;"Masculino";1;0;0;0;"-11.13719769";"-61.90128297";"SR-RO";"DEL21/2";"UOP01/RO"
162306;356941;2018-09-29;"sabado";"06:15:00";"RO";364;311,9;"PRESIDENTE MEDICI";"Sim";"Ingestao de alcool";1;"Colisao frontal";"Com Vitimas Fatais";"Amanhecer";"Decrescente";"Chuva";"Simples";"Reta";"Nao";289619;"Ônibus";"MBENZ/MPOLO PARADISO LD";2016;"Passageiro";"Ileso";NA;"Feminino";1;0;0;0;"-11.13719769";"-61.90128297";"SR-RO";"DEL21/2";"UOP01/RO"
162306;356942;2018-09-29;"sabado";"06:15:00";"RO";364;311,9;"PRESIDENTE MEDICI";"Sim";"Ingestao de alcool";1;"Colisao frontal";"Com Vitimas Fatais";"Amanhecer";"Decrescente";"Chuva";"Simples";"Reta";"Nao";289619;"Ônibus";"MBENZ/MPOLO PARADISO LD";2016;"Passageiro";"Ileso";NA;"Feminino";1;0;0;0;"-11.13719769";"-61.90128297";"SR-RO";"DEL21/2";"UOP01/RO"
162306;356943;2018-09-29;"sabado";"06:15:00";"RO";364;311,9;"PRESIDENTE MEDICI";"Sim";"Ingestao de alcool";1;"Colisao frontal";"Com Vitimas Fatais";"Amanhecer";"Decrescente";"Chuva";"Simples";"Reta";"Nao";289619;"Ônibus";"MBENZ/MPOLO PARADISO LD";2016;"Passageiro";"Ileso";NA;"Feminino";1;0;0;0;"-11.13719769";"-61.90128297";"SR-RO";"DEL21/2";"UOP01/RO"
162306;356944;2018-09-29;"sabado";"06:15:00";"RO";364;311,9;"PRESIDENTE MEDICI";"Sim";"Ingestao de alcool";1;"Colisao frontal";"Com Vitimas Fatais";"Amanhecer";"Decrescente";"Chuva";"Simples";"Reta";"Nao";289619;"Ônibus";"MBENZ/MPOLO PARADISO LD";2016;"Passageiro";"Ileso";NA;"Masculino";1;0;0;0;"-11.13719769";"-61.90128297";"SR-RO";"DEL21/2";"UOP01/RO"
162306;356945;2018-09-29;"sabado";"06:15:00";"RO";364;311,9;"PRESIDENTE MEDICI";"Sim";"Ingestao de alcool";1;"Colisao frontal";"Com Vitimas Fatais";"Amanhecer";"Decrescente";"Chuva";"Simples";"Reta";"Nao";289619;"Ônibus";"MBENZ/MPOLO PARADISO LD";2016;"Passageiro";"Ileso";NA;"Masculino";1;0;0;0;"-11.13719769";"-61.90128297";"SR-RO";"DEL21/2";"UOP01/RO"
162306;356947;2018-09-29;"sabado";"06:15:00";"RO";364;311,9;"PRESIDENTE MEDICI";"Sim";"Ingestao de alcool";1;"Colisao frontal";"Com Vitimas Fatais";"Amanhecer";"Decrescente";"Chuva";"Simples";"Reta";"Nao";289619;"Ônibus";"MBENZ/MPOLO PARADISO LD";2016;"Passageiro";"Ileso";NA;"Feminino";1;0;0;0;"-11.13719769";"-61.90128297";"SR-RO";"DEL21/2";"UOP01/RO"
162306;356878;2018-09-29;"sabado";"06:15:00";"RO";364;311,9;"PRESIDENTE MEDICI";"Sim";"Ingestao de alcool";1;"Colisao frontal";"Com Vitimas Fatais";"Amanhecer";"Decrescente";"Chuva";"Simples";"Reta";"Nao";289619;"Ônibus";"MBENZ/MPOLO PARADISO LD";2016;"Passageiro";"Lesoes Leves";43;"Feminino";0;1;0;0;"-11.13719769";"-61.90128297";"SR-RO";"DEL21/2";"UOP01/RO"
162306;356885;2018-09-29;"sabado";"06:15:00";"RO";364;311,9;"PRESIDENTE MEDICI";"Sim";"Ingestao de alcool";1;"Colisao frontal";"Com Vitimas Fatais";"Amanhecer";"Decrescente";"Chuva";"Simples";"Reta";"Nao";289619;"Ônibus";"MBENZ/MPOLO PARADISO LD";2016;"Passageiro";"Lesoes Graves";67;"Feminino";0;0;1;0;"-11.13719769";"-61.90128297";"SR-RO";"DEL21/2";"UOP01/RO"
162351;355727;2018-09-29;"sabado";"12:30:00";"ES";101;162;"LINHARES";"Sim";"Ingestao de alcool";1;"Colisao transversal";"Com Vitimas Fatais";"Pleno dia";"Crescente";"Sol";"Simples";"Intersecao de vias";"Nao";288690;"Caminhao-trator";"VOLVO/FH 400 6X2T";2010;"Condutor";"Ileso";60;"Masculino";1;0;0;0;"-19.49162624";"-40.1272577";"SR-ES";"DEL12/4";"UOP01/ES"
162351;355718;2018-09-29;"sabado";"12:30:00";"ES";101;162;"LINHARES";"Sim";"Ingestao de alcool";1;"Colisao transversal";"Com Vitimas Fatais";"Pleno dia";"Crescente";"Sol";"Simples";"Intersecao de vias";"Nao";288689;"Motocicleta";"HONDA/XL 125";1994;"Condutor";"Óbito";51;"Masculino";0;0;0;1;"-19.49162624";"-40.1272577";"SR-ES";"DEL12/4";"UOP01/ES"
162393;355839;2018-09-29;"sabado";"16:50:00";"PR";376;170,8;"MARINGA";"Sim";"Ingestao de alcool";1;"Colisao traseira";"Com Vitimas Feridas";"Pleno dia";"Decrescente";"Ceu Claro";"Multipla";"Nao Informado";"Sim";288774;"Automóvel";"GM/MONZA GLS";1994;"Condutor";"Lesoes Leves";50;"Masculino";0;1;0;0;"-23.41005092";"-51.98709011";"SR-PR";"DEL7/7";"UOP04/PR"
162393;355841;2018-09-29;"sabado";"16:50:00";"PR";376;170,8;"MARINGA";"Sim";"Ingestao de alcool";1;"Colisao traseira";"Com Vitimas Feridas";"Pleno dia";"Decrescente";"Ceu Claro";"Multipla";"Nao Informado";"Sim";288775;"Automóvel";"HONDA/CIVIC LXS FLEX";2008;"Condutor";"Ileso";34;"Masculino";1;0;0;0;"-23.41005092";"-51.98709011";"SR-PR";"DEL7/7";"UOP04/PR"
162393;355842;2018-09-29;"sabado";"16:50:00";"PR";376;170,8;"MARINGA";"Sim";"Ingestao de alcool";1;"Colisao traseira";"Com Vitimas Feridas";"Pleno dia";"Decrescente";"Ceu Claro";"Multipla";"Nao Informado";"Sim";288776;"Automóvel";"CHEVROLET/ONIX 1.0MT LS";2014;"Condutor";"Ileso";31;"Feminino";1;0;0;0;"-23.41005092";"-51.98709011";"SR-PR";"DEL7/7";"UOP04/PR"
162430;356202;2018-09-29;"sabado";"19:50:00";"PE";316;81;"OURICURI";"Sim";"Ingestao de alcool";1;"Atropelamento de Pedestre";"Com Vitimas Feridas";"Plena Noite";"Decrescente";"Ceu Claro";"Simples";"Reta";"Nao";288799;"Caminhonete";"I/HAFEI START PICK UP CD";2011;"Condutor";"Ileso";49;"Masculino";1;0;0;0;"-7.868155";"-40.100712";"SR-PE";"DEL11/5";"UOP02/PE"
162430;356203;2018-09-29;"sabado";"19:50:00";"PE";316;81;"OURICURI";"Sim";"Ingestao de alcool";1;"Atropelamento de Pedestre";"Com Vitimas Feridas";"Plena Noite";"Decrescente";"Ceu Claro";"Simples";"Reta";"Nao";288799;"Caminhonete";"I/HAFEI START PICK UP CD";2011;"Pedestre";"Lesoes Leves";62;"Masculino";0;1;0;0;"-7.868155";"-40.100712";"SR-PE";"DEL11/5";"UOP02/PE"
162436;357223;2018-09-29;"sabado";"20:00:00";"SC";280;240;"CANOINHAS";"Sim";"Ingestao de alcool e/ou substâncias psicoativas pelo pedestre";1;"Atropelamento de Pedestre";"Com Vitimas Feridas";"Plena Noite";"Crescente";"Ceu Claro";"Simples";"Reta";"Nao";288805;"Automóvel";"CHEV/PRISMA 1.0MT LT";2013;"Condutor";"Ileso";39;"Masculino";1;0;0;0;"-26.217442";"-50.453964";"SR-SC";"DEL8/6";"UOP04/SC"
162436;357258;2018-09-29;"sabado";"20:00:00";"SC";280;240;"CANOINHAS";"Sim";"Ingestao de alcool e/ou substâncias psicoativas pelo pedestre";1;"Atropelamento de Pedestre";"Com Vitimas Feridas";"Plena Noite";"Crescente";"Ceu Claro";"Simples";"Reta";"Nao";288805;"Automóvel";"CHEV/PRISMA 1.0MT LT";2013;"Pedestre";"Lesoes Leves";49;"Masculino";0;1;0;0;"-26.217442";"-50.453964";"SR-SC";"DEL8/6";"UOP04/SC"
162442;355905;2018-09-29;"sabado";"20:40:00";"RN";101;94,6;"NATAL";"Sim";"Ingestao de alcool";1;"Colisao traseira";"Sem Vitimas";"Plena Noite";"Decrescente";"Ceu Claro";"Dupla";"Reta";"Sim";288859;"Automóvel";"CITROEN/C3 EXCL 14 FLEX";2011;"Condutor";"Ileso";48;"Masculino";1;0;0;0;"-5.831766";"-35.211914";"SR-RN";"DEL15/1";"UOP01/RN"
162442;355907;2018-09-29;"sabado";"20:40:00";"RN";101;94,6;"NATAL";"Sim";"Ingestao de alcool";1;"Colisao traseira";"Sem Vitimas";"Plena Noite";"Decrescente";"Ceu Claro";"Dupla";"Reta";"Sim";288860;"Automóvel";"HONDA/FIT LX CVT";2015;"Condutor";"Ileso";31;"Masculino";1;0;0;0;"-5.831766";"-35.211914";"SR-RN";"DEL15/1";"UOP01/RN"
162447;355871;2018-09-29;"sabado";"21:20:00";"PR";476;280,1;"SAO MATEUS DO SUL";"Sim";"Ingestao de alcool";1;"Saida de leito carrocavel";"Sem Vitimas";"Plena Noite";"Crescente";"Ceu Claro";"Simples";"Reta";"Sim";288825;"Motocicleta";"YAMAHA/XTZ 125E";2004;"Condutor";"Ileso";32;"Masculino";1;0;0;0;"-25.87352";"-50.415565";"SR-PR";"DEL7/2";"UOP03/PR"
162447;355891;2018-09-29;"sabado";"21:20:00";"PR";476;280,1;"SAO MATEUS DO SUL";"Sim";"Ingestao de alcool";1;"Saida de leito carrocavel";"Sem Vitimas";"Plena Noite";"Crescente";"Ceu Claro";"Simples";"Reta";"Sim";288825;"Motocicleta";"YAMAHA/XTZ 125E";2004;"Testemunha";"Nao Informado";NA;"Nao Informado";0;0;0;0;"-25.87352";"-50.415565";"SR-PR";"DEL7/2";"UOP03/PR"
162449;357336;2018-09-29;"sabado";"22:10:00";"GO";40;1,4;"VALPARAISO DE GOIAS";"Sim";"Ingestao de alcool";1;"Colisao traseira";"Com Vitimas Feridas";"Plena Noite";"Decrescente";"Ceu Claro";"Dupla";"Reta";"Sim";289255;"Motocicleta";"HONDA/CG 125 TITAN KS";2001;"Condutor";"Lesoes Leves";33;"Masculino";0;1;0;0;"-16.05838198";"-47.9826808";"SR-DF";"GO";"UOP01/DF"
162449;357337;2018-09-29;"sabado";"22:10:00";"GO";40;1,4;"VALPARAISO DE GOIAS";"Sim";"Ingestao de alcool";1;"Colisao traseira";"Com Vitimas Feridas";"Plena Noite";"Decrescente";"Ceu Claro";"Dupla";"Reta";"Sim";289256;"Automóvel";"HONDA/CIVIC LXS FLEX";2009;"Condutor";"Ileso";32;"Masculino";1;0;0;0;"-16.05838198";"-47.9826808";"SR-DF";"GO";"UOP01/DF"
162452;355874;2018-09-29;"sabado";"21:00:00";"MG";381;154;"GOVERNADOR VALADARES";"Sim";"Ingestao de alcool";1;"Colisao transversal";"Com Vitimas Feridas";"Plena Noite";"Crescente";"Ceu Claro";"Simples";"Reta";"Sim";288835;"Automóvel";"GM/ASTRA SEDAN ADVANTAGE";2008;"Condutor";"Ileso";39;"Feminino";1;0;0;0;"-18.85301075";"-41.98367894";"SR-MG";"DEL4/6";"UOP01/MG"
162452;355875;2018-09-29;"sabado";"21:00:00";"MG";381;154;"GOVERNADOR VALADARES";"Sim";"Ingestao de alcool";1;"Colisao transversal";"Com Vitimas Feridas";"Plena Noite";"Crescente";"Ceu Claro";"Simples";"Reta";"Sim";288835;"Automóvel";"GM/ASTRA SEDAN ADVANTAGE";2008;"Passageiro";"Lesoes Leves";42;"Masculino";0;1;0;0;"-18.85301075";"-41.98367894";"SR-MG";"DEL4/6";"UOP01/MG"
162452;355879;2018-09-29;"sabado";"21:00:00";"MG";381;154;"GOVERNADOR VALADARES";"Sim";"Ingestao de alcool";1;"Colisao transversal";"Com Vitimas Feridas";"Plena Noite";"Crescente";"Ceu Claro";"Simples";"Reta";"Sim";288836;"Automóvel";"VW/GOL 1.0";2012;"Condutor";"Lesoes Leves";39;"Masculino";0;1;0;0;"-18.85301075";"-41.98367894";"SR-MG";"DEL4/6";"UOP01/MG"
162459;356883;2018-09-29;"sabado";"20:20:00";"SC";116;54,8;"PAPANDUVA";"Sim";"Ingestao de alcool";1;"Colisao traseira";"Sem Vitimas";"Plena Noite";"Crescente";"Ceu Claro";"Simples";"Reta";"Nao";288852;"Caminhonete";"FIAT/STRADA WORKING CD";2010;"Condutor";"Ileso";32;"Masculino";1;0;0;0;"-26.39309982";"-50.17284393";"SR-SC";"DEL8/6";"UOP02/SC"
162459;356884;2018-09-29;"sabado";"20:20:00";"SC";116;54,8;"PAPANDUVA";"Sim";"Ingestao de alcool";1;"Colisao traseira";"Sem Vitimas";"Plena Noite";"Crescente";"Ceu Claro";"Simples";"Reta";"Nao";288853;"Automóvel";"FIAT/PALIO EX";2002;"Condutor";"Nao Informado";NA;"Nao Informado";0;0;0;0;"-26.39309982";"-50.17284393";"SR-SC";"DEL8/6";"UOP02/SC"
162462;355903;2018-09-29;"sabado";"20:40:00";"PI";343;212;"CAPITAO DE CAMPOS";"Sim";"Ingestao de alcool e/ou substâncias psicoativas pelo pedestre";1;"Atropelamento de Pedestre";"Com Vitimas Feridas";"Plena Noite";"Decrescente";"Ceu Claro";"Simples";"Reta";"Sim";288867;"Automóvel";"FIAT/UNO ECONOMY";2011;"Condutor";"Ileso";41;"Masculino";1;0;0;0;"-4.450784";"-41.929127";"SR-PI";"DEL17/2";"UOP02/PI"
162462;355904;2018-09-29;"sabado";"20:40:00";"PI";343;212;"CAPITAO DE CAMPOS";"Sim";"Ingestao de alcool e/ou substâncias psicoativas pelo pedestre";1;"Atropelamento de Pedestre";"Com Vitimas Feridas";"Plena Noite";"Decrescente";"Ceu Claro";"Simples";"Reta";"Sim";288867;"Automóvel";"FIAT/UNO ECONOMY";2011;"Pedestre";"Lesoes Leves";60;"Masculino";0;1;0;0;"-4.450784";"-41.929127";"SR-PI";"DEL17/2";"UOP02/PI"
162470;357211;2018-09-30;"domingo";"00:30:00";"ES";101;271;"SERRA";"Sim";"Ingestao de alcool";1;"Colisao traseira";"Com Vitimas Feridas";"Plena Noite";"Crescente";"Ceu Claro";"Multipla";"Reta";"Sim";289880;"Automóvel";"I/NISSAN MARCH 10S FLEX";2011;"Condutor";"Lesoes Leves";45;"Masculino";0;1;0;0;"-20.23119411";"-40.27372241";"SR-ES";"DEL12/2";"UOP01/ES"
162470;357213;2018-09-30;"domingo";"00:30:00";"ES";101;271;"SERRA";"Sim";"Ingestao de alcool";1;"Colisao traseira";"Com Vitimas Feridas";"Plena Noite";"Crescente";"Ceu Claro";"Multipla";"Reta";"Sim";289877;"Ônibus";"M.BENZ/MPOLO TORINO U";2011;"Condutor";"Ileso";50;"Masculino";1;0;0;0;"-20.23119411";"-40.27372241";"SR-ES";"DEL12/2";"UOP01/ES"
162476;355916;2018-09-30;"domingo";"00:20:00";"BA";101;871;"TEIXEIRA DE FREITAS";"Sim";"Ingestao de alcool";1;"Saida de leito carrocavel";"Com Vitimas Feridas";"Plena Noite";"Crescente";"Ceu Claro";"Simples";"Curva";"Nao";288872;"Motocicleta";"HONDA/CG 160 FAN ESDI";2016;"Condutor";"Lesoes Leves";22;"Masculino";0;1;0;0;"-17.4879";"-39.7061";"SR-BA";"DEL10/9";"UOP03/BA"
162477;357308;2018-09-30;"domingo";"01:20:00";"PI";343;264;"CAMPO MAIOR";"Sim";"Ingestao de alcool";1;"Colisao frontal";"Com Vitimas Feridas";"Plena Noite";"Decrescente";"Ceu Claro";"Simples";"Curva";"Sim";289941;"Automóvel";"CHEVROLET/CLASSIC LS";2013;"Condutor";"Ileso";20;"Masculino";1;0;0;0;"-4.827662";"-42.162594";"SR-PI";"DEL17/2";"UOP02/PI"
162477;357315;2018-09-30;"domingo";"01:20:00";"PI";343;264;"CAMPO MAIOR";"Sim";"Ingestao de alcool";1;"Colisao frontal";"Com Vitimas Feridas";"Plena Noite";"Decrescente";"Ceu Claro";"Simples";"Curva";"Sim";289970;"Motocicleta";"HONDA/POP 110I";2015;"Condutor";"Lesoes Leves";45;"Masculino";0;1;0;0;"-4.827662";"-42.162594";"SR-PI";"DEL17/2";"UOP02/PI"
162483;355933;2018-09-30;"domingo";"00:45:00";"BA";242;799;"BARREIRAS";"Sim";"Ingestao de alcool";1;"Capotamento";"Com Vitimas Feridas";"Plena Noite";"Decrescente";"Ceu Claro";"Dupla";"Curva";"Nao";288884;"Automóvel";"VW/UP SPEED MB";2015;"Condutor";"Lesoes Leves";39;"Masculino";0;1;0;0;"-12.11949494";"-45.04212141";"SR-BA";"DEL10/10";"UOP01/BA"
162483;355934;2018-09-30;"domingo";"00:45:00";"BA";242;799;"BARREIRAS";"Sim";"Ingestao de alcool";1;"Capotamento";"Com Vitimas Feridas";"Plena Noite";"Decrescente";"Ceu Claro";"Dupla";"Curva";"Nao";288884;"Automóvel";"VW/UP SPEED MB";2015;"Passageiro";"Lesoes Leves";37;"Feminino";0;1;0;0;"-12.11949494";"-45.04212141";"SR-BA";"DEL10/10";"UOP01/BA"