"id";"pesid";"data_inversa";"dia_semana";"horario";"uf";"br";"km";"municipio";"causa_principal";"causa_acidente";"ordem_tipo_acidente";"tipo_acidente";"classificacao_acidente";"fase_dia";"sentido_via";"condicao_metereologica";"tipo_pista";"tracado_via";"uso_solo";"id_veiculo";"tipo_veiculo";"marca";"ano_fabricacao_veiculo";"tipo_envolvido";"estado_fisico";"idade";"sexo";"ilesos";"feridos_leves";"feridos_graves";"mortos";"latitude";"longitude";"regional";"delegacia";"uop"
162483;355954;2018-09-30;"domingo";"00:45:00";"BA";242;799;"BARREIRAS";"Sim";"Ingestao de alcool";1;"Capotamento";"Com Vitimas Feridas";"Plena Noite";"Decrescente";"Ceu Claro";"Dupla";"Curva";"Nao";288884;"Automóvel";"VW/UP SPEED MB";2015;"Passageiro";"Lesoes Leves";38;"Masculino";0;1;0;0;"-12.11949494";"-45.04212141";"SR-BA";"DEL10/10";"UOP01/BA"
162483;355955;2018-09-30;"domingo";"00:45:00";"BA";242;799;"BARREIRAS";"Sim";"Ingestao de alcool";1;"Capotamento";"Com Vitimas Feridas";"Plena Noite";"Decrescente";"Ceu Claro";"Dupla";"Curva";"Nao";288884;"Automóvel";"VW/UP SPEED MB";2015;"Passageiro";"Lesoes Leves";50;"Feminino";0;1;0;0;"-12.11949494";"-45.04212141";"SR-BA";"DEL10/10";"UOP01/BA"
162483;355953;2018-09-30;"domingo";"00:45:00";"BA";242;799;"BARREIRAS";"Sim";"Ingestao de alcool";1;"Capotamento";"Com Vitimas Feridas";"Plena Noite";"Decrescente";"Ceu Claro";"Dupla";"Curva";"Nao";288884;"Automóvel";"VW/UP SPEED MB";2015;"Passageiro";"Ileso";NA;"Masculino";1;0;0;0;"-12.11949494";"-45.04212141";"SR-BA";"DEL10/10";"UOP01/BA"
162494;359122;2018-09-30;"domingo";"03:30:00";"ES";101;267;"SERRA";"Nao";"Ingestao de alcool";1;"Colisao traseira";"Sem Vitimas";"Plena Noite";"Crescente";"Ceu Claro";"Simples";"Reta";"Sim";291501;"Caminhonete";"CHEVROLET/S10 LT FD2";2014;"Condutor";"Ileso";62;"Masculino";1;0;0;0;"-20.21323368";"-40.27152836";"SR-ES";"DEL12/2";"UOP01/ES"
162494;359124;2018-09-30;"domingo";"03:30:00";"ES";101;267;"SERRA";"Nao";"Ingestao de alcool";1;"Colisao traseira";"Sem Vitimas";"Plena Noite";"Crescente";"Ceu Claro";"Simples";"Reta";"Sim";291502;"Automóvel";"CHEV/SPIN 1.8L MT LS E";2018;"Condutor";"Ileso";25;"Masculino";1;0;0;0;"-20.21323368";"-40.27152836";"SR-ES";"DEL12/2";"UOP01/ES"
162503;357174;2018-09-30;"domingo";"05:25:00";"RS";116;268,9;"CANOAS";"Sim";"Ingestao de alcool";2;"Saida de leito carrocavel";"Sem Vitimas";"Amanhecer";"Decrescente";"Chuva";"Multipla";"Reta";"Sim";288928;"Automóvel";"FORD/FIESTA FLEX";2009;"Condutor";"Ileso";21;"Masculino";1;0;0;0;"-29.95829124";"-51.17604669";"SR-RS";"DEL9/1";"UOP01/RS"
162503;357176;2018-09-30;"domingo";"05:25:00";"RS";116;268,9;"CANOAS";"Sim";"Ingestao de alcool";2;"Saida de leito carrocavel";"Sem Vitimas";"Amanhecer";"Decrescente";"Chuva";"Multipla";"Reta";"Sim";288929;"Automóvel";"PEUGEOT/207HB XS";2009;"Condutor";"Ileso";45;"Feminino";1;0;0;0;"-29.95829124";"-51.17604669";"SR-RS";"DEL9/1";"UOP01/RS"
162503;357177;2018-09-30;"domingo";"05:25:00";"RS";116;268,9;"CANOAS";"Sim";"Ingestao de alcool";2;"Saida de leito carrocavel";"Sem Vitimas";"Amanhecer";"Decrescente";"Chuva";"Multipla";"Reta";"Sim";288929;"Automóvel";"PEUGEOT/207HB XS";2009;"Testemunha";"Nao Informado";NA;"Nao Informado";0;0;0;0;"-29.95829124";"-51.17604669";"SR-RS";"DEL9/1";"UOP01/RS"
162504;357198;2018-09-30;"domingo";"05:40:00";"MG";40;802,9;"MATIAS BARBOSA";"Sim";"Ingestao de alcool";2;"Colisao com objeto estatico";"Com Vitimas Feridas";"Amanhecer";"Crescente";"Nublado";"Dupla";"Curva";"Sim";288942;"Automóvel";"FIAT/PALIO ELX FLEX";2006;"Condutor";"Lesoes Graves";51;"Masculino";0;0;1;0;"-21.85244727";"-43.38051438";"SR-MG";"DEL4/5";"UOP01/MG"
162523;356842;2018-09-30;"domingo";"07:45:00";"MG";381;566;"ITAGUARA";"Sim";"Ingestao de alcool";1;"Saida de leito carrocavel";"Sem Vitimas";"Pleno dia";"Decrescente";"Nublado";"Dupla";"Curva";"Nao";289591;"Automóvel";"VW/VOYAGE CL SB";2015;"Condutor";"Ileso";36;"Masculino";1;0;0;0;"-20.4025";"-44.5126";"SR-MG";"DEL4/4";"UOP03/MG"
162535;356081;2018-09-30;"domingo";"09:25:00";"TO";153;685,6;"CARIRI DO TOCANTINS";"Sim";"Ingestao de alcool";1;"Atropelamento de Pedestre";"Com Vitimas Feridas";"Pleno dia";"Decrescente";"Sol";"Simples";"Reta";"Nao";289002;"Caminhonete";"GM/S10 ADVANTAGE D";2008;"Condutor";"Lesoes Leves";44;"Masculino";0;1;0;0;"-11.830299";"-49.137188";"SR-TO";"UOP01/TO";""
162535;356086;2018-09-30;"domingo";"09:25:00";"TO";153;685,6;"CARIRI DO TOCANTINS";"Sim";"Ingestao de alcool";1;"Atropelamento de Pedestre";"Com Vitimas Feridas";"Pleno dia";"Decrescente";"Sol";"Simples";"Reta";"Nao";289002;"Caminhonete";"GM/S10 ADVANTAGE D";2008;"Pedestre";"Lesoes Graves";46;"Masculino";0;0;1;0;"-11.830299";"-49.137188";"SR-TO";"UOP01/TO";""
162535;356089;2018-09-30;"domingo";"09:25:00";"TO";153;685,6;"CARIRI DO TOCANTINS";"Sim";"Ingestao de alcool";1;"Atropelamento de Pedestre";"Com Vitimas Feridas";"Pleno dia";"Decrescente";"Sol";"Simples";"Reta";"Nao";289002;"Caminhonete";"GM/S10 ADVANTAGE D";2008;"Testemunha";"Nao Informado";NA;"Nao Informado";0;0;0;0;"-11.830299";"-49.137188";"SR-TO";"UOP01/TO";""
162535;356093;2018-09-30;"domingo";"09:25:00";"TO";153;685,6;"CARIRI DO TOCANTINS";"Sim";"Ingestao de alcool";1;"Atropelamento de Pedestre";"Com Vitimas Feridas";"Pleno dia";"Decrescente";"Sol";"Simples";"Reta";"Nao";289002;"Caminhonete";"GM/S10 ADVANTAGE D";2008;"Testemunha";"Nao Informado";NA;"Nao Informado";0;0;0;0;"-11.830299";"-49.137188";"SR-TO";"UOP01/TO";""
162535;356096;2018-09-30;"domingo";"09:25:00";"TO";153;685,6;"CARIRI DO TOCANTINS";"Sim";"Ingestao de alcool";1;"Atropelamento de Pedestre";"Com Vitimas Feridas";"Pleno dia";"Decrescente";"Sol";"Simples";"Reta";"Nao";289002;"Caminhonete";"GM/S10 ADVANTAGE D";2008;"Testemunha";"Nao Informado";NA;"Nao Informado";0;0;0;0;"-11.830299";"-49.137188";"SR-TO";"UOP01/TO";""
162535;356100;2018-09-30;"domingo";"09:25:00";"TO";153;685,6;"CARIRI DO TOCANTINS";"Sim";"Ingestao de alcool";1;"Atropelamento de Pedestre";"Com Vitimas Feridas";"Pleno dia";"Decrescente";"Sol";"Simples";"Reta";"Nao";289002;"Caminhonete";"GM/S10 ADVANTAGE D";2008;"Testemunha";"Nao Informado";NA;"Nao Informado";0;0;0;0;"-11.830299";"-49.137188";"SR-TO";"UOP01/TO";""
162551;356286;2018-09-30;"domingo";"08:50:00";"RN";110;127,4;"AUGUSTO SEVERO";"Sim";"Ingestao de alcool";2;"Tombamento";"Com Vitimas Feridas";"Pleno dia";"Decrescente";"Ceu Claro";"Dupla";"Nao Informado";"Sim";289021;"Motocicleta";"HONDA/CG 125 FAN KS";2015;"Condutor";"Lesoes Leves";27;"Feminino";0;1;0;0;"-5.86407891";"-37.31249124";"SR-RN";"DEL15/4";"UOP01/RN"
162564;358089;2018-09-30;"domingo";"13:20:00";"CE";20;391,1;"CAUCAIA";"Nao";"Ingestao de alcool";1;"Colisao lateral";"Com Vitimas Feridas";"Pleno dia";"Decrescente";"Ceu Claro";"Simples";"Reta";"Nao";289221;"Motocicleta";"HONDA/NXR160 BROS ESDD";2017;"Condutor";"Lesoes Leves";30;"Masculino";0;1;0;0;"-3.84627096";"-38.77582669";"SR-CE";"DEL16/1";"UOP01/CE"
162564;358075;2018-09-30;"domingo";"13:20:00";"CE";20;391,1;"CAUCAIA";"Nao";"Ingestao de alcool";1;"Colisao lateral";"Com Vitimas Feridas";"Pleno dia";"Decrescente";"Ceu Claro";"Simples";"Reta";"Nao";289220;"Motocicleta";"HONDA/XR 200R";2001;"Condutor";"Lesoes Leves";40;"Masculino";0;1;0;0;"-3.84627096";"-38.77582669";"SR-CE";"DEL16/1";"UOP01/CE"
162564;358078;2018-09-30;"domingo";"13:20:00";"CE";20;391,1;"CAUCAIA";"Nao";"Ingestao de alcool";1;"Colisao lateral";"Com Vitimas Feridas";"Pleno dia";"Decrescente";"Ceu Claro";"Simples";"Reta";"Nao";289220;"Motocicleta";"HONDA/XR 200R";2001;"Passageiro";"Lesoes Graves";31;"Feminino";0;0;1;0;"-3.84627096";"-38.77582669";"SR-CE";"DEL16/1";"UOP01/CE"
162571;356219;2018-09-30;"domingo";"12:00:00";"SP";116;371;"MIRACATU";"Sim";"Ingestao de alcool";1;"Colisao com objeto estatico";"Sem Vitimas";"Pleno dia";"Crescente";"Ceu Claro";"Dupla";"Reta";"Nao";289115;"Caminhao";"VW/24.250 CNC 6X2";2007;"Condutor";"Ileso";53;"Masculino";1;0;0;0;"-24.16062929";"-47.32749505";"SR-SP";"DEL6/4";"UOP03/SP"
162585;356142;2018-09-30;"domingo";"13:30:00";"PE";407;123;"PETROLINA";"Sim";"Ingestao de alcool";1;"Colisao traseira";"Sem Vitimas";"Pleno dia";"Crescente";"Ceu Claro";"Simples";"Reta";"Nao";289029;"Motocicleta";"HONDA/NXR150 BROS ES";2014;"Condutor";"Ileso";30;"Masculino";1;0;0;0;"-9.3644954";"-40.5442199";"SR-PE";"DEL11/6";"UOP01/PE"
162585;356148;2018-09-30;"domingo";"13:30:00";"PE";407;123;"PETROLINA";"Sim";"Ingestao de alcool";1;"Colisao traseira";"Sem Vitimas";"Pleno dia";"Crescente";"Ceu Claro";"Simples";"Reta";"Nao";289032;"Automóvel";"GM/CORSA WIND";1997;"Condutor";"Ileso";36;"Masculino";1;0;0;0;"-9.3644954";"-40.5442199";"SR-PE";"DEL11/6";"UOP01/PE"
162608;356163;2018-09-30;"domingo";"17:15:00";"SC";101;6;"GARUVA";"Sim";"Ingestao de alcool";1;"Colisao traseira";"Com Vitimas Feridas";"Pleno dia";"Decrescente";"Ceu Claro";"Dupla";"Reta";"Sim";289054;"Automóvel";"RENAULT/SCENIC RXE 2.0";2000;"Condutor";"Ileso";33;"Masculino";1;0;0;0;"-26.0361";"-48.8601";"SR-SC";"DEL8/3";"UOP01/SC"
162608;356167;2018-09-30;"domingo";"17:15:00";"SC";101;6;"GARUVA";"Sim";"Ingestao de alcool";1;"Colisao traseira";"Com Vitimas Feridas";"Pleno dia";"Decrescente";"Ceu Claro";"Dupla";"Reta";"Sim";289064;"Bicicleta";"";NA;"Condutor";"Lesoes Leves";58;"Masculino";0;1;0;0;"-26.0361";"-48.8601";"SR-SC";"DEL8/3";"UOP01/SC"
162608;356177;2018-09-30;"domingo";"17:15:00";"SC";101;6;"GARUVA";"Sim";"Ingestao de alcool";1;"Colisao traseira";"Com Vitimas Feridas";"Pleno dia";"Decrescente";"Ceu Claro";"Dupla";"Reta";"Sim";289064;"Bicicleta";"";NA;"Passageiro";"Lesoes Leves";4;"Masculino";0;1;0;0;"-26.0361";"-48.8601";"SR-SC";"DEL8/3";"UOP01/SC"
162614;358032;2018-09-30;"domingo";"18:40:00";"PE";428;187;"PETROLINA";"Sim";"Ingestao de alcool";1;"Atropelamento de Pedestre";"Com Vitimas Feridas";"Plena Noite";"Decrescente";"Ceu Claro";"Simples";"Reta";"Sim";290644;"Automóvel";"FIAT/UNO MILLE FIRE";2003;"Condutor";"Ileso";32;"Masculino";1;0;0;0;"-9.37267394";"-40.4870224";"SR-PE";"DEL11/6";"UOP01/PE"
162614;358033;2018-09-30;"domingo";"18:40:00";"PE";428;187;"PETROLINA";"Sim";"Ingestao de alcool";1;"Atropelamento de Pedestre";"Com Vitimas Feridas";"Plena Noite";"Decrescente";"Ceu Claro";"Simples";"Reta";"Sim";290644;"Automóvel";"FIAT/UNO MILLE FIRE";2003;"Pedestre";"Lesoes Graves";36;"Masculino";0;0;1;0;"-9.37267394";"-40.4870224";"SR-PE";"DEL11/6";"UOP01/PE"
162630;356240;2018-09-30;"domingo";"18:50:00";"PI";316;4,9;"TERESINA";"Sim";"Ingestao de alcool";1;"Colisao traseira";"Sem Vitimas";"Pleno dia";"Crescente";"Sol";"Dupla";"Reta";"Nao";289131;"Automóvel";"I/KIA CERATO EX3 1.6ATNB";2010;"Condutor";"Ileso";38;"Feminino";1;0;0;0;"-5.14206641";"-42.78172731";"SR-PI";"DEL17/1";"UOP02/PI"
162630;356241;2018-09-30;"domingo";"18:50:00";"PI";316;4,9;"TERESINA";"Sim";"Ingestao de alcool";1;"Colisao traseira";"Sem Vitimas";"Pleno dia";"Crescente";"Sol";"Dupla";"Reta";"Nao";289132;"Automóvel";"VW/GOL SPECIAL MB";2015;"Condutor";"Ileso";36;"Feminino";1;0;0;0;"-5.14206641";"-42.78172731";"SR-PI";"DEL17/1";"UOP02/PI"
162630;356243;2018-09-30;"domingo";"18:50:00";"PI";316;4,9;"TERESINA";"Sim";"Ingestao de alcool";1;"Colisao traseira";"Sem Vitimas";"Pleno dia";"Crescente";"Sol";"Dupla";"Reta";"Nao";289133;"Automóvel";"TOYOTA/ETIOS HB XS";2012;"Condutor";"Ileso";39;"Masculino";1;0;0;0;"-5.14206641";"-42.78172731";"SR-PI";"DEL17/1";"UOP02/PI"
162632;356232;2018-09-30;"domingo";"18:20:00";"MG";381;402;"BOM JESUS DO AMPARO";"Sim";"Ingestao de alcool";1;"Saida de leito carrocavel";"Com Vitimas Feridas";"Anoitecer";"Crescente";"Ceu Claro";"Simples";"Reta";"Sim";289121;"Motocicleta";"YAMAHA/YBR 125ED";2008;"Condutor";"Lesoes Graves";56;"Masculino";0;0;1;0;"-19.75224447";"-43.47959518";"SR-MG";"DEL4/1";"UOP01/MG"
162639;357186;2018-09-30;"domingo";"20:00:00";"SP";116;223;"GUARULHOS";"Sim";"Ingestao de alcool";1;"Colisao com objeto estatico";"Sem Vitimas";"Plena Noite";"Decrescente";"Ceu Claro";"Multipla";"Reta";"Sim";289160;"Automóvel";"HONDA/CIVIC LX";2003;"Condutor";"Ileso";29;"Masculino";1;0;0;0;"-23.48173765";"-46.5342772";"SR-SP";"DEL6/1";"UOP01/SP"
162642;357657;2018-09-30;"domingo";"08:45:00";"PA";163;1000;"SANTAREM";"Sim";"Ingestao de alcool";1;"Atropelamento de Pedestre";"Com Vitimas Feridas";"Plena Noite";"Decrescente";"Ceu Claro";"Simples";"Reta";"Sim";290301;"Caminhonete";"I/TOYOTA HILUX CD4X4 SRV";2014;"Condutor";"Ileso";54;"Masculino";1;0;0;0;"-2.46694482";"-54.72800195";"SR-PA";"DEL19/5";"UOP01/PA"
162642;357658;2018-09-30;"domingo";"08:45:00";"PA";163;1000;"SANTAREM";"Sim";"Ingestao de alcool";1;"Atropelamento de Pedestre";"Com Vitimas Feridas";"Plena Noite";"Decrescente";"Ceu Claro";"Simples";"Reta";"Sim";290301;"Caminhonete";"I/TOYOTA HILUX CD4X4 SRV";2014;"Pedestre";"Lesoes Leves";27;"Masculino";0;1;0;0;"-2.46694482";"-54.72800195";"SR-PA";"DEL19/5";"UOP01/PA"
162642;357660;2018-09-30;"domingo";"08:45:00";"PA";163;1000;"SANTAREM";"Sim";"Ingestao de alcool";1;"Atropelamento de Pedestre";"Com Vitimas Feridas";"Plena Noite";"Decrescente";"Ceu Claro";"Simples";"Reta";"Sim";290301;"Caminhonete";"I/TOYOTA HILUX CD4X4 SRV";2014;"Pedestre";"Lesoes Leves";23;"Masculino";0;1;0;0;"-2.46694482";"-54.72800195";"SR-PA";"DEL19/5";"UOP01/PA"
162644;356405;2018-09-30;"domingo";"20:30:00";"PI";343;597;"FLORIANO";"Sim";"Ingestao de alcool";1;"Colisao com objeto estatico";"Sem Vitimas";"Plena Noite";"Crescente";"Ceu Claro";"Dupla";"Reta";"Sim";289125;"Caminhonete";"CHEVROLET/S10 LT FD2";2012;"Condutor";"Ileso";46;"Masculino";1;0;0;0;"-6.812184";"-43.056244";"SR-PI";"DEL17/3";"UOP01/PI"
162644;356406;2018-09-30;"domingo";"20:30:00";"PI";343;597;"FLORIANO";"Sim";"Ingestao de alcool";1;"Colisao com objeto estatico";"Sem Vitimas";"Plena Noite";"Crescente";"Ceu Claro";"Dupla";"Reta";"Sim";289126;"Automóvel";"FORD/FIESTA SEDAN1.6FLEX";2012;"Condutor";"Ileso";52;"Masculino";1;0;0;0;"-6.812184";"-43.056244";"SR-PI";"DEL17/3";"UOP01/PI"
162646;356297;2018-09-30;"domingo";"21:00:00";"BA";324;523;"FEIRA DE SANTANA";"Sim";"Ingestao de alcool";1;"Queda de ocupante de veiculo";"Com Vitimas Feridas";"Plena Noite";"Decrescente";"Nublado";"Dupla";"Reta";"Nao";289189;"Motocicleta";"HONDA/CG 150 FAN ESI";2010;"Condutor";"Lesoes Leves";26;"Masculino";0;1;0;0;"-12.3017807";"-38.8966381";"SR-BA";"DEL10/1";"UOP01/BA"
162647;356271;2018-09-30;"domingo";"20:45:00";"RN";406;171;"NATAL";"Sim";"Ingestao de alcool";1;"Colisao traseira";"Sem Vitimas";"Pleno dia";"Decrescente";"Ceu Claro";"Dupla";"Curva";"Sim";289143;"Automóvel";"VW/VOYAGE 1.6L MB5";2018;"Condutor";"Ileso";49;"Masculino";1;0;0;0;"-5.76275923";"-35.2881664";"SR-RN";"DEL15/2";"UOP01/RN"
162647;356272;2018-09-30;"domingo";"20:45:00";"RN";406;171;"NATAL";"Sim";"Ingestao de alcool";1;"Colisao traseira";"Sem Vitimas";"Pleno dia";"Decrescente";"Ceu Claro";"Dupla";"Curva";"Sim";289144;"Automóvel";"TOYOTA/COROLLA XLI18FLEX";2009;"Condutor";"Ileso";43;"Masculino";1;0;0;0;"-5.76275923";"-35.2881664";"SR-RN";"DEL15/2";"UOP01/RN"
162656;356253;2018-09-30;"domingo";"22:20:00";"PB";230;71;"SOBRADO";"Sim";"Ingestao de alcool";1;"Colisao traseira";"Sem Vitimas";"Plena Noite";"Decrescente";"Ceu Claro";"Dupla";"Nao Informado";"Sim";289147;"Micro-ônibus";"FIAT/DUCATO M BUS RONTAN";2010;"Condutor";"Ileso";39;"Masculino";1;0;0;0;"-7.19165845";"-35.23290541";"SR-PB";"DEL14/1";"UOP03/PB"
162656;356305;2018-09-30;"domingo";"22:20:00";"PB";230;71;"SOBRADO";"Sim";"Ingestao de alcool";1;"Colisao traseira";"Sem Vitimas";"Plena Noite";"Decrescente";"Ceu Claro";"Dupla";"Nao Informado";"Sim";289148;"Automóvel";"GM/CORSA WIND";1997;"Condutor";"Ileso";51;"Masculino";1;0;0;0;"-7.19165845";"-35.23290541";"SR-PB";"DEL14/1";"UOP03/PB"
162656;356306;2018-09-30;"domingo";"22:20:00";"PB";230;71;"SOBRADO";"Sim";"Ingestao de alcool";1;"Colisao traseira";"Sem Vitimas";"Plena Noite";"Decrescente";"Ceu Claro";"Dupla";"Nao Informado";"Sim";289147;"Micro-ônibus";"FIAT/DUCATO M BUS RONTAN";2010;"Passageiro";"Ileso";52;"Feminino";1;0;0;0;"-7.19165845";"-35.23290541";"SR-PB";"DEL14/1";"UOP03/PB"
162656;356307;2018-09-30;"domingo";"22:20:00";"PB";230;71;"SOBRADO";"Sim";"Ingestao de alcool";1;"Colisao traseira";"Sem Vitimas";"Plena Noite";"Decrescente";"Ceu Claro";"Dupla";"Nao Informado";"Sim";289147;"Micro-ônibus";"FIAT/DUCATO M BUS RONTAN";2010;"Passageiro";"Ileso";80;"Masculino";1;0;0;0;"-7.19165845";"-35.23290541";"SR-PB";"DEL14/1";"UOP03/PB"
162656;356308;2018-09-30;"domingo";"22:20:00";"PB";230;71;"SOBRADO";"Sim";"Ingestao de alcool";1;"Colisao traseira";"Sem Vitimas";"Plena Noite";"Decrescente";"Ceu Claro";"Dupla";"Nao Informado";"Sim";289147;"Micro-ônibus";"FIAT/DUCATO M BUS RONTAN";2010;"Passageiro";"Ileso";21;"Feminino";1;0;0;0;"-7.19165845";"-35.23290541";"SR-PB";"DEL14/1";"UOP03/PB"
162656;356309;2018-09-30;"domingo";"22:20:00";"PB";230;71;"SOBRADO";"Sim";"Ingestao de alcool";1;"Colisao traseira";"Sem Vitimas";"Plena Noite";"Decrescente";"Ceu Claro";"Dupla";"Nao Informado";"Sim";289147;"Micro-ônibus";"FIAT/DUCATO M BUS RONTAN";2010;"Passageiro";"Ileso";45;"Feminino";1;0;0;0;"-7.19165845";"-35.23290541";"SR-PB";"DEL14/1";"UOP03/PB"
162656;356310;2018-09-30;"domingo";"22:20:00";"PB";230;71;"SOBRADO";"Sim";"Ingestao de alcool";1;"Colisao traseira";"Sem Vitimas";"Plena Noite";"Decrescente";"Ceu Claro";"Dupla";"Nao Informado";"Sim";289147;"Micro-ônibus";"FIAT/DUCATO M BUS RONTAN";2010;"Passageiro";"Ileso";45;"Masculino";1;0;0;0;"-7.19165845";"-35.23290541";"SR-PB";"DEL14/1";"UOP03/PB"
162656;356311;2018-09-30;"domingo";"22:20:00";"PB";230;71;"SOBRADO";"Sim";"Ingestao de alcool";1;"Colisao traseira";"Sem Vitimas";"Plena Noite";"Decrescente";"Ceu Claro";"Dupla";"Nao Informado";"Sim";289147;"Micro-ônibus";"FIAT/DUCATO M BUS RONTAN";2010;"Passageiro";"Ileso";54;"Feminino";1;0;0;0;"-7.19165845";"-35.23290541";"SR-PB";"DEL14/1";"UOP03/PB"
162656;356314;2018-09-30;"domingo";"22:20:00";"PB";230;71;"SOBRADO";"Sim";"Ingestao de alcool";1;"Colisao traseira";"Sem Vitimas";"Plena Noite";"Decrescente";"Ceu Claro";"Dupla";"Nao Informado";"Sim";289147;"Micro-ônibus";"FIAT/DUCATO M BUS RONTAN";2010;"Passageiro";"Ileso";45;"Feminino";1;0;0;0;"-7.19165845";"-35.23290541";"SR-PB";"DEL14/1";"UOP03/PB"
162656;356315;2018-09-30;"domingo";"22:20:00";"PB";230;71;"SOBRADO";"Sim";"Ingestao de alcool";1;"Colisao traseira";"Sem Vitimas";"Plena Noite";"Decrescente";"Ceu Claro";"Dupla";"Nao Informado";"Sim";289147;"Micro-ônibus";"FIAT/DUCATO M BUS RONTAN";2010;"Passageiro";"Ileso";54;"Masculino";1;0;0;0;"-7.19165845";"-35.23290541";"SR-PB";"DEL14/1";"UOP03/PB"
162656;356316;2018-09-30;"domingo";"22:20:00";"PB";230;71;"SOBRADO";"Sim";"Ingestao de alcool";1;"Colisao traseira";"Sem Vitimas";"Plena Noite";"Decrescente";"Ceu Claro";"Dupla";"Nao Informado";"Sim";289147;"Micro-ônibus";"FIAT/DUCATO M BUS RONTAN";2010;"Passageiro";"Ileso";41;"Masculino";1;0;0;0;"-7.19165845";"-35.23290541";"SR-PB";"DEL14/1";"UOP03/PB"
162656;356317;2018-09-30;"domingo";"22:20:00";"PB";230;71;"SOBRADO";"Sim";"Ingestao de alcool";1;"Colisao traseira";"Sem Vitimas";"Plena Noite";"Decrescente";"Ceu Claro";"Dupla";"Nao Informado";"Sim";289147;"Micro-ônibus";"FIAT/DUCATO M BUS RONTAN";2010;"Passageiro";"Ileso";36;"Feminino";1;0;0;0;"-7.19165845";"-35.23290541";"SR-PB";"DEL14/1";"UOP03/PB"
162656;356318;2018-09-30;"domingo";"22:20:00";"PB";230;71;"SOBRADO";"Sim";"Ingestao de alcool";1;"Colisao traseira";"Sem Vitimas";"Plena Noite";"Decrescente";"Ceu Claro";"Dupla";"Nao Informado";"Sim";289147;"Micro-ônibus";"FIAT/DUCATO M BUS RONTAN";2010;"Passageiro";"Ileso";34;"Masculino";1;0;0;0;"-7.19165845";"-35.23290541";"SR-PB";"DEL14/1";"UOP03/PB"
162656;356319;2018-09-30;"domingo";"22:20:00";"PB";230;71;"SOBRADO";"Sim";"Ingestao de alcool";1;"Colisao traseira";"Sem Vitimas";"Plena Noite";"Decrescente";"Ceu Claro";"Dupla";"Nao Informado";"Sim";289147;"Micro-ônibus";"FIAT/DUCATO M BUS RONTAN";2010;"Passageiro";"Ileso";34;"Feminino";1;0;0;0;"-7.19165845";"-35.23290541";"SR-PB";"DEL14/1";"UOP03/PB"
162656;356322;2018-09-30;"domingo";"22:20:00";"PB";230;71;"SOBRADO";"Sim";"Ingestao de alcool";1;"Colisao traseira";"Sem Vitimas";"Plena Noite";"Decrescente";"Ceu Claro";"Dupla";"Nao Informado";"Sim";289147;"Micro-ônibus";"FIAT/DUCATO M BUS RONTAN";2010;"Passageiro";"Ileso";49;"Feminino";1;0;0;0;"-7.19165845";"-35.23290541";"SR-PB";"DEL14/1";"UOP03/PB"
162660;356997;2018-09-30;"domingo";"21:00:00";"RO";364;178,1;"PIMENTA BUENO";"Nao";"Ingestao de alcool";2;"Saida de leito carrocavel";"Com Vitimas Fatais";"Plena Noite";"Decrescente";"Chuva";"Simples";"Nao Informado";"Nao";289204;"Automóvel";"I/CHEVROLET CLASSIC LS";2015;"Passageiro";"Lesoes Leves";59;"Masculino";0;1;0;0;"-11.790545";"-61.063557";"SR-RO";"DEL21/2";"UOP02/RO"
162660;357027;2018-09-30;"domingo";"21:00:00";"RO";364;178,1;"PIMENTA BUENO";"Nao";"Ingestao de alcool";2;"Saida de leito carrocavel";"Com Vitimas Fatais";"Plena Noite";"Decrescente";"Chuva";"Simples";"Nao Informado";"Nao";289204;"Automóvel";"I/CHEVROLET CLASSIC LS";2015;"Passageiro";"Lesoes Leves";17;"Feminino";0;1;0;0;"-11.790545";"-61.063557";"SR-RO";"DEL21/2";"UOP02/RO"
162660;357031;2018-09-30;"domingo";"21:00:00";"RO";364;178,1;"PIMENTA BUENO";"Nao";"Ingestao de alcool";2;"Saida de leito carrocavel";"Com Vitimas Fatais";"Plena Noite";"Decrescente";"Chuva";"Simples";"Nao Informado";"Nao";289204;"Automóvel";"I/CHEVROLET CLASSIC LS";2015;"Passageiro";"Lesoes Leves";1;"Feminino";0;1;0;0;"-11.790545";"-61.063557";"SR-RO";"DEL21/2";"UOP02/RO"
162660;357059;2018-09-30;"domingo";"21:00:00";"RO";364;178,1;"PIMENTA BUENO";"Nao";"Ingestao de alcool";2;"Saida de leito carrocavel";"Com Vitimas Fatais";"Plena Noite";"Decrescente";"Chuva";"Simples";"Nao Informado";"Nao";289205;"Caminhao-trator";"SCANIA/G 420 A6X4";2010;"Condutor";"Ileso";39;"Masculino";1;0;0;0;"-11.790545";"-61.063557";"SR-RO";"DEL21/2";"UOP02/RO"
162660;357061;2018-09-30;"domingo";"21:00:00";"RO";364;178,1;"PIMENTA BUENO";"Nao";"Ingestao de alcool";2;"Saida de leito carrocavel";"Com Vitimas Fatais";"Plena Noite";"Decrescente";"Chuva";"Simples";"Nao Informado";"Nao";289205;"Caminhao-trator";"SCANIA/G 420 A6X4";2010;"Testemunha";"Nao Informado";NA;"Nao Informado";0;0;0;0;"-11.790545";"-61.063557";"SR-RO";"DEL21/2";"UOP02/RO"