"id";"pesid";"data_inversa";"dia_semana";"horario";"uf";"br";"km";"municipio";"causa_principal";"causa_acidente";"ordem_tipo_acidente";"tipo_acidente";"classificacao_acidente";"fase_dia";"sentido_via";"condicao_metereologica";"tipo_pista";"tracado_via";"uso_solo";"id_veiculo";"tipo_veiculo";"marca";"ano_fabricacao_veiculo";"tipo_envolvido";"estado_fisico";"idade";"sexo";"ilesos";"feridos_leves";"feridos_graves";"mortos";"latitude";"longitude";"regional";"delegacia";"uop"
162660;356321;2018-09-30;"domingo";"21:00:00";"RO";364;178,1;"PIMENTA BUENO";"Nao";"Ingestao de alcool";2;"Saida de leito carrocavel";"Com Vitimas Fatais";"Plena Noite";"Decrescente";"Chuva";"Simples";"Nao Informado";"Nao";289204;"Automóvel";"I/CHEVROLET CLASSIC LS";2015;"Passageiro";"Óbito";70;"Masculino";0;0;0;1;"-11.790545";"-61.063557";"SR-RO";"DEL21/2";"UOP02/RO"
162660;356994;2018-09-30;"domingo";"21:00:00";"RO";364;178,1;"PIMENTA BUENO";"Nao";"Ingestao de alcool";2;"Saida de leito carrocavel";"Com Vitimas Fatais";"Plena Noite";"Decrescente";"Chuva";"Simples";"Nao Informado";"Nao";289204;"Automóvel";"I/CHEVROLET CLASSIC LS";2015;"Passageiro";"Lesoes Leves";61;"Feminino";0;1;0;0;"-11.790545";"-61.063557";"SR-RO";"DEL21/2";"UOP02/RO"
162660;356867;2018-09-30;"domingo";"21:00:00";"RO";364;178,1;"PIMENTA BUENO";"Nao";"Ingestao de alcool";2;"Saida de leito carrocavel";"Com Vitimas Fatais";"Plena Noite";"Decrescente";"Chuva";"Simples";"Nao Informado";"Nao";289204;"Automóvel";"I/CHEVROLET CLASSIC LS";2015;"Condutor";"Lesoes Graves";39;"Masculino";0;0;1;0;"-11.790545";"-61.063557";"SR-RO";"DEL21/2";"UOP02/RO"
162681;357481;2018-09-30;"domingo";"21:20:00";"PI";316;6,8;"TERESINA";"Sim";"Ingestao de alcool";1;"Colisao frontal";"Com Vitimas Feridas";"Plena Noite";"Crescente";"Ceu Claro";"Simples";"Reta";"Sim";289211;"Motoneta";"HONDA/BIZ 100 KS";2012;"Condutor";"Lesoes Leves";36;"Feminino";0;1;0;0;"-5.15653463";"-42.77146686";"SR-PI";"DEL17/1";"UOP02/PI"
162681;357506;2018-09-30;"domingo";"21:20:00";"PI";316;6,8;"TERESINA";"Sim";"Ingestao de alcool";1;"Colisao frontal";"Com Vitimas Feridas";"Plena Noite";"Crescente";"Ceu Claro";"Simples";"Reta";"Sim";289212;"Automóvel";"CHEVROLET/CELTA 1.0L LT";2011;"Condutor";"Ileso";43;"Feminino";1;0;0;0;"-5.15653463";"-42.77146686";"SR-PI";"DEL17/1";"UOP02/PI"
162689;357699;2018-09-30;"domingo";"23:50:00";"RO";364;680;"CANDEIAS DO JAMARI";"Nao";"Ingestao de alcool";1;"Saida de leito carrocavel";"Sem Vitimas";"Plena Noite";"Crescente";"Ceu Claro";"Simples";"Reta";"Nao";290333;"Caminhao-trator";"SCANIA/R 470 A6X4";2011;"Condutor";"Ileso";45;"Masculino";1;0;0;0;"-8.78862504";"-63.6118269";"SR-RO";"DEL21/1";"UOP01/RO"
162698;363203;2018-09-30;"domingo";"17:30:00";"PR";153;367;"RIO AZUL";"Sim";"Ingestao de alcool";1;"Colisao lateral";"Sem Vitimas";"Anoitecer";"Crescente";"Chuva";"Simples";"Reta";"Sim";294653;"Automóvel";"GM/CLASSIC LIFE";2006;"Condutor";"Ileso";25;"Masculino";1;0;0;0;"-25.708061";"-50.783958";"SR-PR";"DEL7/3";"UOP04/PR"
162698;363199;2018-09-30;"domingo";"17:30:00";"PR";153;367;"RIO AZUL";"Sim";"Ingestao de alcool";1;"Colisao lateral";"Sem Vitimas";"Anoitecer";"Crescente";"Chuva";"Simples";"Reta";"Sim";289241;"Caminhonete";"FORD/PAMPA 1.8 L";1992;"Condutor";"Ileso";51;"Masculino";1;0;0;0;"-25.708061";"-50.783958";"SR-PR";"DEL7/3";"UOP04/PR"
162790;356736;2018-10-01;"segunda-feira";"18:00:00";"PA";316;8;"ANANINDEUA";"Sim";"Ingestao de alcool";1;"Colisao traseira";"Com Vitimas Feridas";"Pleno dia";"Decrescente";"Ceu Claro";"Dupla";"Reta";"Nao";289447;"Automóvel";"CHEVROLET/ONIX 1.4MT LTZ";2014;"Condutor";"Ileso";41;"Masculino";1;0;0;0;"-1.375231";"-48.3827673";"SR-PA";"DEL19/1";"UOP01/PA"
162790;356735;2018-10-01;"segunda-feira";"18:00:00";"PA";316;8;"ANANINDEUA";"Sim";"Ingestao de alcool";1;"Colisao traseira";"Com Vitimas Feridas";"Pleno dia";"Decrescente";"Ceu Claro";"Dupla";"Reta";"Nao";289446;"Caminhonete";"NISSAN/FRONTIER 4X4 SE";2002;"Condutor";"Ileso";39;"Masculino";1;0;0;0;"-1.375231";"-48.3827673";"SR-PA";"DEL19/1";"UOP01/PA"
162790;356743;2018-10-01;"segunda-feira";"18:00:00";"PA";316;8;"ANANINDEUA";"Sim";"Ingestao de alcool";1;"Colisao traseira";"Com Vitimas Feridas";"Pleno dia";"Decrescente";"Ceu Claro";"Dupla";"Reta";"Nao";289521;"Bicicleta";"";NA;"Condutor";"Lesoes Leves";34;"Masculino";0;1;0;0;"-1.375231";"-48.3827673";"SR-PA";"DEL19/1";"UOP01/PA"
162829;356712;2018-10-01;"segunda-feira";"23:00:00";"ES";101;143,9;"LINHARES";"Sim";"Ingestao de alcool";1;"Colisao com objeto estatico";"Com Vitimas Feridas";"Plena Noite";"Decrescente";"Ceu Claro";"Multipla";"Intersecao de vias";"Sim";289502;"Motocicleta";"HONDA/CG 125 FAN KS";2011;"Condutor";"Lesoes Leves";46;"Masculino";0;1;0;0;"-19.35180108";"-40.0635767";"SR-ES";"DEL12/4";"UOP01/ES"
162829;356715;2018-10-01;"segunda-feira";"23:00:00";"ES";101;143,9;"LINHARES";"Sim";"Ingestao de alcool";1;"Colisao com objeto estatico";"Com Vitimas Feridas";"Plena Noite";"Decrescente";"Ceu Claro";"Multipla";"Intersecao de vias";"Sim";289502;"Motocicleta";"HONDA/CG 125 FAN KS";2011;"Passageiro";"Lesoes Leves";35;"Feminino";0;1;0;0;"-19.35180108";"-40.0635767";"SR-ES";"DEL12/4";"UOP01/ES"
162835;357922;2018-10-02;"terca-feira";"00:00:00";"DF";20;8,8;"BRASILIA";"Sim";"Ingestao de alcool";1;"Colisao traseira";"Sem Vitimas";"Plena Noite";"Decrescente";"Garoa/Chuvisco";"Dupla";"Reta";"Sim";289516;"Caminhao-trator";"SCANIA/G 420 A4X2";2010;"Condutor";"Ileso";50;"Masculino";1;0;0;0;"-15.658386";"-47.791534";"SR-DF";"DF";"UOP04/DF"
162835;357923;2018-10-02;"terca-feira";"00:00:00";"DF";20;8,8;"BRASILIA";"Sim";"Ingestao de alcool";1;"Colisao traseira";"Sem Vitimas";"Plena Noite";"Decrescente";"Garoa/Chuvisco";"Dupla";"Reta";"Sim";289517;"Automóvel";"RENAULT/SANDERO AUT 16";2008;"Condutor";"Ileso";47;"Masculino";1;0;0;0;"-15.658386";"-47.791534";"SR-DF";"DF";"UOP04/DF"
162847;358136;2018-10-01;"segunda-feira";"23:00:00";"MT";70;723;"CACERES";"Sim";"Ingestao de alcool";1;"Tombamento";"Com Vitimas Feridas";"Plena Noite";"Decrescente";"Ceu Claro";"Simples";"Reta";"Nao";290768;"Motocicleta";"JTA/SUZUKI EN125 YES";2006;"Condutor";"Lesoes Graves";29;"Masculino";0;0;1;0;"-16.10634956";"-57.6769352";"SR-MT";"DEL2/3";"UOP01/MT"
162941;358904;2018-10-02;"terca-feira";"17:40:00";"SC";101;199,8;"SAO JOSE";"Sim";"Ingestao de alcool";1;"Colisao transversal";"Sem Vitimas";"Pleno dia";"Decrescente";"Chuva";"Dupla";"Reta";"Sim";289711;"Automóvel";"GM/MONZA SL";1992;"Condutor";"Ileso";32;"Masculino";1;0;0;0;"-27.5402";"-48.6226";"SR-SC";"DEL8/1";"UOP01/SC"
162941;358906;2018-10-02;"terca-feira";"17:40:00";"SC";101;199,8;"SAO JOSE";"Sim";"Ingestao de alcool";1;"Colisao transversal";"Sem Vitimas";"Pleno dia";"Decrescente";"Chuva";"Dupla";"Reta";"Sim";289712;"Caminhonete";"I/FORD RANGER XL 13D";2001;"Condutor";"Ileso";56;"Masculino";1;0;0;0;"-27.5402";"-48.6226";"SR-SC";"DEL8/1";"UOP01/SC"
163018;357158;2018-10-02;"terca-feira";"17:00:00";"SC";101;305;"LAGUNA";"Sim";"Ingestao de alcool";1;"Saida de leito carrocavel";"Com Vitimas Feridas";"Pleno dia";"Decrescente";"Garoa/Chuvisco";"Dupla";"Reta";"Nao";289824;"Automóvel";"GM/CORSA WIND";1999;"Condutor";"Lesoes Leves";58;"Masculino";0;1;0;0;"-28.37226042";"-48.75952387";"SR-SC";"DEL8/2";"UOP03/SC"
163018;357160;2018-10-02;"terca-feira";"17:00:00";"SC";101;305;"LAGUNA";"Sim";"Ingestao de alcool";1;"Saida de leito carrocavel";"Com Vitimas Feridas";"Pleno dia";"Decrescente";"Garoa/Chuvisco";"Dupla";"Reta";"Nao";289824;"Automóvel";"GM/CORSA WIND";1999;"Passageiro";"Ileso";NA;"Feminino";1;0;0;0;"-28.37226042";"-48.75952387";"SR-SC";"DEL8/2";"UOP03/SC"
163018;357159;2018-10-02;"terca-feira";"17:00:00";"SC";101;305;"LAGUNA";"Sim";"Ingestao de alcool";1;"Saida de leito carrocavel";"Com Vitimas Feridas";"Pleno dia";"Decrescente";"Garoa/Chuvisco";"Dupla";"Reta";"Nao";289824;"Automóvel";"GM/CORSA WIND";1999;"Passageiro";"Lesoes Leves";0;"Masculino";0;1;0;0;"-28.37226042";"-48.75952387";"SR-SC";"DEL8/2";"UOP03/SC"
163109;357522;2018-10-03;"quarta-feira";"15:00:00";"PI";230;300;"OEIRAS";"Sim";"Ingestao de alcool";1;"Colisao com objeto estatico";"Com Vitimas Feridas";"Pleno dia";"Crescente";"Ceu Claro";"Simples";"Rotatória";"Nao";290113;"Motocicleta";"HONDA/CG 125 TODAY";NA;"Condutor";"Lesoes Graves";51;"Masculino";0;0;1;0;"-6.992762";"-42.579033";"SR-PI";"DEL17/3";"UOP01/PI"
163182;357474;2018-10-03;"quarta-feira";"22:10:00";"MG";50;178,9;"UBERABA";"Sim";"Ingestao de alcool";1;"Tombamento";"Com Vitimas Feridas";"Plena Noite";"Crescente";"Ceu Claro";"Dupla";"Nao Informado";"Sim";290119;"Motocicleta";"HONDA/CG 150 FAN ESI";2011;"Passageiro";"Lesoes Leves";48;"Masculino";0;1;0;0;"-19.7783";"-47.9318";"SR-MG";"DEL4/15";"UOP01/MG"
163182;359018;2018-10-03;"quarta-feira";"22:10:00";"MG";50;178,9;"UBERABA";"Sim";"Ingestao de alcool";1;"Tombamento";"Com Vitimas Feridas";"Plena Noite";"Crescente";"Ceu Claro";"Dupla";"Nao Informado";"Sim";290119;"Motocicleta";"HONDA/CG 150 FAN ESI";2011;"Condutor";"Ileso";NA;"Masculino";1;0;0;0;"-19.7783";"-47.9318";"SR-MG";"DEL4/15";"UOP01/MG"
163279;357645;2018-09-29;"sabado";"05:00:00";"MS";163;88,9;"ITAQUIRAI";"Sim";"Ingestao de alcool";1;"Capotamento";"Com Vitimas Feridas";"Amanhecer";"Crescente";"Ceu Claro";"Simples";"Reta";"Nao";290298;"Caminhonete";"FIAT/STRADA WORKING CD";2012;"Passageiro";"Lesoes Graves";20;"Masculino";0;0;1;0;"-23.37968332";"-54.21229362";"SR-MS";"DEL3/09";"UOP01/MS"
163279;357646;2018-09-29;"sabado";"05:00:00";"MS";163;88,9;"ITAQUIRAI";"Sim";"Ingestao de alcool";1;"Capotamento";"Com Vitimas Feridas";"Amanhecer";"Crescente";"Ceu Claro";"Simples";"Reta";"Nao";290298;"Caminhonete";"FIAT/STRADA WORKING CD";2012;"Condutor";"Ileso";27;"Masculino";1;0;0;0;"-23.37968332";"-54.21229362";"SR-MS";"DEL3/09";"UOP01/MS"
163379;357885;2018-10-04;"quinta-feira";"21:15:00";"CE";222;119,9;"ITAPAJE";"Sim";"Ingestao de alcool";1;"Colisao frontal";"Com Vitimas Feridas";"Plena Noite";"Crescente";"Ceu Claro";"Simples";"Nao Informado";"Nao";290506;"Automóvel";"TOYOTA/ETIOS HB XS 15";2014;"Condutor";"Lesoes Leves";31;"Masculino";0;1;0;0;"-3.7106";"-39.56712";"SR-CE";"DEL16/4";"UOP03/CE"
163379;357880;2018-10-04;"quinta-feira";"21:15:00";"CE";222;119,9;"ITAPAJE";"Sim";"Ingestao de alcool";1;"Colisao frontal";"Com Vitimas Feridas";"Plena Noite";"Crescente";"Ceu Claro";"Simples";"Nao Informado";"Nao";290505;"Automóvel";"VW/CROSSFOX";2007;"Condutor";"Lesoes Graves";51;"Masculino";0;0;1;0;"-3.7106";"-39.56712";"SR-CE";"DEL16/4";"UOP03/CE"
163388;357851;2018-10-05;"sexta-feira";"00:45:00";"RJ";116;176,2;"NOVA IGUACU";"Nao";"Ingestao de alcool";1;"Atropelamento de Pedestre";"Com Vitimas Feridas";"Plena Noite";"Decrescente";"Chuva";"Multipla";"Reta";"Sim";290497;"Outros";"";NA;"Condutor";"Nao Informado";NA;"Nao Informado";0;0;0;0;"-22.75800824";"-43.42967927";"SR-RJ";"DEL5/1";"UOP02/RJ"
163388;357850;2018-10-05;"sexta-feira";"00:45:00";"RJ";116;176,2;"NOVA IGUACU";"Nao";"Ingestao de alcool";1;"Atropelamento de Pedestre";"Com Vitimas Feridas";"Plena Noite";"Decrescente";"Chuva";"Multipla";"Reta";"Sim";290497;"Outros";"";NA;"Pedestre";"Lesoes Leves";38;"Masculino";0;1;0;0;"-22.75800824";"-43.42967927";"SR-RJ";"DEL5/1";"UOP02/RJ"
163389;357878;2018-10-05;"sexta-feira";"02:00:00";"GO";50;280,3;"CATALAO";"Sim";"Ingestao de alcool";1;"Queda de ocupante de veiculo";"Com Vitimas Feridas";"Pleno dia";"Crescente";"Ceu Claro";"Simples";"Reta";"Sim";290518;"Motocicleta";"HONDA/NX-4 FALCON";2008;"Condutor";"Lesoes Leves";38;"Masculino";0;1;0;0;"-18.1784";"-47.9362";"SR-GO";"DEL1/6";"UOP01/GO"
163392;359382;2018-10-04;"quinta-feira";"20:00:00";"RO";364;552,5;"ALTO PARAISO";"Sim";"Ingestao de alcool";1;"Colisao frontal";"Com Vitimas Feridas";"Plena Noite";"Crescente";"Ceu Claro";"Simples";"Reta";"Nao";291726;"Camioneta";"FORD/ECOSPORT FSL1.6FLEX";2010;"Condutor";"Ileso";53;"Masculino";1;0;0;0;"-9.62241414";"-63.07250977";"SR-RO";"DEL21/3";"UOP01/RO"
163392;359614;2018-10-04;"quinta-feira";"20:00:00";"RO";364;552,5;"ALTO PARAISO";"Sim";"Ingestao de alcool";1;"Colisao frontal";"Com Vitimas Feridas";"Plena Noite";"Crescente";"Ceu Claro";"Simples";"Reta";"Nao";291726;"Camioneta";"FORD/ECOSPORT FSL1.6FLEX";2010;"Passageiro";"Ileso";45;"Feminino";1;0;0;0;"-9.62241414";"-63.07250977";"SR-RO";"DEL21/3";"UOP01/RO"
163392;359381;2018-10-04;"quinta-feira";"20:00:00";"RO";364;552,5;"ALTO PARAISO";"Sim";"Ingestao de alcool";1;"Colisao frontal";"Com Vitimas Feridas";"Plena Noite";"Crescente";"Ceu Claro";"Simples";"Reta";"Nao";290509;"Motocicleta";"HONDA/CG 125 TITAN";1995;"Condutor";"Lesoes Leves";50;"Masculino";0;1;0;0;"-9.62241414";"-63.07250977";"SR-RO";"DEL21/3";"UOP01/RO"
163442;360397;2018-10-05;"sexta-feira";"10:15:00";"PR";369;148,1;"LONDRINA";"Nao";"Ingestao de alcool";2;"Queda de ocupante de veiculo";"Com Vitimas Feridas";"Pleno dia";"Decrescente";"Ceu Claro";"Dupla";"Reta";"Sim";290583;"Caminhao";"FORD/CARGO 2429 L";2013;"Condutor";"Ileso";42;"Masculino";1;0;0;0;"-23.29299306";"-51.14340479";"SR-PR";"DEL7/7";"UOP01/PR"
163442;360400;2018-10-05;"sexta-feira";"10:15:00";"PR";369;148,1;"LONDRINA";"Nao";"Ingestao de alcool";2;"Queda de ocupante de veiculo";"Com Vitimas Feridas";"Pleno dia";"Decrescente";"Ceu Claro";"Dupla";"Reta";"Sim";290583;"Caminhao";"FORD/CARGO 2429 L";2013;"Passageiro";"Ileso";37;"Masculino";1;0;0;0;"-23.29299306";"-51.14340479";"SR-PR";"DEL7/7";"UOP01/PR"
163442;360396;2018-10-05;"sexta-feira";"10:15:00";"PR";369;148,1;"LONDRINA";"Nao";"Ingestao de alcool";2;"Queda de ocupante de veiculo";"Com Vitimas Feridas";"Pleno dia";"Decrescente";"Ceu Claro";"Dupla";"Reta";"Sim";290582;"Motocicleta";"HONDA/CBX 250 TWISTER";2007;"Condutor";"Lesoes Leves";48;"Masculino";0;1;0;0;"-23.29299306";"-51.14340479";"SR-PR";"DEL7/7";"UOP01/PR"
163459;358067;2018-10-05;"sexta-feira";"11:10:00";"SC";101;136,3;"BALNEARIO CAMBORIU";"Sim";"Ingestao de alcool";1;"Colisao traseira";"Com Vitimas Feridas";"Pleno dia";"Decrescente";"Nublado";"Dupla";"Curva";"Sim";290677;"Automóvel";"GM/CORSA MILENIUM";2001;"Condutor";"Ileso";54;"Masculino";1;0;0;0;"-27.0158";"-48.6117";"SR-SC";"DEL8/4";"UOP03/SC"
163459;358068;2018-10-05;"sexta-feira";"11:10:00";"SC";101;136,3;"BALNEARIO CAMBORIU";"Sim";"Ingestao de alcool";1;"Colisao traseira";"Com Vitimas Feridas";"Pleno dia";"Decrescente";"Nublado";"Dupla";"Curva";"Sim";290678;"Caminhonete";"FIAT/STRADA HD WK CC E";2018;"Condutor";"Lesoes Leves";54;"Masculino";0;1;0;0;"-27.0158";"-48.6117";"SR-SC";"DEL8/4";"UOP03/SC"
163478;358008;2018-10-05;"sexta-feira";"13:30:00";"CE";116;447;"BARRO";"Sim";"Ingestao de alcool";1;"Saida de leito carrocavel";"Com Vitimas Feridas";"Pleno dia";"Crescente";"Ceu Claro";"Simples";"Reta";"Nao";290625;"Motocicleta";"HONDA/CG 150 TITAN KS";2007;"Condutor";"Lesoes Graves";34;"Masculino";0;0;1;0;"-7.105878";"-38.780621";"SR-CE";"DEL16/5";"UOP03/CE"
163481;357999;2018-09-15;"sabado";"23:30:00";"SC";101;148,2;"ITAPEMA";"Sim";"Ingestao de alcool";1;"Tombamento";"Com Vitimas Feridas";"Plena Noite";"Crescente";"Garoa/Chuvisco";"Dupla";"Reta";"Sim";290616;"Caminhao-trator";"SCANIA/G 420 A6X2";2008;"Condutor";"Lesoes Leves";44;"Masculino";0;1;0;0;"-27.109";"-48.6126";"SR-SC";"DEL8/4";"UOP03/SC"
163555;359753;2018-10-05;"sexta-feira";"20:20:00";"ES";101;146;"LINHARES";"Sim";"Ingestao de alcool";2;"Tombamento";"Com Vitimas Feridas";"Plena Noite";"Decrescente";"Chuva";"Multipla";"Intersecao de vias";"Sim";290812;"Caminhonete";"FIAT/TORO FREEDOM AT";2017;"Condutor";"Ileso";34;"Masculino";1;0;0;0;"-19.3692314";"-40.06533623";"SR-ES";"DEL12/4";"UOP01/ES"
163555;359764;2018-10-05;"sexta-feira";"20:20:00";"ES";101;146;"LINHARES";"Sim";"Ingestao de alcool";2;"Tombamento";"Com Vitimas Feridas";"Plena Noite";"Decrescente";"Chuva";"Multipla";"Intersecao de vias";"Sim";290811;"Motocicleta";"HONDA/CG 125 FAN ES";2010;"Passageiro";"Lesoes Leves";46;"Feminino";0;1;0;0;"-19.3692314";"-40.06533623";"SR-ES";"DEL12/4";"UOP01/ES"
163555;359765;2018-10-05;"sexta-feira";"20:20:00";"ES";101;146;"LINHARES";"Sim";"Ingestao de alcool";2;"Tombamento";"Com Vitimas Feridas";"Plena Noite";"Decrescente";"Chuva";"Multipla";"Intersecao de vias";"Sim";290812;"Caminhonete";"FIAT/TORO FREEDOM AT";2017;"Passageiro";"Ileso";35;"Feminino";1;0;0;0;"-19.3692314";"-40.06533623";"SR-ES";"DEL12/4";"UOP01/ES"
163555;359766;2018-10-05;"sexta-feira";"20:20:00";"ES";101;146;"LINHARES";"Sim";"Ingestao de alcool";2;"Tombamento";"Com Vitimas Feridas";"Plena Noite";"Decrescente";"Chuva";"Multipla";"Intersecao de vias";"Sim";290812;"Caminhonete";"FIAT/TORO FREEDOM AT";2017;"Passageiro";"Ileso";4;"Masculino";1;0;0;0;"-19.3692314";"-40.06533623";"SR-ES";"DEL12/4";"UOP01/ES"
163555;359761;2018-10-05;"sexta-feira";"20:20:00";"ES";101;146;"LINHARES";"Sim";"Ingestao de alcool";2;"Tombamento";"Com Vitimas Feridas";"Plena Noite";"Decrescente";"Chuva";"Multipla";"Intersecao de vias";"Sim";290811;"Motocicleta";"HONDA/CG 125 FAN ES";2010;"Condutor";"Lesoes Leves";56;"Masculino";0;1;0;0;"-19.3692314";"-40.06533623";"SR-ES";"DEL12/4";"UOP01/ES"
163575;358179;2018-10-05;"sexta-feira";"21:45:00";"SC";101;321;"PESCARIA BRAVA";"Sim";"Ingestao de alcool";1;"Tombamento";"Com Vitimas Feridas";"Plena Noite";"Decrescente";"Ceu Claro";"Dupla";"Reta";"Nao";290810;"Motocicleta";"YAMAHA/YBR 125ED";2002;"Condutor";"Lesoes Leves";48;"Masculino";0;1;0;0;"-28.427";"-48.9088";"SR-SC";"DEL8/2";"UOP01/SC"
163576;359810;2018-10-05;"sexta-feira";"22:30:00";"ES";101;146,7;"LINHARES";"Sim";"Ingestao de alcool";2;"Tombamento";"Sem Vitimas";"Pleno dia";"Decrescente";"Chuva";"Multipla";"Intersecao de vias";"Sim";290813;"Automóvel";"HONDA/FIT LX";2004;"Condutor";"Ileso";28;"Masculino";1;0;0;0;"-19.37541557";"-40.06615698";"SR-ES";"DEL12/4";"UOP01/ES"
163576;359816;2018-10-05;"sexta-feira";"22:30:00";"ES";101;146,7;"LINHARES";"Sim";"Ingestao de alcool";2;"Tombamento";"Sem Vitimas";"Pleno dia";"Decrescente";"Chuva";"Multipla";"Intersecao de vias";"Sim";292029;"Ciclomotor";"I/JINBEI SHINERAY TLUX";NA;"Condutor";"Ileso";34;"Masculino";1;0;0;0;"-19.37541557";"-40.06615698";"SR-ES";"DEL12/4";"UOP01/ES"
163582;359071;2018-10-05;"sexta-feira";"22:30:00";"MS";262;239,9;"RIBAS DO RIO PARDO";"Sim";"Ingestao de alcool";1;"Colisao frontal";"Com Vitimas Feridas";"Plena Noite";"Decrescente";"Ceu Claro";"Simples";"Reta";"Sim";290886;"Automóvel";"GM/ASTRA GL";2000;"Condutor";"Ileso";34;"Masculino";1;0;0;0;"-20.457633";"-53.764533";"SR-MS";"DEL3/1";"UOP01/MS"
163582;359073;2018-10-05;"sexta-feira";"22:30:00";"MS";262;239,9;"RIBAS DO RIO PARDO";"Sim";"Ingestao de alcool";1;"Colisao frontal";"Com Vitimas Feridas";"Plena Noite";"Decrescente";"Ceu Claro";"Simples";"Reta";"Sim";290887;"Motocicleta";"HONDA/CG 150 TITAN ES";2006;"Condutor";"Lesoes Graves";19;"Masculino";0;0;1;0;"-20.457633";"-53.764533";"SR-MS";"DEL3/1";"UOP01/MS"
163586;359709;2018-10-05;"sexta-feira";"23:30:00";"PI";316;6,3;"TERESINA";"Nao";"Ingestao de alcool";1;"Saida de leito carrocavel";"Com Vitimas Feridas";"Plena Noite";"Crescente";"Ceu Claro";"Dupla";"Rotatória";"Sim";290849;"Automóvel";"GM/VECTRA EXPRESSION";2002;"Passageiro";"Ileso";17;"Feminino";1;0;0;0;"-5.09504778";"-42.78453827";"SR-PI";"DEL17/1";"UOP02/PI"
163586;359710;2018-10-05;"sexta-feira";"23:30:00";"PI";316;6,3;"TERESINA";"Nao";"Ingestao de alcool";1;"Saida de leito carrocavel";"Com Vitimas Feridas";"Plena Noite";"Crescente";"Ceu Claro";"Dupla";"Rotatória";"Sim";290849;"Automóvel";"GM/VECTRA EXPRESSION";2002;"Passageiro";"Lesoes Graves";22;"Masculino";0;0;1;0;"-5.09504778";"-42.78453827";"SR-PI";"DEL17/1";"UOP02/PI"
163586;359707;2018-10-05;"sexta-feira";"23:30:00";"PI";316;6,3;"TERESINA";"Nao";"Ingestao de alcool";1;"Saida de leito carrocavel";"Com Vitimas Feridas";"Plena Noite";"Crescente";"Ceu Claro";"Dupla";"Rotatória";"Sim";290849;"Automóvel";"GM/VECTRA EXPRESSION";2002;"Condutor";"Nao Informado";NA;"Nao Informado";0;0;0;0;"-5.09504778";"-42.78453827";"SR-PI";"DEL17/1";"UOP02/PI"
163586;359715;2018-10-05;"sexta-feira";"23:30:00";"PI";316;6,3;"TERESINA";"Nao";"Ingestao de alcool";1;"Saida de leito carrocavel";"Com Vitimas Feridas";"Plena Noite";"Crescente";"Ceu Claro";"Dupla";"Rotatória";"Sim";290849;"Automóvel";"GM/VECTRA EXPRESSION";2002;"Passageiro";"Lesoes Graves";29;"Masculino";0;0;1;0;"-5.09504778";"-42.78453827";"SR-PI";"DEL17/1";"UOP02/PI"
163590;359540;2018-10-06;"sabado";"00:05:00";"PR";277;254,8;"IRATI";"Nao";"Ingestao de alcool";1;"Colisao frontal";"Com Vitimas Feridas";"Plena Noite";"Crescente";"Nublado";"Simples";"Reta";"Nao";290845;"Automóvel";"FIAT/SIENA EL FLEX";2010;"Condutor";"Lesoes Leves";42;"Feminino";0;1;0;0;"-25.41811158";"-50.76331079";"SR-PR";"DEL7/3";"UOP04/PR"
163590;359335;2018-10-06;"sabado";"00:05:00";"PR";277;254,8;"IRATI";"Nao";"Ingestao de alcool";1;"Colisao frontal";"Com Vitimas Feridas";"Plena Noite";"Crescente";"Nublado";"Simples";"Reta";"Nao";290844;"Automóvel";"VW/GOL LS";1981;"Passageiro";"Lesoes Graves";35;"Feminino";0;0;1;0;"-25.41811158";"-50.76331079";"SR-PR";"DEL7/3";"UOP04/PR"
163590;359135;2018-10-06;"sabado";"00:05:00";"PR";277;254,8;"IRATI";"Nao";"Ingestao de alcool";1;"Colisao frontal";"Com Vitimas Feridas";"Plena Noite";"Crescente";"Nublado";"Simples";"Reta";"Nao";290844;"Automóvel";"VW/GOL LS";1981;"Condutor";"Lesoes Leves";33;"Masculino";0;1;0;0;"-25.41811158";"-50.76331079";"SR-PR";"DEL7/3";"UOP04/PR"
163597;360379;2018-10-05;"sexta-feira";"22:20:00";"SP";116;227,5;"SAO PAULO";"Sim";"Ingestao de alcool";1;"Colisao lateral";"Sem Vitimas";"Plena Noite";"Decrescente";"Nublado";"Multipla";"Reta";"Sim";290877;"Automóvel";"FIAT/BRAVO ESSENCE DUAL";2012;"Condutor";"Ileso";44;"Masculino";1;0;0;0;"-23.50156446";"-46.56353474";"SR-SP";"DEL6/1";"UOP01/SP"
163597;360381;2018-10-05;"sexta-feira";"22:20:00";"SP";116;227,5;"SAO PAULO";"Sim";"Ingestao de alcool";1;"Colisao lateral";"Sem Vitimas";"Plena Noite";"Decrescente";"Nublado";"Multipla";"Reta";"Sim";290878;"Micro-ônibus";"I/M.BENZ SPRI RIBEIRO M2";2014;"Condutor";"Ileso";36;"Masculino";1;0;0;0;"-23.50156446";"-46.56353474";"SR-SP";"DEL6/1";"UOP01/SP"
163612;361654;2018-10-06;"sabado";"03:45:00";"SC";101;86;"BARRA VELHA";"Nao";"Ingestao de alcool";1;"Queda de ocupante de veiculo";"Com Vitimas Feridas";"Plena Noite";"Decrescente";"Chuva";"Multipla";"Reta";"Sim";293512;"Motocicleta";"HONDA/CG 150 FAN ESI";2011;"Condutor";"Lesoes Leves";30;"Masculino";0;1;0;0;"-26.6504";"-48.6869";"SR-SC";"DEL8/3";"UOP02/SC"