"id";"pesid";"data_inversa";"dia_semana";"horario";"uf";"br";"km";"municipio";"causa_principal";"causa_acidente";"ordem_tipo_acidente";"tipo_acidente";"classificacao_acidente";"fase_dia";"sentido_via";"condicao_metereologica";"tipo_pista";"tracado_via";"uso_solo";"id_veiculo";"tipo_veiculo";"marca";"ano_fabricacao_veiculo";"tipo_envolvido";"estado_fisico";"idade";"sexo";"ilesos";"feridos_leves";"feridos_graves";"mortos";"latitude";"longitude";"regional";"delegacia";"uop"
163613;358215;2018-10-06;"sabado";"02:50:00";"SC";101;328;"CAPIVARI DE BAIXO";"Sim";"Ingestao de alcool";1;"Colisao com objeto estatico";"Sem Vitimas";"Plena Noite";"Crescente";"Nublado";"Dupla";"Reta";"Nao";290851;"Automóvel";"HONDA/CIVIC SI";2007;"Condutor";"Ileso";25;"Masculino";1;0;0;0;"-28.44118552";"-48.96390259";"SR-SC";"DEL8/2";"UOP01/SC"
163613;358216;2018-10-06;"sabado";"02:50:00";"SC";101;328;"CAPIVARI DE BAIXO";"Sim";"Ingestao de alcool";1;"Colisao com objeto estatico";"Sem Vitimas";"Plena Noite";"Crescente";"Nublado";"Dupla";"Reta";"Nao";290851;"Automóvel";"HONDA/CIVIC SI";2007;"Passageiro";"Ileso";27;"Masculino";1;0;0;0;"-28.44118552";"-48.96390259";"SR-SC";"DEL8/2";"UOP01/SC"
163620;359678;2018-10-06;"sabado";"04:30:00";"SC";101;135;"BALNEARIO CAMBORIU";"Sim";"Ingestao de alcool";1;"Colisao transversal";"Com Vitimas Feridas";"Plena Noite";"Decrescente";"Ceu Claro";"Simples";"Desvio Temporario";"Sim";290871;"Caminhonete";"VW/NOVA SAVEIRO CE";2013;"Condutor";"Ileso";22;"Masculino";1;0;0;0;"-27.0081";"-48.617";"SR-SC";"DEL8/4";"UOP03/SC"
163620;359795;2018-10-06;"sabado";"04:30:00";"SC";101;135;"BALNEARIO CAMBORIU";"Sim";"Ingestao de alcool";1;"Colisao transversal";"Com Vitimas Feridas";"Plena Noite";"Decrescente";"Ceu Claro";"Simples";"Desvio Temporario";"Sim";291948;"Automóvel";"I/HYUNDAI I30 1.8";2013;"Condutor";"Lesoes Leves";20;"Masculino";0;1;0;0;"-27.0081";"-48.617";"SR-SC";"DEL8/4";"UOP03/SC"
163632;361701;2018-10-06;"sabado";"01:50:00";"SC";282;587;"SAUDADES";"Sim";"Ingestao de alcool";1;"Colisao com objeto estatico";"Com Vitimas Feridas";"Plena Noite";"Crescente";"Nublado";"Simples";"Ponte";"Nao";290881;"Motocicleta";"HONDA/CG 150 TITAN ES";2008;"Condutor";"Lesoes Leves";19;"Masculino";0;1;0;0;"-26.830677";"-53.04443";"SR-SC";"DEL8/8";"UOP02/SC"
163641;358308;2018-10-06;"sabado";"06:55:00";"PR";369;143,2;"LONDRINA";"Sim";"Ingestao de alcool";1;"Colisao traseira";"Com Vitimas Feridas";"Pleno dia";"Crescente";"Ceu Claro";"Dupla";"Reta";"Sim";290903;"Automóvel";"FIAT/PALIO FIRE";2003;"Condutor";"Ileso";27;"Masculino";1;0;0;0;"-23.29301277";"-51.09736735";"SR-PR";"DEL7/7";"UOP01/PR"
163641;358316;2018-10-06;"sabado";"06:55:00";"PR";369;143,2;"LONDRINA";"Sim";"Ingestao de alcool";1;"Colisao traseira";"Com Vitimas Feridas";"Pleno dia";"Crescente";"Ceu Claro";"Dupla";"Reta";"Sim";290904;"Motocicleta";"HONDA/CG 160 TITAN";2018;"Condutor";"Lesoes Leves";30;"Masculino";0;1;0;0;"-23.29301277";"-51.09736735";"SR-PR";"DEL7/7";"UOP01/PR"
163643;358507;2018-10-06;"sabado";"07:20:00";"DF";251;26,3;"BRASILIA";"Sim";"Ingestao de alcool";1;"Colisao com objeto estatico";"Sem Vitimas";"Pleno dia";"Decrescente";"Ceu Claro";"Simples";"Desvio Temporario";"Nao";291015;"Automóvel";"I/PEUGEOT 307 16 FX PR";2006;"Condutor";"Ileso";48;"Masculino";1;0;0;0;"-15.9475512";"-47.6869426";"SR-DF";"DF";"UOP01/DF"
163644;360077;2018-10-06;"sabado";"04:30:00";"RO";319;62;"PORTO VELHO";"Sim";"Ingestao de alcool";1;"Colisao traseira";"Sem Vitimas";"Amanhecer";"Crescente";"Garoa/Chuvisco";"Dupla";"Reta";"Sim";292143;"Automóvel";"VW/GOLF 1.6 SPORTLINE";2012;"Condutor";"Ileso";18;"Masculino";1;0;0;0;"-8.76348126";"-63.8824253";"SR-RO";"DEL21/1";"UOP01/RO"
163644;360083;2018-10-06;"sabado";"04:30:00";"RO";319;62;"PORTO VELHO";"Sim";"Ingestao de alcool";1;"Colisao traseira";"Sem Vitimas";"Amanhecer";"Crescente";"Garoa/Chuvisco";"Dupla";"Reta";"Sim";292150;"Caminhao";"VW/8.150E DELIVERY";2009;"Condutor";"Ileso";33;"Masculino";1;0;0;0;"-8.76348126";"-63.8824253";"SR-RO";"DEL21/1";"UOP01/RO"
163689;358378;2018-10-05;"sexta-feira";"22:45:00";"MA";222;664;"ACAILANDIA";"Sim";"Ingestao de alcool";1;"Colisao frontal";"Com Vitimas Feridas";"Plena Noite";"Crescente";"Ceu Claro";"Multipla";"Reta";"Sim";290966;"Motocicleta";"HONDA/CG150 FAN ESDI";2014;"Condutor";"Lesoes Graves";46;"Masculino";0;0;1;0;"-4.9126837";"-47.4151055";"SR-MA";"DEL18/4";"UOP03/MA"
163689;358379;2018-10-05;"sexta-feira";"22:45:00";"MA";222;664;"ACAILANDIA";"Sim";"Ingestao de alcool";1;"Colisao frontal";"Com Vitimas Feridas";"Plena Noite";"Crescente";"Ceu Claro";"Multipla";"Reta";"Sim";290966;"Motocicleta";"HONDA/CG150 FAN ESDI";2014;"Passageiro";"Nao Informado";NA;"Nao Informado";0;0;0;0;"-4.9126837";"-47.4151055";"SR-MA";"DEL18/4";"UOP03/MA"
163689;358380;2018-10-05;"sexta-feira";"22:45:00";"MA";222;664;"ACAILANDIA";"Sim";"Ingestao de alcool";1;"Colisao frontal";"Com Vitimas Feridas";"Plena Noite";"Crescente";"Ceu Claro";"Multipla";"Reta";"Sim";290967;"Automóvel";"VW/GOL 1.0";2005;"Condutor";"Nao Informado";NA;"Nao Informado";0;0;0;0;"-4.9126837";"-47.4151055";"SR-MA";"DEL18/4";"UOP03/MA"
163696;358434;2018-10-06;"sabado";"11:50:00";"PR";116;94,8;"SAO JOSE DOS PINHAIS";"Sim";"Ingestao de alcool";1;"Queda de ocupante de veiculo";"Com Vitimas Feridas";"Pleno dia";"Decrescente";"Nublado";"Dupla";"Nao Informado";"Nao";290969;"Bicicleta";"";NA;"Condutor";"Lesoes Graves";51;"Masculino";0;0;1;0;"-25.489584";"-49.112045";"SR-PR";"DEL7/1";"UOP01/PR"
163743;360060;2018-10-06;"sabado";"16:45:00";"RS";116;307,7;"GUAIBA";"Sim";"Ingestao de alcool";1;"Colisao lateral";"Com Vitimas Feridas";"Pleno dia";"Decrescente";"Sol";"Simples";"Reta";"Nao";291234;"Automóvel";"I/GM CORSA SUPER W";1999;"Passageiro";"Ileso";NA;"Feminino";1;0;0;0;"-30.174295";"-51.392365";"SR-RS";"DEL9/2";"UOP01/RS"
163743;360251;2018-10-06;"sabado";"16:45:00";"RS";116;307,7;"GUAIBA";"Sim";"Ingestao de alcool";1;"Colisao lateral";"Com Vitimas Feridas";"Pleno dia";"Decrescente";"Sol";"Simples";"Reta";"Nao";292188;"Caminhao-trator";"";2012;"Testemunha";"Nao Informado";NA;"Nao Informado";0;0;0;0;"-30.174295";"-51.392365";"SR-RS";"DEL9/2";"UOP01/RS"
163743;360250;2018-10-06;"sabado";"16:45:00";"RS";116;307,7;"GUAIBA";"Sim";"Ingestao de alcool";1;"Colisao lateral";"Com Vitimas Feridas";"Pleno dia";"Decrescente";"Sol";"Simples";"Reta";"Nao";292188;"Caminhao-trator";"";2012;"Condutor";"Ileso";45;"Masculino";1;0;0;0;"-30.174295";"-51.392365";"SR-RS";"DEL9/2";"UOP01/RS"
163743;360062;2018-10-06;"sabado";"16:45:00";"RS";116;307,7;"GUAIBA";"Sim";"Ingestao de alcool";1;"Colisao lateral";"Com Vitimas Feridas";"Pleno dia";"Decrescente";"Sol";"Simples";"Reta";"Nao";291234;"Automóvel";"I/GM CORSA SUPER W";1999;"Passageiro";"Lesoes Leves";26;"Feminino";0;1;0;0;"-30.174295";"-51.392365";"SR-RS";"DEL9/2";"UOP01/RS"
163743;360058;2018-10-06;"sabado";"16:45:00";"RS";116;307,7;"GUAIBA";"Sim";"Ingestao de alcool";1;"Colisao lateral";"Com Vitimas Feridas";"Pleno dia";"Decrescente";"Sol";"Simples";"Reta";"Nao";291234;"Automóvel";"I/GM CORSA SUPER W";1999;"Passageiro";"Lesoes Leves";26;"Feminino";0;1;0;0;"-30.174295";"-51.392365";"SR-RS";"DEL9/2";"UOP01/RS"
163743;360055;2018-10-06;"sabado";"16:45:00";"RS";116;307,7;"GUAIBA";"Sim";"Ingestao de alcool";1;"Colisao lateral";"Com Vitimas Feridas";"Pleno dia";"Decrescente";"Sol";"Simples";"Reta";"Nao";291234;"Automóvel";"I/GM CORSA SUPER W";1999;"Condutor";"Ileso";36;"Masculino";1;0;0;0;"-30.174295";"-51.392365";"SR-RS";"DEL9/2";"UOP01/RS"
163743;360070;2018-10-06;"sabado";"16:45:00";"RS";116;307,7;"GUAIBA";"Sim";"Ingestao de alcool";1;"Colisao lateral";"Com Vitimas Feridas";"Pleno dia";"Decrescente";"Sol";"Simples";"Reta";"Nao";291234;"Automóvel";"I/GM CORSA SUPER W";1999;"Passageiro";"Ileso";NA;"Masculino";1;0;0;0;"-30.174295";"-51.392365";"SR-RS";"DEL9/2";"UOP01/RS"
163747;358514;2018-10-06;"sabado";"16:15:00";"BA";242;798;"BARREIRAS";"Sim";"Ingestao de alcool";1;"Colisao traseira";"Com Vitimas Feridas";"Pleno dia";"Decrescente";"Sol";"Simples";"Reta";"Nao";291053;"Automóvel";"VW/FOX 1.6 GII";2013;"Condutor";"Lesoes Leves";46;"Feminino";0;1;0;0;"-12.11873";"-45.056718";"SR-BA";"DEL10/10";"UOP01/BA"
163747;358515;2018-10-06;"sabado";"16:15:00";"BA";242;798;"BARREIRAS";"Sim";"Ingestao de alcool";1;"Colisao traseira";"Com Vitimas Feridas";"Pleno dia";"Decrescente";"Sol";"Simples";"Reta";"Nao";291053;"Automóvel";"VW/FOX 1.6 GII";2013;"Passageiro";"Ileso";82;"Feminino";1;0;0;0;"-12.11873";"-45.056718";"SR-BA";"DEL10/10";"UOP01/BA"
163747;358516;2018-10-06;"sabado";"16:15:00";"BA";242;798;"BARREIRAS";"Sim";"Ingestao de alcool";1;"Colisao traseira";"Com Vitimas Feridas";"Pleno dia";"Decrescente";"Sol";"Simples";"Reta";"Nao";291053;"Automóvel";"VW/FOX 1.6 GII";2013;"Passageiro";"Ileso";49;"Feminino";1;0;0;0;"-12.11873";"-45.056718";"SR-BA";"DEL10/10";"UOP01/BA"
163747;358519;2018-10-06;"sabado";"16:15:00";"BA";242;798;"BARREIRAS";"Sim";"Ingestao de alcool";1;"Colisao traseira";"Com Vitimas Feridas";"Pleno dia";"Decrescente";"Sol";"Simples";"Reta";"Nao";291054;"Automóvel";"VW/GOL 1.0";2003;"Condutor";"Nao Informado";NA;"Nao Informado";0;0;0;0;"-12.11873";"-45.056718";"SR-BA";"DEL10/10";"UOP01/BA"
163747;358522;2018-10-06;"sabado";"16:15:00";"BA";242;798;"BARREIRAS";"Sim";"Ingestao de alcool";1;"Colisao traseira";"Com Vitimas Feridas";"Pleno dia";"Decrescente";"Sol";"Simples";"Reta";"Nao";291054;"Automóvel";"VW/GOL 1.0";2003;"Passageiro";"Ileso";47;"Feminino";1;0;0;0;"-12.11873";"-45.056718";"SR-BA";"DEL10/10";"UOP01/BA"
163747;358523;2018-10-06;"sabado";"16:15:00";"BA";242;798;"BARREIRAS";"Sim";"Ingestao de alcool";1;"Colisao traseira";"Com Vitimas Feridas";"Pleno dia";"Decrescente";"Sol";"Simples";"Reta";"Nao";291054;"Automóvel";"VW/GOL 1.0";2003;"Passageiro";"Nao Informado";NA;"Nao Informado";0;0;0;0;"-12.11873";"-45.056718";"SR-BA";"DEL10/10";"UOP01/BA"
163747;358525;2018-10-06;"sabado";"16:15:00";"BA";242;798;"BARREIRAS";"Sim";"Ingestao de alcool";1;"Colisao traseira";"Com Vitimas Feridas";"Pleno dia";"Decrescente";"Sol";"Simples";"Reta";"Nao";291054;"Automóvel";"VW/GOL 1.0";2003;"Passageiro";"Nao Informado";NA;"Nao Informado";0;0;0;0;"-12.11873";"-45.056718";"SR-BA";"DEL10/10";"UOP01/BA"
163749;358584;2018-10-06;"sabado";"17:00:00";"SC";470;171;"POUSO REDONDO";"Sim";"Ingestao de alcool";1;"Capotamento";"Com Vitimas Feridas";"Pleno dia";"Crescente";"Nublado";"Simples";"Reta";"Nao";291119;"Automóvel";"RENAULT/SANDERO PR1616VA";2011;"Condutor";"Lesoes Leves";37;"Masculino";0;1;0;0;"-27.2633568";"-49.8964482";"SR-SC";"DEL8/4";"UOP02/SC"
163760;361688;2018-10-06;"sabado";"18:00:00";"RJ";101;62;"CAMPOS DOS GOYTACAZES";"Sim";"Ingestao de alcool";1;"Colisao traseira";"Sem Vitimas";"Anoitecer";"Decrescente";"Ceu Claro";"Dupla";"Reta";"Sim";291106;"Automóvel";"GM/CORSA HATCH JOY";2006;"Condutor";"Ileso";66;"Masculino";1;0;0;0;"-21.734707";"-41.325024";"SR-RJ";"DEL5/8";"UOP01/RJ"
163760;361690;2018-10-06;"sabado";"18:00:00";"RJ";101;62;"CAMPOS DOS GOYTACAZES";"Sim";"Ingestao de alcool";1;"Colisao traseira";"Sem Vitimas";"Anoitecer";"Decrescente";"Ceu Claro";"Dupla";"Reta";"Sim";291107;"Automóvel";"VW/NOVO FOX CL MB";2016;"Condutor";"Ileso";30;"Masculino";1;0;0;0;"-21.734707";"-41.325024";"SR-RJ";"DEL5/8";"UOP01/RJ"
163771;358730;2018-10-06;"sabado";"18:25:00";"GO";60;368;"RIO VERDE";"Sim";"Ingestao de alcool e/ou substâncias psicoativas pelo pedestre";1;"Saida de leito carrocavel";"Sem Vitimas";"Anoitecer";"Crescente";"Ceu Claro";"Dupla";"Reta";"Nao";291254;"Automóvel";"CHEVROLET/ONIX 10MT JOYE";2017;"Condutor";"Ileso";24;"Masculino";1;0;0;0;"-17.709096";"-50.850895";"SR-GO";"DEL1/4";"UOP01/GO"
163781;358619;2018-10-06;"sabado";"19:40:00";"GO";40;4;"VALPARAISO DE GOIAS";"Nao";"Ingestao de alcool";1;"Atropelamento de Pedestre";"Com Vitimas Feridas";"Plena Noite";"Decrescente";"Nublado";"Dupla";"Reta";"Sim";291156;"Automóvel";"FIAT/MOBI EASY";2018;"Condutor";"Ileso";37;"Masculino";1;0;0;0;"-16.082585";"-47.986514";"SR-DF";"GO";"UOP01/DF"
163781;358620;2018-10-06;"sabado";"19:40:00";"GO";40;4;"VALPARAISO DE GOIAS";"Nao";"Ingestao de alcool";1;"Atropelamento de Pedestre";"Com Vitimas Feridas";"Plena Noite";"Decrescente";"Nublado";"Dupla";"Reta";"Sim";291156;"Automóvel";"FIAT/MOBI EASY";2018;"Passageiro";"Ileso";36;"Feminino";1;0;0;0;"-16.082585";"-47.986514";"SR-DF";"GO";"UOP01/DF"
163781;358621;2018-10-06;"sabado";"19:40:00";"GO";40;4;"VALPARAISO DE GOIAS";"Nao";"Ingestao de alcool";1;"Atropelamento de Pedestre";"Com Vitimas Feridas";"Plena Noite";"Decrescente";"Nublado";"Dupla";"Reta";"Sim";291156;"Automóvel";"FIAT/MOBI EASY";2018;"Passageiro";"Ileso";NA;"Feminino";1;0;0;0;"-16.082585";"-47.986514";"SR-DF";"GO";"UOP01/DF"
163781;358622;2018-10-06;"sabado";"19:40:00";"GO";40;4;"VALPARAISO DE GOIAS";"Nao";"Ingestao de alcool";1;"Atropelamento de Pedestre";"Com Vitimas Feridas";"Plena Noite";"Decrescente";"Nublado";"Dupla";"Reta";"Sim";291156;"Automóvel";"FIAT/MOBI EASY";2018;"Pedestre";"Lesoes Leves";22;"Masculino";0;1;0;0;"-16.082585";"-47.986514";"SR-DF";"GO";"UOP01/DF"
163800;361414;2018-10-06;"sabado";"20:30:00";"DF";60;14;"BRASILIA";"Sim";"Ingestao de alcool";1;"Atropelamento de Pedestre";"Com Vitimas Fatais";"Plena Noite";"Decrescente";"Nublado";"Dupla";"Reta";"Sim";293321;"Automóvel";"I/KIA CERATO EX3 1.6ATNB";2011;"Condutor";"Ileso";39;"Masculino";1;0;0;0;"-15.93749859";"-48.16998969";"SR-DF";"DF";"UOP03/DF"
163800;362601;2018-10-06;"sabado";"20:30:00";"DF";60;14;"BRASILIA";"Sim";"Ingestao de alcool";1;"Atropelamento de Pedestre";"Com Vitimas Fatais";"Plena Noite";"Decrescente";"Nublado";"Dupla";"Reta";"Sim";293321;"Automóvel";"I/KIA CERATO EX3 1.6ATNB";2011;"Pedestre";"Óbito";47;"Masculino";0;0;0;1;"-15.93749859";"-48.16998969";"SR-DF";"DF";"UOP03/DF"
163826;359456;2018-10-06;"sabado";"22:30:00";"RJ";493;19;"MAGE";"Sim";"Ingestao de alcool";2;"Colisao com objeto estatico";"Com Vitimas Feridas";"Plena Noite";"Crescente";"Garoa/Chuvisco";"Simples";"Ponte";"Sim";291246;"Automóvel";"VW/GOL CLI";1996;"Condutor";"Ileso";37;"Masculino";1;0;0;0;"-22.666194";"-43.027874";"SR-RJ";"DEL5/4";"UOP02/RJ"
163826;359458;2018-10-06;"sabado";"22:30:00";"RJ";493;19;"MAGE";"Sim";"Ingestao de alcool";2;"Colisao com objeto estatico";"Com Vitimas Feridas";"Plena Noite";"Crescente";"Garoa/Chuvisco";"Simples";"Ponte";"Sim";291247;"Camioneta";"VW/KOMBI";2002;"Condutor";"Lesoes Leves";41;"Masculino";0;1;0;0;"-22.666194";"-43.027874";"SR-RJ";"DEL5/4";"UOP02/RJ"
163826;359462;2018-10-06;"sabado";"22:30:00";"RJ";493;19;"MAGE";"Sim";"Ingestao de alcool";2;"Colisao com objeto estatico";"Com Vitimas Feridas";"Plena Noite";"Crescente";"Garoa/Chuvisco";"Simples";"Ponte";"Sim";291247;"Camioneta";"VW/KOMBI";2002;"Passageiro";"Lesoes Leves";44;"Feminino";0;1;0;0;"-22.666194";"-43.027874";"SR-RJ";"DEL5/4";"UOP02/RJ"
163835;360143;2018-10-06;"sabado";"22:30:00";"MG";153;4;"ARAPORA";"Sim";"Ingestao de alcool";1;"Queda de ocupante de veiculo";"Com Vitimas Feridas";"Plena Noite";"Crescente";"Ceu Claro";"Dupla";"Reta";"Nao";292253;"Bicicleta";"MONARK/";NA;"Condutor";"Lesoes Leves";48;"Masculino";0;1;0;0;"-18.4625";"-49.188";"SR-MG";"DEL4/15";"UOP03/MG"
163849;360353;2018-10-06;"sabado";"23:38:00";"CE";222;312,5;"TIANGUA";"Sim";"Ingestao de alcool";1;"Colisao transversal";"Com Vitimas Feridas";"Plena Noite";"Crescente";"Ceu Claro";"Simples";"Reta";"Sim";292404;"Caminhao";"M.BENZ/ATEGO 1719";2017;"Condutor";"Ileso";56;"Masculino";1;0;0;0;"-3.7298313";"-40.99309964";"SR-CE";"DEL16/4";"UOP02/CE"
163849;360365;2018-10-06;"sabado";"23:38:00";"CE";222;312,5;"TIANGUA";"Sim";"Ingestao de alcool";1;"Colisao transversal";"Com Vitimas Feridas";"Plena Noite";"Crescente";"Ceu Claro";"Simples";"Reta";"Sim";292370;"Motocicleta";"HONDA/CG 160 FAN";2018;"Condutor";"Lesoes Graves";24;"Masculino";0;0;1;0;"-3.7298313";"-40.99309964";"SR-CE";"DEL16/4";"UOP02/CE"
163850;358781;2018-10-07;"domingo";"00:50:00";"PI";230;308,4;"FLORIANO";"Sim";"Ingestao de alcool";1;"Colisao frontal";"Com Vitimas Fatais";"Plena Noite";"Decrescente";"Ceu Claro";"Simples";"Reta";"Sim";291320;"Motocicleta";"HONDA/CG150 FAN ESDI";2014;"Condutor";"Óbito";24;"Masculino";0;0;0;1;"-6.815137";"-42.94023514";"SR-PI";"DEL17/3";"UOP01/PI"
163850;360659;2018-10-07;"domingo";"00:50:00";"PI";230;308,4;"FLORIANO";"Sim";"Ingestao de alcool";1;"Colisao frontal";"Com Vitimas Fatais";"Plena Noite";"Decrescente";"Ceu Claro";"Simples";"Reta";"Sim";292658;"Ônibus";"MBENZ/MPOLO PARADISO R";2007;"Condutor";"Ileso";36;"Masculino";1;0;0;0;"-6.815137";"-42.94023514";"SR-PI";"DEL17/3";"UOP01/PI"
163864;360276;2018-10-07;"domingo";"02:50:00";"PR";277;723;"FOZ DO IGUACU";"Sim";"Ingestao de alcool";1;"Saida de leito carrocavel";"Com Vitimas Feridas";"Plena Noite";"Decrescente";"Ignorado";"Dupla";"Reta";"Nao";292345;"Automóvel";"FORD/KA";2018;"Condutor";"Lesoes Leves";34;"Masculino";0;1;0;0;"-25.498783";"-54.529865";"SR-PR";"DEL7/5";"UOP01/PR"
163873;361885;2018-10-07;"domingo";"03:40:00";"DF";80;23;"BRASILIA";"Nao";"Ingestao de alcool";1;"Colisao lateral";"Com Vitimas Feridas";"Plena Noite";"Crescente";"Chuva";"Simples";"Reta";"Nao";291314;"Automóvel";"IMP/FORD ESCORT GL 16V H";1996;"Condutor";"Nao Informado";NA;"Nao Informado";0;0;0;0;"-15.63047606";"-48.19993973";"SR-DF";"DF";"UOP06/DF"
163873;362170;2018-10-07;"domingo";"03:40:00";"DF";80;23;"BRASILIA";"Nao";"Ingestao de alcool";1;"Colisao lateral";"Com Vitimas Feridas";"Plena Noite";"Crescente";"Chuva";"Simples";"Reta";"Nao";291315;"Automóvel";"FIAT/UNO WAY 1.4";2011;"Condutor";"Ileso";18;"Masculino";1;0;0;0;"-15.63047606";"-48.19993973";"SR-DF";"DF";"UOP06/DF"
163873;362171;2018-10-07;"domingo";"03:40:00";"DF";80;23;"BRASILIA";"Nao";"Ingestao de alcool";1;"Colisao lateral";"Com Vitimas Feridas";"Plena Noite";"Crescente";"Chuva";"Simples";"Reta";"Nao";291315;"Automóvel";"FIAT/UNO WAY 1.4";2011;"Passageiro";"Lesoes Leves";NA;"Masculino";0;1;0;0;"-15.63047606";"-48.19993973";"SR-DF";"DF";"UOP06/DF"
163873;362173;2018-10-07;"domingo";"03:40:00";"DF";80;23;"BRASILIA";"Nao";"Ingestao de alcool";1;"Colisao lateral";"Com Vitimas Feridas";"Plena Noite";"Crescente";"Chuva";"Simples";"Reta";"Nao";291315;"Automóvel";"FIAT/UNO WAY 1.4";2011;"Passageiro";"Lesoes Leves";NA;"Feminino";0;1;0;0;"-15.63047606";"-48.19993973";"SR-DF";"DF";"UOP06/DF"
163882;360286;2018-10-07;"domingo";"04:40:00";"GO";153;504;"APARECIDA DE GOIANIA";"Sim";"Ingestao de alcool";1;"Colisao com objeto estatico";"Com Vitimas Feridas";"Plena Noite";"Decrescente";"Ignorado";"Dupla";"Reta";"Sim";292361;"Motocicleta";"HONDA/CG 125 FAN ES";2010;"Condutor";"Lesoes Leves";25;"Masculino";0;1;0;0;"-16.7451";"-49.2408";"SR-GO";"DEL1/1";"UOP01/GO"
163882;360289;2018-10-07;"domingo";"04:40:00";"GO";153;504;"APARECIDA DE GOIANIA";"Sim";"Ingestao de alcool";1;"Colisao com objeto estatico";"Com Vitimas Feridas";"Plena Noite";"Decrescente";"Ignorado";"Dupla";"Reta";"Sim";292361;"Motocicleta";"HONDA/CG 125 FAN ES";2010;"Passageiro";"Lesoes Leves";29;"Masculino";0;1;0;0;"-16.7451";"-49.2408";"SR-GO";"DEL1/1";"UOP01/GO"
163888;358748;2018-10-07;"domingo";"05:30:00";"GO";60;91;"ANAPOLIS";"Sim";"Ingestao de alcool";1;"Tombamento";"Com Vitimas Feridas";"Amanhecer";"Crescente";"Chuva";"Dupla";"Reta";"Sim";291271;"Motocicleta";"YAMAHA/FAZER YS250";2008;"Condutor";"Lesoes Graves";50;"Masculino";0;0;1;0;"-16.3491";"-48.9095";"SR-GO";"DEL1/2";"UOP01/GO"
163891;360061;2018-10-07;"domingo";"05:45:00";"MG";40;276,2;"TRES MARIAS";"Sim";"Ingestao de alcool";1;"Saida de leito carrocavel";"Com Vitimas Feridas";"Pleno dia";"Decrescente";"Ceu Claro";"Simples";"Reta";"Sim";292026;"Caminhonete";"VW/SAVEIRO 1.6";2008;"Condutor";"Lesoes Leves";20;"Masculino";0;1;0;0;"-18.206104";"-45.231159";"SR-MG";"DEL4/14";"UOP03/MG"
163891;360063;2018-10-07;"domingo";"05:45:00";"MG";40;276,2;"TRES MARIAS";"Sim";"Ingestao de alcool";1;"Saida de leito carrocavel";"Com Vitimas Feridas";"Pleno dia";"Decrescente";"Ceu Claro";"Simples";"Reta";"Sim";292026;"Caminhonete";"VW/SAVEIRO 1.6";2008;"Passageiro";"Lesoes Leves";23;"Feminino";0;1;0;0;"-18.206104";"-45.231159";"SR-MG";"DEL4/14";"UOP03/MG"
163891;360068;2018-10-07;"domingo";"05:45:00";"MG";40;276,2;"TRES MARIAS";"Sim";"Ingestao de alcool";1;"Saida de leito carrocavel";"Com Vitimas Feridas";"Pleno dia";"Decrescente";"Ceu Claro";"Simples";"Reta";"Sim";292026;"Caminhonete";"VW/SAVEIRO 1.6";2008;"Passageiro";"Lesoes Graves";29;"Feminino";0;0;1;0;"-18.206104";"-45.231159";"SR-MG";"DEL4/14";"UOP03/MG"
163891;360071;2018-10-07;"domingo";"05:45:00";"MG";40;276,2;"TRES MARIAS";"Sim";"Ingestao de alcool";1;"Saida de leito carrocavel";"Com Vitimas Feridas";"Pleno dia";"Decrescente";"Ceu Claro";"Simples";"Reta";"Sim";292026;"Caminhonete";"VW/SAVEIRO 1.6";2008;"Passageiro";"Lesoes Graves";22;"Feminino";0;0;1;0;"-18.206104";"-45.231159";"SR-MG";"DEL4/14";"UOP03/MG"
163893;359712;2018-10-07;"domingo";"05:00:00";"MT";174;13,2;"PONTES E LACERDA";"Sim";"Ingestao de alcool";2;"Capotamento";"Com Vitimas Fatais";"Amanhecer";"Crescente";"Ceu Claro";"Simples";"Nao Informado";"Nao";291355;"Automóvel";"HYUNDAI/HB20S 1.6A PREM";2015;"Passageiro";"Lesoes Graves";16;"Feminino";0;0;1;0;"-15.20137392";"-59.40753937";"SR-MT";"DEL2/7";"UOP01/MT"
163893;359716;2018-10-07;"domingo";"05:00:00";"MT";174;13,2;"PONTES E LACERDA";"Sim";"Ingestao de alcool";2;"Capotamento";"Com Vitimas Fatais";"Amanhecer";"Crescente";"Ceu Claro";"Simples";"Nao Informado";"Nao";291355;"Automóvel";"HYUNDAI/HB20S 1.6A PREM";2015;"Passageiro";"Lesoes Graves";15;"Feminino";0;0;1;0;"-15.20137392";"-59.40753937";"SR-MT";"DEL2/7";"UOP01/MT"
163893;358839;2018-10-07;"domingo";"05:00:00";"MT";174;13,2;"PONTES E LACERDA";"Sim";"Ingestao de alcool";2;"Capotamento";"Com Vitimas Fatais";"Amanhecer";"Crescente";"Ceu Claro";"Simples";"Nao Informado";"Nao";291355;"Automóvel";"HYUNDAI/HB20S 1.6A PREM";2015;"Passageiro";"Óbito";14;"Feminino";0;0;0;1;"-15.20137392";"-59.40753937";"SR-MT";"DEL2/7";"UOP01/MT"