"id";"pesid";"data_inversa";"dia_semana";"horario";"uf";"br";"km";"municipio";"causa_principal";"causa_acidente";"ordem_tipo_acidente";"tipo_acidente";"classificacao_acidente";"fase_dia";"sentido_via";"condicao_metereologica";"tipo_pista";"tracado_via";"uso_solo";"id_veiculo";"tipo_veiculo";"marca";"ano_fabricacao_veiculo";"tipo_envolvido";"estado_fisico";"idade";"sexo";"ilesos";"feridos_leves";"feridos_graves";"mortos";"latitude";"longitude";"regional";"delegacia";"uop"
163893;359706;2018-10-07;"domingo";"05:00:00";"MT";174;13,2;"PONTES E LACERDA";"Sim";"Ingestao de alcool";2;"Capotamento";"Com Vitimas Fatais";"Amanhecer";"Crescente";"Ceu Claro";"Simples";"Nao Informado";"Nao";291355;"Automóvel";"HYUNDAI/HB20S 1.6A PREM";2015;"Condutor";"Lesoes Graves";17;"Masculino";0;0;1;0;"-15.20137392";"-59.40753937";"SR-MT";"DEL2/7";"UOP01/MT"
163893;359718;2018-10-07;"domingo";"05:00:00";"MT";174;13,2;"PONTES E LACERDA";"Sim";"Ingestao de alcool";2;"Capotamento";"Com Vitimas Fatais";"Amanhecer";"Crescente";"Ceu Claro";"Simples";"Nao Informado";"Nao";291355;"Automóvel";"HYUNDAI/HB20S 1.6A PREM";2015;"Passageiro";"Lesoes Graves";17;"Feminino";0;0;1;0;"-15.20137392";"-59.40753937";"SR-MT";"DEL2/7";"UOP01/MT"
163893;359721;2018-10-07;"domingo";"05:00:00";"MT";174;13,2;"PONTES E LACERDA";"Sim";"Ingestao de alcool";2;"Capotamento";"Com Vitimas Fatais";"Amanhecer";"Crescente";"Ceu Claro";"Simples";"Nao Informado";"Nao";291355;"Automóvel";"HYUNDAI/HB20S 1.6A PREM";2015;"Passageiro";"Lesoes Graves";19;"Feminino";0;0;1;0;"-15.20137392";"-59.40753937";"SR-MT";"DEL2/7";"UOP01/MT"
163893;359722;2018-10-07;"domingo";"05:00:00";"MT";174;13,2;"PONTES E LACERDA";"Sim";"Ingestao de alcool";2;"Capotamento";"Com Vitimas Fatais";"Amanhecer";"Crescente";"Ceu Claro";"Simples";"Nao Informado";"Nao";291355;"Automóvel";"HYUNDAI/HB20S 1.6A PREM";2015;"Passageiro";"Lesoes Graves";16;"Feminino";0;0;1;0;"-15.20137392";"-59.40753937";"SR-MT";"DEL2/7";"UOP01/MT"
163903;360705;2018-10-07;"domingo";"05:30:00";"RJ";356;91;"CARDOSO MOREIRA";"Sim";"Ingestao de alcool";1;"Saida de leito carrocavel";"Com Vitimas Feridas";"Amanhecer";"Crescente";"Nublado";"Simples";"Reta";"Nao";291287;"Automóvel";"GM/CORSA SEDAN PREMIUM";2008;"Condutor";"Lesoes Leves";26;"Masculino";0;1;0;0;"-21.517906";"-41.548496";"SR-RJ";"DEL5/8";"UOP03/RJ"
163906;358767;2018-10-07;"domingo";"06:30:00";"RS";386;444;"CANOAS";"Sim";"Ingestao de alcool";1;"Saida de leito carrocavel";"Sem Vitimas";"Amanhecer";"Decrescente";"Ceu Claro";"Dupla";"Reta";"Nao";291296;"Automóvel";"I/CHEVROLET AGILE LT";2009;"Condutor";"Ileso";40;"Masculino";1;0;0;0;"-29.89107611";"-51.20255202";"SR-RS";"DEL9/1";"UOP01/RS"
163923;358871;2018-10-07;"domingo";"08:20:00";"SC";470;54,7;"BLUMENAU";"Sim";"Ingestao de alcool";1;"Colisao transversal";"Sem Vitimas";"Pleno dia";"Crescente";"Garoa/Chuvisco";"Simples";"Intersecao de vias";"Nao";291341;"Automóvel";"FORD/FIESTA FLEX";2007;"Condutor";"Ileso";29;"Feminino";1;0;0;0;"-26.87319581";"-49.11418676";"SR-SC";"DEL8/4";"UOP01/SC"
163923;358872;2018-10-07;"domingo";"08:20:00";"SC";470;54,7;"BLUMENAU";"Sim";"Ingestao de alcool";1;"Colisao transversal";"Sem Vitimas";"Pleno dia";"Crescente";"Garoa/Chuvisco";"Simples";"Intersecao de vias";"Nao";291342;"Automóvel";"FIAT/UNO MILLE ECONOMY";2012;"Condutor";"Ileso";61;"Masculino";1;0;0;0;"-26.87319581";"-49.11418676";"SR-SC";"DEL8/4";"UOP01/SC"
163947;361158;2018-10-07;"domingo";"10:50:00";"MG";262;352;"BETIM";"Nao";"Ingestao de alcool";2;"Saida de leito carrocavel";"Com Vitimas Feridas";"Pleno dia";"Decrescente";"Chuva";"Dupla";"Retorno Regulamentado";"Sim";291385;"Automóvel";"FORD/KA";1998;"Condutor";"Lesoes Leves";47;"Masculino";0;1;0;0;"-19.98786838";"-44.20271873";"SR-MG";"DEL4/1";"UOP03/MG"
163952;359050;2018-10-07;"domingo";"11:30:00";"DF";70;4;"BRASILIA";"Sim";"Ingestao de alcool";1;"Colisao lateral";"Sem Vitimas";"Pleno dia";"Crescente";"Ceu Claro";"Dupla";"Reta";"Sim";291421;"Automóvel";"CHEVROLET/ONIX 1.0MT LT";2017;"Condutor";"Ileso";42;"Masculino";1;0;0;0;"-15.798115";"-48.089317";"SR-DF";"DF";"UOP06/DF"
163952;359051;2018-10-07;"domingo";"11:30:00";"DF";70;4;"BRASILIA";"Sim";"Ingestao de alcool";1;"Colisao lateral";"Sem Vitimas";"Pleno dia";"Crescente";"Ceu Claro";"Dupla";"Reta";"Sim";291420;"Automóvel";"FIAT/UNO ELECTRONIC";1995;"Condutor";"Nao Informado";NA;"Nao Informado";0;0;0;0;"-15.798115";"-48.089317";"SR-DF";"DF";"UOP06/DF"
163952;359053;2018-10-07;"domingo";"11:30:00";"DF";70;4;"BRASILIA";"Sim";"Ingestao de alcool";1;"Colisao lateral";"Sem Vitimas";"Pleno dia";"Crescente";"Ceu Claro";"Dupla";"Reta";"Sim";291420;"Automóvel";"FIAT/UNO ELECTRONIC";1995;"Passageiro";"Nao Informado";NA;"Nao Informado";0;0;0;0;"-15.798115";"-48.089317";"SR-DF";"DF";"UOP06/DF"
163953;360926;2018-10-07;"domingo";"11:00:00";"PR";277;83;"CURITIBA";"Sim";"Ingestao de alcool";1;"Colisao traseira";"Com Vitimas Feridas";"Pleno dia";"Crescente";"Chuva";"Dupla";"Reta";"Sim";292872;"Automóvel";"GM/CARAVAN DIPLOMATA";1986;"Condutor";"Ileso";34;"Masculino";1;0;0;0;"-25.45047938";"-49.22793315";"SR-PR";"DEL7/1";"UOP01/PR"
163953;360992;2018-10-07;"domingo";"11:00:00";"PR";277;83;"CURITIBA";"Sim";"Ingestao de alcool";1;"Colisao traseira";"Com Vitimas Feridas";"Pleno dia";"Crescente";"Chuva";"Dupla";"Reta";"Sim";292873;"Motocicleta";"HONDA/CG 125 FAN KS";2011;"Passageiro";"Lesoes Leves";29;"Feminino";0;1;0;0;"-25.45047938";"-49.22793315";"SR-PR";"DEL7/1";"UOP01/PR"
163953;360989;2018-10-07;"domingo";"11:00:00";"PR";277;83;"CURITIBA";"Sim";"Ingestao de alcool";1;"Colisao traseira";"Com Vitimas Feridas";"Pleno dia";"Crescente";"Chuva";"Dupla";"Reta";"Sim";292873;"Motocicleta";"HONDA/CG 125 FAN KS";2011;"Condutor";"Lesoes Leves";31;"Masculino";0;1;0;0;"-25.45047938";"-49.22793315";"SR-PR";"DEL7/1";"UOP01/PR"
163979;358877;2018-10-07;"domingo";"11:50:00";"MT";174;16;"PONTES E LACERDA";"Sim";"Ingestao de alcool";1;"Tombamento";"Com Vitimas Feridas";"Pleno dia";"Crescente";"Ceu Claro";"Simples";"Reta";"Nao";291367;"Motocicleta";"HONDA/CG150 FAN ESDI";2014;"Condutor";"Lesoes Leves";23;"Masculino";0;1;0;0;"-15.19";"-59.429";"SR-MT";"DEL2/7";"UOP01/MT"
163979;358879;2018-10-07;"domingo";"11:50:00";"MT";174;16;"PONTES E LACERDA";"Sim";"Ingestao de alcool";1;"Tombamento";"Com Vitimas Feridas";"Pleno dia";"Crescente";"Ceu Claro";"Simples";"Reta";"Nao";291367;"Motocicleta";"HONDA/CG150 FAN ESDI";2014;"Passageiro";"Lesoes Leves";20;"Feminino";0;1;0;0;"-15.19";"-59.429";"SR-MT";"DEL2/7";"UOP01/MT"
163990;360050;2018-10-07;"domingo";"14:30:00";"TO";153;142;"ARAGUAINA";"Sim";"Ingestao de alcool";2;"Capotamento";"Sem Vitimas";"Pleno dia";"Decrescente";"Ceu Claro";"Dupla";"Reta";"Sim";291435;"Automóvel";"GM/CORSA WIND";2000;"Condutor";"Ileso";41;"Masculino";1;0;0;0;"-7.18300796";"-48.2261496";"SR-TO";"UOP04/TO";""
163990;360051;2018-10-07;"domingo";"14:30:00";"TO";153;142;"ARAGUAINA";"Sim";"Ingestao de alcool";2;"Capotamento";"Sem Vitimas";"Pleno dia";"Decrescente";"Ceu Claro";"Dupla";"Reta";"Sim";291435;"Automóvel";"GM/CORSA WIND";2000;"Passageiro";"Ileso";18;"Masculino";1;0;0;0;"-7.18300796";"-48.2261496";"SR-TO";"UOP04/TO";""
164003;359057;2018-10-07;"domingo";"16:00:00";"BA";20;210,8;"LUIS EDUARDO MAGALHAES";"Nao";"Ingestao de alcool";1;"Colisao transversal";"Com Vitimas Feridas";"Pleno dia";"Decrescente";"Sol";"Simples";"Reta";"Sim";291503;"Automóvel";"CHEV/PRISMA 1.4AT LTZ";2014;"Condutor";"Ileso";38;"Feminino";1;0;0;0;"-12.10621464";"-45.80924928";"SR-BA";"DEL10/10";"UOP01/BA"
164003;359058;2018-10-07;"domingo";"16:00:00";"BA";20;210,8;"LUIS EDUARDO MAGALHAES";"Nao";"Ingestao de alcool";1;"Colisao transversal";"Com Vitimas Feridas";"Pleno dia";"Decrescente";"Sol";"Simples";"Reta";"Sim";291504;"Motocicleta";"HONDA/CB 300R";2011;"Condutor";"Lesoes Leves";22;"Masculino";0;1;0;0;"-12.10621464";"-45.80924928";"SR-BA";"DEL10/10";"UOP01/BA"
164003;359060;2018-10-07;"domingo";"16:00:00";"BA";20;210,8;"LUIS EDUARDO MAGALHAES";"Nao";"Ingestao de alcool";1;"Colisao transversal";"Com Vitimas Feridas";"Pleno dia";"Decrescente";"Sol";"Simples";"Reta";"Sim";291504;"Motocicleta";"HONDA/CB 300R";2011;"Passageiro";"Lesoes Graves";25;"Masculino";0;0;1;0;"-12.10621464";"-45.80924928";"SR-BA";"DEL10/10";"UOP01/BA"
164024;363438;2018-10-07;"domingo";"17:50:00";"ES";101;264,8;"SERRA";"Sim";"Ingestao de alcool";1;"Colisao traseira";"Sem Vitimas";"Anoitecer";"Crescente";"Garoa/Chuvisco";"Multipla";"Reta";"Sim";291658;"Automóvel";"I/JAC J3";2013;"Condutor";"Ileso";29;"Masculino";1;0;0;0;"-20.182121";"-40.265597";"SR-ES";"DEL12/2";"UOP01/ES"
164024;363436;2018-10-07;"domingo";"17:50:00";"ES";101;264,8;"SERRA";"Sim";"Ingestao de alcool";1;"Colisao traseira";"Sem Vitimas";"Anoitecer";"Crescente";"Garoa/Chuvisco";"Multipla";"Reta";"Sim";291657;"Caminhonete";"VW/NOVA SAVEIRO TL MBVS";2017;"Condutor";"Ileso";55;"Masculino";1;0;0;0;"-20.182121";"-40.265597";"SR-ES";"DEL12/2";"UOP01/ES"
164029;362638;2018-10-07;"domingo";"17:25:00";"PR";277;72;"SAO JOSE DOS PINHAIS";"Sim";"Ingestao de alcool";1;"Saida de leito carrocavel";"Sem Vitimas";"Anoitecer";"Crescente";"Chuva";"Dupla";"Reta";"Nao";294267;"Automóvel";"FIAT/PALIO ELX";2000;"Condutor";"Ileso";25;"Masculino";1;0;0;0;"-25.50694837";"-49.13809061";"SR-PR";"DEL7/1";"UOP01/PR"
164033;359065;2018-10-07;"domingo";"18:20:00";"BA";116;422;"FEIRA DE SANTANA";"Sim";"Ingestao de alcool";1;"Colisao com objeto estatico";"Sem Vitimas";"Plena Noite";"Crescente";"Ceu Claro";"Simples";"Rotatória";"Sim";291510;"Automóvel";"FIAT/SIENA ESSENCE 1.6";2014;"Condutor";"Ileso";46;"Masculino";1;0;0;0;"-12.231";"-38.966";"SR-BA";"DEL10/2";"UOP01/BA"
164041;359172;2018-10-07;"domingo";"18:20:00";"MG";381;517,5;"IGARAPE";"Sim";"Ingestao de alcool";1;"Colisao com objeto estatico";"Com Vitimas Feridas";"Plena Noite";"Crescente";"Nublado";"Dupla";"Reta";"Nao";291603;"Automóvel";"GM/CORSA WIND";1997;"Condutor";"Nao Informado";NA;"Nao Informado";0;0;0;0;"-20.111";"-44.326";"SR-MG";"DEL4/1";"UOP03/MG"
164041;359174;2018-10-07;"domingo";"18:20:00";"MG";381;517,5;"IGARAPE";"Sim";"Ingestao de alcool";1;"Colisao com objeto estatico";"Com Vitimas Feridas";"Plena Noite";"Crescente";"Nublado";"Dupla";"Reta";"Nao";291603;"Automóvel";"GM/CORSA WIND";1997;"Passageiro";"Ileso";33;"Masculino";1;0;0;0;"-20.111";"-44.326";"SR-MG";"DEL4/1";"UOP03/MG"
164041;359173;2018-10-07;"domingo";"18:20:00";"MG";381;517,5;"IGARAPE";"Sim";"Ingestao de alcool";1;"Colisao com objeto estatico";"Com Vitimas Feridas";"Plena Noite";"Crescente";"Nublado";"Dupla";"Reta";"Nao";291603;"Automóvel";"GM/CORSA WIND";1997;"Passageiro";"Lesoes Leves";48;"Feminino";0;1;0;0;"-20.111";"-44.326";"SR-MG";"DEL4/1";"UOP03/MG"
164041;359175;2018-10-07;"domingo";"18:20:00";"MG";381;517,5;"IGARAPE";"Sim";"Ingestao de alcool";1;"Colisao com objeto estatico";"Com Vitimas Feridas";"Plena Noite";"Crescente";"Nublado";"Dupla";"Reta";"Nao";291603;"Automóvel";"GM/CORSA WIND";1997;"Testemunha";"Nao Informado";NA;"Nao Informado";0;0;0;0;"-20.111";"-44.326";"SR-MG";"DEL4/1";"UOP03/MG"
164044;359655;2018-10-07;"domingo";"18:00:00";"BA";101;886;"TEIXEIRA DE FREITAS";"Sim";"Ingestao de alcool";1;"Capotamento";"Com Vitimas Feridas";"Plena Noite";"Decrescente";"Ceu Claro";"Simples";"Reta";"Nao";291462;"Caminhao";"M.BENZ/ATEGO 2426";2013;"Condutor";"Lesoes Leves";43;"Masculino";0;1;0;0;"-17.6069";"-39.7563";"SR-BA";"DEL10/9";"UOP03/BA"
164047;359063;2018-10-07;"domingo";"19:20:00";"PE";232;70,5;"GRAVATA";"Sim";"Ingestao de alcool";1;"Colisao frontal";"Com Vitimas Feridas";"Plena Noite";"Decrescente";"Ceu Claro";"Simples";"Reta";"Nao";291512;"Automóvel";"FORD/KA SE 1.0 HA B";2017;"Condutor";"Ileso";40;"Masculino";1;0;0;0;"-8.183444";"-35.492966";"SR-PE";"DEL11/1";"UOP04/PE"
164047;359068;2018-10-07;"domingo";"19:20:00";"PE";232;70,5;"GRAVATA";"Sim";"Ingestao de alcool";1;"Colisao frontal";"Com Vitimas Feridas";"Plena Noite";"Decrescente";"Ceu Claro";"Simples";"Reta";"Nao";291513;"Motocicleta";"YAMAHA/XTZ 125E";2003;"Condutor";"Lesoes Leves";36;"Masculino";0;1;0;0;"-8.183444";"-35.492966";"SR-PE";"DEL11/1";"UOP04/PE"
164050;359031;2018-10-07;"domingo";"19:10:00";"RJ";101;322;"NITEROI";"Sim";"Ingestao de alcool";1;"Colisao com objeto estatico";"Com Vitimas Feridas";"Plena Noite";"Decrescente";"Nublado";"Dupla";"Reta";"Nao";291472;"Automóvel";"VW/VOYAGE TL MA S";2014;"Condutor";"Lesoes Leves";53;"Masculino";0;1;0;0;"-22.8787752";"-43.1148628";"SR-RJ";"DEL5/2";"UOP01/RJ"
164051;360887;2018-10-07;"domingo";"18:11:00";"PR";116;99;"SAO JOSE DOS PINHAIS";"Nao";"Ingestao de alcool";1;"Colisao lateral";"Sem Vitimas";"Plena Noite";"Crescente";"Chuva";"Simples";"Viaduto";"Sim";291529;"Camioneta";"RENAULT/DUSTER 20 D 4X2";2017;"Passageiro";"Ileso";40;"Masculino";1;0;0;0;"-25.56016";"-49.151534";"SR-PR";"DEL7/1";"UOP01/PR"
164051;359163;2018-10-07;"domingo";"18:11:00";"PR";116;99;"SAO JOSE DOS PINHAIS";"Nao";"Ingestao de alcool";1;"Colisao lateral";"Sem Vitimas";"Plena Noite";"Crescente";"Chuva";"Simples";"Viaduto";"Sim";291527;"Caminhao-trator";"SCANIA/R 440 A6X4";2013;"Condutor";"Ileso";39;"Masculino";1;0;0;0;"-25.56016";"-49.151534";"SR-PR";"DEL7/1";"UOP01/PR"
164051;359165;2018-10-07;"domingo";"18:11:00";"PR";116;99;"SAO JOSE DOS PINHAIS";"Nao";"Ingestao de alcool";1;"Colisao lateral";"Sem Vitimas";"Plena Noite";"Crescente";"Chuva";"Simples";"Viaduto";"Sim";291529;"Camioneta";"RENAULT/DUSTER 20 D 4X2";2017;"Condutor";"Ileso";36;"Masculino";1;0;0;0;"-25.56016";"-49.151534";"SR-PR";"DEL7/1";"UOP01/PR"
164051;359164;2018-10-07;"domingo";"18:11:00";"PR";116;99;"SAO JOSE DOS PINHAIS";"Nao";"Ingestao de alcool";1;"Colisao lateral";"Sem Vitimas";"Plena Noite";"Crescente";"Chuva";"Simples";"Viaduto";"Sim";291528;"Automóvel";"VW/GOL 1.0";2009;"Condutor";"Ileso";22;"Masculino";1;0;0;0;"-25.56016";"-49.151534";"SR-PR";"DEL7/1";"UOP01/PR"
164054;360748;2018-10-07;"domingo";"12:15:00";"MG";262;876;"CAMPO FLORIDO";"Sim";"Ingestao de alcool";2;"Queda de ocupante de veiculo";"Sem Vitimas";"Pleno dia";"Decrescente";"Nublado";"Simples";"Reta";"Sim";292728;"Ciclomotor";"";NA;"Condutor";"Nao Informado";NA;"Nao Informado";0;0;0;0;"-19.766943";"-48.580914";"SR-MG";"DEL4/15";"UOP01/MG"
164054;360754;2018-10-07;"domingo";"12:15:00";"MG";262;876;"CAMPO FLORIDO";"Sim";"Ingestao de alcool";2;"Queda de ocupante de veiculo";"Sem Vitimas";"Pleno dia";"Decrescente";"Nublado";"Simples";"Reta";"Sim";292729;"Bicicleta";"";NA;"Condutor";"Nao Informado";NA;"Nao Informado";0;0;0;0;"-19.766943";"-48.580914";"SR-MG";"DEL4/15";"UOP01/MG"
164065;359230;2018-10-07;"domingo";"19:10:00";"PE";116;26;"SALGUEIRO";"Sim";"Ingestao de alcool e/ou substâncias psicoativas pelo pedestre";1;"Atropelamento de Pedestre";"Com Vitimas Feridas";"Plena Noite";"Decrescente";"Ceu Claro";"Simples";"Reta";"Sim";291645;"Automóvel";"";NA;"Pedestre";"Lesoes Leves";26;"Masculino";0;1;0;0;"-8.0714";"-39.133611";"SR-PE";"DEL11/5";"UOP01/PE"
164065;359267;2018-10-07;"domingo";"19:10:00";"PE";116;26;"SALGUEIRO";"Sim";"Ingestao de alcool e/ou substâncias psicoativas pelo pedestre";1;"Atropelamento de Pedestre";"Com Vitimas Feridas";"Plena Noite";"Decrescente";"Ceu Claro";"Simples";"Reta";"Sim";291645;"Automóvel";"";NA;"Condutor";"Ileso";NA;"Masculino";1;0;0;0;"-8.0714";"-39.133611";"SR-PE";"DEL11/5";"UOP01/PE"
164067;359157;2018-10-07;"domingo";"20:10:00";"RO";364;236,8;"CACOAL";"Nao";"Ingestao de alcool";1;"Colisao transversal";"Com Vitimas Feridas";"Plena Noite";"Crescente";"Ceu Claro";"Simples";"Reta";"Sim";291564;"Motocicleta";"HONDA/CG 160 FAN";2018;"Condutor";"Lesoes Leves";26;"Masculino";0;1;0;0;"-11.44388504";"-61.44514918";"SR-RO";"DEL21/2";"UOP02/RO"
164067;359161;2018-10-07;"domingo";"20:10:00";"RO";364;236,8;"CACOAL";"Nao";"Ingestao de alcool";1;"Colisao transversal";"Com Vitimas Feridas";"Plena Noite";"Crescente";"Ceu Claro";"Simples";"Reta";"Sim";291565;"Motoneta";"HONDA/BIZ 125 ES";2009;"Condutor";"Lesoes Leves";32;"Masculino";0;1;0;0;"-11.44388504";"-61.44514918";"SR-RO";"DEL21/2";"UOP02/RO"
164071;359159;2018-10-07;"domingo";"18:30:00";"AL";101;38;"JOAQUIM GOMES";"Sim";"Ingestao de alcool";1;"Colisao lateral";"Com Vitimas Feridas";"Plena Noite";"Decrescente";"Ceu Claro";"Dupla";"Curva";"Nao";291588;"Caminhao-trator";"M.BENZ/AXOR 2041 S";2012;"Condutor";"Ileso";40;"Masculino";1;0;0;0;"-9.148179";"-35.768784";"SR-AL";"DEL13/1";"UOP01/AL"
164071;359160;2018-10-07;"domingo";"18:30:00";"AL";101;38;"JOAQUIM GOMES";"Sim";"Ingestao de alcool";1;"Colisao lateral";"Com Vitimas Feridas";"Plena Noite";"Decrescente";"Ceu Claro";"Dupla";"Curva";"Nao";291590;"Automóvel";"CHEVROLET/CLASSIC LS";2012;"Condutor";"Lesoes Leves";60;"Masculino";0;1;0;0;"-9.148179";"-35.768784";"SR-AL";"DEL13/1";"UOP01/AL"
164081;359141;2018-10-07;"domingo";"23:30:00";"RN";101;84;"NATAL";"Sim";"Ingestao de alcool";1;"Colisao traseira";"Sem Vitimas";"Plena Noite";"Crescente";"Ceu Claro";"Simples";"Reta";"Sim";291574;"Automóvel";"VW/PARATI GLI 1.8";1996;"Condutor";"Ileso";47;"Masculino";1;0;0;0;"-5.774175";"-35.257801";"SR-RN";"DEL15/2";"UOP01/RN"
164081;359139;2018-10-07;"domingo";"23:30:00";"RN";101;84;"NATAL";"Sim";"Ingestao de alcool";1;"Colisao traseira";"Sem Vitimas";"Plena Noite";"Crescente";"Ceu Claro";"Simples";"Reta";"Sim";291573;"Automóvel";"CHEVROLET/ONIX 1.0MT LT";2014;"Condutor";"Ileso";28;"Masculino";1;0;0;0;"-5.774175";"-35.257801";"SR-RN";"DEL15/2";"UOP01/RN"
164092;359132;2018-10-07;"domingo";"23:15:00";"MT";174;19;"PONTES E LACERDA";"Sim";"Ingestao de alcool";1;"Saida de leito carrocavel";"Com Vitimas Feridas";"Plena Noite";"Crescente";"Ceu Claro";"Simples";"Reta";"Nao";291569;"Automóvel";"VW/GOL 1.0 GIV";2013;"Condutor";"Lesoes Leves";30;"Masculino";0;1;0;0;"-15.171";"-59.457";"SR-MT";"DEL2/7";"UOP01/MT"
164102;359196;2018-10-08;"segunda-feira";"02:20:00";"SC";158;127,7;"MARAVILHA";"Sim";"Ingestao de alcool";2;"Tombamento";"Sem Vitimas";"Plena Noite";"Decrescente";"Nublado";"Simples";"Reta";"Nao";291587;"Camioneta";"FORD/F1000";1984;"Condutor";"Ileso";30;"Masculino";1;0;0;0;"-26.760532";"-53.174904";"SR-SC";"DEL8/8";"UOP02/SC"
164107;360946;2018-10-08;"segunda-feira";"01:30:00";"SC";282;261;"SAO JOSE DO CERRITO";"Sim";"Ingestao de alcool";1;"Colisao frontal";"Com Vitimas Feridas";"Plena Noite";"Crescente";"Garoa/Chuvisco";"Simples";"Reta";"Nao";291596;"Automóvel";"VW/SANTANA CL 1800 I";1995;"Condutor";"Lesoes Graves";51;"Masculino";0;0;1;0;"-27.63886578";"-50.59742689";"SR-SC";"DEL8/5";"UOP02/SC"
164107;360948;2018-10-08;"segunda-feira";"01:30:00";"SC";282;261;"SAO JOSE DO CERRITO";"Sim";"Ingestao de alcool";1;"Colisao frontal";"Com Vitimas Feridas";"Plena Noite";"Crescente";"Garoa/Chuvisco";"Simples";"Reta";"Nao";291597;"Ônibus";"VOLVO/B10M";1993;"Condutor";"Ileso";34;"Masculino";1;0;0;0;"-27.63886578";"-50.59742689";"SR-SC";"DEL8/5";"UOP02/SC"
164111;363140;2018-10-08;"segunda-feira";"03:45:00";"BA";116;636;"JAGUAQUARA";"Sim";"Ingestao de alcool";1;"Capotamento";"Com Vitimas Feridas";"Plena Noite";"Crescente";"Ignorado";"Simples";"Reta";"Nao";291604;"Automóvel";"VW/GOL 1.0";2003;"Passageiro";"Lesoes Leves";21;"Masculino";0;1;0;0;"-13.55334947";"-40.07388175";"SR-BA";"DEL10/3";"UOP01/BA"
164111;363123;2018-10-08;"segunda-feira";"03:45:00";"BA";116;636;"JAGUAQUARA";"Sim";"Ingestao de alcool";1;"Capotamento";"Com Vitimas Feridas";"Plena Noite";"Crescente";"Ignorado";"Simples";"Reta";"Nao";291604;"Automóvel";"VW/GOL 1.0";2003;"Condutor";"Ileso";NA;"Masculino";1;0;0;0;"-13.55334947";"-40.07388175";"SR-BA";"DEL10/3";"UOP01/BA"
164141;359222;2018-09-09;"domingo";"16:05:00";"RS";386;144,5;"SARANDI";"Sim";"Ingestao de alcool";1;"Engavetamento";"Sem Vitimas";"Pleno dia";"Crescente";"Sol";"Simples";"Reta";"Nao";291641;"Automóvel";"I/FORD FOCUS TI AT 2.0 H";2014;"Condutor";"Ileso";55;"Masculino";1;0;0;0;"-28.032356";"-52.878269";"SR-RS";"DEL9/14";"UOP01/RS"
164141;359223;2018-09-09;"domingo";"16:05:00";"RS";386;144,5;"SARANDI";"Sim";"Ingestao de alcool";1;"Engavetamento";"Sem Vitimas";"Pleno dia";"Crescente";"Sol";"Simples";"Reta";"Nao";291642;"Automóvel";"RENAULT/SANDERO EXP 16";2009;"Condutor";"Ileso";59;"Masculino";1;0;0;0;"-28.032356";"-52.878269";"SR-RS";"DEL9/14";"UOP01/RS"
164141;359224;2018-09-09;"domingo";"16:05:00";"RS";386;144,5;"SARANDI";"Sim";"Ingestao de alcool";1;"Engavetamento";"Sem Vitimas";"Pleno dia";"Crescente";"Sol";"Simples";"Reta";"Nao";291643;"Caminhonete";"GM/S10 2.8 D";2004;"Condutor";"Ileso";61;"Masculino";1;0;0;0;"-28.032356";"-52.878269";"SR-RS";"DEL9/14";"UOP01/RS"
164170;359417;2018-10-08;"segunda-feira";"09:30:00";"SP";116;65;"GUARATINGUETA";"Nao";"Ingestao de alcool";1;"Colisao traseira";"Sem Vitimas";"Pleno dia";"Decrescente";"Chuva";"Simples";"Intersecao de vias";"Nao";291741;"Automóvel";"VW/GOL 1.0";2005;"Condutor";"Ileso";34;"Masculino";1;0;0;0;"-22.82365602";"-45.2022171";"SR-SP";"DEL6/8";"UOP02/SP"
164170;359419;2018-10-08;"segunda-feira";"09:30:00";"SP";116;65;"GUARATINGUETA";"Nao";"Ingestao de alcool";1;"Colisao traseira";"Sem Vitimas";"Pleno dia";"Decrescente";"Chuva";"Simples";"Intersecao de vias";"Nao";291742;"Utilitario";"SUZUKI/JIMNY 4 SPORT";2014;"Passageiro";"Ileso";24;"Masculino";1;0;0;0;"-22.82365602";"-45.2022171";"SR-SP";"DEL6/8";"UOP02/SP"
164170;359418;2018-10-08;"segunda-feira";"09:30:00";"SP";116;65;"GUARATINGUETA";"Nao";"Ingestao de alcool";1;"Colisao traseira";"Sem Vitimas";"Pleno dia";"Decrescente";"Chuva";"Simples";"Intersecao de vias";"Nao";291742;"Utilitario";"SUZUKI/JIMNY 4 SPORT";2014;"Condutor";"Ileso";49;"Masculino";1;0;0;0;"-22.82365602";"-45.2022171";"SR-SP";"DEL6/8";"UOP02/SP"
164176;359333;2018-10-08;"segunda-feira";"04:30:00";"PB";426;73,4;"PIANCO";"Sim";"Ingestao de alcool";1;"Queda de ocupante de veiculo";"Com Vitimas Feridas";"Plena Noite";"Crescente";"Ceu Claro";"Simples";"Reta";"Nao";291706;"Motocicleta";"HONDA/POP100";NA;"Passageiro";"Lesoes Graves";41;"Feminino";0;0;1;0;"-7.2495262";"-37.94168115";"SR-PB";"DEL14/3";"UOP01/PB"
164176;359331;2018-10-08;"segunda-feira";"04:30:00";"PB";426;73,4;"PIANCO";"Sim";"Ingestao de alcool";1;"Queda de ocupante de veiculo";"Com Vitimas Feridas";"Plena Noite";"Crescente";"Ceu Claro";"Simples";"Reta";"Nao";291706;"Motocicleta";"HONDA/POP100";NA;"Condutor";"Lesoes Graves";25;"Masculino";0;0;1;0;"-7.2495262";"-37.94168115";"SR-PB";"DEL14/3";"UOP01/PB"