"id";"pesid";"data_inversa";"dia_semana";"horario";"uf";"br";"km";"municipio";"causa_principal";"causa_acidente";"ordem_tipo_acidente";"tipo_acidente";"classificacao_acidente";"fase_dia";"sentido_via";"condicao_metereologica";"tipo_pista";"tracado_via";"uso_solo";"id_veiculo";"tipo_veiculo";"marca";"ano_fabricacao_veiculo";"tipo_envolvido";"estado_fisico";"idade";"sexo";"ilesos";"feridos_leves";"feridos_graves";"mortos";"latitude";"longitude";"regional";"delegacia";"uop"
165357;363769;2018-10-14;"domingo";"05:15:00";"MA";316;196,2;"ZE DOCA";"Sim";"Ingestao de alcool";1;"Colisao frontal";"Sem Vitimas";"Amanhecer";"Decrescente";"Ceu Claro";"Simples";"Reta";"Sim";293883;"Caminhao";"VW/24.250 CLC 6X2";2011;"Condutor";"Ileso";29;"Masculino";1;0;0;0;"-3.261778";"-45.654988";"SR-MA";"DEL18/2";"UOP02/MA"
165357;363776;2018-10-14;"domingo";"05:15:00";"MA";316;196,2;"ZE DOCA";"Sim";"Ingestao de alcool";1;"Colisao frontal";"Sem Vitimas";"Amanhecer";"Decrescente";"Ceu Claro";"Simples";"Reta";"Sim";293883;"Caminhao";"VW/24.250 CLC 6X2";2011;"Passageiro";"Ileso";24;"Masculino";1;0;0;0;"-3.261778";"-45.654988";"SR-MA";"DEL18/2";"UOP02/MA"
165360;363976;2018-10-14;"domingo";"05:10:00";"MT";163;1034;"MATUPA";"Sim";"Ingestao de alcool";1;"Colisao traseira";"Com Vitimas Feridas";"Amanhecer";"Crescente";"Ignorado";"Simples";"Reta";"Nao";293973;"Motocicleta";"HONDA/NXR150 BROS ES";2011;"Condutor";"Lesoes Graves";21;"Masculino";0;0;1;0;"-10.20140679";"-54.95790482";"SR-MT";"DEL2/6";"UOP02/MT"
165360;363979;2018-10-14;"domingo";"05:10:00";"MT";163;1034;"MATUPA";"Sim";"Ingestao de alcool";1;"Colisao traseira";"Com Vitimas Feridas";"Amanhecer";"Crescente";"Ignorado";"Simples";"Reta";"Nao";293974;"Caminhonete";"GM/S10 2.2 S";1997;"Condutor";"Ileso";26;"Masculino";1;0;0;0;"-10.20140679";"-54.95790482";"SR-MT";"DEL2/6";"UOP02/MT"
165399;362382;2018-10-14;"domingo";"15:10:00";"SC";116;30,3;"ITAIOPOLIS";"Sim";"Ingestao de alcool";1;"Colisao traseira";"Com Vitimas Feridas";"Pleno dia";"Decrescente";"Garoa/Chuvisco";"Simples";"Reta";"Nao";294093;"Automóvel";"VW/GOL 1.0";2005;"Condutor";"Ileso";51;"Masculino";1;0;0;0;"-26.33926838";"-50.01783002";"SR-SC";"DEL8/6";"UOP01/SC"
165399;362383;2018-10-14;"domingo";"15:10:00";"SC";116;30,3;"ITAIOPOLIS";"Sim";"Ingestao de alcool";1;"Colisao traseira";"Com Vitimas Feridas";"Pleno dia";"Decrescente";"Garoa/Chuvisco";"Simples";"Reta";"Nao";294101;"Automóvel";"FIAT/PALIO FIRE";2015;"Condutor";"Ileso";44;"Masculino";1;0;0;0;"-26.33926838";"-50.01783002";"SR-SC";"DEL8/6";"UOP01/SC"
165399;362384;2018-10-14;"domingo";"15:10:00";"SC";116;30,3;"ITAIOPOLIS";"Sim";"Ingestao de alcool";1;"Colisao traseira";"Com Vitimas Feridas";"Pleno dia";"Decrescente";"Garoa/Chuvisco";"Simples";"Reta";"Nao";294093;"Automóvel";"VW/GOL 1.0";2005;"Passageiro";"Lesoes Leves";48;"Feminino";0;1;0;0;"-26.33926838";"-50.01783002";"SR-SC";"DEL8/6";"UOP01/SC"
165420;362299;2018-10-14;"domingo";"15:55:00";"SC";470;76,9;"INDAIAL";"Sim";"Ingestao de alcool";1;"Colisao traseira";"Com Vitimas Feridas";"Pleno dia";"Crescente";"Chuva";"Simples";"Reta";"Nao";294019;"Caminhao-trator";"M.BENZ/AXOR 2644S6X4";2012;"Condutor";"Ileso";32;"Masculino";1;0;0;0;"-26.93994109";"-49.29215145";"SR-SC";"DEL8/4";"UOP01/SC"
165420;362297;2018-10-14;"domingo";"15:55:00";"SC";470;76,9;"INDAIAL";"Sim";"Ingestao de alcool";1;"Colisao traseira";"Com Vitimas Feridas";"Pleno dia";"Crescente";"Chuva";"Simples";"Reta";"Nao";294018;"Automóvel";"RENAULT/CLIO AUT 10 16VH";2007;"Condutor";"Lesoes Leves";30;"Masculino";0;1;0;0;"-26.93994109";"-49.29215145";"SR-SC";"DEL8/4";"UOP01/SC"
165434;362324;2018-10-14;"domingo";"16:00:00";"ES";101;143;"LINHARES";"Sim";"Ingestao de alcool";1;"Colisao traseira";"Sem Vitimas";"Pleno dia";"Decrescente";"Sol";"Multipla";"Reta";"Sim";294034;"Automóvel";"TOYOTA/COROLLA XEI18VVT";2004;"Condutor";"Ileso";40;"Feminino";1;0;0;0;"-19.33747687";"-40.06575465";"SR-ES";"DEL12/4";"UOP01/ES"
165434;362323;2018-10-14;"domingo";"16:00:00";"ES";101;143;"LINHARES";"Sim";"Ingestao de alcool";1;"Colisao traseira";"Sem Vitimas";"Pleno dia";"Decrescente";"Sol";"Multipla";"Reta";"Sim";294033;"Motocicleta";"HONDA/CBX 250 TWISTER";2002;"Condutor";"Ileso";52;"Masculino";1;0;0;0;"-19.33747687";"-40.06575465";"SR-ES";"DEL12/4";"UOP01/ES"
165477;364339;2018-10-14;"domingo";"19:30:00";"MG";262;447,1;"NOVA SERRANA";"Sim";"Ingestao de alcool";1;"Colisao frontal";"Com Vitimas Feridas";"Plena Noite";"Crescente";"Nublado";"Simples";"Reta";"Sim";294184;"Caminhao";"M.BENZ/L 1620";2008;"Condutor";"Ileso";43;"Masculino";1;0;0;0;"-19.86860686";"-44.98716831";"SR-MG";"DEL4/8";"UOP03/MG"
165477;364344;2018-10-14;"domingo";"19:30:00";"MG";262;447,1;"NOVA SERRANA";"Sim";"Ingestao de alcool";1;"Colisao frontal";"Com Vitimas Feridas";"Plena Noite";"Crescente";"Nublado";"Simples";"Reta";"Sim";295426;"Automóvel";"FIAT/PALIO ED";1997;"Passageiro";"Lesoes Leves";46;"Masculino";0;1;0;0;"-19.86860686";"-44.98716831";"SR-MG";"DEL4/8";"UOP03/MG"
165477;364342;2018-10-14;"domingo";"19:30:00";"MG";262;447,1;"NOVA SERRANA";"Sim";"Ingestao de alcool";1;"Colisao frontal";"Com Vitimas Feridas";"Plena Noite";"Crescente";"Nublado";"Simples";"Reta";"Sim";295426;"Automóvel";"FIAT/PALIO ED";1997;"Condutor";"Lesoes Leves";41;"Masculino";0;1;0;0;"-19.86860686";"-44.98716831";"SR-MG";"DEL4/8";"UOP03/MG"
165482;362501;2018-10-14;"domingo";"17:45:00";"PE";424;66,5;"CAETES";"Nao";"Ingestao de alcool";1;"Colisao frontal";"Com Vitimas Feridas";"Anoitecer";"Crescente";"Ceu Claro";"Simples";"Curva";"Nao";294083;"Ônibus";"VOLVO/MPOLO PARADISO R";2017;"Condutor";"Ileso";38;"Masculino";1;0;0;0;"-8.76107212";"-36.64652824";"SR-PE";"DEL11/3";"UOP01/PE"
165482;362507;2018-10-14;"domingo";"17:45:00";"PE";424;66,5;"CAETES";"Nao";"Ingestao de alcool";1;"Colisao frontal";"Com Vitimas Feridas";"Anoitecer";"Crescente";"Ceu Claro";"Simples";"Curva";"Nao";294084;"Automóvel";"VW/GOLF 1.6 SPORTLINE";2012;"Condutor";"Lesoes Leves";26;"Masculino";0;1;0;0;"-8.76107212";"-36.64652824";"SR-PE";"DEL11/3";"UOP01/PE"
165482;362510;2018-10-14;"domingo";"17:45:00";"PE";424;66,5;"CAETES";"Nao";"Ingestao de alcool";1;"Colisao frontal";"Com Vitimas Feridas";"Anoitecer";"Crescente";"Ceu Claro";"Simples";"Curva";"Nao";294084;"Automóvel";"VW/GOLF 1.6 SPORTLINE";2012;"Passageiro";"Lesoes Graves";24;"Masculino";0;0;1;0;"-8.76107212";"-36.64652824";"SR-PE";"DEL11/3";"UOP01/PE"
165501;362474;2018-10-14;"domingo";"21:00:00";"GO";40;8,9;"LUZIANIA";"Sim";"Ingestao de alcool";1;"Saida de leito carrocavel";"Sem Vitimas";"Plena Noite";"Decrescente";"Ceu Claro";"Dupla";"Reta";"Sim";294177;"Caminhonete";"GM/MONTANA SPORT";2003;"Condutor";"Ileso";54;"Masculino";1;0;0;0;"-16.131158";"-47.957739";"SR-DF";"GO";"UOP01/DF"
165506;362483;2018-10-14;"domingo";"20:00:00";"PA";316;58,1;"CASTANHAL";"Nao";"Ingestao de alcool";2;"Queda de ocupante de veiculo";"Com Vitimas Fatais";"Plena Noite";"Crescente";"Nublado";"Dupla";"Reta";"Nao";294182;"Automóvel";"FIAT/PALIO FIRE";2003;"Condutor";"Ileso";37;"Feminino";1;0;0;0;"-1.3060767";"-48.0071201";"SR-PA";"DEL19/1";"UOP02/PA"
165506;362471;2018-10-14;"domingo";"20:00:00";"PA";316;58,1;"CASTANHAL";"Nao";"Ingestao de alcool";2;"Queda de ocupante de veiculo";"Com Vitimas Fatais";"Plena Noite";"Crescente";"Nublado";"Dupla";"Reta";"Nao";294181;"Bicicleta";"";NA;"Condutor";"Óbito";32;"Masculino";0;0;0;1;"-1.3060767";"-48.0071201";"SR-PA";"DEL19/1";"UOP02/PA"
165509;362551;2018-10-14;"domingo";"21:00:00";"PA";230;124;"MARABA";"Sim";"Ingestao de alcool";1;"Colisao traseira";"Sem Vitimas";"Plena Noite";"Crescente";"Ceu Claro";"Simples";"Reta";"Sim";294145;"Caminhonete";"CHEVROLET/S10 LTZ FD4A";2017;"Condutor";"Ileso";46;"Feminino";1;0;0;0;"-5.361375";"-49.12376";"SR-PA";"DEL19/3";"UOP01/PA"
165509;362553;2018-10-14;"domingo";"21:00:00";"PA";230;124;"MARABA";"Sim";"Ingestao de alcool";1;"Colisao traseira";"Sem Vitimas";"Plena Noite";"Crescente";"Ceu Claro";"Simples";"Reta";"Sim";294146;"Automóvel";"GM/CELTA 4P SPIRIT";2010;"Condutor";"Ileso";29;"Masculino";1;0;0;0;"-5.361375";"-49.12376";"SR-PA";"DEL19/3";"UOP01/PA"
165524;362431;2018-04-21;"sabado";"00:25:00";"RN";101;102,7;"PARNAMIRIM";"Sim";"Ingestao de alcool";1;"Colisao lateral";"Com Vitimas Feridas";"Plena Noite";"Crescente";"Ceu Claro";"Multipla";"Intersecao de vias";"Sim";294142;"Micro-ônibus";"I/M.BENZ313CDI SPRINTERM";2006;"Condutor";"Ileso";46;"Masculino";1;0;0;0;"-5.888725";"-35.242819";"SR-RN";"DEL15/1";"UOP01/RN"
165524;362432;2018-04-21;"sabado";"00:25:00";"RN";101;102,7;"PARNAMIRIM";"Sim";"Ingestao de alcool";1;"Colisao lateral";"Com Vitimas Feridas";"Plena Noite";"Crescente";"Ceu Claro";"Multipla";"Intersecao de vias";"Sim";294142;"Micro-ônibus";"I/M.BENZ313CDI SPRINTERM";2006;"Passageiro";"Ileso";48;"Masculino";1;0;0;0;"-5.888725";"-35.242819";"SR-RN";"DEL15/1";"UOP01/RN"
165524;362430;2018-04-21;"sabado";"00:25:00";"RN";101;102,7;"PARNAMIRIM";"Sim";"Ingestao de alcool";1;"Colisao lateral";"Com Vitimas Feridas";"Plena Noite";"Crescente";"Ceu Claro";"Multipla";"Intersecao de vias";"Sim";294141;"Motocicleta";"HONDA/CB 300R";2010;"Condutor";"Lesoes Graves";40;"Masculino";0;0;1;0;"-5.888725";"-35.242819";"SR-RN";"DEL15/1";"UOP01/RN"
165531;362460;2018-10-13;"sabado";"04:00:00";"MA";226;504,5;"LAJEADO NOVO";"Sim";"Ingestao de alcool";1;"Queda de ocupante de veiculo";"Com Vitimas Fatais";"Plena Noite";"Decrescente";"Ceu Claro";"Simples";"Reta";"Nao";294174;"Motocicleta";"HONDA/CG 150 TITAN KS";2008;"Condutor";"Óbito";21;"Masculino";0;0;0;1;"-6.12416959";"-46.8453598";"SR-MA";"DEL18/4";"UOP02/MA"
165532;362535;2018-10-14;"domingo";"23:00:00";"BA";116;13;"VITORIA DA CONQUISTA";"Sim";"Ingestao de alcool";1;"Atropelamento de Pedestre";"Com Vitimas Feridas";"Plena Noite";"Decrescente";"Nublado";"Simples";"Reta";"Sim";294216;"Caminhao-trator";"";NA;"Condutor";"Nao Informado";NA;"Nao Informado";0;0;0;0;"-14.880224";"-40.870935";"SR-BA";"DEL10/8";"UOP01/BA"
165532;362541;2018-10-14;"domingo";"23:00:00";"BA";116;13;"VITORIA DA CONQUISTA";"Sim";"Ingestao de alcool";1;"Atropelamento de Pedestre";"Com Vitimas Feridas";"Plena Noite";"Decrescente";"Nublado";"Simples";"Reta";"Sim";294216;"Caminhao-trator";"";NA;"Pedestre";"Lesoes Leves";NA;"Masculino";0;1;0;0;"-14.880224";"-40.870935";"SR-BA";"DEL10/8";"UOP01/BA"
165543;364185;2018-10-15;"segunda-feira";"02:20:00";"SC";101;204,9;"SAO JOSE";"Sim";"Ingestao de alcool";1;"Colisao traseira";"Sem Vitimas";"Plena Noite";"Decrescente";"Chuva";"Multipla";"Reta";"Sim";294204;"Automóvel";"VW/CROSSFOX";2009;"Condutor";"Ileso";40;"Masculino";1;0;0;0;"-27.592";"-48.6181";"SR-SC";"DEL8/1";"UOP01/SC"
165543;364186;2018-10-15;"segunda-feira";"02:20:00";"SC";101;204,9;"SAO JOSE";"Sim";"Ingestao de alcool";1;"Colisao traseira";"Sem Vitimas";"Plena Noite";"Decrescente";"Chuva";"Multipla";"Reta";"Sim";294205;"Automóvel";"FIAT/PALIO FIRE ECONOMY";2010;"Condutor";"Ileso";25;"Masculino";1;0;0;0;"-27.592";"-48.6181";"SR-SC";"DEL8/1";"UOP01/SC"
165553;364375;2018-10-15;"segunda-feira";"06:20:00";"PE";104;85,4;"AGRESTINA";"Sim";"Ingestao de alcool";1;"Colisao frontal";"Com Vitimas Feridas";"Pleno dia";"Crescente";"Sol";"Simples";"Intersecao de vias";"Nao";294298;"Automóvel";"GM/CELTA 2P LIFE";2009;"Condutor";"Lesoes Leves";28;"Masculino";0;1;0;0;"-8.438719";"-35.955177";"SR-PE";"DEL11/2";"UOP01/PE"
165553;362674;2018-10-15;"segunda-feira";"06:20:00";"PE";104;85,4;"AGRESTINA";"Sim";"Ingestao de alcool";1;"Colisao frontal";"Com Vitimas Feridas";"Pleno dia";"Crescente";"Sol";"Simples";"Intersecao de vias";"Nao";294293;"Micro-ônibus";"I/KIA BESTA 12P GS";1998;"Condutor";"Ileso";55;"Masculino";1;0;0;0;"-8.438719";"-35.955177";"SR-PE";"DEL11/2";"UOP01/PE"
165561;364311;2018-10-15;"segunda-feira";"05:55:00";"SC";470;49;"BLUMENAU";"Sim";"Ingestao de alcool";1;"Colisao lateral";"Com Vitimas Feridas";"Amanhecer";"Crescente";"Ceu Claro";"Simples";"Reta";"Nao";295409;"Automóvel";"GM/CELTA 2P SPIRIT";2010;"Condutor";"Lesoes Leves";33;"Masculino";0;1;0;0;"-26.86018413";"-49.07256985";"SR-SC";"DEL8/4";"UOP01/SC"
165561;364312;2018-10-15;"segunda-feira";"05:55:00";"SC";470;49;"BLUMENAU";"Sim";"Ingestao de alcool";1;"Colisao lateral";"Com Vitimas Feridas";"Amanhecer";"Crescente";"Ceu Claro";"Simples";"Reta";"Nao";295410;"Automóvel";"VW/NOVO VOYAGE 1.6 CITY";2014;"Condutor";"Ileso";41;"Masculino";1;0;0;0;"-26.86018413";"-49.07256985";"SR-SC";"DEL8/4";"UOP01/SC"
165561;364314;2018-10-15;"segunda-feira";"05:55:00";"SC";470;49;"BLUMENAU";"Sim";"Ingestao de alcool";1;"Colisao lateral";"Com Vitimas Feridas";"Amanhecer";"Crescente";"Ceu Claro";"Simples";"Reta";"Nao";295413;"Caminhao";"VW/10.160 DRC 4X2";2016;"Condutor";"Ileso";33;"Masculino";1;0;0;0;"-26.86018413";"-49.07256985";"SR-SC";"DEL8/4";"UOP01/SC"
165607;363035;2018-10-15;"segunda-feira";"10:00:00";"PA";316;1;"ANANINDEUA";"Sim";"Ingestao de alcool";1;"Colisao traseira";"Sem Vitimas";"Pleno dia";"Decrescente";"Ceu Claro";"Dupla";"Reta";"Sim";294306;"Automóvel";"HYUNDAI/CRETA 20A PRESTI";2017;"Condutor";"Ileso";58;"Masculino";1;0;0;0;"-1.40206331";"-48.42779741";"SR-PA";"DEL19/1";"UOP01/PA"
165607;363034;2018-10-15;"segunda-feira";"10:00:00";"PA";316;1;"ANANINDEUA";"Sim";"Ingestao de alcool";1;"Colisao traseira";"Sem Vitimas";"Pleno dia";"Decrescente";"Ceu Claro";"Dupla";"Reta";"Sim";294305;"Caminhao";"VW/24.250 CNC 6X2";2007;"Condutor";"Ileso";42;"Masculino";1;0;0;0;"-1.40206331";"-48.42779741";"SR-PA";"DEL19/1";"UOP01/PA"
165617;364212;2018-10-15;"segunda-feira";"11:10:00";"PR";476;142;"CURITIBA";"Sim";"Ingestao de alcool";1;"Colisao transversal";"Com Vitimas Feridas";"Pleno dia";"Decrescente";"Chuva";"Dupla";"Nao Informado";"Sim";294414;"Automóvel";"FIAT/PALIO FIRE ECONOMY";2009;"Condutor";"Ileso";51;"Masculino";1;0;0;0;"-25.53987617";"-49.30229008";"SR-PR";"DEL7/1";"UOP06/PR"
165617;364213;2018-10-15;"segunda-feira";"11:10:00";"PR";476;142;"CURITIBA";"Sim";"Ingestao de alcool";1;"Colisao transversal";"Com Vitimas Feridas";"Pleno dia";"Decrescente";"Chuva";"Dupla";"Nao Informado";"Sim";294415;"Automóvel";"GM/CELTA 2P LIFE";2010;"Condutor";"Ileso";39;"Masculino";1;0;0;0;"-25.53987617";"-49.30229008";"SR-PR";"DEL7/1";"UOP06/PR"
165617;364215;2018-10-15;"segunda-feira";"11:10:00";"PR";476;142;"CURITIBA";"Sim";"Ingestao de alcool";1;"Colisao transversal";"Com Vitimas Feridas";"Pleno dia";"Decrescente";"Chuva";"Dupla";"Nao Informado";"Sim";294415;"Automóvel";"GM/CELTA 2P LIFE";2010;"Passageiro";"Ileso";35;"Feminino";1;0;0;0;"-25.53987617";"-49.30229008";"SR-PR";"DEL7/1";"UOP06/PR"
165617;364216;2018-10-15;"segunda-feira";"11:10:00";"PR";476;142;"CURITIBA";"Sim";"Ingestao de alcool";1;"Colisao transversal";"Com Vitimas Feridas";"Pleno dia";"Decrescente";"Chuva";"Dupla";"Nao Informado";"Sim";294415;"Automóvel";"GM/CELTA 2P LIFE";2010;"Passageiro";"Lesoes Leves";9;"Feminino";0;1;0;0;"-25.53987617";"-49.30229008";"SR-PR";"DEL7/1";"UOP06/PR"
165617;364217;2018-10-15;"segunda-feira";"11:10:00";"PR";476;142;"CURITIBA";"Sim";"Ingestao de alcool";1;"Colisao transversal";"Com Vitimas Feridas";"Pleno dia";"Decrescente";"Chuva";"Dupla";"Nao Informado";"Sim";294415;"Automóvel";"GM/CELTA 2P LIFE";2010;"Passageiro";"Lesoes Leves";15;"Feminino";0;1;0;0;"-25.53987617";"-49.30229008";"SR-PR";"DEL7/1";"UOP06/PR"
165617;364188;2018-10-15;"segunda-feira";"11:10:00";"PR";476;142;"CURITIBA";"Sim";"Ingestao de alcool";1;"Colisao transversal";"Com Vitimas Feridas";"Pleno dia";"Decrescente";"Chuva";"Dupla";"Nao Informado";"Sim";294409;"Automóvel";"GM/CORSA SEDAN MAXX";2006;"Condutor";"Ileso";37;"Masculino";1;0;0;0;"-25.53987617";"-49.30229008";"SR-PR";"DEL7/1";"UOP06/PR"
165651;362797;2018-08-10;"sexta-feira";"05:30:00";"PR";476;203,5;"LAPA";"Sim";"Ingestao de alcool";1;"Colisao frontal";"Com Vitimas Feridas";"Amanhecer";"Crescente";"Nublado";"Simples";"Reta";"Nao";294382;"Caminhao";"VOLVO/VM 270 6X2R";2012;"Condutor";"Ileso";38;"Masculino";1;0;0;0;"-25.777454";"-49.784622";"SR-PR";"DEL7/2";"UOP03/PR"
165651;362798;2018-08-10;"sexta-feira";"05:30:00";"PR";476;203,5;"LAPA";"Sim";"Ingestao de alcool";1;"Colisao frontal";"Com Vitimas Feridas";"Amanhecer";"Crescente";"Nublado";"Simples";"Reta";"Nao";294383;"Camioneta";"RENAULT/DUSTER 20 D 4X2";2011;"Condutor";"Lesoes Leves";26;"Masculino";0;1;0;0;"-25.777454";"-49.784622";"SR-PR";"DEL7/2";"UOP03/PR"
165651;362799;2018-08-10;"sexta-feira";"05:30:00";"PR";476;203,5;"LAPA";"Sim";"Ingestao de alcool";1;"Colisao frontal";"Com Vitimas Feridas";"Amanhecer";"Crescente";"Nublado";"Simples";"Reta";"Nao";294383;"Camioneta";"RENAULT/DUSTER 20 D 4X2";2011;"Passageiro";"Ileso";28;"Masculino";1;0;0;0;"-25.777454";"-49.784622";"SR-PR";"DEL7/2";"UOP03/PR"
165651;362800;2018-08-10;"sexta-feira";"05:30:00";"PR";476;203,5;"LAPA";"Sim";"Ingestao de alcool";1;"Colisao frontal";"Com Vitimas Feridas";"Amanhecer";"Crescente";"Nublado";"Simples";"Reta";"Nao";294383;"Camioneta";"RENAULT/DUSTER 20 D 4X2";2011;"Passageiro";"Ileso";34;"Masculino";1;0;0;0;"-25.777454";"-49.784622";"SR-PR";"DEL7/2";"UOP03/PR"
165651;362801;2018-08-10;"sexta-feira";"05:30:00";"PR";476;203,5;"LAPA";"Sim";"Ingestao de alcool";1;"Colisao frontal";"Com Vitimas Feridas";"Amanhecer";"Crescente";"Nublado";"Simples";"Reta";"Nao";294383;"Camioneta";"RENAULT/DUSTER 20 D 4X2";2011;"Passageiro";"Ileso";39;"Masculino";1;0;0;0;"-25.777454";"-49.784622";"SR-PR";"DEL7/2";"UOP03/PR"
165676;365661;2018-10-15;"segunda-feira";"16:45:00";"RJ";40;119;"DUQUE DE CAXIAS";"Sim";"Ingestao de alcool";1;"Colisao lateral";"Sem Vitimas";"Pleno dia";"Decrescente";"Nublado";"Multipla";"Reta";"Sim";294477;"Automóvel";"FIAT/PALIO WEEK HLX FLEX";2004;"Condutor";"Ileso";36;"Masculino";1;0;0;0;"-22.76385125";"-43.28667355";"SR-RJ";"DEL5/1";"UOP01/RJ"
165676;365660;2018-10-15;"segunda-feira";"16:45:00";"RJ";40;119;"DUQUE DE CAXIAS";"Sim";"Ingestao de alcool";1;"Colisao lateral";"Sem Vitimas";"Pleno dia";"Decrescente";"Nublado";"Multipla";"Reta";"Sim";294476;"Automóvel";"GM/ASTRA GL";1999;"Condutor";"Ileso";46;"Masculino";1;0;0;0;"-22.76385125";"-43.28667355";"SR-RJ";"DEL5/1";"UOP01/RJ"
165700;364888;2018-10-15;"segunda-feira";"18:42:00";"CE";222;3,5;"FORTALEZA";"Nao";"Ingestao de alcool";1;"Colisao traseira";"Sem Vitimas";"Anoitecer";"Decrescente";"Ceu Claro";"Dupla";"Nao Informado";"Sim";294542;"Automóvel";"";NA;"Condutor";"Nao Informado";NA;"Nao Informado";0;0;0;0;"-3.74099479";"-38.60010713";"SR-CE";"DEL16/1";"UOP01/CE"
165700;364892;2018-10-15;"segunda-feira";"18:42:00";"CE";222;3,5;"FORTALEZA";"Nao";"Ingestao de alcool";1;"Colisao traseira";"Sem Vitimas";"Anoitecer";"Decrescente";"Ceu Claro";"Dupla";"Nao Informado";"Sim";294543;"Automóvel";"HYUNDAI/HB20 1.0M COMFOR";2014;"Condutor";"Ileso";24;"Masculino";1;0;0;0;"-3.74099479";"-38.60010713";"SR-CE";"DEL16/1";"UOP01/CE"
165700;364893;2018-10-15;"segunda-feira";"18:42:00";"CE";222;3,5;"FORTALEZA";"Nao";"Ingestao de alcool";1;"Colisao traseira";"Sem Vitimas";"Anoitecer";"Decrescente";"Ceu Claro";"Dupla";"Nao Informado";"Sim";294544;"Automóvel";"FIAT/PALIO ATTRACTIV 1.4";2012;"Condutor";"Ileso";27;"Masculino";1;0;0;0;"-3.74099479";"-38.60010713";"SR-CE";"DEL16/1";"UOP01/CE"
165741;364214;2018-10-15;"segunda-feira";"03:15:00";"SC";101;197;"BIGUACU";"Sim";"Ingestao de alcool";1;"Tombamento";"Sem Vitimas";"Plena Noite";"Decrescente";"Chuva";"Dupla";"Curva";"Sim";294557;"Automóvel";"PEUGEOT/206 14 PRESEN FX";2006;"Condutor";"Ileso";19;"Masculino";1;0;0;0;"-27.5177688";"-48.63880739";"SR-SC";"DEL8/1";"UOP01/SC"
165746;364638;2018-10-15;"segunda-feira";"21:45:00";"MG";116;528;"CARATINGA";"Sim";"Ingestao de alcool";1;"Colisao com objeto estatico";"Com Vitimas Feridas";"Plena Noite";"Crescente";"Chuva";"Simples";"Retorno Regulamentado";"Sim";295645;"Motocicleta";"HONDA/CG 150 TITAN KS";2005;"Condutor";"Lesoes Graves";52;"Masculino";0;0;1;0;"-19.78154403";"-42.13303238";"SR-MG";"DEL4/6";"UOP02/MG"
165751;364912;2018-10-16;"terca-feira";"00:45:00";"PR";116;111,1;"CURITIBA";"Sim";"Ingestao de alcool";1;"Colisao traseira";"Com Vitimas Feridas";"Plena Noite";"Crescente";"Nublado";"Dupla";"Nao Informado";"Nao";295654;"Automóvel";"FIAT/UNO WAY 1.0";2011;"Condutor";"Lesoes Graves";25;"Masculino";0;0;1;0;"-25.55842252";"-49.26777005";"SR-PR";"DEL7/1";"UOP01/PR"
165751;364915;2018-10-16;"terca-feira";"00:45:00";"PR";116;111,1;"CURITIBA";"Sim";"Ingestao de alcool";1;"Colisao traseira";"Com Vitimas Feridas";"Plena Noite";"Crescente";"Nublado";"Dupla";"Nao Informado";"Nao";295654;"Automóvel";"FIAT/UNO WAY 1.0";2011;"Passageiro";"Lesoes Leves";20;"Masculino";0;1;0;0;"-25.55842252";"-49.26777005";"SR-PR";"DEL7/1";"UOP01/PR"
165751;364916;2018-10-16;"terca-feira";"00:45:00";"PR";116;111,1;"CURITIBA";"Sim";"Ingestao de alcool";1;"Colisao traseira";"Com Vitimas Feridas";"Plena Noite";"Crescente";"Nublado";"Dupla";"Nao Informado";"Nao";295663;"Caminhonete";"VW/SAVEIRO 1.6 CS";2011;"Condutor";"Lesoes Leves";30;"Masculino";0;1;0;0;"-25.55842252";"-49.26777005";"SR-PR";"DEL7/1";"UOP01/PR"
165904;363574;2018-10-16;"terca-feira";"19:30:00";"ES";101;229,9;"FUNDAO";"Nao";"Ingestao de alcool";1;"Atropelamento de Pedestre";"Com Vitimas Feridas";"Plena Noite";"Crescente";"Chuva";"Simples";"Reta";"Sim";294876;"Caminhao";"M.BENZ/ATEGO 1418";2005;"Pedestre";"Lesoes Graves";42;"Masculino";0;0;1;0;"-19.93478472";"-40.40541887";"SR-ES";"DEL12/2";"UOP01/ES"
165904;363568;2018-10-16;"terca-feira";"19:30:00";"ES";101;229,9;"FUNDAO";"Nao";"Ingestao de alcool";1;"Atropelamento de Pedestre";"Com Vitimas Feridas";"Plena Noite";"Crescente";"Chuva";"Simples";"Reta";"Sim";294876;"Caminhao";"M.BENZ/ATEGO 1418";2005;"Condutor";"Ileso";58;"Masculino";1;0;0;0;"-19.93478472";"-40.40541887";"SR-ES";"DEL12/2";"UOP01/ES"
165921;365102;2018-10-16;"terca-feira";"22:25:00";"RS";116;246;"SAO LEOPOLDO";"Sim";"Ingestao de alcool";1;"Saida de leito carrocavel";"Sem Vitimas";"Plena Noite";"Decrescente";"Ceu Claro";"Dupla";"Intersecao de vias";"Sim";294937;"Automóvel";"FIAT/PALIO WEEKEND ELX";2001;"Condutor";"Ileso";32;"Masculino";1;0;0;0;"-29.76269163";"-51.15303576";"SR-RS";"DEL9/1";"UOP02/RS"