"id";"pesid";"data_inversa";"dia_semana";"horario";"uf";"br";"km";"municipio";"causa_principal";"causa_acidente";"ordem_tipo_acidente";"tipo_acidente";"classificacao_acidente";"fase_dia";"sentido_via";"condicao_metereologica";"tipo_pista";"tracado_via";"uso_solo";"id_veiculo";"tipo_veiculo";"marca";"ano_fabricacao_veiculo";"tipo_envolvido";"estado_fisico";"idade";"sexo";"ilesos";"feridos_leves";"feridos_graves";"mortos";"latitude";"longitude";"regional";"delegacia";"uop"
166521;366364;2018-10-20;"sabado";"04:50:00";"SP";116;278,7;"EMBU DAS ARTES";"Sim";"Ingestao de alcool";1;"Colisao com objeto estatico";"Sem Vitimas";"Amanhecer";"Decrescente";"Nublado";"Dupla";"Reta";"Sim";295971;"Automóvel";"VW/GOLF 1.6 SPORTLINE";2011;"Condutor";"Ileso";43;"Masculino";1;0;0;0;"-23.64076";"-46.83629";"SR-SP";"DEL6/4";"UOP01/SP"
166521;366366;2018-10-20;"sabado";"04:50:00";"SP";116;278,7;"EMBU DAS ARTES";"Sim";"Ingestao de alcool";1;"Colisao com objeto estatico";"Sem Vitimas";"Amanhecer";"Decrescente";"Nublado";"Dupla";"Reta";"Sim";295971;"Automóvel";"VW/GOLF 1.6 SPORTLINE";2011;"Passageiro";"Ileso";25;"Masculino";1;0;0;0;"-23.64076";"-46.83629";"SR-SP";"DEL6/4";"UOP01/SP"
166532;366323;2018-10-20;"sabado";"00:30:00";"MG";365;553;"INDIANOPOLIS";"Sim";"Ingestao de alcool";1;"Colisao traseira";"Sem Vitimas";"Plena Noite";"Crescente";"Nublado";"Simples";"Reta";"Nao";295982;"Automóvel";"VW/VOYAGE 1.6 COMFORTL";2010;"Condutor";"Ileso";40;"Masculino";1;0;0;0;"-18.92967049";"-47.73696899";"SR-MG";"DEL4/10";"UOP01/MG"
166532;366324;2018-10-20;"sabado";"00:30:00";"MG";365;553;"INDIANOPOLIS";"Sim";"Ingestao de alcool";1;"Colisao traseira";"Sem Vitimas";"Plena Noite";"Crescente";"Nublado";"Simples";"Reta";"Nao";295983;"Automóvel";"VW/NOVO VOYAGE TL MBV";2017;"Condutor";"Ileso";36;"Masculino";1;0;0;0;"-18.92967049";"-47.73696899";"SR-MG";"DEL4/10";"UOP01/MG"
166576;365219;2018-10-20;"sabado";"12:20:00";"GO";452;181;"ITUMBIARA";"Sim";"Ingestao de alcool";1;"Saida de leito carrocavel";"Com Vitimas Feridas";"Pleno dia";"Decrescente";"Ceu Claro";"Dupla";"Intersecao de vias";"Nao";296052;"Caminhonete";"FORD/F1000";1989;"Condutor";"Lesoes Leves";63;"Masculino";0;1;0;0;"-18.38385013";"-49.3437624";"SR-GO";"DEL1/3";"UOP02/GO"
166590;366798;2018-10-20;"sabado";"14:00:00";"MG";40;773,4;"JUIZ DE FORA";"Sim";"Ingestao de alcool e/ou substâncias psicoativas pelo pedestre";1;"Atropelamento de Pedestre";"Com Vitimas Feridas";"Pleno dia";"Crescente";"Ceu Claro";"Dupla";"Reta";"Nao";296098;"Automóvel";"VW/NOVO GOL CL MCV";2016;"Pedestre";"Lesoes Leves";NA;"Feminino";0;1;0;0;"-21.6517";"-43.4346";"SR-MG";"DEL4/5";"UOP01/MG"
166590;365282;2018-10-20;"sabado";"14:00:00";"MG";40;773,4;"JUIZ DE FORA";"Sim";"Ingestao de alcool e/ou substâncias psicoativas pelo pedestre";1;"Atropelamento de Pedestre";"Com Vitimas Feridas";"Pleno dia";"Crescente";"Ceu Claro";"Dupla";"Reta";"Nao";296098;"Automóvel";"VW/NOVO GOL CL MCV";2016;"Condutor";"Ileso";22;"Masculino";1;0;0;0;"-21.6517";"-43.4346";"SR-MG";"DEL4/5";"UOP01/MG"
166605;366179;2018-10-20;"sabado";"15:20:00";"BA";135;187;"BARREIRAS";"Sim";"Ingestao de alcool";1;"Colisao com objeto estatico";"Com Vitimas Feridas";"Pleno dia";"Decrescente";"Ceu Claro";"Simples";"Nao Informado";"Nao";296086;"Motoneta";"HONDA/BIZ 110I";2017;"Condutor";"Lesoes Graves";27;"Feminino";0;0;1;0;"-12.206";"-45.016";"SR-BA";"DEL10/10";"UOP01/BA"
166618;365306;2018-10-20;"sabado";"15:51:00";"SP";116;214,2;"GUARULHOS";"Sim";"Ingestao de alcool";1;"Colisao com objeto estatico";"Com Vitimas Feridas";"Pleno dia";"Crescente";"Ceu Claro";"Multipla";"Reta";"Sim";296114;"Caminhonete";"FIAT/STRADA ADVENT FLEX";2011;"Condutor";"Lesoes Leves";56;"Masculino";0;1;0;0;"-23.4453";"-46.45138";"SR-SP";"DEL6/1";"UOP01/SP"
166621;365417;2018-10-20;"sabado";"16:20:00";"SP";153;54,9;"SAO JOSE DO RIO PRETO";"Sim";"Ingestao de alcool";1;"Capotamento";"Com Vitimas Feridas";"Pleno dia";"Decrescente";"Ceu Claro";"Simples";"Desvio Temporario";"Nao";296200;"Caminhonete";"VW/SAVEIRO CL 1.8 MI";1999;"Condutor";"Lesoes Leves";34;"Feminino";0;1;0;0;"-20.744841";"-49.338924";"SR-SP";"DEL6/9";"UOP01/SP"
166621;365424;2018-10-20;"sabado";"16:20:00";"SP";153;54,9;"SAO JOSE DO RIO PRETO";"Sim";"Ingestao de alcool";1;"Capotamento";"Com Vitimas Feridas";"Pleno dia";"Decrescente";"Ceu Claro";"Simples";"Desvio Temporario";"Nao";296200;"Caminhonete";"VW/SAVEIRO CL 1.8 MI";1999;"Testemunha";"Nao Informado";NA;"Nao Informado";0;0;0;0;"-20.744841";"-49.338924";"SR-SP";"DEL6/9";"UOP01/SP"
166621;365423;2018-10-20;"sabado";"16:20:00";"SP";153;54,9;"SAO JOSE DO RIO PRETO";"Sim";"Ingestao de alcool";1;"Capotamento";"Com Vitimas Feridas";"Pleno dia";"Decrescente";"Ceu Claro";"Simples";"Desvio Temporario";"Nao";296200;"Caminhonete";"VW/SAVEIRO CL 1.8 MI";1999;"Passageiro";"Lesoes Leves";27;"Masculino";0;1;0;0;"-20.744841";"-49.338924";"SR-SP";"DEL6/9";"UOP01/SP"
166644;367067;2018-10-20;"sabado";"18:45:00";"SC";101;81;"BARRA VELHA";"Sim";"Ingestao de alcool";1;"Colisao traseira";"Sem Vitimas";"Plena Noite";"Crescente";"Nublado";"Dupla";"Reta";"Nao";297451;"Automóvel";"CHEVROLET/ONIX 1.4MT LT";2013;"Condutor";"Ileso";24;"Masculino";1;0;0;0;"-26.6138";"-48.7205";"SR-SC";"DEL8/3";"UOP02/SC"
166644;367095;2018-10-20;"sabado";"18:45:00";"SC";101;81;"BARRA VELHA";"Sim";"Ingestao de alcool";1;"Colisao traseira";"Sem Vitimas";"Plena Noite";"Crescente";"Nublado";"Dupla";"Reta";"Nao";297451;"Automóvel";"CHEVROLET/ONIX 1.4MT LT";2013;"Passageiro";"Ileso";33;"Masculino";1;0;0;0;"-26.6138";"-48.7205";"SR-SC";"DEL8/3";"UOP02/SC"
166644;367098;2018-10-20;"sabado";"18:45:00";"SC";101;81;"BARRA VELHA";"Sim";"Ingestao de alcool";1;"Colisao traseira";"Sem Vitimas";"Plena Noite";"Crescente";"Nublado";"Dupla";"Reta";"Nao";297451;"Automóvel";"CHEVROLET/ONIX 1.4MT LT";2013;"Passageiro";"Ileso";24;"Masculino";1;0;0;0;"-26.6138";"-48.7205";"SR-SC";"DEL8/3";"UOP02/SC"
166644;367065;2018-10-20;"sabado";"18:45:00";"SC";101;81;"BARRA VELHA";"Sim";"Ingestao de alcool";1;"Colisao traseira";"Sem Vitimas";"Plena Noite";"Crescente";"Nublado";"Dupla";"Reta";"Nao";296119;"Utilitario";"TROLLER/T4 XLT 3.2";2017;"Condutor";"Ileso";52;"Masculino";1;0;0;0;"-26.6138";"-48.7205";"SR-SC";"DEL8/3";"UOP02/SC"
166654;365455;2018-10-20;"sabado";"17:50:00";"MS";163;492,9;"CAMPO GRANDE";"Nao";"Ingestao de alcool";1;"Saida de leito carrocavel";"Sem Vitimas";"Anoitecer";"Decrescente";"Ceu Claro";"Dupla";"Nao Informado";"Nao";296226;"Automóvel";"VW/GOL 1.0";1999;"Condutor";"Ileso";43;"Masculino";1;0;0;0;"-20.38155";"-54.54011";"SR-MS";"DEL3/1";"UOP02/MS"
166656;367035;2018-10-20;"sabado";"19:00:00";"DF";70;5,8;"BRASILIA";"Sim";"Ingestao de alcool";1;"Saida de leito carrocavel";"Sem Vitimas";"Plena Noite";"Decrescente";"Ceu Claro";"Dupla";"Reta";"Sim";296337;"Automóvel";"PEUGEOT/206 SELECTION";2001;"Condutor";"Ileso";36;"Masculino";1;0;0;0;"-15.79189223";"-48.10409904";"SR-DF";"DF";"UOP06/DF"
166657;366754;2018-10-20;"sabado";"16:00:00";"RN";101;68;"EXTREMOZ";"Sim";"Ingestao de alcool";1;"Atropelamento de Pedestre";"Com Vitimas Feridas";"Pleno dia";"Decrescente";"Ceu Claro";"Simples";"Reta";"Nao";297304;"Motocicleta";"";NA;"Condutor";"Ileso";NA;"Ignorado";1;0;0;0;"-5.666287";"-35.253036";"SR-RN";"DEL15/2";"UOP01/RN"
166657;366760;2018-10-20;"sabado";"16:00:00";"RN";101;68;"EXTREMOZ";"Sim";"Ingestao de alcool";1;"Atropelamento de Pedestre";"Com Vitimas Feridas";"Pleno dia";"Decrescente";"Ceu Claro";"Simples";"Reta";"Nao";297304;"Motocicleta";"";NA;"Pedestre";"Lesoes Leves";NA;"Masculino";0;1;0;0;"-5.666287";"-35.253036";"SR-RN";"DEL15/2";"UOP01/RN"
166667;365339;2018-10-20;"sabado";"19:05:00";"MG";116;709,5;"MURIAE";"Sim";"Ingestao de alcool";1;"Saida de leito carrocavel";"Com Vitimas Feridas";"Plena Noite";"Decrescente";"Nublado";"Simples";"Nao Informado";"Nao";296150;"Micro-ônibus";"IMP/MBENZ 310D SPRINTERM";1997;"Condutor";"Lesoes Leves";49;"Masculino";0;1;0;0;"-21.16170639";"-42.38108307";"SR-MG";"DEL4/7";"UOP02/MG"
166667;365347;2018-10-20;"sabado";"19:05:00";"MG";116;709,5;"MURIAE";"Sim";"Ingestao de alcool";1;"Saida de leito carrocavel";"Com Vitimas Feridas";"Plena Noite";"Decrescente";"Nublado";"Simples";"Nao Informado";"Nao";296150;"Micro-ônibus";"IMP/MBENZ 310D SPRINTERM";1997;"Passageiro";"Lesoes Leves";34;"Masculino";0;1;0;0;"-21.16170639";"-42.38108307";"SR-MG";"DEL4/7";"UOP02/MG"
166687;365571;2018-10-20;"sabado";"19:40:00";"RJ";116;178;"NOVA IGUACU";"Sim";"Ingestao de alcool";1;"Colisao com objeto estatico";"Sem Vitimas";"Plena Noite";"Decrescente";"Ceu Claro";"Dupla";"Reta";"Sim";296331;"Automóvel";"I/RENAULT FLUENCE DYN20A";2013;"Condutor";"Ileso";33;"Masculino";1;0;0;0;"-22.7476196";"-43.4444958";"SR-RJ";"DEL5/1";"UOP02/RJ"
166706;369205;2018-10-20;"sabado";"21:30:00";"RO";319;63;"PORTO VELHO";"Sim";"Ingestao de alcool";1;"Colisao transversal";"Sem Vitimas";"Plena Noite";"Decrescente";"Ceu Claro";"Dupla";"Reta";"Sim";298048;"Automóvel";"TOYOTA/ETIOS HB X 13L MT";2017;"Condutor";"Ileso";42;"Feminino";1;0;0;0;"-8.75789101";"-63.88590682";"SR-RO";"DEL21/1";"UOP01/RO"
166706;369203;2018-10-20;"sabado";"21:30:00";"RO";319;63;"PORTO VELHO";"Sim";"Ingestao de alcool";1;"Colisao transversal";"Sem Vitimas";"Plena Noite";"Decrescente";"Ceu Claro";"Dupla";"Reta";"Sim";298044;"Caminhonete";"CHEVROLET/MONTANA SPORT";2012;"Condutor";"Ileso";42;"Masculino";1;0;0;0;"-8.75789101";"-63.88590682";"SR-RO";"DEL21/1";"UOP01/RO"
166712;365486;2018-10-21;"domingo";"01:45:00";"RS";290;95;"PORTO ALEGRE";"Sim";"Ingestao de alcool";1;"Colisao com objeto estatico";"Sem Vitimas";"Plena Noite";"Crescente";"Ceu Claro";"Dupla";"Reta";"Sim";296259;"Automóvel";"GM/CORSA WIND";1994;"Condutor";"Ileso";42;"Feminino";1;0;0;0;"-29.994695";"-51.2074059";"SR-RS";"DEL9/1";"UOP01/RS"
166712;365487;2018-10-21;"domingo";"01:45:00";"RS";290;95;"PORTO ALEGRE";"Sim";"Ingestao de alcool";1;"Colisao com objeto estatico";"Sem Vitimas";"Plena Noite";"Crescente";"Ceu Claro";"Dupla";"Reta";"Sim";296260;"Automóvel";"HYUNDAI/HB20S 1.0M COMF";2016;"Condutor";"Ileso";28;"Masculino";1;0;0;0;"-29.994695";"-51.2074059";"SR-RS";"DEL9/1";"UOP01/RS"
166715;366942;2018-10-20;"sabado";"00:20:00";"RO";364;197;"PIMENTA BUENO";"Sim";"Ingestao de alcool e/ou substâncias psicoativas pelo pedestre";1;"Atropelamento de Pedestre";"Com Vitimas Feridas";"Plena Noite";"Decrescente";"Nublado";"Simples";"Reta";"Sim";296302;"Utilitario";"SUZUKI/JIMNY 4 ALL";2018;"Testemunha";"Nao Informado";NA;"Nao Informado";0;0;0;0;"-11.674181";"-61.189896";"SR-RO";"DEL21/2";"UOP02/RO"
166715;365552;2018-10-20;"sabado";"00:20:00";"RO";364;197;"PIMENTA BUENO";"Sim";"Ingestao de alcool e/ou substâncias psicoativas pelo pedestre";1;"Atropelamento de Pedestre";"Com Vitimas Feridas";"Plena Noite";"Decrescente";"Nublado";"Simples";"Reta";"Sim";296302;"Utilitario";"SUZUKI/JIMNY 4 ALL";2018;"Condutor";"Ileso";54;"Masculino";1;0;0;0;"-11.674181";"-61.189896";"SR-RO";"DEL21/2";"UOP02/RO"
166715;365553;2018-10-20;"sabado";"00:20:00";"RO";364;197;"PIMENTA BUENO";"Sim";"Ingestao de alcool e/ou substâncias psicoativas pelo pedestre";1;"Atropelamento de Pedestre";"Com Vitimas Feridas";"Plena Noite";"Decrescente";"Nublado";"Simples";"Reta";"Sim";296302;"Utilitario";"SUZUKI/JIMNY 4 ALL";2018;"Pedestre";"Lesoes Leves";61;"Masculino";0;1;0;0;"-11.674181";"-61.189896";"SR-RO";"DEL21/2";"UOP02/RO"
166717;366853;2018-10-21;"domingo";"02:20:00";"TO";153;344;"GUARAI";"Sim";"Ingestao de alcool";2;"Saida de leito carrocavel";"Com Vitimas Feridas";"Plena Noite";"Decrescente";"Ceu Claro";"Simples";"Curva";"Nao";297352;"Caminhonete";"FIAT/STRADA WORKING";2013;"Condutor";"Lesoes Graves";29;"Masculino";0;0;1;0;"-8.926973";"-48.509632";"SR-TO";"UOP03/TO";""
166717;366854;2018-10-21;"domingo";"02:20:00";"TO";153;344;"GUARAI";"Sim";"Ingestao de alcool";2;"Saida de leito carrocavel";"Com Vitimas Feridas";"Plena Noite";"Decrescente";"Ceu Claro";"Simples";"Curva";"Nao";297353;"Caminhao";"M.BENZ/ATEGO 2425";2011;"Condutor";"Ileso";35;"Masculino";1;0;0;0;"-8.926973";"-48.509632";"SR-TO";"UOP03/TO";""
166723;366898;2018-10-21;"domingo";"02:30:00";"PR";277;727,3;"FOZ DO IGUACU";"Sim";"Ingestao de alcool";1;"Atropelamento de Pedestre";"Com Vitimas Feridas";"Plena Noite";"Crescente";"Ceu Claro";"Dupla";"Reta";"Sim";296269;"Automóvel";"PEUGEOT/207PASSION XR S";2009;"Condutor";"Ileso";43;"Masculino";1;0;0;0;"-25.510118";"-54.564636";"SR-PR";"DEL7/5";"UOP03/PR"
166723;366904;2018-10-21;"domingo";"02:30:00";"PR";277;727,3;"FOZ DO IGUACU";"Sim";"Ingestao de alcool";1;"Atropelamento de Pedestre";"Com Vitimas Feridas";"Plena Noite";"Crescente";"Ceu Claro";"Dupla";"Reta";"Sim";296269;"Automóvel";"PEUGEOT/207PASSION XR S";2009;"Pedestre";"Lesoes Leves";33;"Masculino";0;1;0;0;"-25.510118";"-54.564636";"SR-PR";"DEL7/5";"UOP03/PR"
166726;367163;2018-10-21;"domingo";"03:00:00";"RJ";393;281,7;"VOLTA REDONDA";"Sim";"Ingestao de alcool";1;"Tombamento";"Com Vitimas Feridas";"Plena Noite";"Crescente";"Ceu Claro";"Simples";"Ponte";"Sim";296275;"Motocicleta";"HONDA/CG 150 FAN ESI";2010;"Condutor";"Lesoes Leves";28;"Feminino";0;1;0;0;"-22.47868329";"-44.06309081";"SR-RJ";"DEL5/5";"UOP02/RJ"
166727;366867;2018-10-21;"domingo";"04:00:00";"PR";116;109;"CURITIBA";"Sim";"Ingestao de alcool";1;"Saida de leito carrocavel";"Sem Vitimas";"Plena Noite";"Decrescente";"Ceu Claro";"Dupla";"Reta";"Sim";296303;"Caminhao-trator";"VW/18.310 TITAN";2005;"Condutor";"Ileso";NA;"Masculino";1;0;0;0;"-25.569897";"-49.187782";"SR-PR";"DEL7/1";"UOP01/PR"
166729;370058;2018-10-20;"sabado";"22:55:00";"BA";324;614;"SALVADOR";"Sim";"Ingestao de alcool";1;"Saida de leito carrocavel";"Sem Vitimas";"Plena Noite";"Decrescente";"Garoa/Chuvisco";"Dupla";"Curva";"Sim";296286;"Automóvel";"GM/CORSA SUPER";1998;"Condutor";"Nao Informado";NA;"Nao Informado";0;0;0;0;"-12.87345518";"-38.42782952";"SR-BA";"DEL10/1";"UOP01/BA"
166736;365903;2018-10-21;"domingo";"03:50:00";"GO";153;493,1;"GOIANIA";"Sim";"Ingestao de alcool";1;"Colisao traseira";"Com Vitimas Feridas";"Plena Noite";"Decrescente";"Ceu Claro";"Dupla";"Reta";"Nao";296288;"Motocicleta";"HONDA/CG150 FAN ESDI";2013;"Condutor";"Lesoes Graves";30;"Feminino";0;0;1;0;"-16.6537";"-49.2172";"SR-GO";"DEL1/1";"UOP01/GO"
166736;365911;2018-10-21;"domingo";"03:50:00";"GO";153;493,1;"GOIANIA";"Sim";"Ingestao de alcool";1;"Colisao traseira";"Com Vitimas Feridas";"Plena Noite";"Decrescente";"Ceu Claro";"Dupla";"Reta";"Nao";296289;"Automóvel";"PEUGEOT/207HB XR";2011;"Condutor";"Ileso";38;"Feminino";1;0;0;0;"-16.6537";"-49.2172";"SR-GO";"DEL1/1";"UOP01/GO"
166737;366786;2018-10-21;"domingo";"05:05:00";"RJ";40;39,9;"AREAL";"Sim";"Ingestao de alcool";1;"Colisao traseira";"Com Vitimas Feridas";"Amanhecer";"Crescente";"Ceu Claro";"Dupla";"Reta";"Nao";296328;"Automóvel";"VW/SANTANA GLS 2000 I";1995;"Passageiro";"Lesoes Leves";27;"Masculino";0;1;0;0;"-22.23974954";"-43.10785711";"SR-RJ";"DEL5/6";"UOP01/RJ"
166737;366788;2018-10-21;"domingo";"05:05:00";"RJ";40;39,9;"AREAL";"Sim";"Ingestao de alcool";1;"Colisao traseira";"Com Vitimas Feridas";"Amanhecer";"Crescente";"Ceu Claro";"Dupla";"Reta";"Nao";296329;"Caminhao-trator";"M.BENZ/LS 1634";2011;"Condutor";"Ileso";57;"Masculino";1;0;0;0;"-22.23974954";"-43.10785711";"SR-RJ";"DEL5/6";"UOP01/RJ"
166737;366787;2018-10-21;"domingo";"05:05:00";"RJ";40;39,9;"AREAL";"Sim";"Ingestao de alcool";1;"Colisao traseira";"Com Vitimas Feridas";"Amanhecer";"Crescente";"Ceu Claro";"Dupla";"Reta";"Nao";296328;"Automóvel";"VW/SANTANA GLS 2000 I";1995;"Condutor";"Ileso";35;"Masculino";1;0;0;0;"-22.23974954";"-43.10785711";"SR-RJ";"DEL5/6";"UOP01/RJ"
166744;365565;2018-10-21;"domingo";"05:30:00";"RJ";101;55;"CAMPOS DOS GOYTACAZES";"Sim";"Ingestao de alcool";1;"Saida de leito carrocavel";"Sem Vitimas";"Amanhecer";"Crescente";"Ceu Claro";"Simples";"Reta";"Nao";296327;"Automóvel";"VW/GOL 1000";1996;"Condutor";"Ileso";45;"Masculino";1;0;0;0;"-21.6637699";"-41.31017424";"SR-RJ";"DEL5/8";"UOP01/RJ"
166763;368658;2018-10-21;"domingo";"07:40:00";"RJ";40;113;"DUQUE DE CAXIAS";"Sim";"Ingestao de alcool";1;"Colisao traseira";"Com Vitimas Feridas";"Pleno dia";"Decrescente";"Ceu Claro";"Multipla";"Reta";"Sim";298901;"Motocicleta";"HONDA/CG 150 FAN ESI";2011;"Condutor";"Ileso";28;"Masculino";1;0;0;0;"-22.7088454";"-43.2900917";"SR-RJ";"DEL5/1";"UOP01/RJ"
166763;368656;2018-10-21;"domingo";"07:40:00";"RJ";40;113;"DUQUE DE CAXIAS";"Sim";"Ingestao de alcool";1;"Colisao traseira";"Com Vitimas Feridas";"Pleno dia";"Decrescente";"Ceu Claro";"Multipla";"Reta";"Sim";298900;"Automóvel";"FIAT/PALIO EX";2001;"Condutor";"Ileso";20;"Masculino";1;0;0;0;"-22.7088454";"-43.2900917";"SR-RJ";"DEL5/1";"UOP01/RJ"
166763;368660;2018-10-21;"domingo";"07:40:00";"RJ";40;113;"DUQUE DE CAXIAS";"Sim";"Ingestao de alcool";1;"Colisao traseira";"Com Vitimas Feridas";"Pleno dia";"Decrescente";"Ceu Claro";"Multipla";"Reta";"Sim";298901;"Motocicleta";"HONDA/CG 150 FAN ESI";2011;"Passageiro";"Lesoes Leves";25;"Masculino";0;1;0;0;"-22.7088454";"-43.2900917";"SR-RJ";"DEL5/1";"UOP01/RJ"
166767;365589;2018-10-21;"domingo";"01:30:00";"RS";158;447;"ROSARIO DO SUL";"Sim";"Ingestao de alcool";1;"Saida de leito carrocavel";"Sem Vitimas";"Plena Noite";"Crescente";"Ceu Claro";"Simples";"Intersecao de vias";"Nao";296341;"Caminhao";"FORD/CARGO 2429 L";2012;"Condutor";"Ileso";33;"Masculino";1;0;0;0;"-30.22940803";"-54.72873688";"SR-RS";"DEL9/11";"UOP02/RS"
166778;365675;2018-10-21;"domingo";"09:25:00";"MT";163;512,4;"DIAMANTINO";"Sim";"Ingestao de alcool";1;"Saida de leito carrocavel";"Sem Vitimas";"Pleno dia";"Crescente";"Sol";"Simples";"Reta";"Nao";296399;"Caminhonete";"VW/SAVEIRO CL";1989;"Condutor";"Ileso";32;"Masculino";1;0;0;0;"-14.45063892";"-56.13258362";"SR-MT";"DEL2/4";"UOP01/MT"
166779;365607;2018-10-21;"domingo";"07:00:00";"PR";163;215,2;"CASCAVEL";"Nao";"Ingestao de alcool";1;"Colisao com objeto estatico";"Sem Vitimas";"Amanhecer";"Crescente";"Ceu Claro";"Simples";"Viaduto";"Nao";296355;"Automóvel";"VW/NOVO GOL TRACK MCV";2017;"Condutor";"Ileso";21;"Masculino";1;0;0;0;"-24.89776471";"-53.53343725";"SR-PR";"DEL7/4";"UOP01/PR"
166779;365610;2018-10-21;"domingo";"07:00:00";"PR";163;215,2;"CASCAVEL";"Nao";"Ingestao de alcool";1;"Colisao com objeto estatico";"Sem Vitimas";"Amanhecer";"Crescente";"Ceu Claro";"Simples";"Viaduto";"Nao";296355;"Automóvel";"VW/NOVO GOL TRACK MCV";2017;"Passageiro";"Ileso";19;"Masculino";1;0;0;0;"-24.89776471";"-53.53343725";"SR-PR";"DEL7/4";"UOP01/PR"
166793;368418;2018-10-21;"domingo";"12:05:00";"SP";116;147;"SAO JOSE DOS CAMPOS";"Sim";"Ingestao de alcool";1;"Colisao traseira";"Com Vitimas Feridas";"Pleno dia";"Decrescente";"Ceu Claro";"Multipla";"Reta";"Sim";298676;"Automóvel";"GM/CELTA 2P SPIRIT";2007;"Condutor";"Ileso";42;"Masculino";1;0;0;0;"-23.19469092";"-45.87022018";"SR-SP";"DEL6/2";"UOP01/SP"
166793;368419;2018-10-21;"domingo";"12:05:00";"SP";116;147;"SAO JOSE DOS CAMPOS";"Sim";"Ingestao de alcool";1;"Colisao traseira";"Com Vitimas Feridas";"Pleno dia";"Decrescente";"Ceu Claro";"Multipla";"Reta";"Sim";298677;"Automóvel";"GM/CELTA 4P SPIRIT";2010;"Condutor";"Ileso";62;"Masculino";1;0;0;0;"-23.19469092";"-45.87022018";"SR-SP";"DEL6/2";"UOP01/SP"
166793;368421;2018-10-21;"domingo";"12:05:00";"SP";116;147;"SAO JOSE DOS CAMPOS";"Sim";"Ingestao de alcool";1;"Colisao traseira";"Com Vitimas Feridas";"Pleno dia";"Decrescente";"Ceu Claro";"Multipla";"Reta";"Sim";298677;"Automóvel";"GM/CELTA 4P SPIRIT";2010;"Passageiro";"Lesoes Leves";27;"Feminino";0;1;0;0;"-23.19469092";"-45.87022018";"SR-SP";"DEL6/2";"UOP01/SP"
166811;365678;2018-10-21;"domingo";"15:00:00";"CE";116;509,3;"BREJO SANTO";"Sim";"Ingestao de alcool";1;"Saida de leito carrocavel";"Com Vitimas Feridas";"Pleno dia";"Crescente";"Ceu Claro";"Simples";"Curva";"Nao";296404;"Automóvel";"TOYOTA/COROLLA XEI18VVT";2004;"Condutor";"Lesoes Leves";33;"Masculino";0;1;0;0;"-7.543307";"-39.015689";"SR-CE";"DEL16/5";"UOP03/CE"
166815;366021;2018-10-21;"domingo";"15:30:00";"RN";101;109;"PARNAMIRIM";"Sim";"Ingestao de alcool";1;"Colisao com objeto estatico";"Com Vitimas Feridas";"Pleno dia";"Crescente";"Ceu Claro";"Dupla";"Reta";"Nao";296552;"Automóvel";"FORD/KA FLEX";2008;"Condutor";"Lesoes Leves";39;"Masculino";0;1;0;0;"-5.933717";"-35.264712";"SR-RN";"DEL15/1";"UOP01/RN"
166823;365692;2018-10-21;"domingo";"14:30:00";"PE";104;35,5;"CARUARU";"Sim";"Ingestao de alcool";1;"Saida de leito carrocavel";"Com Vitimas Feridas";"Pleno dia";"Decrescente";"Sol";"Dupla";"Nao Informado";"Nao";296426;"Automóvel";"VW/PARATI GL";1987;"Condutor";"Lesoes Leves";28;"Masculino";0;1;0;0;"-8.049292";"-36.041541";"SR-PE";"DEL11/2";"UOP01/PE"
166824;365981;2018-10-21;"domingo";"16:10:00";"SE";235;43,7;"ITABAIANA";"Sim";"Ingestao de alcool";1;"Atropelamento de Pedestre";"Com Vitimas Feridas";"Pleno dia";"Crescente";"Sol";"Simples";"Reta";"Nao";296686;"Caminhonete";"I/FORD RANGER LTDCD4A32C";2017;"Condutor";"Ileso";74;"Masculino";1;0;0;0;"-10.761437";"-37.388721";"SR-SE";"DEL20/1";"UOP02/SE"
166824;365987;2018-10-21;"domingo";"16:10:00";"SE";235;43,7;"ITABAIANA";"Sim";"Ingestao de alcool";1;"Atropelamento de Pedestre";"Com Vitimas Feridas";"Pleno dia";"Crescente";"Sol";"Simples";"Reta";"Nao";296686;"Caminhonete";"I/FORD RANGER LTDCD4A32C";2017;"Pedestre";"Lesoes Graves";NA;"Masculino";0;0;1;0;"-10.761437";"-37.388721";"SR-SE";"DEL20/1";"UOP02/SE"
166833;367458;2018-10-21;"domingo";"16:00:00";"CE";116;6,9;"FORTALEZA";"Sim";"Ingestao de alcool";1;"Colisao frontal";"Com Vitimas Feridas";"Pleno dia";"Crescente";"Ceu Claro";"Simples";"Curva";"Sim";297867;"Automóvel";"I/CHEVROLET AGILE LTZ";2011;"Condutor";"Lesoes Leves";24;"Masculino";0;1;0;0;"-3.8089517";"-38.4979104";"SR-CE";"DEL16/1";"UOP02/CE"
166833;367461;2018-10-21;"domingo";"16:00:00";"CE";116;6,9;"FORTALEZA";"Sim";"Ingestao de alcool";1;"Colisao frontal";"Com Vitimas Feridas";"Pleno dia";"Crescente";"Ceu Claro";"Simples";"Curva";"Sim";297886;"Automóvel";"CHEVROLET/CLASSIC";2009;"Condutor";"Lesoes Leves";36;"Masculino";0;1;0;0;"-3.8089517";"-38.4979104";"SR-CE";"DEL16/1";"UOP02/CE"