"id";"pesid";"data_inversa";"dia_semana";"horario";"uf";"br";"km";"municipio";"causa_principal";"causa_acidente";"ordem_tipo_acidente";"tipo_acidente";"classificacao_acidente";"fase_dia";"sentido_via";"condicao_metereologica";"tipo_pista";"tracado_via";"uso_solo";"id_veiculo";"tipo_veiculo";"marca";"ano_fabricacao_veiculo";"tipo_envolvido";"estado_fisico";"idade";"sexo";"ilesos";"feridos_leves";"feridos_graves";"mortos";"latitude";"longitude";"regional";"delegacia";"uop"
166833;369020;2018-10-21;"domingo";"16:00:00";"CE";116;6,9;"FORTALEZA";"Sim";"Ingestao de alcool";1;"Colisao frontal";"Com Vitimas Feridas";"Pleno dia";"Crescente";"Ceu Claro";"Simples";"Curva";"Sim";297867;"Automóvel";"I/CHEVROLET AGILE LTZ";2011;"Passageiro";"Lesoes Leves";3;"Feminino";0;1;0;0;"-3.8089517";"-38.4979104";"SR-CE";"DEL16/1";"UOP02/CE"
166834;365747;2018-10-21;"domingo";"16:25:00";"DF";80;14,7;"BRASILIA";"Sim";"Ingestao de alcool";1;"Colisao frontal";"Com Vitimas Feridas";"Pleno dia";"Crescente";"Chuva";"Simples";"Nao Informado";"Nao";296429;"Automóvel";"VW/FOX 1.6 PRIME GII";2011;"Condutor";"Lesoes Leves";21;"Masculino";0;1;0;0;"-15.71228974";"-48.19890976";"SR-DF";"DF";"UOP06/DF"
166834;367573;2018-10-21;"domingo";"16:25:00";"DF";80;14,7;"BRASILIA";"Sim";"Ingestao de alcool";1;"Colisao frontal";"Com Vitimas Feridas";"Pleno dia";"Crescente";"Chuva";"Simples";"Nao Informado";"Nao";296430;"Camioneta";"I/HYUNDAI TUCSON GLS 20L";2009;"Condutor";"Ileso";58;"Masculino";1;0;0;0;"-15.71228974";"-48.19890976";"SR-DF";"DF";"UOP06/DF"
166844;365711;2018-10-21;"domingo";"17:00:00";"PB";101;93,7;"CONDE";"Sim";"Ingestao de alcool";1;"Colisao com objeto estatico";"Sem Vitimas";"Pleno dia";"Decrescente";"Ceu Claro";"Dupla";"Reta";"Nao";296444;"Automóvel";"GM/CELTA 2P SPIRIT";2009;"Condutor";"Ileso";38;"Feminino";1;0;0;0;"-7.2156";"-34.912";"SR-PB";"DEL14/1";"UOP02/PB"
166847;366644;2018-10-21;"domingo";"17:00:00";"CE";116;13,9;"FORTALEZA";"Nao";"Ingestao de alcool";1;"Colisao transversal";"Sem Vitimas";"Anoitecer";"Decrescente";"Ceu Claro";"Dupla";"Reta";"Nao";296564;"Automóvel";"FORD/FIESTA FLEX";2007;"Condutor";"Ileso";49;"Masculino";1;0;0;0;"-3.88291226";"-38.5009861";"SR-CE";"DEL16/1";"UOP02/CE"
166847;366650;2018-10-21;"domingo";"17:00:00";"CE";116;13,9;"FORTALEZA";"Nao";"Ingestao de alcool";1;"Colisao transversal";"Sem Vitimas";"Anoitecer";"Decrescente";"Ceu Claro";"Dupla";"Reta";"Nao";296565;"Caminhao";"M.BENZ/L 1620";2008;"Condutor";"Ileso";41;"Masculino";1;0;0;0;"-3.88291226";"-38.5009861";"SR-CE";"DEL16/1";"UOP02/CE"
166851;367701;2018-10-21;"domingo";"18:00:00";"RJ";101;313;"SAO GONCALO";"Sim";"Ingestao de alcool";1;"Colisao lateral";"Sem Vitimas";"Plena Noite";"Crescente";"Nublado";"Dupla";"Reta";"Sim";296453;"Automóvel";"RENAULT/SANDERO STEX 16M";2018;"Condutor";"Ileso";36;"Masculino";1;0;0;0;"-22.810507";"-43.069859";"SR-RJ";"DEL5/2";"UOP02/RJ"
166851;367705;2018-10-21;"domingo";"18:00:00";"RJ";101;313;"SAO GONCALO";"Sim";"Ingestao de alcool";1;"Colisao lateral";"Sem Vitimas";"Plena Noite";"Crescente";"Nublado";"Dupla";"Reta";"Sim";296454;"Automóvel";"VW/GOL 1000";1995;"Condutor";"Ileso";44;"Masculino";1;0;0;0;"-22.810507";"-43.069859";"SR-RJ";"DEL5/2";"UOP02/RJ"
166856;369018;2018-10-21;"domingo";"19:00:00";"SE";235;88,2;"FREI PAULO";"Sim";"Ingestao de alcool";1;"Colisao frontal";"Com Vitimas Fatais";"Plena Noite";"Decrescente";"Nublado";"Simples";"Reta";"Nao";297174;"Automóvel";"FIAT/UNO WAY 1.4";2014;"Condutor";"Lesoes Leves";55;"Masculino";0;1;0;0;"-10.522815";"-37.646603";"SR-SE";"DEL20/1";"UOP02/SE"
166856;366597;2018-10-21;"domingo";"19:00:00";"SE";235;88,2;"FREI PAULO";"Sim";"Ingestao de alcool";1;"Colisao frontal";"Com Vitimas Fatais";"Plena Noite";"Decrescente";"Nublado";"Simples";"Reta";"Nao";297173;"Motocicleta";"HONDA/NXR150 BROS ES";2006;"Condutor";"Óbito";44;"Masculino";0;0;0;1;"-10.522815";"-37.646603";"SR-SE";"DEL20/1";"UOP02/SE"
166861;365829;2018-10-21;"domingo";"18:40:00";"SP";153;109;"JOSE BONIFACIO";"Nao";"Ingestao de alcool";1;"Colisao transversal";"Sem Vitimas";"Plena Noite";"Crescente";"Ceu Claro";"Simples";"Nao Informado";"Nao";296556;"Automóvel";"FORD/FIESTA";1999;"Condutor";"Ileso";39;"Masculino";1;0;0;0;"-21.080267";"-49.67062";"SR-SP";"DEL6/9";"UOP01/SP"
166861;365830;2018-10-21;"domingo";"18:40:00";"SP";153;109;"JOSE BONIFACIO";"Nao";"Ingestao de alcool";1;"Colisao transversal";"Sem Vitimas";"Plena Noite";"Crescente";"Ceu Claro";"Simples";"Nao Informado";"Nao";296557;"Caminhao-trator";"VOLVO/FH 460 6X2T";2014;"Condutor";"Ileso";42;"Masculino";1;0;0;0;"-21.080267";"-49.67062";"SR-SP";"DEL6/9";"UOP01/SP"
166871;367526;2018-10-21;"domingo";"19:30:00";"PE";408;55;"NAZARE DA MATA";"Sim";"Ingestao de alcool";1;"Colisao traseira";"Com Vitimas Feridas";"Plena Noite";"Decrescente";"Ceu Claro";"Simples";"Reta";"Sim";297955;"Automóvel";"VW/GOL 1.0 GIV";2009;"Condutor";"Ileso";37;"Masculino";1;0;0;0;"-7.775187";"-35.237041";"SR-PE";"DEL11/1";"UOP01/PE"
166871;367527;2018-10-21;"domingo";"19:30:00";"PE";408;55;"NAZARE DA MATA";"Sim";"Ingestao de alcool";1;"Colisao traseira";"Com Vitimas Feridas";"Plena Noite";"Decrescente";"Ceu Claro";"Simples";"Reta";"Sim";297961;"Automóvel";"TOYOTA/COROLLA ALTISFLEX";2017;"Condutor";"Ileso";47;"Masculino";1;0;0;0;"-7.775187";"-35.237041";"SR-PE";"DEL11/1";"UOP01/PE"
166871;367529;2018-10-21;"domingo";"19:30:00";"PE";408;55;"NAZARE DA MATA";"Sim";"Ingestao de alcool";1;"Colisao traseira";"Com Vitimas Feridas";"Plena Noite";"Decrescente";"Ceu Claro";"Simples";"Reta";"Sim";297961;"Automóvel";"TOYOTA/COROLLA ALTISFLEX";2017;"Passageiro";"Lesoes Leves";0;"Masculino";0;1;0;0;"-7.775187";"-35.237041";"SR-PE";"DEL11/1";"UOP01/PE"
166878;365770;2018-10-21;"domingo";"19:30:00";"PR";476;178,6;"SAO MATEUS DO SUL";"Sim";"Ingestao de alcool";1;"Colisao traseira";"Com Vitimas Feridas";"Plena Noite";"Decrescente";"Ceu Claro";"Simples";"Reta";"Sim";296498;"Automóvel";"I/CHEVROLET AGILE LTZ";2012;"Condutor";"Lesoes Leves";42;"Masculino";0;1;0;0;"-25.87007299";"-50.40182412";"SR-PR";"DEL7/1";"UOP04/PR"
166878;365771;2018-10-21;"domingo";"19:30:00";"PR";476;178,6;"SAO MATEUS DO SUL";"Sim";"Ingestao de alcool";1;"Colisao traseira";"Com Vitimas Feridas";"Plena Noite";"Decrescente";"Ceu Claro";"Simples";"Reta";"Sim";296499;"Camioneta";"FORD/ECOSPORT FSL 1.6";2013;"Condutor";"Ileso";38;"Feminino";1;0;0;0;"-25.87007299";"-50.40182412";"SR-PR";"DEL7/1";"UOP04/PR"
166878;365773;2018-10-21;"domingo";"19:30:00";"PR";476;178,6;"SAO MATEUS DO SUL";"Sim";"Ingestao de alcool";1;"Colisao traseira";"Com Vitimas Feridas";"Plena Noite";"Decrescente";"Ceu Claro";"Simples";"Reta";"Sim";296499;"Camioneta";"FORD/ECOSPORT FSL 1.6";2013;"Passageiro";"Lesoes Leves";65;"Masculino";0;1;0;0;"-25.87007299";"-50.40182412";"SR-PR";"DEL7/1";"UOP04/PR"
166880;365737;2018-10-21;"domingo";"19:50:00";"PR";277;728,2;"FOZ DO IGUACU";"Sim";"Ingestao de alcool";1;"Colisao com objeto estatico";"Com Vitimas Feridas";"Plena Noite";"Decrescente";"Ceu Claro";"Dupla";"Reta";"Sim";296482;"Motocicleta";"I/LEOPARD";2016;"Condutor";"Lesoes Graves";39;"Masculino";0;0;1;0;"-25.509722";"-54.573845";"SR-PR";"DEL7/5";"UOP03/PR"
166892;365923;2018-10-21;"domingo";"19:00:00";"RJ";101;502;"ANGRA DOS REIS";"Sim";"Ingestao de alcool";1;"Colisao frontal";"Com Vitimas Feridas";"Plena Noite";"Crescente";"Nublado";"Simples";"Reta";"Nao";296654;"Caminhonete";"VW/SAVEIRO 1.6 CE CROSS";2011;"Condutor";"Ileso";52;"Masculino";1;0;0;0;"-22.92634209";"-44.37243551";"SR-RJ";"DEL5/3";"UOP02/RJ"
166892;367508;2018-10-21;"domingo";"19:00:00";"RJ";101;502;"ANGRA DOS REIS";"Sim";"Ingestao de alcool";1;"Colisao frontal";"Com Vitimas Feridas";"Plena Noite";"Crescente";"Nublado";"Simples";"Reta";"Nao";296655;"Motocicleta";"HONDA/CB 300R";2012;"Condutor";"Lesoes Leves";19;"Masculino";0;1;0;0;"-22.92634209";"-44.37243551";"SR-RJ";"DEL5/3";"UOP02/RJ"
166892;365919;2018-10-21;"domingo";"19:00:00";"RJ";101;502;"ANGRA DOS REIS";"Sim";"Ingestao de alcool";1;"Colisao frontal";"Com Vitimas Feridas";"Plena Noite";"Crescente";"Nublado";"Simples";"Reta";"Nao";296656;"Automóvel";"FIAT/PALIO ESSENCE 1.6";2012;"Condutor";"Ileso";53;"Feminino";1;0;0;0;"-22.92634209";"-44.37243551";"SR-RJ";"DEL5/3";"UOP02/RJ"
166892;367511;2018-10-21;"domingo";"19:00:00";"RJ";101;502;"ANGRA DOS REIS";"Sim";"Ingestao de alcool";1;"Colisao frontal";"Com Vitimas Feridas";"Plena Noite";"Crescente";"Nublado";"Simples";"Reta";"Nao";296655;"Motocicleta";"HONDA/CB 300R";2012;"Passageiro";"Lesoes Graves";22;"Feminino";0;0;1;0;"-22.92634209";"-44.37243551";"SR-RJ";"DEL5/3";"UOP02/RJ"
166894;365739;2018-10-21;"domingo";"20:50:00";"GO";364;196;"JATAI";"Sim";"Ingestao de alcool";1;"Tombamento";"Com Vitimas Feridas";"Plena Noite";"Decrescente";"Ceu Claro";"Dupla";"Curva";"Sim";296480;"Motocicleta";"IMP/SUZUKI GS 125ES";2012;"Condutor";"Lesoes Leves";0;"Masculino";0;1;0;0;"-17.917234";"-51.720665";"SR-GO";"DEL1/5";"UOP01/GO"
166921;366790;2018-10-21;"domingo";"23:00:00";"RS";472;126,4;"TRES DE MAIO";"Sim";"Ingestao de alcool";1;"Saida de leito carrocavel";"Com Vitimas Feridas";"Plena Noite";"Decrescente";"Nublado";"Simples";"Reta";"Nao";297007;"Automóvel";"RENAULT/SCENIC RXE 2.0";2000;"Condutor";"Lesoes Leves";37;"Masculino";0;1;0;0;"-27.72365157";"-54.18886185";"SR-RS";"DEL9/10";"UOP01/RS"
166921;366796;2018-10-21;"domingo";"23:00:00";"RS";472;126,4;"TRES DE MAIO";"Sim";"Ingestao de alcool";1;"Saida de leito carrocavel";"Com Vitimas Feridas";"Plena Noite";"Decrescente";"Nublado";"Simples";"Reta";"Nao";297007;"Automóvel";"RENAULT/SCENIC RXE 2.0";2000;"Passageiro";"Lesoes Leves";28;"Feminino";0;1;0;0;"-27.72365157";"-54.18886185";"SR-RS";"DEL9/10";"UOP01/RS"
166921;366802;2018-10-21;"domingo";"23:00:00";"RS";472;126,4;"TRES DE MAIO";"Sim";"Ingestao de alcool";1;"Saida de leito carrocavel";"Com Vitimas Feridas";"Plena Noite";"Decrescente";"Nublado";"Simples";"Reta";"Nao";297007;"Automóvel";"RENAULT/SCENIC RXE 2.0";2000;"Passageiro";"Lesoes Leves";10;"Masculino";0;1;0;0;"-27.72365157";"-54.18886185";"SR-RS";"DEL9/10";"UOP01/RS"
166921;366797;2018-10-21;"domingo";"23:00:00";"RS";472;126,4;"TRES DE MAIO";"Sim";"Ingestao de alcool";1;"Saida de leito carrocavel";"Com Vitimas Feridas";"Plena Noite";"Decrescente";"Nublado";"Simples";"Reta";"Nao";297007;"Automóvel";"RENAULT/SCENIC RXE 2.0";2000;"Passageiro";"Lesoes Graves";12;"Feminino";0;0;1;0;"-27.72365157";"-54.18886185";"SR-RS";"DEL9/10";"UOP01/RS"
166942;366703;2018-10-22;"segunda-feira";"05:50:00";"BA";367;79,8;"EUNAPOLIS";"Sim";"Ingestao de alcool";1;"Colisao frontal";"Com Vitimas Feridas";"Pleno dia";"Crescente";"Garoa/Chuvisco";"Simples";"Reta";"Nao";296894;"Caminhonete";"GM/S10 EXECUTIVE 2.8 4X4";2002;"Condutor";"Lesoes Leves";48;"Masculino";0;1;0;0;"-16.367477";"-39.535915";"SR-BA";"DEL10/9";"UOP01/BA"
166942;366705;2018-10-22;"segunda-feira";"05:50:00";"BA";367;79,8;"EUNAPOLIS";"Sim";"Ingestao de alcool";1;"Colisao frontal";"Com Vitimas Feridas";"Pleno dia";"Crescente";"Garoa/Chuvisco";"Simples";"Reta";"Nao";296894;"Caminhonete";"GM/S10 EXECUTIVE 2.8 4X4";2002;"Passageiro";"Lesoes Leves";18;"Masculino";0;1;0;0;"-16.367477";"-39.535915";"SR-BA";"DEL10/9";"UOP01/BA"
166942;366704;2018-10-22;"segunda-feira";"05:50:00";"BA";367;79,8;"EUNAPOLIS";"Sim";"Ingestao de alcool";1;"Colisao frontal";"Com Vitimas Feridas";"Pleno dia";"Crescente";"Garoa/Chuvisco";"Simples";"Reta";"Nao";296894;"Caminhonete";"GM/S10 EXECUTIVE 2.8 4X4";2002;"Passageiro";"Lesoes Leves";47;"Feminino";0;1;0;0;"-16.367477";"-39.535915";"SR-BA";"DEL10/9";"UOP01/BA"
166942;366235;2018-10-22;"segunda-feira";"05:50:00";"BA";367;79,8;"EUNAPOLIS";"Sim";"Ingestao de alcool";1;"Colisao frontal";"Com Vitimas Feridas";"Pleno dia";"Crescente";"Garoa/Chuvisco";"Simples";"Reta";"Nao";296892;"Automóvel";"FIAT/SIENA ESSENCE 1.6";2015;"Condutor";"Lesoes Leves";52;"Masculino";0;1;0;0;"-16.367477";"-39.535915";"SR-BA";"DEL10/9";"UOP01/BA"
166998;365902;2018-07-28;"sabado";"19:12:00";"SC";116;12,3;"MAFRA";"Sim";"Ingestao de alcool";1;"Colisao com objeto estatico";"Com Vitimas Fatais";"Plena Noite";"Decrescente";"Ceu Claro";"Simples";"Intersecao de vias";"Nao";296645;"Motocicleta";"HONDA/CBX 200 STRADA";2002;"Condutor";"Óbito";47;"Masculino";0;0;0;1;"-26.17978062";"-49.87172037";"SR-SC";"DEL8/6";"UOP01/SC"
167095;367821;2018-10-22;"segunda-feira";"18:03:00";"RO";174;14,2;"VILHENA";"Sim";"Ingestao de alcool";1;"Colisao transversal";"Com Vitimas Feridas";"Plena Noite";"Decrescente";"Ceu Claro";"Dupla";"Reta";"Nao";296937;"Automóvel";"VW/GOL CL";1992;"Condutor";"Lesoes Leves";49;"Masculino";0;1;0;0;"-12.733067";"-60.12981";"SR-RO";"DEL21/4";"UOP01/RO"
167095;367822;2018-10-22;"segunda-feira";"18:03:00";"RO";174;14,2;"VILHENA";"Sim";"Ingestao de alcool";1;"Colisao transversal";"Com Vitimas Feridas";"Plena Noite";"Decrescente";"Ceu Claro";"Dupla";"Reta";"Nao";296938;"Caminhonete";"TOYOTA/BANDEIRANTE";1989;"Condutor";"Ileso";43;"Masculino";1;0;0;0;"-12.733067";"-60.12981";"SR-RO";"DEL21/4";"UOP01/RO"
167106;366189;2018-10-22;"segunda-feira";"17:00:00";"MT";70;247;"PRIMAVERA DO LESTE";"Sim";"Ingestao de alcool";1;"Saida de leito carrocavel";"Com Vitimas Feridas";"Anoitecer";"Decrescente";"Chuva";"Simples";"Reta";"Nao";296874;"Caminhao";"M.BENZ/L 1313";1973;"Condutor";"Lesoes Leves";34;"Masculino";0;1;0;0;"-15.623631";"-54.088329";"SR-MT";"DEL2/5";"UOP01/MT"
167115;367700;2018-10-22;"segunda-feira";"22:00:00";"PR";376;2;"APUCARANA";"Sim";"Ingestao de alcool";1;"Colisao transversal";"Com Vitimas Feridas";"Plena Noite";"Decrescente";"Ceu Claro";"Simples";"Reta";"Nao";296912;"Automóvel";"VW/FOX 1.0";2007;"Condutor";"Lesoes Leves";58;"Feminino";0;1;0;0;"-23.5616859";"-51.43449957";"SR-PR";"DEL7/7";"UOP03/PR"
167115;367699;2018-10-22;"segunda-feira";"22:00:00";"PR";376;2;"APUCARANA";"Sim";"Ingestao de alcool";1;"Colisao transversal";"Com Vitimas Feridas";"Plena Noite";"Decrescente";"Ceu Claro";"Simples";"Reta";"Nao";296911;"Automóvel";"FIAT/UNO 1.5 R";1987;"Condutor";"Ileso";45;"Masculino";1;0;0;0;"-23.5616859";"-51.43449957";"SR-PR";"DEL7/7";"UOP03/PR"
167122;366243;2018-10-22;"segunda-feira";"22:00:00";"RS";158;155;"PANAMBI";"Sim";"Ingestao de alcool";1;"Colisao com objeto estatico";"Sem Vitimas";"Plena Noite";"Decrescente";"Nublado";"Simples";"Rotatória";"Sim";296913;"Automóvel";"FORD/FIESTA STREET";2003;"Condutor";"Ileso";45;"Masculino";1;0;0;0;"-28.32092898";"-53.49826813";"SR-RS";"DEL9/10";"UOP02/RS"
167130;369052;2018-10-23;"terca-feira";"02:20:00";"SP";116;221;"GUARULHOS";"Sim";"Ingestao de alcool";1;"Saida de leito carrocavel";"Sem Vitimas";"Plena Noite";"Decrescente";"Ceu Claro";"Multipla";"Reta";"Sim";296930;"Automóvel";"GM/KADETT SL";1993;"Condutor";"Ileso";41;"Masculino";1;0;0;0;"-23.47070123";"-46.51555086";"SR-SP";"DEL6/1";"UOP01/SP"
167204;366442;2018-10-12;"sexta-feira";"06:00:00";"BA";116;421,5;"FEIRA DE SANTANA";"Sim";"Ingestao de alcool";1;"Colisao com objeto estatico";"Sem Vitimas";"Pleno dia";"Crescente";"Sol";"Dupla";"Reta";"Sim";297043;"Caminhonete";"I/TOYOTA HILUX CD4X4 SRV";2012;"Condutor";"Ileso";NA;"Ignorado";1;0;0;0;"-12.2258416";"-38.96501116";"SR-BA";"DEL10/2";"UOP01/BA"
167220;366506;2018-10-23;"terca-feira";"12:30:00";"RJ";101;322;"NITEROI";"Sim";"Ingestao de alcool";1;"Colisao traseira";"Sem Vitimas";"Pleno dia";"Decrescente";"Ceu Claro";"Dupla";"Reta";"Nao";297079;"Automóvel";"VW/NOVO GOL TL MCV";2017;"Condutor";"Ileso";75;"Masculino";1;0;0;0;"-22.878837";"-43.1148036";"SR-RJ";"DEL5/2";"UOP01/RJ"
167220;366507;2018-10-23;"terca-feira";"12:30:00";"RJ";101;322;"NITEROI";"Sim";"Ingestao de alcool";1;"Colisao traseira";"Sem Vitimas";"Pleno dia";"Decrescente";"Ceu Claro";"Dupla";"Reta";"Nao";297080;"Automóvel";"FIAT/SIENA TETRAFUEL 1.4";2014;"Condutor";"Ileso";46;"Masculino";1;0;0;0;"-22.878837";"-43.1148036";"SR-RJ";"DEL5/2";"UOP01/RJ"
167234;366639;2018-10-23;"terca-feira";"16:30:00";"SE";235;5,8;"NOSSA SENHORA DO SOCORRO";"Sim";"Ingestao de alcool";1;"Colisao traseira";"Sem Vitimas";"Pleno dia";"Decrescente";"Ceu Claro";"Dupla";"Reta";"Nao";297206;"Automóvel";"HYUNDAI/HB20 1.0M UNIQUE";2018;"Condutor";"Ileso";55;"Masculino";1;0;0;0;"-10.9042007";"-37.1269188";"SR-SE";"DEL20/1";"UOP01/SE"
167234;366636;2018-10-23;"terca-feira";"16:30:00";"SE";235;5,8;"NOSSA SENHORA DO SOCORRO";"Sim";"Ingestao de alcool";1;"Colisao traseira";"Sem Vitimas";"Pleno dia";"Decrescente";"Ceu Claro";"Dupla";"Reta";"Nao";297205;"Automóvel";"I/TOYOTA PRIUS NGA TOP";2017;"Condutor";"Ileso";65;"Masculino";1;0;0;0;"-10.9042007";"-37.1269188";"SR-SE";"DEL20/1";"UOP01/SE"
167235;368299;2018-10-23;"terca-feira";"16:20:00";"SP";116;308,2;"SAO LOURENCO DA SERRA";"Sim";"Ingestao de alcool";1;"Capotamento";"Sem Vitimas";"Pleno dia";"Decrescente";"Nublado";"Dupla";"Curva";"Sim";297230;"Automóvel";"I/HYUNDAI VELOSTER";2011;"Condutor";"Ileso";33;"Masculino";1;0;0;0;"-23.85969153";"-46.9455725";"SR-SP";"DEL6/4";"UOP01/SP"
167255;367209;2018-10-23;"terca-feira";"17:40:00";"GO";60;133;"GOIANIA";"Sim";"Ingestao de alcool";1;"Colisao transversal";"Com Vitimas Feridas";"Pleno dia";"Decrescente";"Chuva";"Dupla";"Nao Informado";"Nao";297185;"Automóvel";"RENAULT/CLIO PRI 10 16VH";2004;"Condutor";"Ileso";30;"Masculino";1;0;0;0;"-16.5815";"-49.1772";"SR-GO";"DEL1/1";"UOP01/GO"
167255;367210;2018-10-23;"terca-feira";"17:40:00";"GO";60;133;"GOIANIA";"Sim";"Ingestao de alcool";1;"Colisao transversal";"Com Vitimas Feridas";"Pleno dia";"Decrescente";"Chuva";"Dupla";"Nao Informado";"Nao";297186;"Motocicleta";"HONDA/CG150 FAN ESDI";2011;"Condutor";"Lesoes Leves";39;"Masculino";0;1;0;0;"-16.5815";"-49.1772";"SR-GO";"DEL1/1";"UOP01/GO"
167350;366832;2018-06-27;"quarta-feira";"20:30:00";"PB";412;26,8;"BOA VISTA";"Sim";"Ingestao de alcool";1;"Colisao frontal";"Com Vitimas Feridas";"Plena Noite";"Crescente";"Ceu Claro";"Simples";"Reta";"Nao";297355;"Automóvel";"GM/CELTA 2P LIFE";2010;"Condutor";"Lesoes Graves";62;"Masculino";0;0;1;0;"-7.287084";"-36.287048";"SR-PB";"DEL14/2";"UOP02/PB"
167350;366830;2018-06-27;"quarta-feira";"20:30:00";"PB";412;26,8;"BOA VISTA";"Sim";"Ingestao de alcool";1;"Colisao frontal";"Com Vitimas Feridas";"Plena Noite";"Crescente";"Ceu Claro";"Simples";"Reta";"Nao";297354;"Automóvel";"FIAT/UNO CS";1990;"Condutor";"Lesoes Graves";30;"Masculino";0;0;1;0;"-7.287084";"-36.287048";"SR-PB";"DEL14/2";"UOP02/PB"
167368;367176;2018-10-24;"quarta-feira";"11:55:00";"PB";230;12,5;"CABEDELO";"Sim";"Ingestao de alcool";1;"Atropelamento de Pedestre";"Com Vitimas Feridas";"Pleno dia";"Crescente";"Ceu Claro";"Dupla";"Reta";"Sim";297668;"Automóvel";"I/KIA CERATO FF SX3 ATNB";2014;"Condutor";"Ileso";23;"Masculino";1;0;0;0;"-7.076892";"-34.84933";"SR-PB";"DEL14/1";"UOP01/PB"
167368;367177;2018-10-24;"quarta-feira";"11:55:00";"PB";230;12,5;"CABEDELO";"Sim";"Ingestao de alcool";1;"Atropelamento de Pedestre";"Com Vitimas Feridas";"Pleno dia";"Crescente";"Ceu Claro";"Dupla";"Reta";"Sim";297669;"Motocicleta";"";NA;"Condutor";"Nao Informado";NA;"Nao Informado";0;0;0;0;"-7.076892";"-34.84933";"SR-PB";"DEL14/1";"UOP01/PB"
167368;367175;2018-10-24;"quarta-feira";"11:55:00";"PB";230;12,5;"CABEDELO";"Sim";"Ingestao de alcool";1;"Atropelamento de Pedestre";"Com Vitimas Feridas";"Pleno dia";"Crescente";"Ceu Claro";"Dupla";"Reta";"Sim";297668;"Automóvel";"I/KIA CERATO FF SX3 ATNB";2014;"Pedestre";"Lesoes Graves";36;"Masculino";0;0;1;0;"-7.076892";"-34.84933";"SR-PB";"DEL14/1";"UOP01/PB"
167414;366939;2018-10-24;"quarta-feira";"14:15:00";"BA";116;803,8;"VITORIA DA CONQUISTA";"Sim";"Ingestao de alcool";1;"Colisao lateral";"Sem Vitimas";"Pleno dia";"Decrescente";"Ceu Claro";"Simples";"Reta";"Nao";297456;"Caminhao-trator";"VW/19.330 CTC 4X2";2012;"Condutor";"Ileso";37;"Masculino";1;0;0;0;"-14.75463134";"-40.68589211";"SR-BA";"DEL10/8";"UOP01/BA"
167463;368563;2018-10-24;"quarta-feira";"20:00:00";"SC";282;5,5;"SAO JOSE";"Sim";"Ingestao de alcool";1;"Colisao traseira";"Com Vitimas Feridas";"Plena Noite";"Crescente";"Chuva";"Multipla";"Reta";"Sim";297671;"Automóvel";"FORD/FIESTA HA 1.5L S";2014;"Condutor";"Ileso";43;"Masculino";1;0;0;0;"-27.58809967";"-48.61362889";"SR-SC";"DEL8/1";"UOP01/SC"
167463;368565;2018-10-24;"quarta-feira";"20:00:00";"SC";282;5,5;"SAO JOSE";"Sim";"Ingestao de alcool";1;"Colisao traseira";"Com Vitimas Feridas";"Plena Noite";"Crescente";"Chuva";"Multipla";"Reta";"Sim";297670;"Motocicleta";"HONDA/CG 150 TITAN KS";2004;"Condutor";"Lesoes Leves";44;"Masculino";0;1;0;0;"-27.58809967";"-48.61362889";"SR-SC";"DEL8/1";"UOP01/SC"
167488;369066;2018-10-24;"quarta-feira";"21:25:00";"PR";116;55;"CAMPINA GRANDE DO SUL";"Sim";"Ingestao de alcool";1;"Saida de leito carrocavel";"Sem Vitimas";"Plena Noite";"Decrescente";"Garoa/Chuvisco";"Dupla";"Reta";"Nao";297612;"Automóvel";"HYUNDAI/HB20 1.6A COMF";2018;"Condutor";"Ileso";41;"Masculino";1;0;0;0;"-25.273407";"-48.921734";"SR-PR";"DEL7/1";"UOP02/PR"
167491;368695;2018-10-24;"quarta-feira";"21:50:00";"PR";376;619;"SAO JOSE DOS PINHAIS";"Nao";"Ingestao de alcool";1;"Saida de leito carrocavel";"Com Vitimas Feridas";"Plena Noite";"Crescente";"Chuva";"Multipla";"Nao Informado";"Sim";297645;"Automóvel";"VW/GOLF";2000;"Passageiro";"Lesoes Graves";21;"Masculino";0;0;1;0;"-25.60892787";"-49.17199364";"SR-PR";"DEL7/1";"UOP08/PR"
167491;368745;2018-10-24;"quarta-feira";"21:50:00";"PR";376;619;"SAO JOSE DOS PINHAIS";"Nao";"Ingestao de alcool";1;"Saida de leito carrocavel";"Com Vitimas Feridas";"Plena Noite";"Crescente";"Chuva";"Multipla";"Nao Informado";"Sim";297645;"Automóvel";"VW/GOLF";2000;"Condutor";"Lesoes Leves";NA;"Masculino";0;1;0;0;"-25.60892787";"-49.17199364";"SR-PR";"DEL7/1";"UOP08/PR"
167494;368892;2018-10-24;"quarta-feira";"22:05:00";"MG";262;426,5;"SAO GONCALO DO PARA";"Sim";"Ingestao de alcool";1;"Colisao frontal";"Com Vitimas Feridas";"Plena Noite";"Decrescente";"Chuva";"Dupla";"Reta";"Nao";297690;"Caminhao";"M.BENZ/L 1313";1980;"Condutor";"Ileso";35;"Masculino";1;0;0;0;"-19.8912";"-44.8363";"SR-MG";"DEL4/8";"UOP03/MG"
167494;368890;2018-10-24;"quarta-feira";"22:05:00";"MG";262;426,5;"SAO GONCALO DO PARA";"Sim";"Ingestao de alcool";1;"Colisao frontal";"Com Vitimas Feridas";"Plena Noite";"Decrescente";"Chuva";"Dupla";"Reta";"Nao";297689;"Automóvel";"FIAT/PALIO YOUNG";2001;"Condutor";"Lesoes Leves";53;"Masculino";0;1;0;0;"-19.8912";"-44.8363";"SR-MG";"DEL4/8";"UOP03/MG"