"id";"pesid";"data_inversa";"dia_semana";"horario";"uf";"br";"km";"municipio";"causa_principal";"causa_acidente";"ordem_tipo_acidente";"tipo_acidente";"classificacao_acidente";"fase_dia";"sentido_via";"condicao_metereologica";"tipo_pista";"tracado_via";"uso_solo";"id_veiculo";"tipo_veiculo";"marca";"ano_fabricacao_veiculo";"tipo_envolvido";"estado_fisico";"idade";"sexo";"ilesos";"feridos_leves";"feridos_graves";"mortos";"latitude";"longitude";"regional";"delegacia";"uop"
167955;370411;2018-10-27;"sabado";"05:10:00";"MG";50;183,8;"UBERABA";"Sim";"Ingestao de alcool";1;"Colisao traseira";"Com Vitimas Feridas";"Amanhecer";"Decrescente";"Ceu Claro";"Dupla";"Reta";"Sim";298546;"Automóvel";"GM/CELTA 5 PORTAS";2002;"Passageiro";"Lesoes Leves";27;"Feminino";0;1;0;0;"-19.8081";"-47.9017";"SR-MG";"DEL4/15";"UOP01/MG"
167955;370417;2018-10-27;"sabado";"05:10:00";"MG";50;183,8;"UBERABA";"Sim";"Ingestao de alcool";1;"Colisao traseira";"Com Vitimas Feridas";"Amanhecer";"Decrescente";"Ceu Claro";"Dupla";"Reta";"Sim";298546;"Automóvel";"GM/CELTA 5 PORTAS";2002;"Passageiro";"Lesoes Leves";7;"Feminino";0;1;0;0;"-19.8081";"-47.9017";"SR-MG";"DEL4/15";"UOP01/MG"
167955;370409;2018-10-27;"sabado";"05:10:00";"MG";50;183,8;"UBERABA";"Sim";"Ingestao de alcool";1;"Colisao traseira";"Com Vitimas Feridas";"Amanhecer";"Decrescente";"Ceu Claro";"Dupla";"Reta";"Sim";298546;"Automóvel";"GM/CELTA 5 PORTAS";2002;"Condutor";"Lesoes Leves";33;"Masculino";0;1;0;0;"-19.8081";"-47.9017";"SR-MG";"DEL4/15";"UOP01/MG"
167955;370416;2018-10-27;"sabado";"05:10:00";"MG";50;183,8;"UBERABA";"Sim";"Ingestao de alcool";1;"Colisao traseira";"Com Vitimas Feridas";"Amanhecer";"Decrescente";"Ceu Claro";"Dupla";"Reta";"Sim";298546;"Automóvel";"GM/CELTA 5 PORTAS";2002;"Passageiro";"Lesoes Leves";10;"Masculino";0;1;0;0;"-19.8081";"-47.9017";"SR-MG";"DEL4/15";"UOP01/MG"
167971;369026;2018-10-27;"sabado";"04:30:00";"PR";476;327;"PAULO FRONTIN";"Sim";"Ingestao de alcool";1;"Colisao com objeto estatico";"Com Vitimas Feridas";"Plena Noite";"Decrescente";"Chuva";"Simples";"Reta";"Nao";298560;"Automóvel";"GM/ASTRA HB 2P ADVANTAGE";2004;"Condutor";"Lesoes Leves";23;"Masculino";0;1;0;0;"-26.095057";"-50.789616";"SR-PR";"DEL7/2";"UOP02/PR"
167971;369042;2018-10-27;"sabado";"04:30:00";"PR";476;327;"PAULO FRONTIN";"Sim";"Ingestao de alcool";1;"Colisao com objeto estatico";"Com Vitimas Feridas";"Plena Noite";"Decrescente";"Chuva";"Simples";"Reta";"Nao";298561;"Caminhao-trator";"SCANIA/R124 GA4X2NZ 420";2005;"Condutor";"Ileso";47;"Masculino";1;0;0;0;"-26.095057";"-50.789616";"SR-PR";"DEL7/2";"UOP02/PR"
167971;369031;2018-10-27;"sabado";"04:30:00";"PR";476;327;"PAULO FRONTIN";"Sim";"Ingestao de alcool";1;"Colisao com objeto estatico";"Com Vitimas Feridas";"Plena Noite";"Decrescente";"Chuva";"Simples";"Reta";"Nao";298560;"Automóvel";"GM/ASTRA HB 2P ADVANTAGE";2004;"Passageiro";"Lesoes Graves";18;"Feminino";0;0;1;0;"-26.095057";"-50.789616";"SR-PR";"DEL7/2";"UOP02/PR"
167971;369033;2018-10-27;"sabado";"04:30:00";"PR";476;327;"PAULO FRONTIN";"Sim";"Ingestao de alcool";1;"Colisao com objeto estatico";"Com Vitimas Feridas";"Plena Noite";"Decrescente";"Chuva";"Simples";"Reta";"Nao";298560;"Automóvel";"GM/ASTRA HB 2P ADVANTAGE";2004;"Passageiro";"Lesoes Graves";21;"Feminino";0;0;1;0;"-26.095057";"-50.789616";"SR-PR";"DEL7/2";"UOP02/PR"
168000;368360;2018-10-27;"sabado";"10:45:00";"GO";60;58;"ABADIANIA";"Sim";"Ingestao de alcool";1;"Queda de ocupante de veiculo";"Com Vitimas Feridas";"Pleno dia";"Crescente";"Ceu Claro";"Dupla";"Reta";"Nao";298635;"Motocicleta";"HONDA/CG 150 TITAN KS";2008;"Condutor";"Lesoes Leves";37;"Masculino";0;1;0;0;"-16.18574426";"-48.68789256";"SR-GO";"DEL1/2";"UOP01/GO"
168014;368448;2018-10-27;"sabado";"13:20:00";"GO";20;181;"SIMOLANDIA";"Nao";"Ingestao de alcool";1;"Colisao transversal";"Com Vitimas Feridas";"Pleno dia";"Crescente";"Chuva";"Simples";"Reta";"Sim";298644;"Caminhao-trator";"VOLVO/FH 440 6X2T";2011;"Condutor";"Ileso";35;"Masculino";1;0;0;0;"-14.470801";"-46.486183";"SR-DF";"GO";"UOP05/DF"
168014;368454;2018-10-27;"sabado";"13:20:00";"GO";20;181;"SIMOLANDIA";"Nao";"Ingestao de alcool";1;"Colisao transversal";"Com Vitimas Feridas";"Pleno dia";"Crescente";"Chuva";"Simples";"Reta";"Sim";298707;"Bicicleta";"";NA;"Condutor";"Lesoes Leves";74;"Masculino";0;1;0;0;"-14.470801";"-46.486183";"SR-DF";"GO";"UOP05/DF"
168027;368449;2018-10-27;"sabado";"14:50:00";"DF";70;9;"BRASILIA";"Sim";"Ingestao de alcool";2;"Colisao com objeto estatico";"Com Vitimas Feridas";"Pleno dia";"Crescente";"Ceu Claro";"Dupla";"Reta";"Sim";298671;"Automóvel";"FIAT/PALIO ED";1998;"Condutor";"Ileso";45;"Masculino";1;0;0;0;"-15.784615";"-48.132023";"SR-DF";"DF";"UOP06/DF"
168027;368458;2018-10-27;"sabado";"14:50:00";"DF";70;9;"BRASILIA";"Sim";"Ingestao de alcool";2;"Colisao com objeto estatico";"Com Vitimas Feridas";"Pleno dia";"Crescente";"Ceu Claro";"Dupla";"Reta";"Sim";298671;"Automóvel";"FIAT/PALIO ED";1998;"Passageiro";"Ileso";7;"Masculino";1;0;0;0;"-15.784615";"-48.132023";"SR-DF";"DF";"UOP06/DF"
168027;368459;2018-10-27;"sabado";"14:50:00";"DF";70;9;"BRASILIA";"Sim";"Ingestao de alcool";2;"Colisao com objeto estatico";"Com Vitimas Feridas";"Pleno dia";"Crescente";"Ceu Claro";"Dupla";"Reta";"Sim";298671;"Automóvel";"FIAT/PALIO ED";1998;"Passageiro";"Ileso";16;"Masculino";1;0;0;0;"-15.784615";"-48.132023";"SR-DF";"DF";"UOP06/DF"
168027;368469;2018-10-27;"sabado";"14:50:00";"DF";70;9;"BRASILIA";"Sim";"Ingestao de alcool";2;"Colisao com objeto estatico";"Com Vitimas Feridas";"Pleno dia";"Crescente";"Ceu Claro";"Dupla";"Reta";"Sim";298672;"Caminhonete";"I/HAFEI MINI PICK-UP L";2010;"Condutor";"Ileso";40;"Masculino";1;0;0;0;"-15.784615";"-48.132023";"SR-DF";"DF";"UOP06/DF"
168027;368450;2018-10-27;"sabado";"14:50:00";"DF";70;9;"BRASILIA";"Sim";"Ingestao de alcool";2;"Colisao com objeto estatico";"Com Vitimas Feridas";"Pleno dia";"Crescente";"Ceu Claro";"Dupla";"Reta";"Sim";298671;"Automóvel";"FIAT/PALIO ED";1998;"Passageiro";"Lesoes Leves";21;"Feminino";0;1;0;0;"-15.784615";"-48.132023";"SR-DF";"DF";"UOP06/DF"
168027;368451;2018-10-27;"sabado";"14:50:00";"DF";70;9;"BRASILIA";"Sim";"Ingestao de alcool";2;"Colisao com objeto estatico";"Com Vitimas Feridas";"Pleno dia";"Crescente";"Ceu Claro";"Dupla";"Reta";"Sim";298671;"Automóvel";"FIAT/PALIO ED";1998;"Passageiro";"Lesoes Leves";11;"Feminino";0;1;0;0;"-15.784615";"-48.132023";"SR-DF";"DF";"UOP06/DF"
168027;368455;2018-10-27;"sabado";"14:50:00";"DF";70;9;"BRASILIA";"Sim";"Ingestao de alcool";2;"Colisao com objeto estatico";"Com Vitimas Feridas";"Pleno dia";"Crescente";"Ceu Claro";"Dupla";"Reta";"Sim";298671;"Automóvel";"FIAT/PALIO ED";1998;"Passageiro";"Lesoes Leves";2;"Masculino";0;1;0;0;"-15.784615";"-48.132023";"SR-DF";"DF";"UOP06/DF"
168028;368518;2018-10-27;"sabado";"15:20:00";"RN";101;105,2;"PARNAMIRIM";"Sim";"Ingestao de alcool";1;"Colisao traseira";"Com Vitimas Feridas";"Pleno dia";"Decrescente";"Ceu Claro";"Dupla";"Reta";"Sim";298764;"Motocicleta";"YAMAHA/FAZER250 BLUEFLEX";2015;"Condutor";"Lesoes Graves";29;"Masculino";0;0;1;0;"-5.901648";"-35.259281";"SR-RN";"DEL15/1";"UOP01/RN"
168028;368522;2018-10-27;"sabado";"15:20:00";"RN";101;105,2;"PARNAMIRIM";"Sim";"Ingestao de alcool";1;"Colisao traseira";"Com Vitimas Feridas";"Pleno dia";"Decrescente";"Ceu Claro";"Dupla";"Reta";"Sim";298765;"Automóvel";"HYUNDAI/HB20 1.0M COMFOR";2017;"Testemunha";"Nao Informado";NA;"Nao Informado";0;0;0;0;"-5.901648";"-35.259281";"SR-RN";"DEL15/1";"UOP01/RN"
168028;368521;2018-10-27;"sabado";"15:20:00";"RN";101;105,2;"PARNAMIRIM";"Sim";"Ingestao de alcool";1;"Colisao traseira";"Com Vitimas Feridas";"Pleno dia";"Decrescente";"Ceu Claro";"Dupla";"Reta";"Sim";298765;"Automóvel";"HYUNDAI/HB20 1.0M COMFOR";2017;"Condutor";"Ileso";36;"Masculino";1;0;0;0;"-5.901648";"-35.259281";"SR-RN";"DEL15/1";"UOP01/RN"
168038;368464;2018-10-27;"sabado";"15:45:00";"RJ";116;302,2;"RESENDE";"Sim";"Ingestao de alcool";1;"Colisao com objeto estatico";"Sem Vitimas";"Pleno dia";"Decrescente";"Nublado";"Dupla";"Reta";"Sim";298663;"Automóvel";"I/VW SPACEFOX COMFORT";2008;"Condutor";"Ileso";46;"Masculino";1;0;0;0;"-22.4582586";"-44.4168795";"SR-RJ";"DEL5/7";"UOP03/RJ"
168038;368467;2018-10-27;"sabado";"15:45:00";"RJ";116;302,2;"RESENDE";"Sim";"Ingestao de alcool";1;"Colisao com objeto estatico";"Sem Vitimas";"Pleno dia";"Decrescente";"Nublado";"Dupla";"Reta";"Sim";298713;"Caminhao";"";NA;"Condutor";"Ileso";NA;"Ignorado";1;0;0;0;"-22.4582586";"-44.4168795";"SR-RJ";"DEL5/7";"UOP03/RJ"
168049;370379;2018-10-27;"sabado";"15:30:00";"RO";364;341,9;"JI-PARANA";"Sim";"Ingestao de alcool";1;"Atropelamento de Pedestre";"Com Vitimas Feridas";"Pleno dia";"Crescente";"Ceu Claro";"Multipla";"Reta";"Sim";300278;"Motocicleta";"";NA;"Condutor";"Nao Informado";NA;"Nao Informado";0;0;0;0;"-10.884837";"-61.935917";"SR-RO";"DEL21/2";"UOP01/RO"
168049;369978;2018-10-27;"sabado";"15:30:00";"RO";364;341,9;"JI-PARANA";"Sim";"Ingestao de alcool";1;"Atropelamento de Pedestre";"Com Vitimas Feridas";"Pleno dia";"Crescente";"Ceu Claro";"Multipla";"Reta";"Sim";300278;"Motocicleta";"";NA;"Pedestre";"Lesoes Leves";33;"Masculino";0;1;0;0;"-10.884837";"-61.935917";"SR-RO";"DEL21/2";"UOP01/RO"
168066;368709;2018-10-27;"sabado";"18:15:00";"PE";116;24,6;"SALGUEIRO";"Sim";"Ingestao de alcool";1;"Colisao frontal";"Sem Vitimas";"Plena Noite";"Decrescente";"Ceu Claro";"Simples";"Reta";"Sim";298744;"Ônibus";"M.BENZ/MPOLO SENIOR GVO";2000;"Condutor";"Ileso";56;"Masculino";1;0;0;0;"-8.05810474";"-39.13689282";"SR-PE";"DEL11/5";"UOP01/PE"
168066;368708;2018-10-27;"sabado";"18:15:00";"PE";116;24,6;"SALGUEIRO";"Sim";"Ingestao de alcool";1;"Colisao frontal";"Sem Vitimas";"Plena Noite";"Decrescente";"Ceu Claro";"Simples";"Reta";"Sim";298743;"Caminhonete";"GM/CHEVROLET D20 CUSTOM S";1991;"Condutor";"Ileso";41;"Masculino";1;0;0;0;"-8.05810474";"-39.13689282";"SR-PE";"DEL11/5";"UOP01/PE"
168070;370044;2018-10-27;"sabado";"18:30:00";"GO";40;12,6;"LUZIANIA";"Sim";"Ingestao de alcool";1;"Colisao traseira";"Sem Vitimas";"Anoitecer";"Crescente";"Ceu Claro";"Dupla";"Reta";"Sim";298775;"Caminhao-trator";"IVECO/STRALISHD 570S42TN";2007;"Condutor";"Ileso";40;"Masculino";1;0;0;0;"-16.145123";"-47.945382";"SR-DF";"GO";"UOP01/DF"
168070;370046;2018-10-27;"sabado";"18:30:00";"GO";40;12,6;"LUZIANIA";"Sim";"Ingestao de alcool";1;"Colisao traseira";"Sem Vitimas";"Anoitecer";"Crescente";"Ceu Claro";"Dupla";"Reta";"Sim";298776;"Camioneta";"FORD/ECOSPORT XLS 1.6L";2004;"Condutor";"Ileso";36;"Masculino";1;0;0;0;"-16.145123";"-47.945382";"SR-DF";"GO";"UOP01/DF"
168070;370051;2018-10-27;"sabado";"18:30:00";"GO";40;12,6;"LUZIANIA";"Sim";"Ingestao de alcool";1;"Colisao traseira";"Sem Vitimas";"Anoitecer";"Crescente";"Ceu Claro";"Dupla";"Reta";"Sim";298777;"Automóvel";"CHEVROLET/PRISMA 1.4L LT";2011;"Condutor";"Ileso";27;"Masculino";1;0;0;0;"-16.145123";"-47.945382";"SR-DF";"GO";"UOP01/DF"
168077;370205;2018-10-27;"sabado";"15:05:00";"MG";262;43,3;"MANHUACU";"Sim";"Ingestao de alcool";1;"Capotamento";"Com Vitimas Feridas";"Pleno dia";"Crescente";"Nublado";"Simples";"Curva";"Nao";298717;"Automóvel";"VW/GOL 1.0 GIV";2013;"Condutor";"Lesoes Graves";37;"Masculino";0;0;1;0;"-20.264055";"-42.078053";"SR-MG";"DEL4/6";"UOP04/MG"
168077;370206;2018-10-27;"sabado";"15:05:00";"MG";262;43,3;"MANHUACU";"Sim";"Ingestao de alcool";1;"Capotamento";"Com Vitimas Feridas";"Pleno dia";"Crescente";"Nublado";"Simples";"Curva";"Nao";298717;"Automóvel";"VW/GOL 1.0 GIV";2013;"Passageiro";"Lesoes Leves";23;"Masculino";0;1;0;0;"-20.264055";"-42.078053";"SR-MG";"DEL4/6";"UOP04/MG"
168086;368514;2018-10-27;"sabado";"19:40:00";"RJ";101;301;"SAO GONCALO";"Sim";"Ingestao de alcool";1;"Colisao transversal";"Com Vitimas Feridas";"Plena Noite";"Crescente";"Nublado";"Dupla";"Reta";"Nao";298739;"Automóvel";"GM/ASTRA MILENIUM";2001;"Condutor";"Ileso";63;"Masculino";1;0;0;0;"-22.778576";"-42.957455";"SR-RJ";"DEL5/2";"UOP02/RJ"
168086;368520;2018-10-27;"sabado";"19:40:00";"RJ";101;301;"SAO GONCALO";"Sim";"Ingestao de alcool";1;"Colisao transversal";"Com Vitimas Feridas";"Plena Noite";"Crescente";"Nublado";"Dupla";"Reta";"Nao";298739;"Automóvel";"GM/ASTRA MILENIUM";2001;"Passageiro";"Ileso";35;"Masculino";1;0;0;0;"-22.778576";"-42.957455";"SR-RJ";"DEL5/2";"UOP02/RJ"
168086;368519;2018-10-27;"sabado";"19:40:00";"RJ";101;301;"SAO GONCALO";"Sim";"Ingestao de alcool";1;"Colisao transversal";"Com Vitimas Feridas";"Plena Noite";"Crescente";"Nublado";"Dupla";"Reta";"Nao";299862;"Bicicleta";"";NA;"Testemunha";"Nao Informado";NA;"Nao Informado";0;0;0;0;"-22.778576";"-42.957455";"SR-RJ";"DEL5/2";"UOP02/RJ"
168086;369868;2018-10-27;"sabado";"19:40:00";"RJ";101;301;"SAO GONCALO";"Sim";"Ingestao de alcool";1;"Colisao transversal";"Com Vitimas Feridas";"Plena Noite";"Crescente";"Nublado";"Dupla";"Reta";"Nao";299862;"Bicicleta";"";NA;"Condutor";"Lesoes Graves";NA;"Masculino";0;0;1;0;"-22.778576";"-42.957455";"SR-RJ";"DEL5/2";"UOP02/RJ"
168093;369838;2018-10-27;"sabado";"20:25:00";"PR";116;107;"SAO JOSE DOS PINHAIS";"Sim";"Ingestao de alcool";1;"Colisao lateral";"Com Vitimas Feridas";"Plena Noite";"Decrescente";"Nublado";"Dupla";"Reta";"Nao";298812;"Caminhao-trator";"VOLVO/FH 460 6X2T";2012;"Condutor";"Ileso";45;"Masculino";1;0;0;0;"-25.569897";"-49.187782";"SR-PR";"DEL7/1";"UOP01/PR"
168093;369120;2018-10-27;"sabado";"20:25:00";"PR";116;107;"SAO JOSE DOS PINHAIS";"Sim";"Ingestao de alcool";1;"Colisao lateral";"Com Vitimas Feridas";"Plena Noite";"Decrescente";"Nublado";"Dupla";"Reta";"Nao";298811;"Automóvel";"GM/KADETT GL";1995;"Condutor";"Lesoes Graves";29;"Masculino";0;0;1;0;"-25.569897";"-49.187782";"SR-PR";"DEL7/1";"UOP01/PR"
168097;370269;2018-10-27;"sabado";"20:40:00";"SC";101;358,5;"SANGAO";"Sim";"Ingestao de alcool e/ou substâncias psicoativas pelo pedestre";1;"Tombamento";"Com Vitimas Feridas";"Plena Noite";"Decrescente";"Chuva";"Dupla";"Reta";"Nao";298752;"Motoneta";"HONDA/C100 BIZ ES";2004;"Condutor";"Lesoes Leves";56;"Masculino";0;1;0;0;"-28.6417065";"-49.09972966";"SR-SC";"DEL8/2";"UOP01/SC"
168101;369865;2018-10-27;"sabado";"22:00:00";"GO";414;439,1;"ANAPOLIS";"Sim";"Ingestao de alcool";1;"Colisao lateral";"Sem Vitimas";"Plena Noite";"Crescente";"Chuva";"Simples";"Reta";"Sim";298841;"Automóvel";"GM/CELTA 5 PORTAS";2002;"Passageiro";"Ileso";18;"Feminino";1;0;0;0;"-16.28075777";"-48.94238591";"SR-GO";"DEL1/2";"UOP01/GO"
168101;369867;2018-10-27;"sabado";"22:00:00";"GO";414;439,1;"ANAPOLIS";"Sim";"Ingestao de alcool";1;"Colisao lateral";"Sem Vitimas";"Plena Noite";"Crescente";"Chuva";"Simples";"Reta";"Sim";298841;"Automóvel";"GM/CELTA 5 PORTAS";2002;"Passageiro";"Ileso";22;"Feminino";1;0;0;0;"-16.28075777";"-48.94238591";"SR-GO";"DEL1/2";"UOP01/GO"
168101;369870;2018-10-27;"sabado";"22:00:00";"GO";414;439,1;"ANAPOLIS";"Sim";"Ingestao de alcool";1;"Colisao lateral";"Sem Vitimas";"Plena Noite";"Crescente";"Chuva";"Simples";"Reta";"Sim";298841;"Automóvel";"GM/CELTA 5 PORTAS";2002;"Passageiro";"Ileso";18;"Feminino";1;0;0;0;"-16.28075777";"-48.94238591";"SR-GO";"DEL1/2";"UOP01/GO"
168101;369857;2018-10-27;"sabado";"22:00:00";"GO";414;439,1;"ANAPOLIS";"Sim";"Ingestao de alcool";1;"Colisao lateral";"Sem Vitimas";"Plena Noite";"Crescente";"Chuva";"Simples";"Reta";"Sim";298840;"Automóvel";"RENAULT/KWID INTENS 10MT";2018;"Condutor";"Ileso";56;"Masculino";1;0;0;0;"-16.28075777";"-48.94238591";"SR-GO";"DEL1/2";"UOP01/GO"
168101;369860;2018-10-27;"sabado";"22:00:00";"GO";414;439,1;"ANAPOLIS";"Sim";"Ingestao de alcool";1;"Colisao lateral";"Sem Vitimas";"Plena Noite";"Crescente";"Chuva";"Simples";"Reta";"Sim";298840;"Automóvel";"RENAULT/KWID INTENS 10MT";2018;"Passageiro";"Ileso";67;"Feminino";1;0;0;0;"-16.28075777";"-48.94238591";"SR-GO";"DEL1/2";"UOP01/GO"
168101;369862;2018-10-27;"sabado";"22:00:00";"GO";414;439,1;"ANAPOLIS";"Sim";"Ingestao de alcool";1;"Colisao lateral";"Sem Vitimas";"Plena Noite";"Crescente";"Chuva";"Simples";"Reta";"Sim";298841;"Automóvel";"GM/CELTA 5 PORTAS";2002;"Condutor";"Ileso";22;"Masculino";1;0;0;0;"-16.28075777";"-48.94238591";"SR-GO";"DEL1/2";"UOP01/GO"
168104;368589;2018-10-27;"sabado";"20:00:00";"AC";364;136;"RIO BRANCO";"Sim";"Ingestao de alcool";1;"Colisao traseira";"Sem Vitimas";"Plena Noite";"Decrescente";"Ceu Claro";"Dupla";"Reta";"Sim";298854;"Automóvel";"FORD/KA FLEX";2009;"Condutor";"Ileso";47;"Masculino";1;0;0;0;"-9.977584";"-67.8489";"SR-AC";"UOP01/AC";""
168104;368590;2018-10-27;"sabado";"20:00:00";"AC";364;136;"RIO BRANCO";"Sim";"Ingestao de alcool";1;"Colisao traseira";"Sem Vitimas";"Plena Noite";"Decrescente";"Ceu Claro";"Dupla";"Reta";"Sim";298855;"Automóvel";"HONDA/CIVIC LXS";2012;"Condutor";"Ileso";27;"Masculino";1;0;0;0;"-9.977584";"-67.8489";"SR-AC";"UOP01/AC";""
168108;368764;2018-10-27;"sabado";"22:00:00";"PR";277;671;"MEDIANEIRA";"Sim";"Ingestao de alcool";1;"Colisao traseira";"Com Vitimas Feridas";"Plena Noite";"Decrescente";"Nublado";"Dupla";"Reta";"Sim";298979;"Automóvel";"I/PEUGEOT 3008 GRIFFE AT";2017;"Condutor";"Ileso";36;"Feminino";1;0;0;0;"-25.284861";"-54.087521";"SR-PR";"DEL7/5";"UOP02/PR"
168108;368767;2018-10-27;"sabado";"22:00:00";"PR";277;671;"MEDIANEIRA";"Sim";"Ingestao de alcool";1;"Colisao traseira";"Com Vitimas Feridas";"Plena Noite";"Decrescente";"Nublado";"Dupla";"Reta";"Sim";298980;"Caminhonete";"FIAT/DOBLO CARGO FLEX";2013;"Condutor";"Lesoes Leves";43;"Masculino";0;1;0;0;"-25.284861";"-54.087521";"SR-PR";"DEL7/5";"UOP02/PR"
168109;369962;2018-10-27;"sabado";"22:20:00";"PR";369;57;"BANDEIRANTES";"Nao";"Ingestao de alcool";1;"Colisao transversal";"Com Vitimas Feridas";"Plena Noite";"Decrescente";"Ceu Claro";"Simples";"Curva";"Sim";298836;"Caminhao";"M.BENZ/L 2213";1978;"Condutor";"Ileso";41;"Masculino";1;0;0;0;"-23.11643366";"-50.37388086";"SR-PR";"DEL7/7";"UOP06/PR"
168109;369965;2018-10-27;"sabado";"22:20:00";"PR";369;57;"BANDEIRANTES";"Nao";"Ingestao de alcool";1;"Colisao transversal";"Com Vitimas Feridas";"Plena Noite";"Decrescente";"Ceu Claro";"Simples";"Curva";"Sim";298837;"Motocicleta";"HONDA/CG 150 TITAN ES";2008;"Condutor";"Lesoes Graves";20;"Masculino";0;0;1;0;"-23.11643366";"-50.37388086";"SR-PR";"DEL7/7";"UOP06/PR"
168111;368594;2018-10-27;"sabado";"19:45:00";"RO";364;343;"JI-PARANA";"Sim";"Ingestao de alcool";1;"Colisao traseira";"Com Vitimas Feridas";"Plena Noite";"Crescente";"Nublado";"Multipla";"Reta";"Sim";298851;"Motocicleta";"YAMAHA/YBR 125K";2008;"Condutor";"Lesoes Leves";54;"Masculino";0;1;0;0;"-10.878848";"-61.944893";"SR-RO";"DEL21/2";"UOP01/RO"
168111;368597;2018-10-27;"sabado";"19:45:00";"RO";364;343;"JI-PARANA";"Sim";"Ingestao de alcool";1;"Colisao traseira";"Com Vitimas Feridas";"Plena Noite";"Crescente";"Nublado";"Multipla";"Reta";"Sim";298859;"Automóvel";"HONDA/HR-V EX CVT";2017;"Condutor";"Ileso";30;"Masculino";1;0;0;0;"-10.878848";"-61.944893";"SR-RO";"DEL21/2";"UOP01/RO"
168114;368542;2018-10-27;"sabado";"22:30:00";"SC";470;26,6;"ILHOTA";"Sim";"Ingestao de alcool";1;"Colisao transversal";"Sem Vitimas";"Plena Noite";"Decrescente";"Ceu Claro";"Simples";"Reta";"Nao";298788;"Automóvel";"RENAULT/SANDERO PRI 16";2010;"Condutor";"Ileso";29;"Masculino";1;0;0;0;"-26.89040654";"-48.88308227";"SR-SC";"DEL8/4";"UOP04/SC"
168114;368545;2018-10-27;"sabado";"22:30:00";"SC";470;26,6;"ILHOTA";"Sim";"Ingestao de alcool";1;"Colisao transversal";"Sem Vitimas";"Plena Noite";"Decrescente";"Ceu Claro";"Simples";"Reta";"Nao";298789;"Automóvel";"RENAULT/SANDERO AUT1016V";2009;"Condutor";"Ileso";41;"Masculino";1;0;0;0;"-26.89040654";"-48.88308227";"SR-SC";"DEL8/4";"UOP04/SC"
168126;370772;2018-10-28;"domingo";"05:10:00";"SC";280;125,5;"RIO NEGRINHO";"Sim";"Ingestao de alcool";1;"Saida de leito carrocavel";"Com Vitimas Feridas";"Amanhecer";"Decrescente";"Ceu Claro";"Simples";"Nao Informado";"Sim";298786;"Automóvel";"VW/GOL 1.0";2007;"Condutor";"Lesoes Leves";36;"Masculino";0;1;0;0;"-26.237638";"-49.484337";"SR-SC";"DEL8/6";"UOP03/SC"
168127;368553;2018-10-27;"sabado";"23:15:00";"ES";101;268,2;"SERRA";"Sim";"Ingestao de alcool";1;"Atropelamento de Pedestre";"Com Vitimas Feridas";"Plena Noite";"Crescente";"Chuva";"Dupla";"Reta";"Sim";298797;"Automóvel";"I/CHEVROLET CLASSIC LS";2014;"Pedestre";"Lesoes Leves";30;"Masculino";0;1;0;0;"-20.19976201";"-40.26903927";"SR-ES";"DEL12/2";"UOP01/ES"
168127;368554;2018-10-27;"sabado";"23:15:00";"ES";101;268,2;"SERRA";"Sim";"Ingestao de alcool";1;"Atropelamento de Pedestre";"Com Vitimas Feridas";"Plena Noite";"Crescente";"Chuva";"Dupla";"Reta";"Sim";298797;"Automóvel";"I/CHEVROLET CLASSIC LS";2014;"Condutor";"Ileso";32;"Masculino";1;0;0;0;"-20.19976201";"-40.26903927";"SR-ES";"DEL12/2";"UOP01/ES"
168129;369184;2018-10-28;"domingo";"05:00:00";"RS";290;583;"ALEGRETE";"Nao";"Ingestao de alcool";1;"Danos eventuais";"Sem Vitimas";"Amanhecer";"Crescente";"Ceu Claro";"Simples";"Rotatória";"Sim";298793;"Camioneta";"GM/BLAZER ADVANTAGE";2004;"Condutor";"Ileso";39;"Masculino";1;0;0;0;"-29.813101";"-55.806679";"SR-RS";"DEL9/13";"UOP02/RS"
168129;369187;2018-10-28;"domingo";"05:00:00";"RS";290;583;"ALEGRETE";"Nao";"Ingestao de alcool";1;"Danos eventuais";"Sem Vitimas";"Amanhecer";"Crescente";"Ceu Claro";"Simples";"Rotatória";"Sim";298793;"Camioneta";"GM/BLAZER ADVANTAGE";2004;"Passageiro";"Ileso";40;"Feminino";1;0;0;0;"-29.813101";"-55.806679";"SR-RS";"DEL9/13";"UOP02/RS"
168130;369852;2018-10-28;"domingo";"00:20:00";"ES";101;263;"SERRA";"Sim";"Ingestao de alcool";1;"Colisao transversal";"Sem Vitimas";"Plena Noite";"Decrescente";"Chuva";"Dupla";"Intersecao de vias";"Sim";298810;"Automóvel";"GM/CORSA SEDAN MAXX";2005;"Condutor";"Ileso";22;"Feminino";1;0;0;0;"-20.17569535";"-40.26615858";"SR-ES";"DEL12/2";"UOP01/ES"
168130;369851;2018-10-28;"domingo";"00:20:00";"ES";101;263;"SERRA";"Sim";"Ingestao de alcool";1;"Colisao transversal";"Sem Vitimas";"Plena Noite";"Decrescente";"Chuva";"Dupla";"Intersecao de vias";"Sim";298809;"Automóvel";"FORD/FIESTA GL";2001;"Condutor";"Ileso";36;"Masculino";1;0;0;0;"-20.17569535";"-40.26615858";"SR-ES";"DEL12/2";"UOP01/ES"