"id";"pesid";"data_inversa";"dia_semana";"horario";"uf";"br";"km";"municipio";"causa_principal";"causa_acidente";"ordem_tipo_acidente";"tipo_acidente";"classificacao_acidente";"fase_dia";"sentido_via";"condicao_metereologica";"tipo_pista";"tracado_via";"uso_solo";"id_veiculo";"tipo_veiculo";"marca";"ano_fabricacao_veiculo";"tipo_envolvido";"estado_fisico";"idade";"sexo";"ilesos";"feridos_leves";"feridos_graves";"mortos";"latitude";"longitude";"regional";"delegacia";"uop"
168133;370355;2018-10-27;"sabado";"23:00:00";"BA";101;282;"LAJE";"Sim";"Ingestao de alcool";1;"Colisao traseira";"Com Vitimas Feridas";"Plena Noite";"Decrescente";"Ceu Claro";"Simples";"Reta";"Nao";298799;"Automóvel";"I/VW FUSCA 2.0T";2012;"Condutor";"Ileso";33;"Masculino";1;0;0;0;"-13.13";"-39.293";"SR-BA";"DEL10/1";"UOP02/BA"
168133;370356;2018-10-27;"sabado";"23:00:00";"BA";101;282;"LAJE";"Sim";"Ingestao de alcool";1;"Colisao traseira";"Com Vitimas Feridas";"Plena Noite";"Decrescente";"Ceu Claro";"Simples";"Reta";"Nao";300259;"Automóvel";"FIAT/UNO MILLE EP";1996;"Condutor";"Lesoes Leves";63;"Masculino";0;1;0;0;"-13.13";"-39.293";"SR-BA";"DEL10/1";"UOP02/BA"
168138;369921;2018-10-28;"domingo";"05:06:00";"SP";116;100;"PINDAMONHANGABA";"Nao";"Ingestao de alcool";1;"Capotamento";"Com Vitimas Feridas";"Amanhecer";"Decrescente";"Ceu Claro";"Dupla";"Reta";"Nao";299893;"Automóvel";"FIAT/PUNTO HLX 1.8";2008;"Condutor";"Lesoes Leves";26;"Masculino";0;1;0;0;"-22.986555";"-45.472767";"SR-SP";"DEL6/6";"UOP01/SP"
168138;369925;2018-10-28;"domingo";"05:06:00";"SP";116;100;"PINDAMONHANGABA";"Nao";"Ingestao de alcool";1;"Capotamento";"Com Vitimas Feridas";"Amanhecer";"Decrescente";"Ceu Claro";"Dupla";"Reta";"Nao";299893;"Automóvel";"FIAT/PUNTO HLX 1.8";2008;"Passageiro";"Lesoes Leves";27;"Masculino";0;1;0;0;"-22.986555";"-45.472767";"SR-SP";"DEL6/6";"UOP01/SP"
168141;370415;2018-10-28;"domingo";"01:00:00";"PI";343;13,5;"PARNAIBA";"Sim";"Ingestao de alcool";1;"Colisao lateral";"Sem Vitimas";"Plena Noite";"Decrescente";"Ceu Claro";"Dupla";"Reta";"Sim";298814;"Motoneta";"HONDA/BIZ 100 ES";2015;"Condutor";"Ileso";25;"Masculino";1;0;0;0;"-2.919029";"-41.754124";"SR-PI";"DEL17/5";"UOP01/PI"
168141;370412;2018-10-28;"domingo";"01:00:00";"PI";343;13,5;"PARNAIBA";"Sim";"Ingestao de alcool";1;"Colisao lateral";"Sem Vitimas";"Plena Noite";"Decrescente";"Ceu Claro";"Dupla";"Reta";"Sim";298813;"Motocicleta";"HONDA/POP 110I";2016;"Condutor";"Ileso";23;"Masculino";1;0;0;0;"-2.919029";"-41.754124";"SR-PI";"DEL17/5";"UOP01/PI"
168145;368625;2018-10-28;"domingo";"03:15:00";"MT";163;839;"SINOP";"Sim";"Ingestao de alcool";1;"Queda de ocupante de veiculo";"Com Vitimas Feridas";"Plena Noite";"Decrescente";"Nublado";"Dupla";"Curva";"Sim";298847;"Motoneta";"HONDA/C100 BIZ";2004;"Condutor";"Lesoes Leves";35;"Masculino";0;1;0;0;"-11.82583965";"-55.48640728";"SR-MT";"DEL2/6";"UOP02/MT"
168150;376699;2018-10-28;"domingo";"07:05:00";"SC";470;53,4;"BLUMENAU";"Sim";"Ingestao de alcool";1;"Colisao traseira";"Sem Vitimas";"Pleno dia";"Decrescente";"Ceu Claro";"Simples";"Reta";"Sim";298850;"Automóvel";"FORD/FIESTA";2004;"Condutor";"Ileso";29;"Masculino";1;0;0;0;"-26.86899353";"-49.10509139";"SR-SC";"DEL8/4";"UOP01/SC"
168150;376698;2018-10-28;"domingo";"07:05:00";"SC";470;53,4;"BLUMENAU";"Sim";"Ingestao de alcool";1;"Colisao traseira";"Sem Vitimas";"Pleno dia";"Decrescente";"Ceu Claro";"Simples";"Reta";"Sim";298849;"Automóvel";"FIAT/BRAVO ESSENCE 1.8";2013;"Condutor";"Ileso";26;"Feminino";1;0;0;0;"-26.86899353";"-49.10509139";"SR-SC";"DEL8/4";"UOP01/SC"
168155;370194;2018-10-28;"domingo";"05:40:00";"PR";277;80;"CURITIBA";"Sim";"Ingestao de alcool";1;"Colisao com objeto estatico";"Sem Vitimas";"Pleno dia";"Decrescente";"Ceu Claro";"Dupla";"Curva";"Sim";300148;"Automóvel";"VW/FOX 1.6 GII";2011;"Condutor";"Nao Informado";NA;"Nao Informado";0;0;0;0;"-25.47659409";"-49.20501122";"SR-PR";"DEL7/1";"UOP01/PR"
168159;369875;2018-10-27;"sabado";"23:25:00";"MG";381;158;"GOVERNADOR VALADARES";"Sim";"Ingestao de alcool";1;"Tombamento";"Com Vitimas Feridas";"Plena Noite";"Decrescente";"Nublado";"Simples";"Reta";"Nao";299871;"Motocicleta";"HONDA/CG 150 FAN ESI";2010;"Condutor";"Lesoes Leves";23;"Masculino";0;1;0;0;"-18.871185";"-41.991498";"SR-MG";"DEL4/6";"UOP01/MG"
168160;369931;2018-10-27;"sabado";"23:30:00";"MG";381;506,6;"SAO JOAQUIM DE BICAS";"Sim";"Ingestao de alcool";1;"Saida de leito carrocavel";"Sem Vitimas";"Plena Noite";"Crescente";"Ceu Claro";"Dupla";"Retorno Regulamentado";"Sim";298862;"Automóvel";"FORD/FIESTA";1996;"Condutor";"Nao Informado";NA;"Nao Informado";0;0;0;0;"-20.0411";"-44.2619";"SR-MG";"DEL4/1";"UOP03/MG"
168161;370420;2018-10-28;"domingo";"05:00:00";"PR";376;163,3;"MARINGA";"Sim";"Ingestao de alcool";1;"Saida de leito carrocavel";"Com Vitimas Feridas";"Amanhecer";"Decrescente";"Ceu Claro";"Dupla";"Reta";"Nao";300228;"Automóvel";"PEUGEOT/207PASSION XR";2010;"Condutor";"Lesoes Leves";48;"Masculino";0;1;0;0;"-23.37858035";"-52.04172134";"SR-PR";"DEL7/7";"UOP04/PR"
168218;370358;2018-10-28;"domingo";"13:40:00";"CE";222;3,9;"CAUCAIA";"Sim";"Ingestao de alcool";1;"Colisao traseira";"Com Vitimas Feridas";"Pleno dia";"Crescente";"Ceu Claro";"Dupla";"Nao Informado";"Sim";299037;"Motocicleta";"HONDA/CG 125 TITAN ES";2000;"Condutor";"Lesoes Leves";65;"Masculino";0;1;0;0;"-3.7410752";"-38.60123695";"SR-CE";"DEL16/1";"UOP01/CE"
168218;370363;2018-10-28;"domingo";"13:40:00";"CE";222;3,9;"CAUCAIA";"Sim";"Ingestao de alcool";1;"Colisao traseira";"Com Vitimas Feridas";"Pleno dia";"Crescente";"Ceu Claro";"Dupla";"Nao Informado";"Sim";299038;"Bicicleta";"";NA;"Condutor";"Lesoes Leves";55;"Masculino";0;1;0;0;"-3.7410752";"-38.60123695";"SR-CE";"DEL16/1";"UOP01/CE"
168223;368812;2018-10-28;"domingo";"15:05:00";"SC";101;195;"BIGUACU";"Sim";"Ingestao de alcool";1;"Colisao traseira";"Sem Vitimas";"Pleno dia";"Crescente";"Ceu Claro";"Multipla";"Reta";"Sim";299020;"Automóvel";"I/HYUNDAI AZERA 3.3 V6";2010;"Condutor";"Ileso";50;"Masculino";1;0;0;0;"-27.511";"-48.643";"SR-SC";"DEL8/1";"UOP01/SC"
168223;368813;2018-10-28;"domingo";"15:05:00";"SC";101;195;"BIGUACU";"Sim";"Ingestao de alcool";1;"Colisao traseira";"Sem Vitimas";"Pleno dia";"Crescente";"Ceu Claro";"Multipla";"Reta";"Sim";299021;"Automóvel";"GM/CORSA GL";1995;"Condutor";"Ileso";59;"Masculino";1;0;0;0;"-27.511";"-48.643";"SR-SC";"DEL8/1";"UOP01/SC"
168253;368833;2018-10-28;"domingo";"18:10:00";"BA";116;426;"FEIRA DE SANTANA";"Sim";"Ingestao de alcool";1;"Tombamento";"Com Vitimas Feridas";"Plena Noite";"Decrescente";"Ceu Claro";"Multipla";"Reta";"Sim";299052;"Motocicleta";"HONDA/CB 300R";2015;"Condutor";"Lesoes Graves";59;"Masculino";0;0;1;0;"-12.26899418";"-38.98887992";"SR-BA";"DEL10/2";"UOP01/BA"
168259;369022;2018-10-28;"domingo";"18:40:00";"SP";153;69,5;"SAO JOSE DO RIO PRETO";"Sim";"Ingestao de alcool";1;"Saida de leito carrocavel";"Com Vitimas Feridas";"Anoitecer";"Decrescente";"Ceu Claro";"Simples";"Nao Informado";"Nao";299082;"Motocicleta";"YAMAHA/YBR125 FACTOR ED";2013;"Condutor";"Lesoes Leves";41;"Masculino";0;1;0;0;"-20.850731";"-49.392452";"SR-SP";"DEL6/9";"UOP01/SP"
168262;368921;2018-10-28;"domingo";"18:45:00";"PE";424;105,1;"GARANHUNS";"Sim";"Ingestao de alcool";1;"Colisao frontal";"Com Vitimas Fatais";"Plena Noite";"Decrescente";"Ceu Claro";"Simples";"Nao Informado";"Nao";299112;"Motocicleta";"HONDA/CBX 250 TWISTER";2004;"Condutor";"Óbito";30;"Masculino";0;0;0;1;"-8.98405";"-36.5097";"SR-PE";"DEL11/3";"UOP01/PE"
168262;369296;2018-10-28;"domingo";"18:45:00";"PE";424;105,1;"GARANHUNS";"Sim";"Ingestao de alcool";1;"Colisao frontal";"Com Vitimas Fatais";"Plena Noite";"Decrescente";"Ceu Claro";"Simples";"Nao Informado";"Nao";299415;"Automóvel";"VW/PARATI 1.6";2012;"Condutor";"Ileso";51;"Masculino";1;0;0;0;"-8.98405";"-36.5097";"SR-PE";"DEL11/3";"UOP01/PE"
168262;369289;2018-10-28;"domingo";"18:45:00";"PE";424;105,1;"GARANHUNS";"Sim";"Ingestao de alcool";1;"Colisao frontal";"Com Vitimas Fatais";"Plena Noite";"Decrescente";"Ceu Claro";"Simples";"Nao Informado";"Nao";299113;"Motocicleta";"HONDA/NXR150 BROS KS";2009;"Condutor";"Lesoes Graves";21;"Masculino";0;0;1;0;"-8.98405";"-36.5097";"SR-PE";"DEL11/3";"UOP01/PE"
168262;369293;2018-10-28;"domingo";"18:45:00";"PE";424;105,1;"GARANHUNS";"Sim";"Ingestao de alcool";1;"Colisao frontal";"Com Vitimas Fatais";"Plena Noite";"Decrescente";"Ceu Claro";"Simples";"Nao Informado";"Nao";299113;"Motocicleta";"HONDA/NXR150 BROS KS";2009;"Passageiro";"Lesoes Graves";22;"Feminino";0;0;1;0;"-8.98405";"-36.5097";"SR-PE";"DEL11/3";"UOP01/PE"
168265;372280;2018-10-28;"domingo";"18:50:00";"MG";381;494;"BETIM";"Sim";"Ingestao de alcool";1;"Colisao com objeto estatico";"Com Vitimas Feridas";"Plena Noite";"Decrescente";"Ceu Claro";"Dupla";"Reta";"Sim";299146;"Automóvel";"RENAULT/LOGAN EXP 1016V";2012;"Condutor";"Lesoes Leves";44;"Masculino";0;1;0;0;"-19.9731";"-44.1843";"SR-MG";"DEL4/1";"UOP03/MG"
168268;368817;2018-07-13;"sexta-feira";"05:50:00";"SC";101;205;"SAO JOSE";"Sim";"Ingestao de alcool";1;"Tombamento";"Com Vitimas Feridas";"Amanhecer";"Decrescente";"Ceu Claro";"Dupla";"Reta";"Sim";299041;"Motocicleta";"HONDA/XRE 300";2016;"Condutor";"Lesoes Graves";34;"Masculino";0;0;1;0;"-27.592";"-48.6181";"SR-SC";"DEL8/1";"UOP01/SC"
168271;370324;2018-10-28;"domingo";"19:40:00";"PR";376;173,5;"MARINGA";"Sim";"Ingestao de alcool";1;"Colisao traseira";"Com Vitimas Feridas";"Plena Noite";"Crescente";"Ceu Claro";"Dupla";"Desvio Temporario";"Sim";299237;"Automóvel";"GM/VECTRA GLS";1997;"Condutor";"Ileso";29;"Masculino";1;0;0;0;"-23.41902004";"-51.96423585";"SR-PR";"DEL7/7";"UOP04/PR"
168271;370338;2018-10-28;"domingo";"19:40:00";"PR";376;173,5;"MARINGA";"Sim";"Ingestao de alcool";1;"Colisao traseira";"Com Vitimas Feridas";"Plena Noite";"Crescente";"Ceu Claro";"Dupla";"Desvio Temporario";"Sim";299238;"Motocicleta";"HONDA/CG 125 TITAN";1998;"Condutor";"Lesoes Leves";56;"Masculino";0;1;0;0;"-23.41902004";"-51.96423585";"SR-PR";"DEL7/7";"UOP04/PR"
168271;370327;2018-10-28;"domingo";"19:40:00";"PR";376;173,5;"MARINGA";"Sim";"Ingestao de alcool";1;"Colisao traseira";"Com Vitimas Feridas";"Plena Noite";"Crescente";"Ceu Claro";"Dupla";"Desvio Temporario";"Sim";299237;"Automóvel";"GM/VECTRA GLS";1997;"Passageiro";"Lesoes Leves";18;"Feminino";0;1;0;0;"-23.41902004";"-51.96423585";"SR-PR";"DEL7/7";"UOP04/PR"
168277;369730;2018-10-28;"domingo";"17:30:00";"PR";280;286,1;"FLOR DA SERRA DO SUL";"Sim";"Ingestao de alcool";1;"Colisao traseira";"Com Vitimas Feridas";"Pleno dia";"Decrescente";"Ceu Claro";"Simples";"Reta";"Sim";299170;"Automóvel";"AUDI/A3 1.8";2004;"Condutor";"Ileso";36;"Masculino";1;0;0;0;"-26.250265";"-53.3354";"SR-PR";"DEL7/2";"UOP01/PR"
168277;369736;2018-10-28;"domingo";"17:30:00";"PR";280;286,1;"FLOR DA SERRA DO SUL";"Sim";"Ingestao de alcool";1;"Colisao traseira";"Com Vitimas Feridas";"Pleno dia";"Decrescente";"Ceu Claro";"Simples";"Reta";"Sim";299171;"Motocicleta";"HONDA/CG 150 TITAN KS";2007;"Condutor";"Lesoes Leves";22;"Masculino";0;1;0;0;"-26.250265";"-53.3354";"SR-PR";"DEL7/2";"UOP01/PR"
168286;368897;2018-10-28;"domingo";"21:20:00";"RN";101;99,2;"NATAL";"Sim";"Ingestao de alcool";1;"Colisao com objeto estatico";"Com Vitimas Feridas";"Plena Noite";"Crescente";"Ignorado";"Multipla";"Reta";"Sim";299094;"Motocicleta";"HONDA/CG 125 FAN KS";2013;"Condutor";"Lesoes Graves";61;"Masculino";0;0;1;0;"-5.87346546";"-35.22079468";"SR-RN";"DEL15/1";"UOP01/RN"
168288;370464;2018-10-28;"domingo";"21:45:00";"RJ";116;167;"RIO DE JANEIRO";"Sim";"Ingestao de alcool";1;"Colisao com objeto estatico";"Com Vitimas Feridas";"Plena Noite";"Decrescente";"Chuva";"Multipla";"Reta";"Sim";299180;"Automóvel";"PEUGEOT/207PASSION XR S";2009;"Condutor";"Lesoes Leves";44;"Masculino";0;1;0;0;"-22.79650856";"-43.3606714";"SR-RJ";"DEL5/1";"UOP02/RJ"
168288;370465;2018-10-28;"domingo";"21:45:00";"RJ";116;167;"RIO DE JANEIRO";"Sim";"Ingestao de alcool";1;"Colisao com objeto estatico";"Com Vitimas Feridas";"Plena Noite";"Decrescente";"Chuva";"Multipla";"Reta";"Sim";299180;"Automóvel";"PEUGEOT/207PASSION XR S";2009;"Passageiro";"Lesoes Leves";60;"Masculino";0;1;0;0;"-22.79650856";"-43.3606714";"SR-RJ";"DEL5/1";"UOP02/RJ"
168290;368869;2018-10-28;"domingo";"18:40:00";"SP";459;26,8;"LORENA";"Sim";"Ingestao de alcool";1;"Tombamento";"Com Vitimas Feridas";"Plena Noite";"Crescente";"Nublado";"Simples";"Ponte";"Nao";299072;"Bicicleta";"";NA;"Condutor";"Lesoes Leves";47;"Feminino";0;1;0;0;"-22.70040388";"-45.11950166";"SR-SP";"DEL6/8";"UOP03/SP"
168303;372103;2018-10-28;"domingo";"22:15:00";"TO";153;138,8;"ARAGUAINA";"Sim";"Ingestao de alcool";1;"Colisao transversal";"Com Vitimas Feridas";"Plena Noite";"Decrescente";"Ceu Claro";"Multipla";"Reta";"Sim";299261;"Caminhonete";"FIAT/STRADA FIRE";2004;"Condutor";"Ileso";44;"Masculino";1;0;0;0;"-7.162076";"-48.205676";"SR-TO";"UOP04/TO";""
168303;372096;2018-10-28;"domingo";"22:15:00";"TO";153;138,8;"ARAGUAINA";"Sim";"Ingestao de alcool";1;"Colisao transversal";"Com Vitimas Feridas";"Plena Noite";"Decrescente";"Ceu Claro";"Multipla";"Reta";"Sim";299260;"Motoneta";"HONDA/C100 BIZ MAIS";2005;"Condutor";"Lesoes Leves";37;"Feminino";0;1;0;0;"-7.162076";"-48.205676";"SR-TO";"UOP04/TO";""
168307;370407;2018-10-28;"domingo";"20:15:00";"MT";163;828;"SINOP";"Sim";"Ingestao de alcool";1;"Colisao traseira";"Com Vitimas Feridas";"Plena Noite";"Crescente";"Nublado";"Dupla";"Reta";"Sim";300281;"Caminhao";"M.BENZ/L 1313";1984;"Condutor";"Ileso";46;"Masculino";1;0;0;0;"-11.93575719";"-55.51475286";"SR-MT";"DEL2/6";"UOP01/MT"
168307;370404;2018-10-28;"domingo";"20:15:00";"MT";163;828;"SINOP";"Sim";"Ingestao de alcool";1;"Colisao traseira";"Com Vitimas Feridas";"Plena Noite";"Crescente";"Nublado";"Dupla";"Reta";"Sim";299224;"Motocicleta";"HONDA/CG 160 TITAN";2018;"Condutor";"Lesoes Graves";21;"Masculino";0;0;1;0;"-11.93575719";"-55.51475286";"SR-MT";"DEL2/6";"UOP01/MT"
168310;370401;2018-10-28;"domingo";"22:20:00";"RS";101;13,1;"DOM PEDRO DE ALCANTARA";"Nao";"Ingestao de alcool e/ou substâncias psicoativas pelo pedestre";1;"Atropelamento de Pedestre";"Com Vitimas Feridas";"Plena Noite";"Crescente";"Nublado";"Dupla";"Reta";"Sim";300282;"Automóvel";"I/FIAT CRONOS PREC AT";2018;"Testemunha";"Nao Informado";NA;"Nao Informado";0;0;0;0;"-29.39373726";"-49.84462166";"SR-RS";"DEL9/3";"UOP03/RS"
168310;370400;2018-10-28;"domingo";"22:20:00";"RS";101;13,1;"DOM PEDRO DE ALCANTARA";"Nao";"Ingestao de alcool e/ou substâncias psicoativas pelo pedestre";1;"Atropelamento de Pedestre";"Com Vitimas Feridas";"Plena Noite";"Crescente";"Nublado";"Dupla";"Reta";"Sim";300282;"Automóvel";"I/FIAT CRONOS PREC AT";2018;"Condutor";"Ileso";39;"Masculino";1;0;0;0;"-29.39373726";"-49.84462166";"SR-RS";"DEL9/3";"UOP03/RS"
168310;370408;2018-10-28;"domingo";"22:20:00";"RS";101;13,1;"DOM PEDRO DE ALCANTARA";"Nao";"Ingestao de alcool e/ou substâncias psicoativas pelo pedestre";1;"Atropelamento de Pedestre";"Com Vitimas Feridas";"Plena Noite";"Crescente";"Nublado";"Dupla";"Reta";"Sim";300282;"Automóvel";"I/FIAT CRONOS PREC AT";2018;"Pedestre";"Lesoes Graves";58;"Masculino";0;0;1;0;"-29.39373726";"-49.84462166";"SR-RS";"DEL9/3";"UOP03/RS"
168311;369040;2018-10-28;"domingo";"20:15:00";"MT";163;821;"SINOP";"Nao";"Ingestao de alcool";1;"Colisao transversal";"Com Vitimas Feridas";"Plena Noite";"Crescente";"Nublado";"Simples";"Reta";"Sim";299096;"Motocicleta";"YAMAHA/YBR150 FACTOR E";2018;"Condutor";"Lesoes Graves";19;"Masculino";0;0;1;0;"-11.97865454";"-55.51710248";"SR-MT";"DEL2/6";"UOP01/MT"
168311;368976;2018-10-28;"domingo";"20:15:00";"MT";163;821;"SINOP";"Nao";"Ingestao de alcool";1;"Colisao transversal";"Com Vitimas Feridas";"Plena Noite";"Crescente";"Nublado";"Simples";"Reta";"Sim";299095;"Caminhonete";"FIAT/STRADA FIRE";2003;"Condutor";"Ileso";30;"Masculino";1;0;0;0;"-11.97865454";"-55.51710248";"SR-MT";"DEL2/6";"UOP01/MT"
168312;369302;2018-10-28;"domingo";"23:00:00";"TO";153;144,2;"ARAGUAINA";"Nao";"Ingestao de alcool";1;"Colisao traseira";"Com Vitimas Feridas";"Plena Noite";"Crescente";"Nublado";"Simples";"Reta";"Sim";299239;"Motocicleta";"HONDA/CG 150 TITAN ESD";2014;"Condutor";"Lesoes Leves";24;"Masculino";0;1;0;0;"-7.19876655";"-48.23714733";"SR-TO";"UOP04/TO";""
168312;369307;2018-10-28;"domingo";"23:00:00";"TO";153;144,2;"ARAGUAINA";"Nao";"Ingestao de alcool";1;"Colisao traseira";"Com Vitimas Feridas";"Plena Noite";"Crescente";"Nublado";"Simples";"Reta";"Sim";299240;"Motocicleta";"HONDA/CG 160 FAN ESDI";2016;"Condutor";"Lesoes Leves";20;"Masculino";0;1;0;0;"-7.19876655";"-48.23714733";"SR-TO";"UOP04/TO";""
168312;369887;2018-10-28;"domingo";"23:00:00";"TO";153;144,2;"ARAGUAINA";"Nao";"Ingestao de alcool";1;"Colisao traseira";"Com Vitimas Feridas";"Plena Noite";"Crescente";"Nublado";"Simples";"Reta";"Sim";299239;"Motocicleta";"HONDA/CG 150 TITAN ESD";2014;"Passageiro";"Lesoes Leves";22;"Feminino";0;1;0;0;"-7.19876655";"-48.23714733";"SR-TO";"UOP04/TO";""
168320;372698;2018-10-28;"domingo";"20:50:00";"PB";230;22,3;"JOAO PESSOA";"Sim";"Ingestao de alcool";1;"Colisao traseira";"Com Vitimas Feridas";"Plena Noite";"Crescente";"Ceu Claro";"Dupla";"Reta";"Sim";302048;"Motocicleta";"HONDA/CG 125 FAN KS";2014;"Passageiro";"Lesoes Graves";34;"Feminino";0;0;1;0;"-7.15557878";"-34.85698046";"SR-PB";"DEL14/1";"UOP01/PB"
168320;372696;2018-10-28;"domingo";"20:50:00";"PB";230;22,3;"JOAO PESSOA";"Sim";"Ingestao de alcool";1;"Colisao traseira";"Com Vitimas Feridas";"Plena Noite";"Crescente";"Ceu Claro";"Dupla";"Reta";"Sim";302046;"Automóvel";"FIAT/PALIO WEEKEND ELX";2001;"Condutor";"Lesoes Leves";40;"Masculino";0;1;0;0;"-7.15557878";"-34.85698046";"SR-PB";"DEL14/1";"UOP01/PB"
168320;374494;2018-10-28;"domingo";"20:50:00";"PB";230;22,3;"JOAO PESSOA";"Sim";"Ingestao de alcool";1;"Colisao traseira";"Com Vitimas Feridas";"Plena Noite";"Crescente";"Ceu Claro";"Dupla";"Reta";"Sim";302048;"Motocicleta";"HONDA/CG 125 FAN KS";2014;"Condutor";"Lesoes Leves";42;"Masculino";0;1;0;0;"-7.15557878";"-34.85698046";"SR-PB";"DEL14/1";"UOP01/PB"
168331;368939;2018-10-29;"segunda-feira";"00:50:00";"SC";101;359;"SANGAO";"Sim";"Ingestao de alcool";1;"Saida de leito carrocavel";"Com Vitimas Feridas";"Plena Noite";"Crescente";"Nublado";"Multipla";"Intersecao de vias";"Nao";299137;"Automóvel";"HYUNDAI/HB20 1.0M 1.0 M";2013;"Condutor";"Lesoes Leves";24;"Feminino";0;1;0;0;"-28.6532";"-49.1067";"SR-SC";"DEL8/2";"UOP01/SC"
168334;370233;2018-10-28;"domingo";"21:45:00";"GO";153;492;"GOIANIA";"Nao";"Ingestao de alcool";1;"Colisao lateral";"Sem Vitimas";"Plena Noite";"Decrescente";"Ceu Claro";"Dupla";"Desvio Temporario";"Sim";299128;"Automóvel";"I/HONDA ACCORD EX V6";2017;"Condutor";"Ileso";34;"Masculino";1;0;0;0;"-16.62999309";"-49.20548379";"SR-GO";"DEL1/1";"UOP01/GO"
168334;370235;2018-10-28;"domingo";"21:45:00";"GO";153;492;"GOIANIA";"Nao";"Ingestao de alcool";1;"Colisao lateral";"Sem Vitimas";"Plena Noite";"Decrescente";"Ceu Claro";"Dupla";"Desvio Temporario";"Sim";299129;"Caminhonete";"VW/SAVEIRO 1.6 CE";2013;"Condutor";"Ileso";25;"Feminino";1;0;0;0;"-16.62999309";"-49.20548379";"SR-GO";"DEL1/1";"UOP01/GO"
168336;371124;2018-10-29;"segunda-feira";"02:10:00";"SC";101;213,3;"PALHOCA";"Nao";"Ingestao de alcool";1;"Colisao transversal";"Com Vitimas Feridas";"Plena Noite";"Decrescente";"Nublado";"Simples";"Intersecao de vias";"Sim";299131;"Automóvel";"VW/GOL 1.0";2001;"Condutor";"Ileso";20;"Masculino";1;0;0;0;"-27.6446";"-48.6705";"SR-SC";"DEL8/1";"UOP02/SC"
168336;371128;2018-10-29;"segunda-feira";"02:10:00";"SC";101;213,3;"PALHOCA";"Nao";"Ingestao de alcool";1;"Colisao transversal";"Com Vitimas Feridas";"Plena Noite";"Decrescente";"Nublado";"Simples";"Intersecao de vias";"Sim";299132;"Motocicleta";"HONDA/NXR 160 BROS";2016;"Condutor";"Lesoes Leves";27;"Masculino";0;1;0;0;"-27.6446";"-48.6705";"SR-SC";"DEL8/1";"UOP02/SC"
168351;368968;2018-10-28;"domingo";"20:10:00";"GO";153;440;"ANAPOLIS";"Sim";"Ingestao de alcool";1;"Colisao com objeto estatico";"Sem Vitimas";"Plena Noite";"Crescente";"Ceu Claro";"Dupla";"Reta";"Nao";299175;"Automóvel";"GM/CORSA WIND";1998;"Condutor";"Ileso";21;"Masculino";1;0;0;0;"-16.306765";"-48.923847";"SR-GO";"DEL1/2";"UOP01/GO"
168372;370729;2018-10-29;"segunda-feira";"07:06:00";"RJ";393;204;"VASSOURAS";"Sim";"Ingestao de alcool";1;"Saida de leito carrocavel";"Sem Vitimas";"Pleno dia";"Decrescente";"Nublado";"Simples";"Reta";"Nao";300552;"Caminhao";"M.BENZ/ATEGO 2425";2011;"Condutor";"Ileso";38;"Masculino";1;0;0;0;"-22.25323478";"-43.43936205";"SR-RJ";"DEL5/5";"UOP01/RJ"
168441;369275;2018-10-29;"segunda-feira";"16:30:00";"RS";285;406,7;"PANAMBI";"Sim";"Ingestao de alcool";1;"Saida de leito carrocavel";"Com Vitimas Feridas";"Pleno dia";"Decrescente";"Ceu Claro";"Simples";"Reta";"Nao";299399;"Automóvel";"GM/VECTRA CD";1997;"Condutor";"Lesoes Leves";43;"Masculino";0;1;0;0;"-28.369371";"-53.411942";"SR-RS";"DEL9/10";"UOP01/RS"
168466;371021;2018-10-29;"segunda-feira";"16:15:00";"MS";163;256,5;"DOURADOS";"Sim";"Ingestao de alcool";1;"Colisao com objeto estatico";"Com Vitimas Feridas";"Pleno dia";"Decrescente";"Sol";"Dupla";"Reta";"Sim";300775;"Automóvel";"FORD/FIESTA FLEX";2008;"Condutor";"Lesoes Leves";43;"Masculino";0;1;0;0;"-22.25892937";"-54.79254931";"SR-MS";"DEL3/4";"UOP01/MS"
168479;369300;2018-10-29;"segunda-feira";"20:40:00";"SC";101;112,8;"ITAJAI";"Sim";"Ingestao de alcool e/ou substâncias psicoativas pelo pedestre";1;"Atropelamento de Pedestre";"Com Vitimas Feridas";"Plena Noite";"Decrescente";"Nublado";"Multipla";"Reta";"Nao";299420;"Automóvel";"VW/GOL 1.6 POWER";2004;"Condutor";"Ileso";35;"Masculino";1;0;0;0;"-26.8533";"-48.7265";"SR-SC";"DEL8/4";"UOP04/SC"
168479;369303;2018-10-29;"segunda-feira";"20:40:00";"SC";101;112,8;"ITAJAI";"Sim";"Ingestao de alcool e/ou substâncias psicoativas pelo pedestre";1;"Atropelamento de Pedestre";"Com Vitimas Feridas";"Plena Noite";"Decrescente";"Nublado";"Multipla";"Reta";"Nao";299420;"Automóvel";"VW/GOL 1.6 POWER";2004;"Passageiro";"Ileso";47;"Masculino";1;0;0;0;"-26.8533";"-48.7265";"SR-SC";"DEL8/4";"UOP04/SC"
168479;369305;2018-10-29;"segunda-feira";"20:40:00";"SC";101;112,8;"ITAJAI";"Sim";"Ingestao de alcool e/ou substâncias psicoativas pelo pedestre";1;"Atropelamento de Pedestre";"Com Vitimas Feridas";"Plena Noite";"Decrescente";"Nublado";"Multipla";"Reta";"Nao";299420;"Automóvel";"VW/GOL 1.6 POWER";2004;"Testemunha";"Nao Informado";NA;"Nao Informado";0;0;0;0;"-26.8533";"-48.7265";"SR-SC";"DEL8/4";"UOP04/SC"