"id";"pesid";"data_inversa";"dia_semana";"horario";"uf";"br";"km";"municipio";"causa_principal";"causa_acidente";"ordem_tipo_acidente";"tipo_acidente";"classificacao_acidente";"fase_dia";"sentido_via";"condicao_metereologica";"tipo_pista";"tracado_via";"uso_solo";"id_veiculo";"tipo_veiculo";"marca";"ano_fabricacao_veiculo";"tipo_envolvido";"estado_fisico";"idade";"sexo";"ilesos";"feridos_leves";"feridos_graves";"mortos";"latitude";"longitude";"regional";"delegacia";"uop"
169074;372455;2018-11-02;"sexta-feira";"03:00:00";"PI";343;4;"TERESINA";"Sim";"Ingestao de alcool";1;"Colisao traseira";"Sem Vitimas";"Plena Noite";"Decrescente";"Ceu Claro";"Multipla";"Intersecao de vias";"Sim";301828;"Automóvel";"FIAT/PALIO ATTRACTIV 1.0";2013;"Condutor";"Ileso";38;"Masculino";1;0;0;0;"-5.0806423";"-42.78389454";"SR-PI";"DEL17/1";"UOP01/PI"
169076;372120;2018-11-02;"sexta-feira";"04:00:00";"RR";174;503,4;"BOA VISTA";"Sim";"Ingestao de alcool";1;"Colisao com objeto estatico";"Sem Vitimas";"Plena Noite";"Decrescente";"Ceu Claro";"Dupla";"Nao Informado";"Sim";301606;"Automóvel";"I/CITROEN C4L A 2L TEND";2013;"Condutor";"Nao Informado";NA;"Nao Informado";0;0;0;0;"2.79811552";"-60.69763899";"SR-RR";"UOP01/RR";""
169076;372130;2018-11-02;"sexta-feira";"04:00:00";"RR";174;503,4;"BOA VISTA";"Sim";"Ingestao de alcool";1;"Colisao com objeto estatico";"Sem Vitimas";"Plena Noite";"Decrescente";"Ceu Claro";"Dupla";"Nao Informado";"Sim";301606;"Automóvel";"I/CITROEN C4L A 2L TEND";2013;"Testemunha";"Nao Informado";NA;"Nao Informado";0;0;0;0;"2.79811552";"-60.69763899";"SR-RR";"UOP01/RR";""
169081;372089;2018-11-02;"sexta-feira";"06:00:00";"PI";343;13;"PARNAIBA";"Sim";"Ingestao de alcool";1;"Colisao transversal";"Com Vitimas Feridas";"Pleno dia";"Decrescente";"Ceu Claro";"Dupla";"Reta";"Sim";300576;"Automóvel";"TOYOTA/ETIOS HB XLS";2013;"Condutor";"Ileso";20;"Masculino";1;0;0;0;"-2.919029";"-41.754124";"SR-PI";"DEL17/5";"UOP01/PI"
169081;372092;2018-11-02;"sexta-feira";"06:00:00";"PI";343;13;"PARNAIBA";"Sim";"Ingestao de alcool";1;"Colisao transversal";"Com Vitimas Feridas";"Pleno dia";"Decrescente";"Ceu Claro";"Dupla";"Reta";"Sim";300577;"Motocicleta";"HONDA/CG 125 FAN";2007;"Condutor";"Lesoes Graves";30;"Masculino";0;0;1;0;"-2.919029";"-41.754124";"SR-PI";"DEL17/5";"UOP01/PI"
169081;372093;2018-11-02;"sexta-feira";"06:00:00";"PI";343;13;"PARNAIBA";"Sim";"Ingestao de alcool";1;"Colisao transversal";"Com Vitimas Feridas";"Pleno dia";"Decrescente";"Ceu Claro";"Dupla";"Reta";"Sim";300577;"Motocicleta";"HONDA/CG 125 FAN";2007;"Passageiro";"Lesoes Graves";58;"Feminino";0;0;1;0;"-2.919029";"-41.754124";"SR-PI";"DEL17/5";"UOP01/PI"
169106;370779;2018-11-02;"sexta-feira";"08:30:00";"MG";381;260;"CORONEL FABRICIANO";"Nao";"Ingestao de alcool";2;"Tombamento";"Com Vitimas Feridas";"Pleno dia";"Decrescente";"Ceu Claro";"Simples";"Curva";"Nao";300608;"Automóvel";"CHEVROLET/ONIX 1.4MT LT";2017;"Condutor";"Ileso";37;"Masculino";1;0;0;0;"-19.53528235";"-42.59075403";"SR-MG";"DEL4/3";"UOP02/MG"
169106;370780;2018-11-02;"sexta-feira";"08:30:00";"MG";381;260;"CORONEL FABRICIANO";"Nao";"Ingestao de alcool";2;"Tombamento";"Com Vitimas Feridas";"Pleno dia";"Decrescente";"Ceu Claro";"Simples";"Curva";"Nao";300609;"Bicicleta";"";NA;"Condutor";"Lesoes Graves";57;"Masculino";0;0;1;0;"-19.53528235";"-42.59075403";"SR-MG";"DEL4/3";"UOP02/MG"
169122;370949;2018-11-02;"sexta-feira";"09:10:00";"SC";101;375,6;"ICARA";"Sim";"Ingestao de alcool";1;"Saida de leito carrocavel";"Com Vitimas Feridas";"Pleno dia";"Decrescente";"Nublado";"Multipla";"Reta";"Sim";300639;"Camioneta";"FORD/ECOSPORT XL 1.6FLEX";2006;"Condutor";"Lesoes Leves";20;"Masculino";0;1;0;0;"-28.735832";"-49.246994";"SR-SC";"DEL8/2";"UOP01/SC"
169164;372228;2018-11-02;"sexta-feira";"16:40:00";"DF";70;19;"BRASILIA";"Sim";"Ingestao de alcool";2;"Saida de leito carrocavel";"Sem Vitimas";"Pleno dia";"Decrescente";"Garoa/Chuvisco";"Dupla";"Nao Informado";"Sim";300738;"Automóvel";"CHEVROLET/ONIX 1.4MT LT";2013;"Condutor";"Ileso";36;"Masculino";1;0;0;0;"-15.78961064";"-48.22534561";"SR-DF";"DF";"UOP06/DF"
169179;372935;2018-11-02;"sexta-feira";"18:19:00";"PI";316;6;"TERESINA";"Sim";"Ingestao de alcool";1;"Colisao com objeto estatico";"Com Vitimas Feridas";"Plena Noite";"Decrescente";"Ceu Claro";"Dupla";"Reta";"Sim";302199;"Automóvel";"";NA;"Condutor";"Nao Informado";NA;"Nao Informado";0;0;0;0;"-5.147021";"-42.774391";"SR-PI";"DEL17/1";"UOP02/PI"
169179;372933;2018-11-02;"sexta-feira";"18:19:00";"PI";316;6;"TERESINA";"Sim";"Ingestao de alcool";1;"Colisao com objeto estatico";"Com Vitimas Feridas";"Plena Noite";"Decrescente";"Ceu Claro";"Dupla";"Reta";"Sim";300755;"Camioneta";"FORD/ECOSPORT XLS1.6FLEX";2008;"Condutor";"Lesoes Leves";50;"Masculino";0;1;0;0;"-5.147021";"-42.774391";"SR-PI";"DEL17/1";"UOP02/PI"
169179;373022;2018-11-02;"sexta-feira";"18:19:00";"PI";316;6;"TERESINA";"Sim";"Ingestao de alcool";1;"Colisao com objeto estatico";"Com Vitimas Feridas";"Plena Noite";"Decrescente";"Ceu Claro";"Dupla";"Reta";"Sim";300755;"Camioneta";"FORD/ECOSPORT XLS1.6FLEX";2008;"Passageiro";"Lesoes Leves";61;"Masculino";0;1;0;0;"-5.147021";"-42.774391";"SR-PI";"DEL17/1";"UOP02/PI"
169181;371018;2018-11-02;"sexta-feira";"17:45:00";"RO";364;190,5;"PIMENTA BUENO";"Sim";"Ingestao de alcool";1;"Saida de leito carrocavel";"Com Vitimas Feridas";"Anoitecer";"Crescente";"Nublado";"Simples";"Reta";"Nao";300754;"Caminhao";"IMP/FORD F4000";1994;"Condutor";"Lesoes Graves";38;"Masculino";0;0;1;0;"-11.722936";"-61.14312";"SR-RO";"DEL21/2";"UOP02/RO"
169199;372901;2018-11-02;"sexta-feira";"19:00:00";"MT";70;497;"CUIABA";"Sim";"Ingestao de alcool";1;"Saida de leito carrocavel";"Sem Vitimas";"Plena Noite";"Decrescente";"Ceu Claro";"Simples";"Nao Informado";"Nao";302192;"Automóvel";"GM/CELTA 2P LIFE";2006;"Condutor";"Ileso";41;"Masculino";1;0;0;0;"-15.66131499";"-56.00542009";"SR-MT";"DEL2/1";"UOP01/MT"
169210;372547;2018-11-02;"sexta-feira";"20:40:00";"SP";116;214;"GUARULHOS";"Sim";"Ingestao de alcool";1;"Capotamento";"Com Vitimas Feridas";"Plena Noite";"Decrescente";"Nublado";"Multipla";"Reta";"Nao";301955;"Automóvel";"";NA;"Condutor";"Nao Informado";NA;"Nao Informado";0;0;0;0;"-23.4227037";"-46.396492";"SR-SP";"DEL6/1";"UOP01/SP"
169210;371182;2018-11-02;"sexta-feira";"20:40:00";"SP";116;214;"GUARULHOS";"Sim";"Ingestao de alcool";1;"Capotamento";"Com Vitimas Feridas";"Plena Noite";"Decrescente";"Nublado";"Multipla";"Reta";"Nao";300757;"Automóvel";"GM/CELTA 5 PORTAS";2003;"Condutor";"Lesoes Leves";35;"Masculino";0;1;0;0;"-23.4227037";"-46.396492";"SR-SP";"DEL6/1";"UOP01/SP"
169213;371004;2018-11-02;"sexta-feira";"20:15:00";"MA";10;245;"IMPERATRIZ";"Sim";"Ingestao de alcool";1;"Colisao frontal";"Com Vitimas Feridas";"Plena Noite";"Decrescente";"Ceu Claro";"Simples";"Reta";"Nao";300761;"Ônibus";"VOLVO/COMIL CAMPIONE DD";2017;"Condutor";"Ileso";53;"Masculino";1;0;0;0;"-5.588685";"-47.433857";"SR-MA";"DEL18/4";"UOP01/MA"
169213;371007;2018-11-02;"sexta-feira";"20:15:00";"MA";10;245;"IMPERATRIZ";"Sim";"Ingestao de alcool";1;"Colisao frontal";"Com Vitimas Feridas";"Plena Noite";"Decrescente";"Ceu Claro";"Simples";"Reta";"Nao";300762;"Motocicleta";"HONDA/CG 150 FAN ESI";2011;"Condutor";"Lesoes Graves";46;"Masculino";0;0;1;0;"-5.588685";"-47.433857";"SR-MA";"DEL18/4";"UOP01/MA"
169215;372449;2018-11-02;"sexta-feira";"21:30:00";"PR";476;119;"COLOMBO";"Sim";"Ingestao de alcool";1;"Colisao com objeto estatico";"Sem Vitimas";"Plena Noite";"Decrescente";"Nublado";"Dupla";"Reta";"Sim";301870;"Automóvel";"VW/GOL 1.0 GIV";2009;"Condutor";"Nao Informado";NA;"Nao Informado";0;0;0;0;"-25.364202";"-49.185825";"SR-PR";"DEL7/1";"UOP01/PR"
169217;373284;2018-11-02;"sexta-feira";"21:40:00";"MG";116;530,7;"CARATINGA";"Sim";"Ingestao de alcool";1;"Colisao transversal";"Com Vitimas Feridas";"Plena Noite";"Crescente";"Nublado";"Simples";"Reta";"Sim";300794;"Motocicleta";"HONDA/XLR 125 ES";2002;"Condutor";"Lesoes Graves";53;"Masculino";0;0;1;0;"-19.80383";"-42.1358";"SR-MG";"DEL4/6";"UOP02/MG"
169217;373285;2018-11-02;"sexta-feira";"21:40:00";"MG";116;530,7;"CARATINGA";"Sim";"Ingestao de alcool";1;"Colisao transversal";"Com Vitimas Feridas";"Plena Noite";"Crescente";"Nublado";"Simples";"Reta";"Sim";300795;"Automóvel";"TOYOTA/COROLLA XEI18VVT";2002;"Condutor";"Ileso";52;"Masculino";1;0;0;0;"-19.80383";"-42.1358";"SR-MG";"DEL4/6";"UOP02/MG"
169233;371141;2018-11-02;"sexta-feira";"21:00:00";"PE";428;11,8;"CABROBO";"Sim";"Ingestao de alcool";1;"Colisao frontal";"Com Vitimas Feridas";"Plena Noite";"Decrescente";"Ceu Claro";"Simples";"Reta";"Sim";300877;"Caminhao";"M.BENZ/L 1620";2010;"Condutor";"Ileso";36;"Masculino";1;0;0;0;"-8.506392";"-39.316113";"SR-PE";"DEL11/5";"UOP03/PE"
169233;371143;2018-11-02;"sexta-feira";"21:00:00";"PE";428;11,8;"CABROBO";"Sim";"Ingestao de alcool";1;"Colisao frontal";"Com Vitimas Feridas";"Plena Noite";"Decrescente";"Ceu Claro";"Simples";"Reta";"Sim";300878;"Automóvel";"GM/CELTA 2P LIFE";2008;"Condutor";"Lesoes Leves";40;"Masculino";0;1;0;0;"-8.506392";"-39.316113";"SR-PE";"DEL11/5";"UOP03/PE"
169244;371086;2018-11-03;"sabado";"02:45:00";"PR";376;170,8;"MARINGA";"Sim";"Ingestao de alcool";1;"Tombamento";"Com Vitimas Feridas";"Plena Noite";"Decrescente";"Ceu Claro";"Dupla";"Reta";"Sim";300838;"Motocicleta";"";NA;"Condutor";"Lesoes Graves";25;"Masculino";0;0;1;0;"-23.41128162";"-51.98574716";"SR-PR";"DEL7/7";"UOP04/PR"
169251;371443;2018-11-03;"sabado";"04:20:00";"PR";277;598,5;"CASCAVEL";"Sim";"Ingestao de alcool";1;"Saida de leito carrocavel";"Sem Vitimas";"Plena Noite";"Decrescente";"Ceu Claro";"Dupla";"Reta";"Sim";300834;"Automóvel";"GM/VECTRA ELEGANCE";2004;"Condutor";"Nao Informado";NA;"Nao Informado";0;0;0;0;"-25.00388216";"-53.52451086";"SR-PR";"DEL7/4";"UOP01/PR"
169252;371276;2018-11-03;"sabado";"04:50:00";"GO";364;26,9;"PARANAIGUARA";"Nao";"Ingestao de alcool";1;"Colisao traseira";"Com Vitimas Fatais";"Plena Noite";"Crescente";"Nublado";"Simples";"Nao Informado";"Nao";300938;"Motocicleta";"JTA/SUZUKI EN125 YES";2005;"Condutor";"Óbito";27;"Masculino";0;0;0;1;"-18.90391138";"-50.70459992";"SR-GO";"DEL1/5";"UOP02/GO"
169252;371619;2018-11-03;"sabado";"04:50:00";"GO";364;26,9;"PARANAIGUARA";"Nao";"Ingestao de alcool";1;"Colisao traseira";"Com Vitimas Fatais";"Plena Noite";"Crescente";"Nublado";"Simples";"Nao Informado";"Nao";300937;"Automóvel";"I/FORD FUSION";2007;"Passageiro";"Ileso";18;"Masculino";1;0;0;0;"-18.90391138";"-50.70459992";"SR-GO";"DEL1/5";"UOP02/GO"
169252;371620;2018-11-03;"sabado";"04:50:00";"GO";364;26,9;"PARANAIGUARA";"Nao";"Ingestao de alcool";1;"Colisao traseira";"Com Vitimas Fatais";"Plena Noite";"Crescente";"Nublado";"Simples";"Nao Informado";"Nao";300937;"Automóvel";"I/FORD FUSION";2007;"Passageiro";"Ileso";20;"Masculino";1;0;0;0;"-18.90391138";"-50.70459992";"SR-GO";"DEL1/5";"UOP02/GO"
169252;371618;2018-11-03;"sabado";"04:50:00";"GO";364;26,9;"PARANAIGUARA";"Nao";"Ingestao de alcool";1;"Colisao traseira";"Com Vitimas Fatais";"Plena Noite";"Crescente";"Nublado";"Simples";"Nao Informado";"Nao";300937;"Automóvel";"I/FORD FUSION";2007;"Passageiro";"Lesoes Leves";18;"Masculino";0;1;0;0;"-18.90391138";"-50.70459992";"SR-GO";"DEL1/5";"UOP02/GO"
169252;371617;2018-11-03;"sabado";"04:50:00";"GO";364;26,9;"PARANAIGUARA";"Nao";"Ingestao de alcool";1;"Colisao traseira";"Com Vitimas Fatais";"Plena Noite";"Crescente";"Nublado";"Simples";"Nao Informado";"Nao";300937;"Automóvel";"I/FORD FUSION";2007;"Condutor";"Lesoes Leves";28;"Masculino";0;1;0;0;"-18.90391138";"-50.70459992";"SR-GO";"DEL1/5";"UOP02/GO"
169290;371306;2018-11-03;"sabado";"10:20:00";"SC";280;10;"SAO FRANCISCO DO SUL";"Sim";"Ingestao de alcool";1;"Colisao lateral";"Com Vitimas Feridas";"Pleno dia";"Decrescente";"Sol";"Simples";"Rotatória";"Nao";300951;"Automóvel";"FIAT/IDEA ADVENTURE DUAL";2011;"Condutor";"Ileso";33;"Masculino";1;0;0;0;"-26.29527142";"-48.64260077";"SR-SC";"DEL8/3";"UOP03/SC"
169290;371303;2018-11-03;"sabado";"10:20:00";"SC";280;10;"SAO FRANCISCO DO SUL";"Sim";"Ingestao de alcool";1;"Colisao lateral";"Com Vitimas Feridas";"Pleno dia";"Decrescente";"Sol";"Simples";"Rotatória";"Nao";300950;"Motocicleta";"HONDA/CBX 200 STRADA";1998;"Condutor";"Lesoes Leves";29;"Masculino";0;1;0;0;"-26.29527142";"-48.64260077";"SR-SC";"DEL8/3";"UOP03/SC"
169317;371227;2018-11-03;"sabado";"14:50:00";"SC";101;233;"PALHOCA";"Sim";"Ingestao de alcool e/ou substâncias psicoativas pelo pedestre";1;"Saida de leito carrocavel";"Sem Vitimas";"Pleno dia";"Crescente";"Chuva";"Dupla";"Reta";"Nao";300944;"Automóvel";"FIAT/UNO ELECTRONIC";1994;"Passageiro";"Ileso";NA;"Masculino";1;0;0;0;"-27.8102";"-48.6355";"SR-SC";"DEL8/1";"UOP02/SC"
169317;371226;2018-11-03;"sabado";"14:50:00";"SC";101;233;"PALHOCA";"Sim";"Ingestao de alcool e/ou substâncias psicoativas pelo pedestre";1;"Saida de leito carrocavel";"Sem Vitimas";"Pleno dia";"Crescente";"Chuva";"Dupla";"Reta";"Nao";300944;"Automóvel";"FIAT/UNO ELECTRONIC";1994;"Condutor";"Ileso";29;"Masculino";1;0;0;0;"-27.8102";"-48.6355";"SR-SC";"DEL8/1";"UOP02/SC"
169329;371245;2018-11-03;"sabado";"15:50:00";"SC";470;9,9;"NAVEGANTES";"Sim";"Ingestao de alcool e/ou substâncias psicoativas pelo pedestre";1;"Colisao transversal";"Sem Vitimas";"Pleno dia";"Crescente";"Chuva";"Simples";"Reta";"Nao";300967;"Ônibus";"MARCOPOLO/VOLARE W7 ON";2012;"Condutor";"Ileso";60;"Masculino";1;0;0;0;"-26.83353302";"-48.73624754";"SR-SC";"DEL8/4";"UOP04/SC"
169329;371244;2018-11-03;"sabado";"15:50:00";"SC";470;9,9;"NAVEGANTES";"Sim";"Ingestao de alcool e/ou substâncias psicoativas pelo pedestre";1;"Colisao transversal";"Sem Vitimas";"Pleno dia";"Crescente";"Chuva";"Simples";"Reta";"Nao";300966;"Automóvel";"I/CHEVROLET CAMARO 2SS";2010;"Condutor";"Ileso";45;"Feminino";1;0;0;0;"-26.83353302";"-48.73624754";"SR-SC";"DEL8/4";"UOP04/SC"
169336;371345;2018-11-03;"sabado";"15:40:00";"RR";174;575;"BOA VISTA";"Nao";"Ingestao de alcool";1;"Capotamento";"Com Vitimas Fatais";"Pleno dia";"Crescente";"Ceu Claro";"Simples";"Curva";"Nao";301047;"Caminhonete";"GM/S10 EXECUTIVE D";2011;"Passageiro";"Óbito";27;"Masculino";0;0;0;1;"3.418077";"-60.893119";"SR-RR";"UOP01/RR";""
169336;371434;2018-11-03;"sabado";"15:40:00";"RR";174;575;"BOA VISTA";"Nao";"Ingestao de alcool";1;"Capotamento";"Com Vitimas Fatais";"Pleno dia";"Crescente";"Ceu Claro";"Simples";"Curva";"Nao";301047;"Caminhonete";"GM/S10 EXECUTIVE D";2011;"Condutor";"Lesoes Graves";59;"Masculino";0;0;1;0;"3.418077";"-60.893119";"SR-RR";"UOP01/RR";""
169365;371361;2018-11-03;"sabado";"20:30:00";"SP";381;49;"ATIBAIA";"Sim";"Ingestao de alcool";1;"Atropelamento de Pedestre";"Com Vitimas Feridas";"Plena Noite";"Crescente";"Ceu Claro";"Simples";"Reta";"Sim";301058;"Automóvel";"FIAT/BRAVA ELX";2000;"Condutor";"Ileso";33;"Masculino";1;0;0;0;"-23.22062615";"-46.5954179";"SR-SP";"DEL6/3";"UOP02/SP"
169365;371363;2018-11-03;"sabado";"20:30:00";"SP";381;49;"ATIBAIA";"Sim";"Ingestao de alcool";1;"Atropelamento de Pedestre";"Com Vitimas Feridas";"Plena Noite";"Crescente";"Ceu Claro";"Simples";"Reta";"Sim";301058;"Automóvel";"FIAT/BRAVA ELX";2000;"Pedestre";"Lesoes Leves";18;"Feminino";0;1;0;0;"-23.22062615";"-46.5954179";"SR-SP";"DEL6/3";"UOP02/SP"
169371;371328;2018-11-03;"sabado";"20:05:00";"RS";285;670;"SAO BORJA";"Sim";"Ingestao de alcool e/ou substâncias psicoativas pelo pedestre";1;"Atropelamento de Pedestre";"Com Vitimas Feridas";"Plena Noite";"Crescente";"Ceu Claro";"Simples";"Reta";"Nao";301028;"Automóvel";"VW/LOGUS GLI 1.8";1994;"Pedestre";"Lesoes Leves";59;"Masculino";0;1;0;0;"-28.669565";"-55.95982";"SR-RS";"DEL9/12";"UOP01/RS"
169371;371329;2018-11-03;"sabado";"20:05:00";"RS";285;670;"SAO BORJA";"Sim";"Ingestao de alcool e/ou substâncias psicoativas pelo pedestre";1;"Atropelamento de Pedestre";"Com Vitimas Feridas";"Plena Noite";"Crescente";"Ceu Claro";"Simples";"Reta";"Nao";301028;"Automóvel";"VW/LOGUS GLI 1.8";1994;"Condutor";"Ileso";49;"Masculino";1;0;0;0;"-28.669565";"-55.95982";"SR-RS";"DEL9/12";"UOP01/RS"
169377;372386;2018-11-03;"sabado";"20:10:00";"PR";476;276;"SAO MATEUS DO SUL";"Sim";"Ingestao de alcool";1;"Colisao frontal";"Sem Vitimas";"Plena Noite";"Crescente";"Garoa/Chuvisco";"Simples";"Curva";"Sim";301078;"Caminhao-trator";"SCANIA/G 400 A6X2";2013;"Condutor";"Ileso";57;"Masculino";1;0;0;0;"-25.877428";"-50.384377";"SR-PR";"DEL7/2";"UOP03/PR"
169377;372385;2018-11-03;"sabado";"20:10:00";"PR";476;276;"SAO MATEUS DO SUL";"Sim";"Ingestao de alcool";1;"Colisao frontal";"Sem Vitimas";"Plena Noite";"Crescente";"Garoa/Chuvisco";"Simples";"Curva";"Sim";301077;"Automóvel";"GM/CORSA MILENIUM";2001;"Condutor";"Ileso";54;"Masculino";1;0;0;0;"-25.877428";"-50.384377";"SR-PR";"DEL7/2";"UOP03/PR"
169379;373322;2018-11-03;"sabado";"20:44:00";"DF";70;7;"BRASILIA";"Sim";"Ingestao de alcool";1;"Atropelamento de Pedestre";"Com Vitimas Feridas";"Plena Noite";"Crescente";"Nublado";"Dupla";"Reta";"Nao";301176;"Automóvel";"FIAT/PALIO FIRE WAY";2014;"Condutor";"Ileso";39;"Masculino";1;0;0;0;"-15.7853984";"-48.12106133";"SR-DF";"DF";"UOP06/DF"
169379;373325;2018-11-03;"sabado";"20:44:00";"DF";70;7;"BRASILIA";"Sim";"Ingestao de alcool";1;"Atropelamento de Pedestre";"Com Vitimas Feridas";"Plena Noite";"Crescente";"Nublado";"Dupla";"Reta";"Nao";301176;"Automóvel";"FIAT/PALIO FIRE WAY";2014;"Testemunha";"Nao Informado";NA;"Nao Informado";0;0;0;0;"-15.7853984";"-48.12106133";"SR-DF";"DF";"UOP06/DF"
169379;373321;2018-11-03;"sabado";"20:44:00";"DF";70;7;"BRASILIA";"Sim";"Ingestao de alcool";1;"Atropelamento de Pedestre";"Com Vitimas Feridas";"Plena Noite";"Crescente";"Nublado";"Dupla";"Reta";"Nao";301175;"Ciclomotor";"I/CHARMING BULL KRC50";2015;"Condutor";"Lesoes Graves";43;"Masculino";0;0;1;0;"-15.7853984";"-48.12106133";"SR-DF";"DF";"UOP06/DF"
169385;371586;2018-11-03;"sabado";"19:15:00";"MT";163;924;"ITAUBA";"Sim";"Ingestao de alcool";1;"Saida de leito carrocavel";"Sem Vitimas";"Plena Noite";"Crescente";"Nublado";"Simples";"Reta";"Nao";301079;"Automóvel";"FIAT/PALIO FIRE ECONOMY";2011;"Condutor";"Ileso";29;"Masculino";1;0;0;0;"-11.07850145";"-55.28379858";"SR-MT";"DEL2/6";"UOP02/MT"
169388;371374;2018-11-03;"sabado";"22:10:00";"SP";116;223;"GUARULHOS";"Sim";"Ingestao de alcool";1;"Queda de ocupante de veiculo";"Com Vitimas Feridas";"Plena Noite";"Decrescente";"Garoa/Chuvisco";"Multipla";"Reta";"Sim";301064;"Motocicleta";"HONDA/CG 125 FAN ES";2009;"Condutor";"Lesoes Leves";53;"Masculino";0;1;0;0;"-23.47848045";"-46.52988911";"SR-SP";"DEL6/1";"UOP01/SP"
169389;371344;2018-11-03;"sabado";"21:57:00";"DF";40;2,5;"BRASILIA";"Sim";"Ingestao de alcool";1;"Colisao lateral";"Sem Vitimas";"Plena Noite";"Crescente";"Nublado";"Dupla";"Reta";"Sim";301046;"Automóvel";"FIAT/UNO VIVACE 1.0";2010;"Condutor";"Ileso";26;"Masculino";1;0;0;0;"-16.0729029";"-47.9848746";"SR-DF";"DF";"UOP01/DF"
169389;371353;2018-11-03;"sabado";"21:57:00";"DF";40;2,5;"BRASILIA";"Sim";"Ingestao de alcool";1;"Colisao lateral";"Sem Vitimas";"Plena Noite";"Crescente";"Nublado";"Dupla";"Reta";"Sim";301045;"Automóvel";"FIAT/UNO MILLE EX";2000;"Condutor";"Ileso";43;"Masculino";1;0;0;0;"-16.0729029";"-47.9848746";"SR-DF";"DF";"UOP01/DF"
169390;371343;2018-11-03;"sabado";"17:00:00";"RN";304;152,3;"ANGICOS";"Sim";"Ingestao de alcool";2;"Capotamento";"Com Vitimas Feridas";"Anoitecer";"Crescente";"Ceu Claro";"Simples";"Reta";"Nao";301042;"Caminhonete";"FIAT/STRADA WORKING CD";2015;"Condutor";"Lesoes Leves";57;"Masculino";0;1;0;0;"-5.692399";"-36.589134";"SR-RN";"DEL15/4";"UOP01/RN"
169391;371435;2018-11-03;"sabado";"20:10:00";"RO";364;9;"VILHENA";"Sim";"Ingestao de alcool";1;"Colisao traseira";"Sem Vitimas";"Plena Noite";"Crescente";"Ceu Claro";"Simples";"Reta";"Sim";301098;"Micro-ônibus";"I/KIA BESTA 12P GS";1998;"Condutor";"Ileso";34;"Masculino";1;0;0;0;"-12.758801";"-60.100178";"SR-RO";"DEL21/4";"UOP01/RO"
169391;371442;2018-11-03;"sabado";"20:10:00";"RO";364;9;"VILHENA";"Sim";"Ingestao de alcool";1;"Colisao traseira";"Sem Vitimas";"Plena Noite";"Crescente";"Ceu Claro";"Simples";"Reta";"Sim";301099;"Automóvel";"FIAT/LINEA ESSENCE 1.8";2012;"Passageiro";"Ileso";21;"Feminino";1;0;0;0;"-12.758801";"-60.100178";"SR-RO";"DEL21/4";"UOP01/RO"
169391;371441;2018-11-03;"sabado";"20:10:00";"RO";364;9;"VILHENA";"Sim";"Ingestao de alcool";1;"Colisao traseira";"Sem Vitimas";"Plena Noite";"Crescente";"Ceu Claro";"Simples";"Reta";"Sim";301099;"Automóvel";"FIAT/LINEA ESSENCE 1.8";2012;"Condutor";"Ileso";30;"Masculino";1;0;0;0;"-12.758801";"-60.100178";"SR-RO";"DEL21/4";"UOP01/RO"
169392;372869;2018-11-03;"sabado";"19:15:00";"MS";463;1,8;"DOURADOS";"Nao";"Ingestao de alcool";2;"Queda de ocupante de veiculo";"Com Vitimas Feridas";"Plena Noite";"Decrescente";"Nublado";"Simples";"Reta";"Nao";302161;"Ônibus";"MBENZ/MPOLO PARADISO R";2009;"Condutor";"Ileso";59;"Masculino";1;0;0;0;"-22.25923222";"-54.82457925";"SR-MS";"DEL3/4";"UOP01/MS"
169392;372863;2018-11-03;"sabado";"19:15:00";"MS";463;1,8;"DOURADOS";"Nao";"Ingestao de alcool";2;"Queda de ocupante de veiculo";"Com Vitimas Feridas";"Plena Noite";"Decrescente";"Nublado";"Simples";"Reta";"Nao";302158;"Motocicleta";"HONDA/CG150 FAN ESDI";2012;"Condutor";"Ileso";25;"Masculino";1;0;0;0;"-22.25923222";"-54.82457925";"SR-MS";"DEL3/4";"UOP01/MS"
169392;373040;2018-11-03;"sabado";"19:15:00";"MS";463;1,8;"DOURADOS";"Nao";"Ingestao de alcool";2;"Queda de ocupante de veiculo";"Com Vitimas Feridas";"Plena Noite";"Decrescente";"Nublado";"Simples";"Reta";"Nao";302158;"Motocicleta";"HONDA/CG150 FAN ESDI";2012;"Passageiro";"Lesoes Leves";22;"Masculino";0;1;0;0;"-22.25923222";"-54.82457925";"SR-MS";"DEL3/4";"UOP01/MS"
169396;371393;2018-11-03;"sabado";"22:20:00";"SC";101;316,5;"PESCARIA BRAVA";"Sim";"Ingestao de alcool";1;"Saida de leito carrocavel";"Sem Vitimas";"Plena Noite";"Crescente";"Chuva";"Simples";"Reta";"Nao";301094;"Automóvel";"GM/CORSA SUPER";1997;"Condutor";"Ileso";31;"Masculino";1;0;0;0;"-28.42488243";"-48.85671616";"SR-SC";"DEL8/2";"UOP01/SC"
169406;373055;2018-11-03;"sabado";"23:20:00";"SP";153;120;"UBARANA";"Sim";"Ingestao de alcool";1;"Colisao transversal";"Com Vitimas Feridas";"Plena Noite";"Crescente";"Nublado";"Simples";"Intersecao de vias";"Sim";301100;"Automóvel";"CHEVROLET/ONIX 1.0MT LT";2014;"Condutor";"Ileso";49;"Feminino";1;0;0;0;"-21.16792457";"-49.71397161";"SR-SP";"DEL6/9";"UOP01/SP"