"id";"pesid";"data_inversa";"dia_semana";"horario";"uf";"br";"km";"municipio";"causa_principal";"causa_acidente";"ordem_tipo_acidente";"tipo_acidente";"classificacao_acidente";"fase_dia";"sentido_via";"condicao_metereologica";"tipo_pista";"tracado_via";"uso_solo";"id_veiculo";"tipo_veiculo";"marca";"ano_fabricacao_veiculo";"tipo_envolvido";"estado_fisico";"idade";"sexo";"ilesos";"feridos_leves";"feridos_graves";"mortos";"latitude";"longitude";"regional";"delegacia";"uop"
169601;371754;2018-11-04;"domingo";"20:20:00";"RJ";393;277;"BARRA DO PIRAI";"Sim";"Ingestao de alcool";1;"Colisao lateral";"Sem Vitimas";"Plena Noite";"Decrescente";"Nublado";"Simples";"Reta";"Nao";301332;"Automóvel";"FIAT/PALIO EX";1999;"Condutor";"Ileso";24;"Masculino";1;0;0;0;"-22.4797417";"-44.0319423";"SR-RJ";"DEL5/5";"UOP02/RJ"
169608;373643;2018-11-04;"domingo";"21:20:00";"SP";116;76;"ROSEIRA";"Sim";"Ingestao de alcool";1;"Colisao traseira";"Sem Vitimas";"Plena Noite";"Decrescente";"Nublado";"Dupla";"Reta";"Nao";302712;"Outros";"";NA;"Condutor";"Nao Informado";NA;"Nao Informado";0;0;0;0;"-22.877489";"-45.27206";"SR-SP";"DEL6/6";"UOP01/SP"
169608;373637;2018-11-04;"domingo";"21:20:00";"SP";116;76;"ROSEIRA";"Sim";"Ingestao de alcool";1;"Colisao traseira";"Sem Vitimas";"Plena Noite";"Decrescente";"Nublado";"Dupla";"Reta";"Nao";301442;"Caminhao-trator";"SCANIA/G 420 A4X2";2008;"Condutor";"Ileso";41;"Masculino";1;0;0;0;"-22.877489";"-45.27206";"SR-SP";"DEL6/6";"UOP01/SP"
169608;373634;2018-11-04;"domingo";"21:20:00";"SP";116;76;"ROSEIRA";"Sim";"Ingestao de alcool";1;"Colisao traseira";"Sem Vitimas";"Plena Noite";"Decrescente";"Nublado";"Dupla";"Reta";"Nao";301441;"Automóvel";"VW/GOL 1.0";2008;"Condutor";"Ileso";28;"Masculino";1;0;0;0;"-22.877489";"-45.27206";"SR-SP";"DEL6/6";"UOP01/SP"
169610;371839;2018-11-04;"domingo";"19:15:00";"BA";116;349;"SERRINHA";"Sim";"Ingestao de alcool";1;"Capotamento";"Com Vitimas Feridas";"Plena Noite";"Crescente";"Ceu Claro";"Simples";"Reta";"Nao";301415;"Motocicleta";"DAFRA/RIVA 150";2012;"Condutor";"Lesoes Graves";29;"Masculino";0;0;1;0;"-11.57892482";"-38.98756027";"SR-BA";"DEL10/2";"UOP02/BA"
169610;371841;2018-11-04;"domingo";"19:15:00";"BA";116;349;"SERRINHA";"Sim";"Ingestao de alcool";1;"Capotamento";"Com Vitimas Feridas";"Plena Noite";"Crescente";"Ceu Claro";"Simples";"Reta";"Nao";301415;"Motocicleta";"DAFRA/RIVA 150";2012;"Passageiro";"Lesoes Graves";33;"Feminino";0;0;1;0;"-11.57892482";"-38.98756027";"SR-BA";"DEL10/2";"UOP02/BA"
169611;372541;2018-11-04;"domingo";"20:10:00";"BA";324;518;"FEIRA DE SANTANA";"Sim";"Ingestao de alcool";1;"Colisao transversal";"Com Vitimas Feridas";"Plena Noite";"Crescente";"Ceu Claro";"Simples";"Reta";"Sim";301951;"Automóvel";"VW/GOL 1.0 GIV";2013;"Condutor";"Ileso";39;"Masculino";1;0;0;0;"-12.26111256";"-38.93238438";"SR-BA";"DEL10/1";"UOP01/BA"
169611;372544;2018-11-04;"domingo";"20:10:00";"BA";324;518;"FEIRA DE SANTANA";"Sim";"Ingestao de alcool";1;"Colisao transversal";"Com Vitimas Feridas";"Plena Noite";"Crescente";"Ceu Claro";"Simples";"Reta";"Sim";301951;"Automóvel";"VW/GOL 1.0 GIV";2013;"Passageiro";"Lesoes Leves";37;"Feminino";0;1;0;0;"-12.26111256";"-38.93238438";"SR-BA";"DEL10/1";"UOP01/BA"
169611;372546;2018-11-04;"domingo";"20:10:00";"BA";324;518;"FEIRA DE SANTANA";"Sim";"Ingestao de alcool";1;"Colisao transversal";"Com Vitimas Feridas";"Plena Noite";"Crescente";"Ceu Claro";"Simples";"Reta";"Sim";301951;"Automóvel";"VW/GOL 1.0 GIV";2013;"Passageiro";"Lesoes Leves";4;"Feminino";0;1;0;0;"-12.26111256";"-38.93238438";"SR-BA";"DEL10/1";"UOP01/BA"
169611;372542;2018-11-04;"domingo";"20:10:00";"BA";324;518;"FEIRA DE SANTANA";"Sim";"Ingestao de alcool";1;"Colisao transversal";"Com Vitimas Feridas";"Plena Noite";"Crescente";"Ceu Claro";"Simples";"Reta";"Sim";301952;"Automóvel";"GM/CORSA WIND";2002;"Condutor";"Ileso";52;"Masculino";1;0;0;0;"-12.26111256";"-38.93238438";"SR-BA";"DEL10/1";"UOP01/BA"
169615;371905;2018-11-04;"domingo";"21:00:00";"PE";101;44;"ABREU E LIMA";"Sim";"Ingestao de alcool";1;"Colisao traseira";"Sem Vitimas";"Plena Noite";"Crescente";"Vento";"Multipla";"Desvio Temporario";"Sim";301449;"Caminhonete";"VW/SAVEIRO CL 1.6 MI";1998;"Condutor";"Ileso";NA;"Masculino";1;0;0;0;"-7.864";"-34.9073";"SR-PE";"DEL11/1";"UOP02/PE"
169615;373776;2018-11-04;"domingo";"21:00:00";"PE";101;44;"ABREU E LIMA";"Sim";"Ingestao de alcool";1;"Colisao traseira";"Sem Vitimas";"Plena Noite";"Crescente";"Vento";"Multipla";"Desvio Temporario";"Sim";301449;"Caminhonete";"VW/SAVEIRO CL 1.6 MI";1998;"Passageiro";"Ileso";35;"Masculino";1;0;0;0;"-7.864";"-34.9073";"SR-PE";"DEL11/1";"UOP02/PE"
169615;371892;2018-11-04;"domingo";"21:00:00";"PE";101;44;"ABREU E LIMA";"Sim";"Ingestao de alcool";1;"Colisao traseira";"Sem Vitimas";"Plena Noite";"Crescente";"Vento";"Multipla";"Desvio Temporario";"Sim";301450;"Automóvel";"FIAT/PALIO ESSENCE 1.6";2013;"Condutor";"Ileso";34;"Feminino";1;0;0;0;"-7.864";"-34.9073";"SR-PE";"DEL11/1";"UOP02/PE"
169615;371894;2018-11-04;"domingo";"21:00:00";"PE";101;44;"ABREU E LIMA";"Sim";"Ingestao de alcool";1;"Colisao traseira";"Sem Vitimas";"Plena Noite";"Crescente";"Vento";"Multipla";"Desvio Temporario";"Sim";301450;"Automóvel";"FIAT/PALIO ESSENCE 1.6";2013;"Passageiro";"Ileso";33;"Feminino";1;0;0;0;"-7.864";"-34.9073";"SR-PE";"DEL11/1";"UOP02/PE"
169615;371909;2018-11-04;"domingo";"21:00:00";"PE";101;44;"ABREU E LIMA";"Sim";"Ingestao de alcool";1;"Colisao traseira";"Sem Vitimas";"Plena Noite";"Crescente";"Vento";"Multipla";"Desvio Temporario";"Sim";301449;"Caminhonete";"VW/SAVEIRO CL 1.6 MI";1998;"Passageiro";"Ileso";40;"Masculino";1;0;0;0;"-7.864";"-34.9073";"SR-PE";"DEL11/1";"UOP02/PE"
169615;371886;2018-11-04;"domingo";"21:00:00";"PE";101;44;"ABREU E LIMA";"Sim";"Ingestao de alcool";1;"Colisao traseira";"Sem Vitimas";"Plena Noite";"Crescente";"Vento";"Multipla";"Desvio Temporario";"Sim";301448;"Automóvel";"FORD/FIESTA STREET";2004;"Condutor";"Ileso";35;"Masculino";1;0;0;0;"-7.864";"-34.9073";"SR-PE";"DEL11/1";"UOP02/PE"
169616;373835;2018-11-04;"domingo";"21:05:00";"PR";376;495,4;"PONTA GROSSA";"Sim";"Ingestao de alcool";1;"Saida de leito carrocavel";"Sem Vitimas";"Plena Noite";"Crescente";"Nublado";"Dupla";"Reta";"Nao";301509;"Automóvel";"VW/SANTANA CL 2000";1989;"Condutor";"Ileso";52;"Masculino";1;0;0;0;"-25.13632973";"-50.16415089";"SR-PR";"DEL7/3";"UOP03/PR"
169617;373581;2018-11-04;"domingo";"21:30:00";"SP";116;1;"GUARULHOS";"Sim";"Ingestao de alcool";1;"Colisao lateral";"Sem Vitimas";"Plena Noite";"Crescente";"Nublado";"Dupla";"Reta";"Nao";302653;"Automóvel";"CHEV/SPIN 1.8L AT LT ADV";2018;"Condutor";"Ileso";41;"Feminino";1;0;0;0;"-23.45442785";"-46.49053574";"SR-SP";"DEL6/1";"UOP01/SP"
169617;373585;2018-11-04;"domingo";"21:30:00";"SP";116;1;"GUARULHOS";"Sim";"Ingestao de alcool";1;"Colisao lateral";"Sem Vitimas";"Plena Noite";"Crescente";"Nublado";"Dupla";"Reta";"Nao";302656;"Automóvel";"HONDA/CIVIC EXS";2006;"Condutor";"Ileso";40;"Masculino";1;0;0;0;"-23.45442785";"-46.49053574";"SR-SP";"DEL6/1";"UOP01/SP"
169618;371789;2018-11-04;"domingo";"22:20:00";"MG";146;601;"POCOS DE CALDAS";"Sim";"Ingestao de alcool";1;"Tombamento";"Sem Vitimas";"Plena Noite";"Crescente";"Nublado";"Simples";"Reta";"Nao";301405;"Automóvel";"VW/NOVO GOL 1.0 CITY";2013;"Condutor";"Ileso";19;"Feminino";1;0;0;0;"-21.747324";"-46.404919";"SR-MG";"DEL4/13";"UOP01/MG"
169618;371792;2018-11-04;"domingo";"22:20:00";"MG";146;601;"POCOS DE CALDAS";"Sim";"Ingestao de alcool";1;"Tombamento";"Sem Vitimas";"Plena Noite";"Crescente";"Nublado";"Simples";"Reta";"Nao";301405;"Automóvel";"VW/NOVO GOL 1.0 CITY";2013;"Passageiro";"Ileso";46;"Feminino";1;0;0;0;"-21.747324";"-46.404919";"SR-MG";"DEL4/13";"UOP01/MG"
169618;371794;2018-11-04;"domingo";"22:20:00";"MG";146;601;"POCOS DE CALDAS";"Sim";"Ingestao de alcool";1;"Tombamento";"Sem Vitimas";"Plena Noite";"Crescente";"Nublado";"Simples";"Reta";"Nao";301405;"Automóvel";"VW/NOVO GOL 1.0 CITY";2013;"Passageiro";"Ileso";27;"Feminino";1;0;0;0;"-21.747324";"-46.404919";"SR-MG";"DEL4/13";"UOP01/MG"
169618;371790;2018-11-04;"domingo";"22:20:00";"MG";146;601;"POCOS DE CALDAS";"Sim";"Ingestao de alcool";1;"Tombamento";"Sem Vitimas";"Plena Noite";"Crescente";"Nublado";"Simples";"Reta";"Nao";301405;"Automóvel";"VW/NOVO GOL 1.0 CITY";2013;"Passageiro";"Ileso";23;"Feminino";1;0;0;0;"-21.747324";"-46.404919";"SR-MG";"DEL4/13";"UOP01/MG"
169620;371921;2018-11-04;"domingo";"19:10:00";"PE";424;92,4;"GARANHUNS";"Sim";"Ingestao de alcool e/ou substâncias psicoativas pelo pedestre";1;"Engavetamento";"Sem Vitimas";"Plena Noite";"Crescente";"Ceu Claro";"Simples";"Reta";"Sim";301365;"Automóvel";"FIAT/UNO ATTRACTIVE 1.0";2014;"Condutor";"Ileso";20;"Masculino";1;0;0;0;"-8.9100599";"-36.4911074";"SR-PE";"DEL11/3";"UOP01/PE"
169620;371922;2018-11-04;"domingo";"19:10:00";"PE";424;92,4;"GARANHUNS";"Sim";"Ingestao de alcool e/ou substâncias psicoativas pelo pedestre";1;"Engavetamento";"Sem Vitimas";"Plena Noite";"Crescente";"Ceu Claro";"Simples";"Reta";"Sim";301479;"Caminhonete";"";NA;"Condutor";"Nao Informado";NA;"Nao Informado";0;0;0;0;"-8.9100599";"-36.4911074";"SR-PE";"DEL11/3";"UOP01/PE"
169620;371923;2018-11-04;"domingo";"19:10:00";"PE";424;92,4;"GARANHUNS";"Sim";"Ingestao de alcool e/ou substâncias psicoativas pelo pedestre";1;"Engavetamento";"Sem Vitimas";"Plena Noite";"Crescente";"Ceu Claro";"Simples";"Reta";"Sim";301482;"Automóvel";"I/VW GOLF";NA;"Condutor";"Nao Informado";NA;"Nao Informado";0;0;0;0;"-8.9100599";"-36.4911074";"SR-PE";"DEL11/3";"UOP01/PE"
169620;371962;2018-11-04;"domingo";"19:10:00";"PE";424;92,4;"GARANHUNS";"Sim";"Ingestao de alcool e/ou substâncias psicoativas pelo pedestre";1;"Engavetamento";"Sem Vitimas";"Plena Noite";"Crescente";"Ceu Claro";"Simples";"Reta";"Sim";301365;"Automóvel";"FIAT/UNO ATTRACTIVE 1.0";2014;"Testemunha";"Nao Informado";NA;"Nao Informado";0;0;0;0;"-8.9100599";"-36.4911074";"SR-PE";"DEL11/3";"UOP01/PE"
169624;371825;2018-11-04;"domingo";"21:40:00";"SC";470;43;"GASPAR";"Sim";"Ingestao de alcool";1;"Saida de leito carrocavel";"Com Vitimas Feridas";"Plena Noite";"Decrescente";"Nublado";"Simples";"Curva";"Nao";301417;"Automóvel";"VW/GOL SPECIAL";2000;"Condutor";"Lesoes Leves";36;"Masculino";0;1;0;0;"-26.87469832";"-49.0119195";"SR-SC";"DEL8/4";"UOP01/SC"
169633;371890;2018-11-04;"domingo";"23:20:00";"MG";262;523,1;"LUZ";"Sim";"Ingestao de alcool";1;"Colisao frontal";"Com Vitimas Fatais";"Plena Noite";"Crescente";"Garoa/Chuvisco";"Simples";"Nao Informado";"Nao";301460;"Automóvel";"GM/MONZA SL";1986;"Condutor";"Óbito";21;"Masculino";0;0;0;1;"-19.782372";"-45.676441";"SR-MG";"DEL4/8";"UOP02/MG"
169633;373009;2018-11-04;"domingo";"23:20:00";"MG";262;523,1;"LUZ";"Sim";"Ingestao de alcool";1;"Colisao frontal";"Com Vitimas Fatais";"Plena Noite";"Crescente";"Garoa/Chuvisco";"Simples";"Nao Informado";"Nao";301461;"Caminhao-trator";"VOLVO/FH 440 6X2T";2008;"Condutor";"Ileso";30;"Masculino";1;0;0;0;"-19.782372";"-45.676441";"SR-MG";"DEL4/8";"UOP02/MG"
169639;372890;2018-11-04;"domingo";"23:15:00";"MG";116;110,4;"ITAOBIM";"Nao";"Ingestao de alcool";1;"Colisao traseira";"Com Vitimas Feridas";"Plena Noite";"Crescente";"Nublado";"Simples";"Curva";"Nao";301445;"Automóvel";"FORD/ESCORT 1.0 HOBBY";1995;"Passageiro";"Lesoes Graves";41;"Feminino";0;0;1;0;"-16.51509944";"-41.50634766";"SR-MG";"DEL4/11";"UOP02/MG"
169639;372893;2018-11-04;"domingo";"23:15:00";"MG";116;110,4;"ITAOBIM";"Nao";"Ingestao de alcool";1;"Colisao traseira";"Com Vitimas Feridas";"Plena Noite";"Crescente";"Nublado";"Simples";"Curva";"Nao";301444;"Ônibus";"SCANIA/MPOLO PARADISO R";2011;"Condutor";"Ileso";31;"Masculino";1;0;0;0;"-16.51509944";"-41.50634766";"SR-MG";"DEL4/11";"UOP02/MG"
169639;372613;2018-11-04;"domingo";"23:15:00";"MG";116;110,4;"ITAOBIM";"Nao";"Ingestao de alcool";1;"Colisao traseira";"Com Vitimas Feridas";"Plena Noite";"Crescente";"Nublado";"Simples";"Curva";"Nao";301445;"Automóvel";"FORD/ESCORT 1.0 HOBBY";1995;"Testemunha";"Nao Informado";NA;"Nao Informado";0;0;0;0;"-16.51509944";"-41.50634766";"SR-MG";"DEL4/11";"UOP02/MG"
169639;372892;2018-11-04;"domingo";"23:15:00";"MG";116;110,4;"ITAOBIM";"Nao";"Ingestao de alcool";1;"Colisao traseira";"Com Vitimas Feridas";"Plena Noite";"Crescente";"Nublado";"Simples";"Curva";"Nao";301445;"Automóvel";"FORD/ESCORT 1.0 HOBBY";1995;"Passageiro";"Lesoes Leves";54;"Masculino";0;1;0;0;"-16.51509944";"-41.50634766";"SR-MG";"DEL4/11";"UOP02/MG"
169639;372894;2018-11-04;"domingo";"23:15:00";"MG";116;110,4;"ITAOBIM";"Nao";"Ingestao de alcool";1;"Colisao traseira";"Com Vitimas Feridas";"Plena Noite";"Crescente";"Nublado";"Simples";"Curva";"Nao";301445;"Automóvel";"FORD/ESCORT 1.0 HOBBY";1995;"Condutor";"Lesoes Leves";63;"Masculino";0;1;0;0;"-16.51509944";"-41.50634766";"SR-MG";"DEL4/11";"UOP02/MG"
169647;375043;2018-11-05;"segunda-feira";"00:15:00";"PI";316;11;"TERESINA";"Nao";"Ingestao de alcool";1;"Colisao frontal";"Com Vitimas Feridas";"Plena Noite";"Crescente";"Ceu Claro";"Simples";"Reta";"Sim";301454;"Ônibus";"MARCOPOLO/VOLARE W9 ON";2010;"Condutor";"Ileso";38;"Masculino";1;0;0;0;"-5.25301655";"-42.70904548";"SR-PI";"DEL17/1";"UOP02/PI"
169647;375042;2018-11-05;"segunda-feira";"00:15:00";"PI";316;11;"TERESINA";"Nao";"Ingestao de alcool";1;"Colisao frontal";"Com Vitimas Feridas";"Plena Noite";"Crescente";"Ceu Claro";"Simples";"Reta";"Sim";301453;"Motocicleta";"HONDA/CG 125 FAN KS";2012;"Condutor";"Lesoes Graves";26;"Masculino";0;0;1;0;"-5.25301655";"-42.70904548";"SR-PI";"DEL17/1";"UOP02/PI"
169648;372664;2018-11-04;"domingo";"22:00:00";"ES";101;146,2;"LINHARES";"Sim";"Ingestao de alcool";2;"Saida de leito carrocavel";"Com Vitimas Feridas";"Plena Noite";"Decrescente";"Ceu Claro";"Multipla";"Reta";"Sim";301465;"Automóvel";"FIAT/SIENA FIRE FLEX";2007;"Condutor";"Lesoes Leves";NA;"Masculino";0;1;0;0;"-19.37184781";"-40.06559908";"SR-ES";"DEL12/4";"UOP01/ES"
169648;372667;2018-11-04;"domingo";"22:00:00";"ES";101;146,2;"LINHARES";"Sim";"Ingestao de alcool";2;"Saida de leito carrocavel";"Com Vitimas Feridas";"Plena Noite";"Decrescente";"Ceu Claro";"Multipla";"Reta";"Sim";301465;"Automóvel";"FIAT/SIENA FIRE FLEX";2007;"Passageiro";"Lesoes Leves";49;"Feminino";0;1;0;0;"-19.37184781";"-40.06559908";"SR-ES";"DEL12/4";"UOP01/ES"
169648;372676;2018-11-04;"domingo";"22:00:00";"ES";101;146,2;"LINHARES";"Sim";"Ingestao de alcool";2;"Saida de leito carrocavel";"Com Vitimas Feridas";"Plena Noite";"Decrescente";"Ceu Claro";"Multipla";"Reta";"Sim";301465;"Automóvel";"FIAT/SIENA FIRE FLEX";2007;"Passageiro";"Lesoes Graves";32;"Masculino";0;0;1;0;"-19.37184781";"-40.06559908";"SR-ES";"DEL12/4";"UOP01/ES"
169648;372678;2018-11-04;"domingo";"22:00:00";"ES";101;146,2;"LINHARES";"Sim";"Ingestao de alcool";2;"Saida de leito carrocavel";"Com Vitimas Feridas";"Plena Noite";"Decrescente";"Ceu Claro";"Multipla";"Reta";"Sim";301466;"Automóvel";"FORD/FIESTA 1.6 FLEX";2010;"Condutor";"Ileso";25;"Feminino";1;0;0;0;"-19.37184781";"-40.06559908";"SR-ES";"DEL12/4";"UOP01/ES"
169648;372665;2018-11-04;"domingo";"22:00:00";"ES";101;146,2;"LINHARES";"Sim";"Ingestao de alcool";2;"Saida de leito carrocavel";"Com Vitimas Feridas";"Plena Noite";"Decrescente";"Ceu Claro";"Multipla";"Reta";"Sim";301465;"Automóvel";"FIAT/SIENA FIRE FLEX";2007;"Passageiro";"Lesoes Leves";26;"Feminino";0;1;0;0;"-19.37184781";"-40.06559908";"SR-ES";"DEL12/4";"UOP01/ES"
169648;372669;2018-11-04;"domingo";"22:00:00";"ES";101;146,2;"LINHARES";"Sim";"Ingestao de alcool";2;"Saida de leito carrocavel";"Com Vitimas Feridas";"Plena Noite";"Decrescente";"Ceu Claro";"Multipla";"Reta";"Sim";301465;"Automóvel";"FIAT/SIENA FIRE FLEX";2007;"Passageiro";"Lesoes Leves";23;"Feminino";0;1;0;0;"-19.37184781";"-40.06559908";"SR-ES";"DEL12/4";"UOP01/ES"
169648;372670;2018-11-04;"domingo";"22:00:00";"ES";101;146,2;"LINHARES";"Sim";"Ingestao de alcool";2;"Saida de leito carrocavel";"Com Vitimas Feridas";"Plena Noite";"Decrescente";"Ceu Claro";"Multipla";"Reta";"Sim";301465;"Automóvel";"FIAT/SIENA FIRE FLEX";2007;"Passageiro";"Lesoes Leves";47;"Feminino";0;1;0;0;"-19.37184781";"-40.06559908";"SR-ES";"DEL12/4";"UOP01/ES"
169654;371883;2018-11-05;"segunda-feira";"02:40:00";"SC";101;34,4;"JOINVILLE";"Sim";"Ingestao de alcool";1;"Colisao com objeto estatico";"Com Vitimas Feridas";"Plena Noite";"Crescente";"Nublado";"Dupla";"Nao Informado";"Nao";301455;"Automóvel";"VW/GOL 1.0";2012;"Condutor";"Lesoes Leves";35;"Masculino";0;1;0;0;"-26.268";"-48.896";"SR-SC";"DEL8/3";"UOP01/SC"
169657;371969;2018-11-05;"segunda-feira";"01:25:00";"SC";101;49,2;"JOINVILLE";"Sim";"Ingestao de alcool";1;"Saida de leito carrocavel";"Com Vitimas Feridas";"Plena Noite";"Crescente";"Nublado";"Dupla";"Reta";"Nao";301459;"Automóvel";"VW/VOYAGE 1.0";2009;"Condutor";"Lesoes Leves";27;"Masculino";0;1;0;0;"-26.38871734";"-48.84598732";"SR-SC";"DEL8/3";"UOP01/SC"
169658;373469;2018-11-05;"segunda-feira";"02:50:00";"MG";381;509;"SAO JOAQUIM DE BICAS";"Sim";"Ingestao de alcool";1;"Colisao lateral";"Sem Vitimas";"Amanhecer";"Crescente";"Ceu Claro";"Dupla";"Curva";"Nao";301534;"Automóvel";"HYUNDAI/HB20S 1.6M 1.6M";2013;"Condutor";"Ileso";60;"Feminino";1;0;0;0;"-20.0553";"-44.2849";"SR-MG";"DEL4/1";"UOP03/MG"
169658;373800;2018-11-05;"segunda-feira";"02:50:00";"MG";381;509;"SAO JOAQUIM DE BICAS";"Sim";"Ingestao de alcool";1;"Colisao lateral";"Sem Vitimas";"Amanhecer";"Crescente";"Ceu Claro";"Dupla";"Curva";"Nao";302863;"Automóvel";"GM/VECTRA GLS";1994;"Condutor";"Ileso";39;"Masculino";1;0;0;0;"-20.0553";"-44.2849";"SR-MG";"DEL4/1";"UOP03/MG"
169681;372067;2018-11-02;"sexta-feira";"01:10:00";"SC";101;215;"PALHOCA";"Sim";"Ingestao de alcool";1;"Queda de ocupante de veiculo";"Com Vitimas Feridas";"Plena Noite";"Crescente";"Nublado";"Multipla";"Reta";"Sim";301566;"Caminhao";"VW/24.250 CNC 6X2";2010;"Condutor";"Ileso";28;"Masculino";1;0;0;0;"-27.6601";"-48.6774";"SR-SC";"DEL8/1";"UOP02/SC"
169681;372069;2018-11-02;"sexta-feira";"01:10:00";"SC";101;215;"PALHOCA";"Sim";"Ingestao de alcool";1;"Queda de ocupante de veiculo";"Com Vitimas Feridas";"Plena Noite";"Crescente";"Nublado";"Multipla";"Reta";"Sim";301566;"Caminhao";"VW/24.250 CNC 6X2";2010;"Passageiro";"Ileso";32;"Masculino";1;0;0;0;"-27.6601";"-48.6774";"SR-SC";"DEL8/1";"UOP02/SC"
169681;372082;2018-11-02;"sexta-feira";"01:10:00";"SC";101;215;"PALHOCA";"Sim";"Ingestao de alcool";1;"Queda de ocupante de veiculo";"Com Vitimas Feridas";"Plena Noite";"Crescente";"Nublado";"Multipla";"Reta";"Sim";301566;"Caminhao";"VW/24.250 CNC 6X2";2010;"Passageiro";"Lesoes Graves";24;"Feminino";0;0;1;0;"-27.6601";"-48.6774";"SR-SC";"DEL8/1";"UOP02/SC"
169832;374437;2018-11-05;"segunda-feira";"22:30:00";"GO";60;385,9;"RIO VERDE";"Sim";"Ingestao de alcool";1;"Colisao com objeto estatico";"Com Vitimas Feridas";"Plena Noite";"Crescente";"Garoa/Chuvisco";"Dupla";"Nao Informado";"Sim";303401;"Caminhao-trator";"M.BENZ/LS 1941";1990;"Condutor";"Lesoes Leves";51;"Masculino";0;1;0;0;"-17.7964";"-50.914";"SR-GO";"DEL1/4";"UOP01/GO"
169838;373876;2018-11-05;"segunda-feira";"23:29:00";"MG";116;529;"CARATINGA";"Sim";"Ingestao de alcool";1;"Queda de ocupante de veiculo";"Com Vitimas Feridas";"Plena Noite";"Crescente";"Nevoeiro/Neblina";"Simples";"Reta";"Sim";301791;"Motocicleta";"HONDA/CG 150 TITAN ES";2008;"Condutor";"Lesoes Leves";23;"Masculino";0;1;0;0;"-19.8035925";"-42.13619471";"SR-MG";"DEL4/6";"UOP02/MG"
169852;373826;2018-11-06;"terca-feira";"04:32:00";"SP";116;272;"TABOAO DA SERRA";"Sim";"Ingestao de alcool";1;"Queda de ocupante de veiculo";"Com Vitimas Feridas";"Plena Noite";"Crescente";"Ceu Claro";"Dupla";"Reta";"Sim";302896;"Motocicleta";"HONDA/CG 160 FAN";2017;"Passageiro";"Lesoes Graves";18;"Feminino";0;0;1;0;"-23.61574417";"-46.78669453";"SR-SP";"DEL6/4";"UOP01/SP"
169852;373824;2018-11-06;"terca-feira";"04:32:00";"SP";116;272;"TABOAO DA SERRA";"Sim";"Ingestao de alcool";1;"Queda de ocupante de veiculo";"Com Vitimas Feridas";"Plena Noite";"Crescente";"Ceu Claro";"Dupla";"Reta";"Sim";302896;"Motocicleta";"HONDA/CG 160 FAN";2017;"Condutor";"Lesoes Graves";19;"Masculino";0;0;1;0;"-23.61574417";"-46.78669453";"SR-SP";"DEL6/4";"UOP01/SP"
169864;372454;2018-11-06;"terca-feira";"06:30:00";"GO";60;70;"ABADIANIA";"Sim";"Ingestao de alcool";1;"Saida de leito carrocavel";"Sem Vitimas";"Pleno dia";"Decrescente";"Chuva";"Dupla";"Reta";"Nao";301872;"Caminhonete";"GM/MONTANA CONQUEST";2009;"Passageiro";"Ileso";16;"Masculino";1;0;0;0;"-16.2462";"-48.7613";"SR-GO";"DEL1/2";"UOP01/GO"
169864;372453;2018-11-06;"terca-feira";"06:30:00";"GO";60;70;"ABADIANIA";"Sim";"Ingestao de alcool";1;"Saida de leito carrocavel";"Sem Vitimas";"Pleno dia";"Decrescente";"Chuva";"Dupla";"Reta";"Nao";301872;"Caminhonete";"GM/MONTANA CONQUEST";2009;"Condutor";"Ileso";35;"Masculino";1;0;0;0;"-16.2462";"-48.7613";"SR-GO";"DEL1/2";"UOP01/GO"
169872;372461;2018-11-04;"domingo";"14:30:00";"RS";116;151;"CAXIAS DO SUL";"Sim";"Ingestao de alcool";1;"Colisao lateral";"Sem Vitimas";"Pleno dia";"Crescente";"Sol";"Dupla";"Reta";"Sim";301880;"Automóvel";"FIAT/PALIO FIRE FLEX";2008;"Condutor";"Ileso";48;"Masculino";1;0;0;0;"-29.18514707";"-51.17345626";"SR-RS";"DEL9/5";"UOP01/RS"
169872;372463;2018-11-04;"domingo";"14:30:00";"RS";116;151;"CAXIAS DO SUL";"Sim";"Ingestao de alcool";1;"Colisao lateral";"Sem Vitimas";"Pleno dia";"Crescente";"Sol";"Dupla";"Reta";"Sim";301882;"Automóvel";"FORD/FIESTA SEDAN1.6FLEX";2012;"Condutor";"Ileso";24;"Masculino";1;0;0;0;"-29.18514707";"-51.17345626";"SR-RS";"DEL9/5";"UOP01/RS"
169910;372550;2018-11-06;"terca-feira";"09:50:00";"PA";10;218;"IPIXUNA DO PARA";"Sim";"Ingestao de alcool";1;"Saida de leito carrocavel";"Sem Vitimas";"Pleno dia";"Crescente";"Nublado";"Simples";"Nao Informado";"Nao";301961;"Automóvel";"FIAT/SIENA ESSENCE 1.6";2016;"Condutor";"Ileso";45;"Masculino";1;0;0;0;"-2.52397882";"-47.50419617";"SR-PA";"DEL19/2";"UOP02/PA"
169947;373484;2018-11-06;"terca-feira";"16:00:00";"MG";459;95,9;"POUSO ALEGRE";"Sim";"Ingestao de alcool";1;"Colisao com objeto estatico";"Com Vitimas Fatais";"Pleno dia";"Crescente";"Nublado";"Simples";"Curva";"Nao";302122;"Caminhonete";"FIAT/STRADA TREK CE FLEX";2009;"Condutor";"Ileso";40;"Masculino";1;0;0;0;"-22.19574964";"-45.9793067";"SR-MG";"DEL4/13";"UOP01/MG"