"id";"pesid";"data_inversa";"dia_semana";"horario";"uf";"br";"km";"municipio";"causa_principal";"causa_acidente";"ordem_tipo_acidente";"tipo_acidente";"classificacao_acidente";"fase_dia";"sentido_via";"condicao_metereologica";"tipo_pista";"tracado_via";"uso_solo";"id_veiculo";"tipo_veiculo";"marca";"ano_fabricacao_veiculo";"tipo_envolvido";"estado_fisico";"idade";"sexo";"ilesos";"feridos_leves";"feridos_graves";"mortos";"latitude";"longitude";"regional";"delegacia";"uop"
169947;373486;2018-11-06;"terca-feira";"16:00:00";"MG";459;95,9;"POUSO ALEGRE";"Sim";"Ingestao de alcool";1;"Colisao com objeto estatico";"Com Vitimas Fatais";"Pleno dia";"Crescente";"Nublado";"Simples";"Curva";"Nao";302122;"Caminhonete";"FIAT/STRADA TREK CE FLEX";2009;"Passageiro";"Ileso";46;"Feminino";1;0;0;0;"-22.19574964";"-45.9793067";"SR-MG";"DEL4/13";"UOP01/MG"
169947;373479;2018-11-06;"terca-feira";"16:00:00";"MG";459;95,9;"POUSO ALEGRE";"Sim";"Ingestao de alcool";1;"Colisao com objeto estatico";"Com Vitimas Fatais";"Pleno dia";"Crescente";"Nublado";"Simples";"Curva";"Nao";302117;"Ônibus";"VW/15.190 EOD E.HD ORE";2012;"Condutor";"Lesoes Leves";37;"Masculino";0;1;0;0;"-22.19574964";"-45.9793067";"SR-MG";"DEL4/13";"UOP01/MG"
169947;373480;2018-11-06;"terca-feira";"16:00:00";"MG";459;95,9;"POUSO ALEGRE";"Sim";"Ingestao de alcool";1;"Colisao com objeto estatico";"Com Vitimas Fatais";"Pleno dia";"Crescente";"Nublado";"Simples";"Curva";"Nao";302117;"Ônibus";"VW/15.190 EOD E.HD ORE";2012;"Passageiro";"Lesoes Leves";67;"Feminino";0;1;0;0;"-22.19574964";"-45.9793067";"SR-MG";"DEL4/13";"UOP01/MG"
169947;373481;2018-11-06;"terca-feira";"16:00:00";"MG";459;95,9;"POUSO ALEGRE";"Sim";"Ingestao de alcool";1;"Colisao com objeto estatico";"Com Vitimas Fatais";"Pleno dia";"Crescente";"Nublado";"Simples";"Curva";"Nao";302117;"Ônibus";"VW/15.190 EOD E.HD ORE";2012;"Passageiro";"Ileso";50;"Masculino";1;0;0;0;"-22.19574964";"-45.9793067";"SR-MG";"DEL4/13";"UOP01/MG"
169947;372793;2018-11-06;"terca-feira";"16:00:00";"MG";459;95,9;"POUSO ALEGRE";"Sim";"Ingestao de alcool";1;"Colisao com objeto estatico";"Com Vitimas Fatais";"Pleno dia";"Crescente";"Nublado";"Simples";"Curva";"Nao";302110;"Automóvel";"GM/CHEVETTE DL";1991;"Condutor";"Óbito";62;"Masculino";0;0;0;1;"-22.19574964";"-45.9793067";"SR-MG";"DEL4/13";"UOP01/MG"
169947;373668;2018-11-06;"terca-feira";"16:00:00";"MG";459;95,9;"POUSO ALEGRE";"Sim";"Ingestao de alcool";1;"Colisao com objeto estatico";"Com Vitimas Fatais";"Pleno dia";"Crescente";"Nublado";"Simples";"Curva";"Nao";302110;"Automóvel";"GM/CHEVETTE DL";1991;"Passageiro";"Lesoes Leves";30;"Feminino";0;1;0;0;"-22.19574964";"-45.9793067";"SR-MG";"DEL4/13";"UOP01/MG"
169975;375017;2018-11-06;"terca-feira";"19:00:00";"RJ";101;192;"CASIMIRO DE ABREU";"Sim";"Ingestao de alcool";1;"Colisao traseira";"Sem Vitimas";"Plena Noite";"Crescente";"Chuva";"Multipla";"Reta";"Sim";303966;"Utilitario";"I/TOYOTA HILUX SW4 4X2SR";2010;"Condutor";"Ileso";48;"Masculino";1;0;0;0;"-22.473145";"-42.082069";"SR-RJ";"DEL5/2";"UOP04/RJ"
169975;375014;2018-11-06;"terca-feira";"19:00:00";"RJ";101;192;"CASIMIRO DE ABREU";"Sim";"Ingestao de alcool";1;"Colisao traseira";"Sem Vitimas";"Plena Noite";"Crescente";"Chuva";"Multipla";"Reta";"Sim";303964;"Automóvel";"VW/GOL 1.0";2007;"Condutor";"Ileso";40;"Masculino";1;0;0;0;"-22.473145";"-42.082069";"SR-RJ";"DEL5/2";"UOP04/RJ"
169983;374695;2018-11-06;"terca-feira";"20:00:00";"MG";381;686,6;"LAVRAS";"Sim";"Ingestao de alcool";1;"Capotamento";"Com Vitimas Feridas";"Plena Noite";"Crescente";"Nublado";"Dupla";"Curva";"Nao";303682;"Caminhao-trator";"VW/19.320 CLC TT";2008;"Condutor";"Lesoes Leves";60;"Masculino";0;1;0;0;"-21.17686074";"-45.12492638";"SR-MG";"DEL4/4";"UOP02/MG"
169996;374601;2018-11-06;"terca-feira";"21:30:00";"RJ";40;72;"PETROPOLIS";"Sim";"Ingestao de alcool";1;"Colisao frontal";"Sem Vitimas";"Plena Noite";"Crescente";"Nublado";"Simples";"Curva";"Nao";302146;"Caminhonete";"FIAT/FIORINO 1.4 FLEX";2014;"Condutor";"Ileso";46;"Masculino";1;0;0;0;"-22.45992315";"-43.22036773";"SR-RJ";"DEL5/6";"UOP03/RJ"
169996;374598;2018-11-06;"terca-feira";"21:30:00";"RJ";40;72;"PETROPOLIS";"Sim";"Ingestao de alcool";1;"Colisao frontal";"Sem Vitimas";"Plena Noite";"Crescente";"Nublado";"Simples";"Curva";"Nao";302145;"Camioneta";"RENAULT/DUSTER 16 D 4X2";2015;"Condutor";"Ileso";59;"Masculino";1;0;0;0;"-22.45992315";"-43.22036773";"SR-RJ";"DEL5/6";"UOP03/RJ"
169999;372886;2018-11-06;"terca-feira";"23:00:00";"SC";470;66,1;"INDAIAL";"Sim";"Ingestao de alcool";1;"Colisao lateral";"Sem Vitimas";"Plena Noite";"Decrescente";"Ceu Claro";"Simples";"Nao Informado";"Sim";302180;"Caminhao-trator";"IVECO/STRALIS 570S41T";2010;"Condutor";"Ileso";61;"Masculino";1;0;0;0;"-26.87007412";"-49.22447383";"SR-SC";"DEL8/4";"UOP01/SC"
169999;372887;2018-11-06;"terca-feira";"23:00:00";"SC";470;66,1;"INDAIAL";"Sim";"Ingestao de alcool";1;"Colisao lateral";"Sem Vitimas";"Plena Noite";"Decrescente";"Ceu Claro";"Simples";"Nao Informado";"Sim";302182;"Automóvel";"IMP/FIAT TIPO 1.6 IE";1994;"Condutor";"Ileso";32;"Masculino";1;0;0;0;"-26.87007412";"-49.22447383";"SR-SC";"DEL8/4";"UOP01/SC"
170005;373345;2018-11-06;"terca-feira";"23:50:00";"CE";116;1,4;"FORTALEZA";"Nao";"Ingestao de alcool";1;"Colisao traseira";"Sem Vitimas";"Plena Noite";"Decrescente";"Ceu Claro";"Multipla";"Nao Informado";"Sim";302406;"Ônibus";"MARCOPOLO/VOLARE V6 ON";2005;"Condutor";"Ileso";36;"Masculino";1;0;0;0;"-3.76554324";"-38.51814151";"SR-CE";"DEL16/1";"UOP02/CE"
170005;373347;2018-11-06;"terca-feira";"23:50:00";"CE";116;1,4;"FORTALEZA";"Nao";"Ingestao de alcool";1;"Colisao traseira";"Sem Vitimas";"Plena Noite";"Decrescente";"Ceu Claro";"Multipla";"Nao Informado";"Sim";302407;"Automóvel";"HONDA/CIVIC LXS FLEX";2008;"Condutor";"Ileso";32;"Feminino";1;0;0;0;"-3.76554324";"-38.51814151";"SR-CE";"DEL16/1";"UOP02/CE"
170005;373348;2018-11-06;"terca-feira";"23:50:00";"CE";116;1,4;"FORTALEZA";"Nao";"Ingestao de alcool";1;"Colisao traseira";"Sem Vitimas";"Plena Noite";"Decrescente";"Ceu Claro";"Multipla";"Nao Informado";"Sim";302408;"Automóvel";"HYUNDAI/HB20 1.0M COMFOR";2014;"Condutor";"Ileso";35;"Masculino";1;0;0;0;"-3.76554324";"-38.51814151";"SR-CE";"DEL16/1";"UOP02/CE"
170007;374487;2018-11-07;"quarta-feira";"00:10:00";"MG";459;104;"POUSO ALEGRE";"Sim";"Ingestao de alcool";1;"Atropelamento de Pedestre";"Com Vitimas Feridas";"Plena Noite";"Decrescente";"Nublado";"Dupla";"Reta";"Nao";303494;"Caminhao";"";NA;"Condutor";"Nao Informado";NA;"Nao Informado";0;0;0;0;"-22.224699";"-45.91256";"SR-MG";"DEL4/10";"UOP01/MG"
170007;374484;2018-11-07;"quarta-feira";"00:10:00";"MG";459;104;"POUSO ALEGRE";"Sim";"Ingestao de alcool";1;"Atropelamento de Pedestre";"Com Vitimas Feridas";"Plena Noite";"Decrescente";"Nublado";"Dupla";"Reta";"Nao";303494;"Caminhao";"";NA;"Pedestre";"Lesoes Leves";51;"Masculino";0;1;0;0;"-22.224699";"-45.91256";"SR-MG";"DEL4/10";"UOP01/MG"
170012;375063;2018-11-06;"terca-feira";"23:40:00";"DF";70;10;"BRASILIA";"Sim";"Ingestao de alcool";1;"Saida de leito carrocavel";"Com Vitimas Feridas";"Plena Noite";"Crescente";"Nublado";"Dupla";"Reta";"Sim";302153;"Motocicleta";"YAMAHA/YS150 FAZER ED";2014;"Testemunha";"Nao Informado";NA;"Nao Informado";0;0;0;0;"-15.787066";"-48.140709";"SR-DF";"DF";"UOP06/DF"
170012;375142;2018-11-06;"terca-feira";"23:40:00";"DF";70;10;"BRASILIA";"Sim";"Ingestao de alcool";1;"Saida de leito carrocavel";"Com Vitimas Feridas";"Plena Noite";"Crescente";"Nublado";"Dupla";"Reta";"Sim";302153;"Motocicleta";"YAMAHA/YS150 FAZER ED";2014;"Testemunha";"Nao Informado";NA;"Nao Informado";0;0;0;0;"-15.787066";"-48.140709";"SR-DF";"DF";"UOP06/DF"
170012;374964;2018-11-06;"terca-feira";"23:40:00";"DF";70;10;"BRASILIA";"Sim";"Ingestao de alcool";1;"Saida de leito carrocavel";"Com Vitimas Feridas";"Plena Noite";"Crescente";"Nublado";"Dupla";"Reta";"Sim";302153;"Motocicleta";"YAMAHA/YS150 FAZER ED";2014;"Condutor";"Lesoes Leves";34;"Masculino";0;1;0;0;"-15.787066";"-48.140709";"SR-DF";"DF";"UOP06/DF"
170019;373205;2018-11-07;"quarta-feira";"01:47:00";"PR";369;191,5;"ARAPONGAS";"Sim";"Ingestao de alcool e/ou substâncias psicoativas pelo pedestre";1;"Colisao traseira";"Sem Vitimas";"Plena Noite";"Decrescente";"Ceu Claro";"Dupla";"Reta";"Nao";302171;"Automóvel";"VW/GOL 16V";1998;"Condutor";"Ileso";25;"Feminino";1;0;0;0;"-23.4647436";"-51.42347778";"SR-PR";"DEL7/7";"UOP03/PR"
170019;373203;2018-11-07;"quarta-feira";"01:47:00";"PR";369;191,5;"ARAPONGAS";"Sim";"Ingestao de alcool e/ou substâncias psicoativas pelo pedestre";1;"Colisao traseira";"Sem Vitimas";"Plena Noite";"Decrescente";"Ceu Claro";"Dupla";"Reta";"Nao";302170;"Automóvel";"VW/GOL 16V";1999;"Condutor";"Ileso";38;"Masculino";1;0;0;0;"-23.4647436";"-51.42347778";"SR-PR";"DEL7/7";"UOP03/PR"
170102;374014;2018-11-07;"quarta-feira";"14:50:00";"MG";40;450,2;"CAETANOPOLIS";"Sim";"Ingestao de alcool";2;"Capotamento";"Sem Vitimas";"Pleno dia";"Decrescente";"Ceu Claro";"Dupla";"Reta";"Nao";303062;"Automóvel";"TOYOTA/COROLLA XEI18FLEX";2008;"Condutor";"Ileso";27;"Masculino";1;0;0;0;"-19.317";"-44.367";"SR-MG";"DEL4/2";"UOP01/MG"
170102;374022;2018-11-07;"quarta-feira";"14:50:00";"MG";40;450,2;"CAETANOPOLIS";"Sim";"Ingestao de alcool";2;"Capotamento";"Sem Vitimas";"Pleno dia";"Decrescente";"Ceu Claro";"Dupla";"Reta";"Nao";303062;"Automóvel";"TOYOTA/COROLLA XEI18FLEX";2008;"Passageiro";"Ileso";23;"Masculino";1;0;0;0;"-19.317";"-44.367";"SR-MG";"DEL4/2";"UOP01/MG"
170102;374028;2018-11-07;"quarta-feira";"14:50:00";"MG";40;450,2;"CAETANOPOLIS";"Sim";"Ingestao de alcool";2;"Capotamento";"Sem Vitimas";"Pleno dia";"Decrescente";"Ceu Claro";"Dupla";"Reta";"Nao";303062;"Automóvel";"TOYOTA/COROLLA XEI18FLEX";2008;"Passageiro";"Ileso";21;"Masculino";1;0;0;0;"-19.317";"-44.367";"SR-MG";"DEL4/2";"UOP01/MG"
170108;373179;2018-10-27;"sabado";"22:05:00";"MS";163;725;"COXIM";"Sim";"Ingestao de alcool e/ou substâncias psicoativas pelo pedestre";1;"Tombamento";"Com Vitimas Feridas";"Plena Noite";"Crescente";"Ceu Claro";"Dupla";"Reta";"Sim";302324;"Motocicleta";"YAMAHA/FZ25 FAZER";2017;"Condutor";"Lesoes Leves";31;"Masculino";0;1;0;0;"-18.53235135";"-54.74143982";"SR-MS";"DEL3/6";"UOP01/MS"
170155;373371;2018-11-07;"quarta-feira";"18:30:00";"SE";101;93,2;"NOSSA SENHORA DO SOCORRO";"Sim";"Ingestao de alcool";1;"Colisao traseira";"Sem Vitimas";"Plena Noite";"Decrescente";"Ceu Claro";"Dupla";"Curva";"Sim";302464;"Automóvel";"FORD/FIESTA 16SE AT";2017;"Condutor";"Ileso";31;"Feminino";1;0;0;0;"-10.9116";"-37.1585";"SR-SE";"DEL20/1";"UOP01/SE"
170155;373372;2018-11-07;"quarta-feira";"18:30:00";"SE";101;93,2;"NOSSA SENHORA DO SOCORRO";"Sim";"Ingestao de alcool";1;"Colisao traseira";"Sem Vitimas";"Plena Noite";"Decrescente";"Ceu Claro";"Dupla";"Curva";"Sim";302464;"Automóvel";"FORD/FIESTA 16SE AT";2017;"Passageiro";"Ileso";49;"Masculino";1;0;0;0;"-10.9116";"-37.1585";"SR-SE";"DEL20/1";"UOP01/SE"
170155;373369;2018-11-07;"quarta-feira";"18:30:00";"SE";101;93,2;"NOSSA SENHORA DO SOCORRO";"Sim";"Ingestao de alcool";1;"Colisao traseira";"Sem Vitimas";"Plena Noite";"Decrescente";"Ceu Claro";"Dupla";"Curva";"Sim";302463;"Caminhonete";"I/TOYOTA HILUX CD4X4 SRV";2006;"Condutor";"Ileso";49;"Masculino";1;0;0;0;"-10.9116";"-37.1585";"SR-SE";"DEL20/1";"UOP01/SE"
170160;373288;2018-11-07;"quarta-feira";"18:30:00";"SC";470;268,4;"CURITIBANOS";"Sim";"Ingestao de alcool";1;"Colisao com objeto estatico";"Com Vitimas Feridas";"Pleno dia";"Decrescente";"Ceu Claro";"Simples";"Nao Informado";"Nao";302405;"Automóvel";"FIAT/PALIO FIRE ECONOMY";2009;"Condutor";"Lesoes Leves";53;"Masculino";0;1;0;0;"-27.31138361";"-50.75271606";"SR-SC";"DEL8/5";"UOP03/SC"
170170;376920;2018-11-07;"quarta-feira";"21:15:00";"MG";365;626;"UBERLANDIA";"Sim";"Ingestao de alcool";1;"Colisao com objeto estatico";"Com Vitimas Feridas";"Plena Noite";"Crescente";"Chuva";"Dupla";"Reta";"Sim";302490;"Automóvel";"VW/PARATI S";1985;"Condutor";"Lesoes Leves";37;"Masculino";0;1;0;0;"-18.90781914";"-48.31416428";"SR-MG";"DEL4/15";"UOP01/MG"
170174;373315;2018-11-03;"sabado";"14:10:00";"SC";101;276,9;"IMBITUBA";"Nao";"Ingestao de alcool";1;"Colisao transversal";"Com Vitimas Feridas";"Pleno dia";"Crescente";"Garoa/Chuvisco";"Dupla";"Reta";"Nao";302436;"Caminhonete";"FIAT/STRADA FIRE FLEX";2007;"Passageiro";"Lesoes Leves";60;"Masculino";0;1;0;0;"-28.1727";"-48.6947";"SR-SC";"DEL8/2";"UOP03/SC"
170174;373316;2018-11-03;"sabado";"14:10:00";"SC";101;276,9;"IMBITUBA";"Nao";"Ingestao de alcool";1;"Colisao transversal";"Com Vitimas Feridas";"Pleno dia";"Crescente";"Garoa/Chuvisco";"Dupla";"Reta";"Nao";302437;"Automóvel";"FIAT/UNO MILLE ECONOMY";2009;"Condutor";"Ileso";35;"Masculino";1;0;0;0;"-28.1727";"-48.6947";"SR-SC";"DEL8/2";"UOP03/SC"
170174;373317;2018-11-03;"sabado";"14:10:00";"SC";101;276,9;"IMBITUBA";"Nao";"Ingestao de alcool";1;"Colisao transversal";"Com Vitimas Feridas";"Pleno dia";"Crescente";"Garoa/Chuvisco";"Dupla";"Reta";"Nao";302437;"Automóvel";"FIAT/UNO MILLE ECONOMY";2009;"Passageiro";"Lesoes Leves";31;"Masculino";0;1;0;0;"-28.1727";"-48.6947";"SR-SC";"DEL8/2";"UOP03/SC"
170174;373318;2018-11-03;"sabado";"14:10:00";"SC";101;276,9;"IMBITUBA";"Nao";"Ingestao de alcool";1;"Colisao transversal";"Com Vitimas Feridas";"Pleno dia";"Crescente";"Garoa/Chuvisco";"Dupla";"Reta";"Nao";302438;"Caminhonete";"FIAT/STRADA ADVENTURE CD";2012;"Condutor";"Ileso";40;"Masculino";1;0;0;0;"-28.1727";"-48.6947";"SR-SC";"DEL8/2";"UOP03/SC"
170174;373314;2018-11-03;"sabado";"14:10:00";"SC";101;276,9;"IMBITUBA";"Nao";"Ingestao de alcool";1;"Colisao transversal";"Com Vitimas Feridas";"Pleno dia";"Crescente";"Garoa/Chuvisco";"Dupla";"Reta";"Nao";302436;"Caminhonete";"FIAT/STRADA FIRE FLEX";2007;"Condutor";"Lesoes Leves";33;"Masculino";0;1;0;0;"-28.1727";"-48.6947";"SR-SC";"DEL8/2";"UOP03/SC"
170183;374914;2018-11-07;"quarta-feira";"20:45:00";"PB";230;376,2;"CONDADO";"Sim";"Ingestao de alcool";1;"Colisao transversal";"Com Vitimas Feridas";"Plena Noite";"Crescente";"Ceu Claro";"Simples";"Reta";"Sim";303879;"Motocicleta";"YAMAHA/LANDER XTZ250";2007;"Condutor";"Lesoes Leves";41;"Masculino";0;1;0;0;"-6.91114308";"-37.60430217";"SR-PB";"DEL14/3";"UOP02/PB"
170183;374917;2018-11-07;"quarta-feira";"20:45:00";"PB";230;376,2;"CONDADO";"Sim";"Ingestao de alcool";1;"Colisao transversal";"Com Vitimas Feridas";"Plena Noite";"Crescente";"Ceu Claro";"Simples";"Reta";"Sim";303878;"Automóvel";"GM/CELTA 4P LIFE";NA;"Condutor";"Ileso";24;"Masculino";1;0;0;0;"-6.91114308";"-37.60430217";"SR-PB";"DEL14/3";"UOP02/PB"
170190;373374;2018-11-08;"quinta-feira";"00:15:00";"SC";101;418,9;"ARARANGUA";"Sim";"Ingestao de alcool";1;"Colisao com objeto estatico";"Sem Vitimas";"Plena Noite";"Decrescente";"Nublado";"Dupla";"Reta";"Sim";302482;"Automóvel";"VW/GOLF 1.6 SPORTLINE";2010;"Condutor";"Ileso";NA;"Masculino";1;0;0;0;"-28.98396715";"-49.54050779";"SR-SC";"DEL8/2";"UOP02/SC"
170202;374570;2018-11-08;"quinta-feira";"05:20:00";"DF";40;4;"BRASILIA";"Sim";"Ingestao de alcool";1;"Colisao traseira";"Com Vitimas Feridas";"Plena Noite";"Decrescente";"Garoa/Chuvisco";"Dupla";"Reta";"Sim";302512;"Automóvel";"FIAT/PALIO ELX FLEX";2009;"Condutor";"Ileso";46;"Masculino";1;0;0;0;"-16.012033";"-47.982124";"SR-DF";"DF";"UOP01/DF"
170202;374573;2018-11-08;"quinta-feira";"05:20:00";"DF";40;4;"BRASILIA";"Sim";"Ingestao de alcool";1;"Colisao traseira";"Com Vitimas Feridas";"Plena Noite";"Decrescente";"Garoa/Chuvisco";"Dupla";"Reta";"Sim";302513;"Automóvel";"FIAT/PALIO FIRE";2003;"Condutor";"Ileso";33;"Masculino";1;0;0;0;"-16.012033";"-47.982124";"SR-DF";"DF";"UOP01/DF"
170202;374571;2018-11-08;"quinta-feira";"05:20:00";"DF";40;4;"BRASILIA";"Sim";"Ingestao de alcool";1;"Colisao traseira";"Com Vitimas Feridas";"Plena Noite";"Decrescente";"Garoa/Chuvisco";"Dupla";"Reta";"Sim";302512;"Automóvel";"FIAT/PALIO ELX FLEX";2009;"Passageiro";"Lesoes Leves";45;"Feminino";0;1;0;0;"-16.012033";"-47.982124";"SR-DF";"DF";"UOP01/DF"
170237;373584;2018-11-08;"quinta-feira";"07:50:00";"PA";222;241,7;"MARABA";"Nao";"Ingestao de alcool";1;"Colisao lateral";"Com Vitimas Feridas";"Pleno dia";"Decrescente";"Ceu Claro";"Simples";"Curva";"Sim";302652;"Motocicleta";"HONDA/CG 160 FAN";2017;"Condutor";"Ileso";36;"Masculino";1;0;0;0;"-5.32993496";"-49.08601284";"SR-PA";"DEL19/3";"UOP01/PA"
170237;373582;2018-11-08;"quinta-feira";"07:50:00";"PA";222;241,7;"MARABA";"Nao";"Ingestao de alcool";1;"Colisao lateral";"Com Vitimas Feridas";"Pleno dia";"Decrescente";"Ceu Claro";"Simples";"Curva";"Sim";302650;"Caminhao";"VW/8.120 EURO3";2011;"Condutor";"Ileso";47;"Masculino";1;0;0;0;"-5.32993496";"-49.08601284";"SR-PA";"DEL19/3";"UOP01/PA"
170237;373578;2018-11-08;"quinta-feira";"07:50:00";"PA";222;241,7;"MARABA";"Nao";"Ingestao de alcool";1;"Colisao lateral";"Com Vitimas Feridas";"Pleno dia";"Decrescente";"Ceu Claro";"Simples";"Curva";"Sim";302651;"Motocicleta";"HONDA/CG150 FAN ESDI";2011;"Condutor";"Lesoes Graves";35;"Masculino";0;0;1;0;"-5.32993496";"-49.08601284";"SR-PA";"DEL19/3";"UOP01/PA"
170251;386641;2018-11-07;"quarta-feira";"12:30:00";"MT";364;58,7;"ALTO GARCAS";"Sim";"Ingestao de alcool";1;"Colisao lateral";"Sem Vitimas";"Pleno dia";"Crescente";"Ceu Claro";"Simples";"Desvio Temporario";"Sim";302545;"Automóvel";"VW/SANTANA GL 2000";1994;"Condutor";"Ileso";41;"Masculino";1;0;0;0;"-16.936237";"-53.534367";"SR-MT";"DEL2/2";"UOP04/MT"
170251;386643;2018-11-07;"quarta-feira";"12:30:00";"MT";364;58,7;"ALTO GARCAS";"Sim";"Ingestao de alcool";1;"Colisao lateral";"Sem Vitimas";"Pleno dia";"Crescente";"Ceu Claro";"Simples";"Desvio Temporario";"Sim";302546;"Caminhao-trator";"M.BENZ/AXOR 3344S6X4";2010;"Condutor";"Ileso";46;"Masculino";1;0;0;0;"-16.936237";"-53.534367";"SR-MT";"DEL2/2";"UOP04/MT"
170334;373795;2018-11-08;"quinta-feira";"16:20:00";"MS";158;244;"TRES LAGOAS";"Sim";"Ingestao de alcool";1;"Saida de leito carrocavel";"Com Vitimas Feridas";"Pleno dia";"Crescente";"Nublado";"Simples";"Reta";"Nao";302851;"Motocicleta";"HONDA/CG 150 FAN ESI";2012;"Condutor";"Lesoes Leves";40;"Masculino";0;1;0;0;"-20.639647";"-51.759888";"SR-MS";"DEL3/7";"UOP01/MS"
170400;373834;2018-11-08;"quinta-feira";"20:56:00";"MT";163;510;"DIAMANTINO";"Sim";"Ingestao de alcool";1;"Colisao com objeto estatico";"Sem Vitimas";"Plena Noite";"Crescente";"Nublado";"Simples";"Reta";"Nao";302811;"Automóvel";"RENAULT/SANDERO EXP1016V";2009;"Condutor";"Ileso";33;"Masculino";1;0;0;0;"-14.51612408";"-56.21129036";"SR-MT";"DEL2/4";"UOP01/MT"
170409;382376;2018-11-08;"quinta-feira";"23:00:00";"MT";163;1000;"TERRA NOVA DO NORTE";"Sim";"Ingestao de alcool";1;"Colisao traseira";"Com Vitimas Feridas";"Plena Noite";"Decrescente";"Garoa/Chuvisco";"Simples";"Reta";"Nao";302860;"Automóvel";"VW/GOL SPECIAL";2001;"Condutor";"Lesoes Leves";62;"Masculino";0;1;0;0;"-10.48431288";"-55.06933954";"SR-MT";"DEL2/6";"UOP02/MT"
170409;382378;2018-11-08;"quinta-feira";"23:00:00";"MT";163;1000;"TERRA NOVA DO NORTE";"Sim";"Ingestao de alcool";1;"Colisao traseira";"Com Vitimas Feridas";"Plena Noite";"Decrescente";"Garoa/Chuvisco";"Simples";"Reta";"Nao";302861;"Caminhao-trator";"M.BENZ/LS 1935";1996;"Condutor";"Ileso";52;"Masculino";1;0;0;0;"-10.48431288";"-55.06933954";"SR-MT";"DEL2/6";"UOP02/MT"
170412;373817;2018-11-08;"quinta-feira";"21:40:00";"PA";308;206,9;"BRAGANCA";"Nao";"Ingestao de alcool";1;"Colisao frontal";"Com Vitimas Feridas";"Plena Noite";"Crescente";"Ceu Claro";"Simples";"Reta";"Nao";302872;"Motocicleta";"HONDA/NXR150 BROS ES";2011;"Condutor";"Lesoes Leves";25;"Masculino";0;1;0;0;"-1.05788895";"-46.71884537";"SR-PA";"DEL19/1";"UOP04/PA"
170412;373816;2018-11-08;"quinta-feira";"21:40:00";"PA";308;206,9;"BRAGANCA";"Nao";"Ingestao de alcool";1;"Colisao frontal";"Com Vitimas Feridas";"Plena Noite";"Crescente";"Ceu Claro";"Simples";"Reta";"Nao";302871;"Automóvel";"FIAT/SIENA ELX";2005;"Condutor";"Ileso";41;"Masculino";1;0;0;0;"-1.05788895";"-46.71884537";"SR-PA";"DEL19/1";"UOP04/PA"
170420;375478;2018-11-09;"sexta-feira";"01:10:00";"SC";101;152,5;"PORTO BELO";"Sim";"Ingestao de alcool";1;"Colisao traseira";"Sem Vitimas";"Plena Noite";"Crescente";"Garoa/Chuvisco";"Dupla";"Reta";"Nao";302886;"Utilitario";"TROLLER/T4 XLT 3.2";2016;"Condutor";"Ileso";33;"Masculino";1;0;0;0;"-27.1448";"-48.6102";"SR-SC";"DEL8/4";"UOP03/SC"
170420;375481;2018-11-09;"sexta-feira";"01:10:00";"SC";101;152,5;"PORTO BELO";"Sim";"Ingestao de alcool";1;"Colisao traseira";"Sem Vitimas";"Plena Noite";"Crescente";"Garoa/Chuvisco";"Dupla";"Reta";"Nao";302887;"Automóvel";"GM/MERIVA MAXX";2009;"Condutor";"Ileso";59;"Masculino";1;0;0;0;"-27.1448";"-48.6102";"SR-SC";"DEL8/4";"UOP03/SC"
170420;375487;2018-11-09;"sexta-feira";"01:10:00";"SC";101;152,5;"PORTO BELO";"Sim";"Ingestao de alcool";1;"Colisao traseira";"Sem Vitimas";"Plena Noite";"Crescente";"Garoa/Chuvisco";"Dupla";"Reta";"Nao";302888;"Automóvel";"FORD/FIESTA HA 1.5L S";2014;"Condutor";"Ileso";26;"Feminino";1;0;0;0;"-27.1448";"-48.6102";"SR-SC";"DEL8/4";"UOP03/SC"
170428;374676;2018-11-09;"sexta-feira";"01:50:00";"BA";116;847,5;"VITORIA DA CONQUISTA";"Nao";"Ingestao de alcool";1;"Capotamento";"Com Vitimas Feridas";"Plena Noite";"Decrescente";"Chuva";"Simples";"Curva";"Nao";302878;"Automóvel";"FIAT/UNO VIVACE 1.0";2015;"Passageiro";"Lesoes Leves";22;"Masculino";0;1;0;0;"-15.037434";"-40.96808";"SR-BA";"DEL10/8";"UOP03/BA"
170428;374673;2018-11-09;"sexta-feira";"01:50:00";"BA";116;847,5;"VITORIA DA CONQUISTA";"Nao";"Ingestao de alcool";1;"Capotamento";"Com Vitimas Feridas";"Plena Noite";"Decrescente";"Chuva";"Simples";"Curva";"Nao";302878;"Automóvel";"FIAT/UNO VIVACE 1.0";2015;"Condutor";"Ileso";NA;"Masculino";1;0;0;0;"-15.037434";"-40.96808";"SR-BA";"DEL10/8";"UOP03/BA"
170478;376617;2018-11-09;"sexta-feira";"09:40:00";"GO";40;130,2;"CRISTALINA";"Sim";"Ingestao de alcool";2;"Capotamento";"Com Vitimas Feridas";"Pleno dia";"Crescente";"Garoa/Chuvisco";"Simples";"Reta";"Nao";303360;"Automóvel";"I/VW GOLF HIGHLINE AA";2013;"Passageiro";"Lesoes Leves";32;"Masculino";0;1;0;0;"-16.908807";"-47.350073";"SR-DF";"GO";"UOP02/DF"