"id";"pesid";"data_inversa";"dia_semana";"horario";"uf";"br";"km";"municipio";"causa_principal";"causa_acidente";"ordem_tipo_acidente";"tipo_acidente";"classificacao_acidente";"fase_dia";"sentido_via";"condicao_metereologica";"tipo_pista";"tracado_via";"uso_solo";"id_veiculo";"tipo_veiculo";"marca";"ano_fabricacao_veiculo";"tipo_envolvido";"estado_fisico";"idade";"sexo";"ilesos";"feridos_leves";"feridos_graves";"mortos";"latitude";"longitude";"regional";"delegacia";"uop"
171005;381936;2018-11-11;"domingo";"11:15:00";"SP";488;4,4;"APARECIDA";"Sim";"Ingestao de alcool";1;"Colisao traseira";"Sem Vitimas";"Pleno dia";"Crescente";"Ceu Claro";"Dupla";"Reta";"Sim";303929;"Automóvel";"FIAT/TEMPRA SX";1997;"Condutor";"Ileso";42;"Masculino";1;0;0;0;"-22.86111937";"-45.2543014";"SR-SP";"DEL6/8";"UOP02/SP"
171005;381917;2018-11-11;"domingo";"11:15:00";"SP";488;4,4;"APARECIDA";"Sim";"Ingestao de alcool";1;"Colisao traseira";"Sem Vitimas";"Pleno dia";"Crescente";"Ceu Claro";"Dupla";"Reta";"Sim";303928;"Automóvel";"FIAT/UNO S";1985;"Condutor";"Ileso";67;"Masculino";1;0;0;0;"-22.86111937";"-45.2543014";"SR-SP";"DEL6/8";"UOP02/SP"
171007;375125;2018-11-11;"domingo";"11:10:00";"SC";101;135;"BALNEARIO CAMBORIU";"Sim";"Ingestao de alcool";1;"Colisao traseira";"Com Vitimas Feridas";"Pleno dia";"Crescente";"Ceu Claro";"Simples";"Reta";"Sim";304030;"Utilitario";"I/LR R.R SPT 3.0 TD HSE";2014;"Condutor";"Ileso";35;"Masculino";1;0;0;0;"-27.0081";"-48.617";"SR-SC";"DEL8/4";"UOP03/SC"
171007;375129;2018-11-11;"domingo";"11:10:00";"SC";101;135;"BALNEARIO CAMBORIU";"Sim";"Ingestao de alcool";1;"Colisao traseira";"Com Vitimas Feridas";"Pleno dia";"Crescente";"Ceu Claro";"Simples";"Reta";"Sim";304031;"Motocicleta";"YAMAHA/FAZER250 BLUEFLEX";2013;"Condutor";"Lesoes Leves";47;"Masculino";0;1;0;0;"-27.0081";"-48.617";"SR-SC";"DEL8/4";"UOP03/SC"
171007;375136;2018-11-11;"domingo";"11:10:00";"SC";101;135;"BALNEARIO CAMBORIU";"Sim";"Ingestao de alcool";1;"Colisao traseira";"Com Vitimas Feridas";"Pleno dia";"Crescente";"Ceu Claro";"Simples";"Reta";"Sim";304031;"Motocicleta";"YAMAHA/FAZER250 BLUEFLEX";2013;"Passageiro";"Lesoes Leves";44;"Feminino";0;1;0;0;"-27.0081";"-48.617";"SR-SC";"DEL8/4";"UOP03/SC"
171029;375338;2018-11-11;"domingo";"14:30:00";"PR";277;242,4;"IRATI";"Sim";"Ingestao de alcool";1;"Colisao transversal";"Com Vitimas Feridas";"Pleno dia";"Decrescente";"Ceu Claro";"Simples";"Reta";"Nao";303947;"Micro-ônibus";"FIAT/DUCATO COMBINATO";2009;"Condutor";"Ileso";67;"Masculino";1;0;0;0;"-25.45327248";"-50.65160751";"SR-PR";"DEL7/3";"UOP04/PR"
171029;375337;2018-11-11;"domingo";"14:30:00";"PR";277;242,4;"IRATI";"Sim";"Ingestao de alcool";1;"Colisao transversal";"Com Vitimas Feridas";"Pleno dia";"Decrescente";"Ceu Claro";"Simples";"Reta";"Nao";303946;"Camioneta";"I/FORD EDGE V6";2014;"Condutor";"Ileso";51;"Masculino";1;0;0;0;"-25.45327248";"-50.65160751";"SR-PR";"DEL7/3";"UOP04/PR"
171029;375333;2018-11-11;"domingo";"14:30:00";"PR";277;242,4;"IRATI";"Sim";"Ingestao de alcool";1;"Colisao transversal";"Com Vitimas Feridas";"Pleno dia";"Decrescente";"Ceu Claro";"Simples";"Reta";"Nao";303945;"Automóvel";"CHEV/PRISMA 1.4MT LT";2016;"Condutor";"Lesoes Leves";46;"Masculino";0;1;0;0;"-25.45327248";"-50.65160751";"SR-PR";"DEL7/3";"UOP04/PR"
171029;375335;2018-11-11;"domingo";"14:30:00";"PR";277;242,4;"IRATI";"Sim";"Ingestao de alcool";1;"Colisao transversal";"Com Vitimas Feridas";"Pleno dia";"Decrescente";"Ceu Claro";"Simples";"Reta";"Nao";303945;"Automóvel";"CHEV/PRISMA 1.4MT LT";2016;"Passageiro";"Lesoes Leves";42;"Feminino";0;1;0;0;"-25.45327248";"-50.65160751";"SR-PR";"DEL7/3";"UOP04/PR"
171034;375160;2018-11-11;"domingo";"15:10:00";"DF";70;0;"BRASILIA";"Sim";"Ingestao de alcool";1;"Colisao traseira";"Sem Vitimas";"Pleno dia";"Decrescente";"Ceu Claro";"Dupla";"Reta";"Sim";304037;"Caminhonete";"FIAT/STRADA HD WK CD E";2016;"Passageiro";"Ileso";8;"Feminino";1;0;0;0;"-15.792352";"-48.054509";"SR-DF";"DF";"UOP06/DF"
171034;375161;2018-11-11;"domingo";"15:10:00";"DF";70;0;"BRASILIA";"Sim";"Ingestao de alcool";1;"Colisao traseira";"Sem Vitimas";"Pleno dia";"Decrescente";"Ceu Claro";"Dupla";"Reta";"Sim";304037;"Caminhonete";"FIAT/STRADA HD WK CD E";2016;"Passageiro";"Ileso";14;"Feminino";1;0;0;0;"-15.792352";"-48.054509";"SR-DF";"DF";"UOP06/DF"
171034;375157;2018-11-11;"domingo";"15:10:00";"DF";70;0;"BRASILIA";"Sim";"Ingestao de alcool";1;"Colisao traseira";"Sem Vitimas";"Pleno dia";"Decrescente";"Ceu Claro";"Dupla";"Reta";"Sim";304037;"Caminhonete";"FIAT/STRADA HD WK CD E";2016;"Condutor";"Ileso";40;"Masculino";1;0;0;0;"-15.792352";"-48.054509";"SR-DF";"DF";"UOP06/DF"
171034;375156;2018-11-11;"domingo";"15:10:00";"DF";70;0;"BRASILIA";"Sim";"Ingestao de alcool";1;"Colisao traseira";"Sem Vitimas";"Pleno dia";"Decrescente";"Ceu Claro";"Dupla";"Reta";"Sim";304036;"Caminhonete";"RENAULT/OROCH 16 DYN42";2015;"Condutor";"Ileso";32;"Masculino";1;0;0;0;"-15.792352";"-48.054509";"SR-DF";"DF";"UOP06/DF"
171036;375037;2018-11-11;"domingo";"16:20:00";"RS";158;326,4;"SANTA MARIA";"Nao";"Ingestao de alcool";1;"Colisao traseira";"Sem Vitimas";"Pleno dia";"Decrescente";"Ceu Claro";"Simples";"Rotatória";"Sim";303974;"Automóvel";"GM/PRISMA JOY";2009;"Condutor";"Ileso";32;"Masculino";1;0;0;0;"-29.71537678";"-53.8111639";"SR-RS";"DEL9/9";"UOP01/RS"
171036;375034;2018-11-11;"domingo";"16:20:00";"RS";158;326,4;"SANTA MARIA";"Nao";"Ingestao de alcool";1;"Colisao traseira";"Sem Vitimas";"Pleno dia";"Decrescente";"Ceu Claro";"Simples";"Rotatória";"Sim";303973;"Automóvel";"VW/GOL CL 1.8";1993;"Condutor";"Ileso";21;"Masculino";1;0;0;0;"-29.71537678";"-53.8111639";"SR-RS";"DEL9/9";"UOP01/RS"
171049;376753;2018-11-11;"domingo";"16:41:00";"RJ";101;305;"SAO GONCALO";"Sim";"Ingestao de alcool";1;"Saida de leito carrocavel";"Com Vitimas Feridas";"Pleno dia";"Crescente";"Ceu Claro";"Dupla";"Reta";"Sim";304003;"Camioneta";"I/HYUNDAI TUCSON GL 20L";2008;"Testemunha";"Nao Informado";NA;"Nao Informado";0;0;0;0;"-22.78732961";"-42.99822986";"SR-RJ";"DEL5/2";"UOP02/RJ"
171049;375083;2018-11-11;"domingo";"16:41:00";"RJ";101;305;"SAO GONCALO";"Sim";"Ingestao de alcool";1;"Saida de leito carrocavel";"Com Vitimas Feridas";"Pleno dia";"Crescente";"Ceu Claro";"Dupla";"Reta";"Sim";304003;"Camioneta";"I/HYUNDAI TUCSON GL 20L";2008;"Passageiro";"Lesoes Leves";36;"Feminino";0;1;0;0;"-22.78732961";"-42.99822986";"SR-RJ";"DEL5/2";"UOP02/RJ"
171049;375085;2018-11-11;"domingo";"16:41:00";"RJ";101;305;"SAO GONCALO";"Sim";"Ingestao de alcool";1;"Saida de leito carrocavel";"Com Vitimas Feridas";"Pleno dia";"Crescente";"Ceu Claro";"Dupla";"Reta";"Sim";304003;"Camioneta";"I/HYUNDAI TUCSON GL 20L";2008;"Passageiro";"Lesoes Graves";25;"Feminino";0;0;1;0;"-22.78732961";"-42.99822986";"SR-RJ";"DEL5/2";"UOP02/RJ"
171049;375080;2018-11-11;"domingo";"16:41:00";"RJ";101;305;"SAO GONCALO";"Sim";"Ingestao de alcool";1;"Saida de leito carrocavel";"Com Vitimas Feridas";"Pleno dia";"Crescente";"Ceu Claro";"Dupla";"Reta";"Sim";304003;"Camioneta";"I/HYUNDAI TUCSON GL 20L";2008;"Condutor";"Lesoes Graves";67;"Masculino";0;0;1;0;"-22.78732961";"-42.99822986";"SR-RJ";"DEL5/2";"UOP02/RJ"
171049;375084;2018-11-11;"domingo";"16:41:00";"RJ";101;305;"SAO GONCALO";"Sim";"Ingestao de alcool";1;"Saida de leito carrocavel";"Com Vitimas Feridas";"Pleno dia";"Crescente";"Ceu Claro";"Dupla";"Reta";"Sim";304003;"Camioneta";"I/HYUNDAI TUCSON GL 20L";2008;"Passageiro";"Lesoes Graves";41;"Masculino";0;0;1;0;"-22.78732961";"-42.99822986";"SR-RJ";"DEL5/2";"UOP02/RJ"
171056;375475;2018-11-11;"domingo";"16:00:00";"BA";324;437,6;"RIACHAO DO JACUIPE";"Sim";"Ingestao de alcool";1;"Colisao traseira";"Sem Vitimas";"Pleno dia";"Crescente";"Nublado";"Simples";"Reta";"Sim";304136;"Caminhao-trator";"VOLVO/FM 370 6X2T";2011;"Condutor";"Ileso";49;"Masculino";1;0;0;0;"-11.803124";"-39.395094";"SR-BA";"DEL10/4";"UOP02/BA"
171056;375477;2018-11-11;"domingo";"16:00:00";"BA";324;437,6;"RIACHAO DO JACUIPE";"Sim";"Ingestao de alcool";1;"Colisao traseira";"Sem Vitimas";"Pleno dia";"Crescente";"Nublado";"Simples";"Reta";"Sim";304137;"Caminhao-trator";"SCANIA/R124 GA4X2NZ 420";2007;"Condutor";"Ileso";31;"Masculino";1;0;0;0;"-11.803124";"-39.395094";"SR-BA";"DEL10/4";"UOP02/BA"
171061;376480;2018-11-11;"domingo";"17:15:00";"SC";470;52,8;"BLUMENAU";"Sim";"Ingestao de alcool";1;"Colisao traseira";"Com Vitimas Feridas";"Pleno dia";"Decrescente";"Ceu Claro";"Simples";"Intersecao de vias";"Nao";305153;"Motocicleta";"HONDA/CG 125 FAN KS";2011;"Condutor";"Lesoes Leves";37;"Masculino";0;1;0;0;"-26.86607153";"-49.10045376";"SR-SC";"DEL8/4";"UOP01/SC"
171061;376481;2018-11-11;"domingo";"17:15:00";"SC";470;52,8;"BLUMENAU";"Sim";"Ingestao de alcool";1;"Colisao traseira";"Com Vitimas Feridas";"Pleno dia";"Decrescente";"Ceu Claro";"Simples";"Intersecao de vias";"Nao";305158;"Automóvel";"FIAT/ARGO DRIVE 1.3";2017;"Condutor";"Ileso";34;"Masculino";1;0;0;0;"-26.86607153";"-49.10045376";"SR-SC";"DEL8/4";"UOP01/SC"
171062;375314;2018-11-11;"domingo";"17:35:00";"SC";470;72,2;"INDAIAL";"Sim";"Ingestao de alcool";1;"Capotamento";"Com Vitimas Feridas";"Pleno dia";"Crescente";"Ceu Claro";"Simples";"Reta";"Nao";304185;"Automóvel";"I/SEAT CORDOBA";2001;"Passageiro";"Lesoes Graves";5;"Feminino";0;0;1;0;"-26.90370557";"-49.27028051";"SR-SC";"DEL8/4";"UOP01/SC"
171062;375312;2018-11-11;"domingo";"17:35:00";"SC";470;72,2;"INDAIAL";"Sim";"Ingestao de alcool";1;"Capotamento";"Com Vitimas Feridas";"Pleno dia";"Crescente";"Ceu Claro";"Simples";"Reta";"Nao";304185;"Automóvel";"I/SEAT CORDOBA";2001;"Condutor";"Lesoes Leves";29;"Masculino";0;1;0;0;"-26.90370557";"-49.27028051";"SR-SC";"DEL8/4";"UOP01/SC"
171074;375095;2018-11-11;"domingo";"18:15:00";"SC";101;32;"JOINVILLE";"Sim";"Ingestao de alcool";1;"Saida de leito carrocavel";"Com Vitimas Feridas";"Pleno dia";"Crescente";"Nublado";"Dupla";"Reta";"Nao";304007;"Automóvel";"GM/CORSA SUPER";1996;"Condutor";"Lesoes Graves";27;"Masculino";0;0;1;0;"-26.2531";"-48.9065";"SR-SC";"DEL8/3";"UOP01/SC"
171074;375096;2018-11-11;"domingo";"18:15:00";"SC";101;32;"JOINVILLE";"Sim";"Ingestao de alcool";1;"Saida de leito carrocavel";"Com Vitimas Feridas";"Pleno dia";"Crescente";"Nublado";"Dupla";"Reta";"Nao";304007;"Automóvel";"GM/CORSA SUPER";1996;"Passageiro";"Ileso";25;"Masculino";1;0;0;0;"-26.2531";"-48.9065";"SR-SC";"DEL8/3";"UOP01/SC"
171078;375198;2018-11-11;"domingo";"17:00:00";"RS";470;177;"VERANOPOLIS";"Sim";"Ingestao de alcool";1;"Tombamento";"Com Vitimas Feridas";"Pleno dia";"Crescente";"Ceu Claro";"Simples";"Reta";"Nao";304082;"Motocicleta";"HONDA/NXR160 BROS ESDD";2014;"Testemunha";"Nao Informado";NA;"Nao Informado";0;0;0;0;"-28.9328808";"-51.54180586";"SR-RS";"DEL9/6";"UOP02/RS"
171078;375202;2018-11-11;"domingo";"17:00:00";"RS";470;177;"VERANOPOLIS";"Sim";"Ingestao de alcool";1;"Tombamento";"Com Vitimas Feridas";"Pleno dia";"Crescente";"Ceu Claro";"Simples";"Reta";"Nao";304082;"Motocicleta";"HONDA/NXR160 BROS ESDD";2014;"Testemunha";"Nao Informado";NA;"Nao Informado";0;0;0;0;"-28.9328808";"-51.54180586";"SR-RS";"DEL9/6";"UOP02/RS"
171078;375196;2018-11-11;"domingo";"17:00:00";"RS";470;177;"VERANOPOLIS";"Sim";"Ingestao de alcool";1;"Tombamento";"Com Vitimas Feridas";"Pleno dia";"Crescente";"Ceu Claro";"Simples";"Reta";"Nao";304082;"Motocicleta";"HONDA/NXR160 BROS ESDD";2014;"Condutor";"Lesoes Graves";55;"Masculino";0;0;1;0;"-28.9328808";"-51.54180586";"SR-RS";"DEL9/6";"UOP02/RS"
171082;375271;2018-11-11;"domingo";"18:15:00";"MG";381;489,6;"BETIM";"Nao";"Ingestao de alcool";1;"Colisao traseira";"Com Vitimas Feridas";"Anoitecer";"Crescente";"Nublado";"Dupla";"Reta";"Sim";304023;"Automóvel";"FORD/KA";1998;"Condutor";"Ileso";33;"Masculino";1;0;0;0;"-19.95663952";"-44.13861394";"SR-MG";"DEL4/1";"UOP03/MG"
171082;375274;2018-11-11;"domingo";"18:15:00";"MG";381;489,6;"BETIM";"Nao";"Ingestao de alcool";1;"Colisao traseira";"Com Vitimas Feridas";"Anoitecer";"Crescente";"Nublado";"Dupla";"Reta";"Sim";304024;"Automóvel";"VW/GOL 1.0 GIV";2008;"Condutor";"Ileso";26;"Masculino";1;0;0;0;"-19.95663952";"-44.13861394";"SR-MG";"DEL4/1";"UOP03/MG"
171082;375273;2018-11-11;"domingo";"18:15:00";"MG";381;489,6;"BETIM";"Nao";"Ingestao de alcool";1;"Colisao traseira";"Com Vitimas Feridas";"Anoitecer";"Crescente";"Nublado";"Dupla";"Reta";"Sim";304024;"Automóvel";"VW/GOL 1.0 GIV";2008;"Passageiro";"Lesoes Leves";27;"Feminino";0;1;0;0;"-19.95663952";"-44.13861394";"SR-MG";"DEL4/1";"UOP03/MG"
171092;376608;2018-11-11;"domingo";"18:00:00";"MG";116;513;"UBAPORANGA";"Sim";"Ingestao de alcool";2;"Saida de leito carrocavel";"Com Vitimas Feridas";"Pleno dia";"Decrescente";"Ceu Claro";"Simples";"Curva";"Nao";304039;"Motocicleta";"HONDA/CG150 START";2015;"Condutor";"Lesoes Graves";34;"Feminino";0;0;1;0;"-19.66202742";"-42.11732805";"SR-MG";"DEL4/6";"UOP02/MG"
171092;376605;2018-11-11;"domingo";"18:00:00";"MG";116;513;"UBAPORANGA";"Sim";"Ingestao de alcool";2;"Saida de leito carrocavel";"Com Vitimas Feridas";"Pleno dia";"Decrescente";"Ceu Claro";"Simples";"Curva";"Nao";304038;"Motocicleta";"HONDA/CG 150 SPORT";2008;"Condutor";"Lesoes Graves";31;"Masculino";0;0;1;0;"-19.66202742";"-42.11732805";"SR-MG";"DEL4/6";"UOP02/MG"
171092;376610;2018-11-11;"domingo";"18:00:00";"MG";116;513;"UBAPORANGA";"Sim";"Ingestao de alcool";2;"Saida de leito carrocavel";"Com Vitimas Feridas";"Pleno dia";"Decrescente";"Ceu Claro";"Simples";"Curva";"Nao";304039;"Motocicleta";"HONDA/CG150 START";2015;"Passageiro";"Lesoes Graves";25;"Feminino";0;0;1;0;"-19.66202742";"-42.11732805";"SR-MG";"DEL4/6";"UOP02/MG"
171093;377027;2018-11-11;"domingo";"18:30:00";"RJ";101;276;"TANGUA";"Sim";"Ingestao de alcool";1;"Colisao lateral";"Sem Vitimas";"Anoitecer";"Crescente";"Ceu Claro";"Dupla";"Reta";"Sim";305602;"Automóvel";"HYUNDAI/HB20S 1.0M COMF";2017;"Condutor";"Ileso";52;"Masculino";1;0;0;0;"-22.737976";"-42.738766";"SR-RJ";"DEL5/2";"UOP03/RJ"
171093;377026;2018-11-11;"domingo";"18:30:00";"RJ";101;276;"TANGUA";"Sim";"Ingestao de alcool";1;"Colisao lateral";"Sem Vitimas";"Anoitecer";"Crescente";"Ceu Claro";"Dupla";"Reta";"Sim";304194;"Automóvel";"I/FORD FOCUS 1.6 FLEX FC";2007;"Condutor";"Ileso";49;"Masculino";1;0;0;0;"-22.737976";"-42.738766";"SR-RJ";"DEL5/2";"UOP03/RJ"
171095;375178;2018-11-11;"domingo";"18:50:00";"PE";101;40;"IGARASSU";"Sim";"Ingestao de alcool";1;"Colisao frontal";"Com Vitimas Feridas";"Plena Noite";"Crescente";"Ceu Claro";"Multipla";"Nao Informado";"Sim";304072;"Bicicleta";"";NA;"Condutor";"Lesoes Graves";32;"Masculino";0;0;1;0;"-7.8202252";"-34.91699338";"SR-PE";"DEL11/1";"UOP02/PE"
171095;375179;2018-11-11;"domingo";"18:50:00";"PE";101;40;"IGARASSU";"Sim";"Ingestao de alcool";1;"Colisao frontal";"Com Vitimas Feridas";"Plena Noite";"Crescente";"Ceu Claro";"Multipla";"Nao Informado";"Sim";304071;"Motocicleta";"HONDA/NXR150 BROS ESD";2012;"Passageiro";"Lesoes Graves";NA;"Feminino";0;0;1;0;"-7.8202252";"-34.91699338";"SR-PE";"DEL11/1";"UOP02/PE"
171095;375171;2018-11-11;"domingo";"18:50:00";"PE";101;40;"IGARASSU";"Sim";"Ingestao de alcool";1;"Colisao frontal";"Com Vitimas Feridas";"Plena Noite";"Crescente";"Ceu Claro";"Multipla";"Nao Informado";"Sim";304071;"Motocicleta";"HONDA/NXR150 BROS ESD";2012;"Condutor";"Lesoes Leves";52;"Masculino";0;1;0;0;"-7.8202252";"-34.91699338";"SR-PE";"DEL11/1";"UOP02/PE"
171100;375291;2018-11-11;"domingo";"20:30:00";"GO";153;431;"ANAPOLIS";"Sim";"Ingestao de alcool";1;"Tombamento";"Com Vitimas Feridas";"Plena Noite";"Crescente";"Nublado";"Dupla";"Desvio Temporario";"Sim";304169;"Motocicleta";"HONDA/CG 150 TITAN KS";2008;"Condutor";"Lesoes Leves";22;"Masculino";0;1;0;0;"-16.258045";"-48.988403";"SR-GO";"DEL1/2";"UOP01/GO"
171101;375277;2018-11-11;"domingo";"19:15:00";"RS";290;67,8;"GRAVATAI";"Sim";"Ingestao de alcool";1;"Colisao traseira";"Sem Vitimas";"Pleno dia";"Crescente";"Ceu Claro";"Dupla";"Reta";"Nao";304152;"Automóvel";"VW/CROSSFOX";2007;"Condutor";"Ileso";57;"Masculino";1;0;0;0;"-29.94256";"-50.925896";"SR-RS";"DEL9/3";"UOP02/RS"
171101;375275;2018-11-11;"domingo";"19:15:00";"RS";290;67,8;"GRAVATAI";"Sim";"Ingestao de alcool";1;"Colisao traseira";"Sem Vitimas";"Pleno dia";"Crescente";"Ceu Claro";"Dupla";"Reta";"Nao";304150;"Automóvel";"FIAT/UNO SPORTING 1.4";2014;"Condutor";"Ileso";43;"Masculino";1;0;0;0;"-29.94256";"-50.925896";"SR-RS";"DEL9/3";"UOP02/RS"
171107;375353;2018-11-11;"domingo";"20:00:00";"BA";101;876;"TEIXEIRA DE FREITAS";"Sim";"Ingestao de alcool";1;"Colisao frontal";"Com Vitimas Feridas";"Plena Noite";"Crescente";"Ceu Claro";"Simples";"Reta";"Sim";304214;"Automóvel";"I/FIAT SIENA EL FLEX";2010;"Passageiro";"Lesoes Graves";18;"Masculino";0;0;1;0;"-17.49599779";"-39.70988989";"SR-BA";"DEL10/9";"UOP03/BA"
171107;375347;2018-11-11;"domingo";"20:00:00";"BA";101;876;"TEIXEIRA DE FREITAS";"Sim";"Ingestao de alcool";1;"Colisao frontal";"Com Vitimas Feridas";"Plena Noite";"Crescente";"Ceu Claro";"Simples";"Reta";"Sim";304213;"Caminhao-trator";"VOLVO/NL12 360 4X2T EDC";1999;"Condutor";"Ileso";48;"Masculino";1;0;0;0;"-17.49599779";"-39.70988989";"SR-BA";"DEL10/9";"UOP03/BA"
171107;375348;2018-11-11;"domingo";"20:00:00";"BA";101;876;"TEIXEIRA DE FREITAS";"Sim";"Ingestao de alcool";1;"Colisao frontal";"Com Vitimas Feridas";"Plena Noite";"Crescente";"Ceu Claro";"Simples";"Reta";"Sim";304214;"Automóvel";"I/FIAT SIENA EL FLEX";2010;"Condutor";"Ileso";38;"Masculino";1;0;0;0;"-17.49599779";"-39.70988989";"SR-BA";"DEL10/9";"UOP03/BA"
171107;375349;2018-11-11;"domingo";"20:00:00";"BA";101;876;"TEIXEIRA DE FREITAS";"Sim";"Ingestao de alcool";1;"Colisao frontal";"Com Vitimas Feridas";"Plena Noite";"Crescente";"Ceu Claro";"Simples";"Reta";"Sim";304214;"Automóvel";"I/FIAT SIENA EL FLEX";2010;"Passageiro";"Lesoes Graves";38;"Feminino";0;0;1;0;"-17.49599779";"-39.70988989";"SR-BA";"DEL10/9";"UOP03/BA"
171107;378996;2018-11-11;"domingo";"20:00:00";"BA";101;876;"TEIXEIRA DE FREITAS";"Sim";"Ingestao de alcool";1;"Colisao frontal";"Com Vitimas Feridas";"Plena Noite";"Crescente";"Ceu Claro";"Simples";"Reta";"Sim";304214;"Automóvel";"I/FIAT SIENA EL FLEX";2010;"Passageiro";"Lesoes Graves";42;"Masculino";0;0;1;0;"-17.49599779";"-39.70988989";"SR-BA";"DEL10/9";"UOP03/BA"
171107;379064;2018-11-11;"domingo";"20:00:00";"BA";101;876;"TEIXEIRA DE FREITAS";"Sim";"Ingestao de alcool";1;"Colisao frontal";"Com Vitimas Feridas";"Plena Noite";"Crescente";"Ceu Claro";"Simples";"Reta";"Sim";304214;"Automóvel";"I/FIAT SIENA EL FLEX";2010;"Passageiro";"Lesoes Leves";46;"Masculino";0;1;0;0;"-17.49599779";"-39.70988989";"SR-BA";"DEL10/9";"UOP03/BA"
171124;378634;2018-11-11;"domingo";"22:00:00";"SP";153;110;"JOSE BONIFACIO";"Sim";"Ingestao de alcool";1;"Colisao frontal";"Com Vitimas Feridas";"Plena Noite";"Crescente";"Ceu Claro";"Simples";"Reta";"Nao";304174;"Automóvel";"GM/CORSA SUPER";1997;"Passageiro";"Lesoes Leves";58;"Feminino";0;1;0;0;"-21.088234";"-49.674552";"SR-SP";"DEL6/9";"UOP01/SP"
171124;378635;2018-11-11;"domingo";"22:00:00";"SP";153;110;"JOSE BONIFACIO";"Sim";"Ingestao de alcool";1;"Colisao frontal";"Com Vitimas Feridas";"Plena Noite";"Crescente";"Ceu Claro";"Simples";"Reta";"Nao";304174;"Automóvel";"GM/CORSA SUPER";1997;"Passageiro";"Ileso";32;"Feminino";1;0;0;0;"-21.088234";"-49.674552";"SR-SP";"DEL6/9";"UOP01/SP"
171124;378639;2018-11-11;"domingo";"22:00:00";"SP";153;110;"JOSE BONIFACIO";"Sim";"Ingestao de alcool";1;"Colisao frontal";"Com Vitimas Feridas";"Plena Noite";"Crescente";"Ceu Claro";"Simples";"Reta";"Nao";304175;"Caminhao";"FORD/CARGO 2422 CNL";2011;"Condutor";"Ileso";39;"Masculino";1;0;0;0;"-21.088234";"-49.674552";"SR-SP";"DEL6/9";"UOP01/SP"
171124;378633;2018-11-11;"domingo";"22:00:00";"SP";153;110;"JOSE BONIFACIO";"Sim";"Ingestao de alcool";1;"Colisao frontal";"Com Vitimas Feridas";"Plena Noite";"Crescente";"Ceu Claro";"Simples";"Reta";"Nao";304174;"Automóvel";"GM/CORSA SUPER";1997;"Condutor";"Lesoes Leves";47;"Masculino";0;1;0;0;"-21.088234";"-49.674552";"SR-SP";"DEL6/9";"UOP01/SP"
171126;376305;2018-11-11;"domingo";"22:40:00";"RS";116;196;"PICADA CAFE";"Sim";"Ingestao de alcool";1;"Saida de leito carrocavel";"Com Vitimas Feridas";"Plena Noite";"Crescente";"Ceu Claro";"Simples";"Curva";"Sim";304206;"Automóvel";"FIAT/UNO VIVACE 1.0";2011;"Condutor";"Lesoes Leves";31;"Masculino";0;1;0;0;"-29.463536";"-51.145471";"SR-RS";"DEL9/5";"UOP02/RS"
171149;379597;2018-11-11;"domingo";"23:25:00";"DF";20;22;"BRASILIA";"Sim";"Ingestao de alcool";2;"Saida de leito carrocavel";"Sem Vitimas";"Plena Noite";"Crescente";"Nublado";"Dupla";"Nao Informado";"Sim";307560;"Automóvel";"VW/NOVO VOYAGE 1.6";2012;"Condutor";"Ileso";35;"Masculino";1;0;0;0;"-15.59883271";"-47.67631531";"SR-DF";"DF";"UOP04/DF"
171149;379598;2018-11-11;"domingo";"23:25:00";"DF";20;22;"BRASILIA";"Sim";"Ingestao de alcool";2;"Saida de leito carrocavel";"Sem Vitimas";"Plena Noite";"Crescente";"Nublado";"Dupla";"Nao Informado";"Sim";307560;"Automóvel";"VW/NOVO VOYAGE 1.6";2012;"Passageiro";"Ileso";28;"Masculino";1;0;0;0;"-15.59883271";"-47.67631531";"SR-DF";"DF";"UOP04/DF"
171149;379599;2018-11-11;"domingo";"23:25:00";"DF";20;22;"BRASILIA";"Sim";"Ingestao de alcool";2;"Saida de leito carrocavel";"Sem Vitimas";"Plena Noite";"Crescente";"Nublado";"Dupla";"Nao Informado";"Sim";307560;"Automóvel";"VW/NOVO VOYAGE 1.6";2012;"Passageiro";"Ileso";21;"Masculino";1;0;0;0;"-15.59883271";"-47.67631531";"SR-DF";"DF";"UOP04/DF"
171149;379600;2018-11-11;"domingo";"23:25:00";"DF";20;22;"BRASILIA";"Sim";"Ingestao de alcool";2;"Saida de leito carrocavel";"Sem Vitimas";"Plena Noite";"Crescente";"Nublado";"Dupla";"Nao Informado";"Sim";307560;"Automóvel";"VW/NOVO VOYAGE 1.6";2012;"Passageiro";"Ileso";20;"Feminino";1;0;0;0;"-15.59883271";"-47.67631531";"SR-DF";"DF";"UOP04/DF"
171149;379602;2018-11-11;"domingo";"23:25:00";"DF";20;22;"BRASILIA";"Sim";"Ingestao de alcool";2;"Saida de leito carrocavel";"Sem Vitimas";"Plena Noite";"Crescente";"Nublado";"Dupla";"Nao Informado";"Sim";307563;"Automóvel";"FIAT/SIENA FIRE";2002;"Condutor";"Ileso";47;"Masculino";1;0;0;0;"-15.59883271";"-47.67631531";"SR-DF";"DF";"UOP04/DF"