"id";"pesid";"data_inversa";"dia_semana";"horario";"uf";"br";"km";"municipio";"causa_principal";"causa_acidente";"ordem_tipo_acidente";"tipo_acidente";"classificacao_acidente";"fase_dia";"sentido_via";"condicao_metereologica";"tipo_pista";"tracado_via";"uso_solo";"id_veiculo";"tipo_veiculo";"marca";"ano_fabricacao_veiculo";"tipo_envolvido";"estado_fisico";"idade";"sexo";"ilesos";"feridos_leves";"feridos_graves";"mortos";"latitude";"longitude";"regional";"delegacia";"uop"
171295;375680;2018-11-12;"segunda-feira";"18:50:00";"AL";316;250;"PILAR";"Sim";"Ingestao de alcool e/ou substâncias psicoativas pelo pedestre";1;"Atropelamento de Pedestre";"Com Vitimas Feridas";"Plena Noite";"Crescente";"Vento";"Simples";"Reta";"Sim";304447;"Motocicleta";"HONDA/CG 160 TITAN EX";2017;"Condutor";"Lesoes Leves";56;"Masculino";0;1;0;0;"-9.58500866";"-35.95833778";"SR-AL";"DEL13/1";"UOP01/AL"
171295;375681;2018-11-12;"segunda-feira";"18:50:00";"AL";316;250;"PILAR";"Sim";"Ingestao de alcool e/ou substâncias psicoativas pelo pedestre";1;"Atropelamento de Pedestre";"Com Vitimas Feridas";"Plena Noite";"Crescente";"Vento";"Simples";"Reta";"Sim";304447;"Motocicleta";"HONDA/CG 160 TITAN EX";2017;"Pedestre";"Lesoes Leves";48;"Masculino";0;1;0;0;"-9.58500866";"-35.95833778";"SR-AL";"DEL13/1";"UOP01/AL"
171350;379467;2018-11-13;"terca-feira";"14:00:00";"SC";282;1,8;"FLORIANOPOLIS";"Sim";"Ingestao de alcool";1;"Colisao traseira";"Com Vitimas Feridas";"Pleno dia";"Decrescente";"Sol";"Dupla";"Reta";"Sim";307444;"Automóvel";"I/CHEVROLET AGILE LTZ";2011;"Condutor";"Ileso";51;"Masculino";1;0;0;0;"-27.60182975";"-48.57896067";"SR-SC";"DEL8/1";"UOP01/SC"
171350;379468;2018-11-13;"terca-feira";"14:00:00";"SC";282;1,8;"FLORIANOPOLIS";"Sim";"Ingestao de alcool";1;"Colisao traseira";"Com Vitimas Feridas";"Pleno dia";"Decrescente";"Sol";"Dupla";"Reta";"Sim";307445;"Automóvel";"RENAULT/SANDERO EXP1016V";2011;"Condutor";"Lesoes Leves";44;"Feminino";0;1;0;0;"-27.60182975";"-48.57896067";"SR-SC";"DEL8/1";"UOP01/SC"
171350;379469;2018-11-13;"terca-feira";"14:00:00";"SC";282;1,8;"FLORIANOPOLIS";"Sim";"Ingestao de alcool";1;"Colisao traseira";"Com Vitimas Feridas";"Pleno dia";"Decrescente";"Sol";"Dupla";"Reta";"Sim";307446;"Caminhonete";"GM/MONTANA OFF ROAD";2004;"Condutor";"Ileso";28;"Masculino";1;0;0;0;"-27.60182975";"-48.57896067";"SR-SC";"DEL8/1";"UOP01/SC"
171388;375851;2018-11-13;"terca-feira";"17:30:00";"CE";116;13,2;"FORTALEZA";"Nao";"Ingestao de alcool";1;"Colisao lateral";"Com Vitimas Feridas";"Anoitecer";"Crescente";"Ceu Claro";"Multipla";"Intersecao de vias";"Sim";304590;"Automóvel";"HYUNDAI/HB20 1.0M COMFOR";2016;"Condutor";"Ileso";32;"Feminino";1;0;0;0;"-3.8732";"-38.499";"SR-CE";"DEL16/1";"UOP02/CE"
171388;375853;2018-11-13;"terca-feira";"17:30:00";"CE";116;13,2;"FORTALEZA";"Nao";"Ingestao de alcool";1;"Colisao lateral";"Com Vitimas Feridas";"Anoitecer";"Crescente";"Ceu Claro";"Multipla";"Intersecao de vias";"Sim";304600;"Bicicleta";"";NA;"Testemunha";"Nao Informado";NA;"Nao Informado";0;0;0;0;"-3.8732";"-38.499";"SR-CE";"DEL16/1";"UOP02/CE"
171388;375863;2018-11-13;"terca-feira";"17:30:00";"CE";116;13,2;"FORTALEZA";"Nao";"Ingestao de alcool";1;"Colisao lateral";"Com Vitimas Feridas";"Anoitecer";"Crescente";"Ceu Claro";"Multipla";"Intersecao de vias";"Sim";304600;"Bicicleta";"";NA;"Condutor";"Lesoes Graves";55;"Masculino";0;0;1;0;"-3.8732";"-38.499";"SR-CE";"DEL16/1";"UOP02/CE"
171419;375948;2018-11-13;"terca-feira";"22:30:00";"PR";376;12,8;"MARINGA";"Sim";"Ingestao de alcool";1;"Atropelamento de Pedestre";"Com Vitimas Feridas";"Plena Noite";"Crescente";"Ceu Claro";"Dupla";"Nao Informado";"Sim";304686;"Motocicleta";"HONDA/CG 125 TITAN";1998;"Condutor";"Lesoes Leves";40;"Masculino";0;1;0;0;"-23.39488768";"-51.8874836";"SR-PR";"DEL7/7";"UOP04/PR"
171419;376899;2018-11-13;"terca-feira";"22:30:00";"PR";376;12,8;"MARINGA";"Sim";"Ingestao de alcool";1;"Atropelamento de Pedestre";"Com Vitimas Feridas";"Plena Noite";"Crescente";"Ceu Claro";"Dupla";"Nao Informado";"Sim";304686;"Motocicleta";"HONDA/CG 125 TITAN";1998;"Pedestre";"Lesoes Leves";25;"Masculino";0;1;0;0;"-23.39488768";"-51.8874836";"SR-PR";"DEL7/7";"UOP04/PR"
171422;377457;2018-11-13;"terca-feira";"22:00:00";"SP";116;229;"SAO PAULO";"Sim";"Ingestao de alcool";1;"Colisao lateral";"Sem Vitimas";"Plena Noite";"Decrescente";"Ceu Claro";"Multipla";"Reta";"Nao";305923;"Caminhao";"";NA;"Condutor";"Nao Informado";NA;"Nao Informado";0;0;0;0;"-23.510793";"-46.57425284";"SR-SP";"DEL6/1";"UOP01/SP"
171422;375899;2018-11-13;"terca-feira";"22:00:00";"SP";116;229;"SAO PAULO";"Sim";"Ingestao de alcool";1;"Colisao lateral";"Sem Vitimas";"Plena Noite";"Decrescente";"Ceu Claro";"Multipla";"Reta";"Nao";304644;"Automóvel";"FORD/KA FLEX";2008;"Condutor";"Ileso";55;"Masculino";1;0;0;0;"-23.510793";"-46.57425284";"SR-SP";"DEL6/1";"UOP01/SP"
171435;384275;2018-11-14;"quarta-feira";"01:45:00";"PR";376;509;"PONTA GROSSA";"Sim";"Ingestao de alcool";1;"Colisao lateral";"Sem Vitimas";"Plena Noite";"Decrescente";"Nublado";"Dupla";"Reta";"Nao";311184;"Caminhao-trator";"VOLVO/FH 460 6X2T";2018;"Condutor";"Ileso";32;"Masculino";1;0;0;0;"-25.21362407";"-50.05994707";"SR-PR";"DEL7/3";"UOP03/PR"
171435;384290;2018-11-14;"quarta-feira";"01:45:00";"PR";376;509;"PONTA GROSSA";"Sim";"Ingestao de alcool";1;"Colisao lateral";"Sem Vitimas";"Plena Noite";"Decrescente";"Nublado";"Dupla";"Reta";"Nao";311187;"Semireboque";"SR/GUERRA AG GR";2008;"Testemunha";"Nao Informado";NA;"Nao Informado";0;0;0;0;"-25.21362407";"-50.05994707";"SR-PR";"DEL7/3";"UOP03/PR"
171435;384271;2018-11-14;"quarta-feira";"01:45:00";"PR";376;509;"PONTA GROSSA";"Sim";"Ingestao de alcool";1;"Colisao lateral";"Sem Vitimas";"Plena Noite";"Decrescente";"Nublado";"Dupla";"Reta";"Nao";304702;"Automóvel";"RENAULT/LOGAN EXP 16";2011;"Condutor";"Ileso";41;"Masculino";1;0;0;0;"-25.21362407";"-50.05994707";"SR-PR";"DEL7/3";"UOP03/PR"
171436;375931;2018-11-14;"quarta-feira";"01:20:00";"RJ";101;262;"RIO BONITO";"Nao";"Ingestao de alcool";1;"Colisao com objeto estatico";"Sem Vitimas";"Plena Noite";"Decrescente";"Ceu Claro";"Dupla";"Curva";"Nao";304675;"Caminhao-trator";"M.BENZ/AX0R 1933 S";2013;"Condutor";"Ileso";51;"Masculino";1;0;0;0;"-22.713675";"-42.620529";"SR-RJ";"DEL5/2";"UOP03/RJ"
171440;375940;2018-11-14;"quarta-feira";"01:00:00";"SE";235;6;"NOSSA SENHORA DO SOCORRO";"Sim";"Ingestao de alcool";1;"Colisao com objeto estatico";"Com Vitimas Feridas";"Plena Noite";"Decrescente";"Nublado";"Dupla";"Curva";"Sim";304672;"Motocicleta";"HONDA/CG 125 FAN ES";2014;"Condutor";"Lesoes Graves";41;"Masculino";0;0;1;0;"-10.90425795";"-37.13172376";"SR-SE";"DEL20/1";"UOP01/SE"
171446;375978;2018-11-14;"quarta-feira";"03:40:00";"RJ";116;168,1;"SAO JOAO DE MERITI";"Sim";"Ingestao de alcool";1;"Colisao traseira";"Sem Vitimas";"Plena Noite";"Crescente";"Ceu Claro";"Multipla";"Reta";"Sim";304690;"Automóvel";"CHEVROLET/ONIX 10MT JOYE";2016;"Condutor";"Ileso";34;"Masculino";1;0;0;0;"-22.7954757";"-43.36175532";"SR-RJ";"DEL5/1";"UOP02/RJ"
171446;375979;2018-11-14;"quarta-feira";"03:40:00";"RJ";116;168,1;"SAO JOAO DE MERITI";"Sim";"Ingestao de alcool";1;"Colisao traseira";"Sem Vitimas";"Plena Noite";"Crescente";"Ceu Claro";"Multipla";"Reta";"Sim";304691;"Automóvel";"VW/VOYAGE 1.6";2012;"Condutor";"Ileso";30;"Masculino";1;0;0;0;"-22.7954757";"-43.36175532";"SR-RJ";"DEL5/1";"UOP02/RJ"
171488;377452;2018-11-14;"quarta-feira";"04:43:00";"MT";364;272;"JACIARA";"Sim";"Ingestao de alcool";1;"Colisao com objeto estatico";"Sem Vitimas";"Plena Noite";"Decrescente";"Nublado";"Dupla";"Curva";"Sim";305920;"Caminhonete";"TOYOTA/BANDEIRANTE";1989;"Condutor";"Ileso";57;"Masculino";1;0;0;0;"-15.95340684";"-54.97789264";"SR-MT";"DEL2/1";"UOP02/MT"
171531;376133;2018-11-14;"quarta-feira";"13:40:00";"PR";369;191,8;"ARAPONGAS";"Sim";"Ingestao de alcool";1;"Saida de leito carrocavel";"Sem Vitimas";"Pleno dia";"Crescente";"Vento";"Dupla";"Reta";"Nao";304825;"Automóvel";"GM/ASTRA HB 2P ADVANTAGE";2005;"Condutor";"Ileso";47;"Masculino";1;0;0;0;"-23.468802";"-51.423783";"SR-PR";"DEL7/7";"UOP03/PR"
171582;376176;2018-11-14;"quarta-feira";"16:18:00";"MG";40;607,6;"CONGONHAS";"Sim";"Ingestao de alcool";1;"Atropelamento de Pedestre";"Com Vitimas Feridas";"Pleno dia";"Decrescente";"Ceu Claro";"Simples";"Reta";"Nao";307482;"Semireboque";"";NA;"Pedestre";"Lesoes Graves";31;"Masculino";0;0;1;0;"-20.4831";"-43.8395";"SR-MG";"DEL4/5";"UOP02/MG"
171582;379507;2018-11-14;"quarta-feira";"16:18:00";"MG";40;607,6;"CONGONHAS";"Sim";"Ingestao de alcool";1;"Atropelamento de Pedestre";"Com Vitimas Feridas";"Pleno dia";"Decrescente";"Ceu Claro";"Simples";"Reta";"Nao";307482;"Semireboque";"";NA;"Condutor";"Nao Informado";NA;"Nao Informado";0;0;0;0;"-20.4831";"-43.8395";"SR-MG";"DEL4/5";"UOP02/MG"
171629;376314;2018-11-14;"quarta-feira";"21:00:00";"GO";153;588,9;"PIRACANJUBA";"Nao";"Ingestao de alcool";1;"Saida de leito carrocavel";"Com Vitimas Feridas";"Plena Noite";"Crescente";"Nublado";"Dupla";"Reta";"Nao";305002;"Automóvel";"FIAT/LINEA ESSENCE 1.8";2012;"Passageiro";"Lesoes Leves";40;"Masculino";0;1;0;0;"-17.4509";"-49.2274";"SR-GO";"DEL1/3";"UOP01/GO"
171629;376313;2018-11-14;"quarta-feira";"21:00:00";"GO";153;588,9;"PIRACANJUBA";"Nao";"Ingestao de alcool";1;"Saida de leito carrocavel";"Com Vitimas Feridas";"Plena Noite";"Crescente";"Nublado";"Dupla";"Reta";"Nao";305002;"Automóvel";"FIAT/LINEA ESSENCE 1.8";2012;"Condutor";"Lesoes Leves";36;"Masculino";0;1;0;0;"-17.4509";"-49.2274";"SR-GO";"DEL1/3";"UOP01/GO"
171661;376337;2018-11-14;"quarta-feira";"23:10:00";"PR";277;38;"PARANAGUA";"Sim";"Ingestao de alcool e/ou substâncias psicoativas pelo pedestre";1;"Colisao traseira";"Com Vitimas Feridas";"Plena Noite";"Decrescente";"Ceu Claro";"Dupla";"Reta";"Nao";305033;"Automóvel";"IMP/KIA SEPHIA";1994;"Condutor";"Lesoes Leves";54;"Masculino";0;1;0;0;"-25.64152637";"-48.53210449";"SR-PR";"DEL7/1";"UOP07/PR"
171681;376400;2018-11-15;"quinta-feira";"03:00:00";"SC";101;151;"ITAPEMA";"Sim";"Ingestao de alcool";1;"Colisao com objeto estatico";"Sem Vitimas";"Plena Noite";"Crescente";"Ceu Claro";"Dupla";"Reta";"Sim";305087;"Automóvel";"I/PEUGEOT 207HB XR S";2011;"Condutor";"Ileso";68;"Masculino";1;0;0;0;"-27.12853824";"-48.60971045";"SR-SC";"DEL8/4";"UOP03/SC"
171691;377833;2018-11-15;"quinta-feira";"05:30:00";"ES";101;218;"IBIRACU";"Sim";"Ingestao de alcool";1;"Colisao com objeto estatico";"Sem Vitimas";"Amanhecer";"Crescente";"Ceu Claro";"Dupla";"Curva";"Nao";306223;"Automóvel";"CHEVROLET/CRUZE LT NB";2011;"Condutor";"Ileso";49;"Masculino";1;0;0;0;"-19.85787494";"-40.38278222";"SR-ES";"DEL12/2";"UOP01/ES"
171705;377956;2018-11-15;"quinta-feira";"06:30:00";"SP";116;301;"SAO LOURENCO DA SERRA";"Sim";"Ingestao de alcool";1;"Colisao com objeto estatico";"Com Vitimas Feridas";"Amanhecer";"Decrescente";"Ceu Claro";"Dupla";"Reta";"Nao";305136;"Caminhonete";"FIAT/FIORINO 1.4 FLEX";2015;"Condutor";"Nao Informado";NA;"Nao Informado";0;0;0;0;"-23.84352797";"-46.93363327";"SR-SP";"DEL6/4";"UOP01/SP"
171705;377957;2018-11-15;"quinta-feira";"06:30:00";"SP";116;301;"SAO LOURENCO DA SERRA";"Sim";"Ingestao de alcool";1;"Colisao com objeto estatico";"Com Vitimas Feridas";"Amanhecer";"Decrescente";"Ceu Claro";"Dupla";"Reta";"Nao";305136;"Caminhonete";"FIAT/FIORINO 1.4 FLEX";2015;"Passageiro";"Lesoes Leves";24;"Masculino";0;1;0;0;"-23.84352797";"-46.93363327";"SR-SP";"DEL6/4";"UOP01/SP"
171726;381507;2018-11-15;"quinta-feira";"05:40:00";"RO";364;235,5;"CACOAL";"Sim";"Ingestao de alcool";1;"Saida de leito carrocavel";"Com Vitimas Feridas";"Amanhecer";"Decrescente";"Nublado";"Simples";"Rotatória";"Sim";305192;"Automóvel";"VW/FOX 1.6 HIGHLINE GII";2013;"Condutor";"Lesoes Leves";37;"Masculino";0;1;0;0;"-11.44770791";"-61.43342441";"SR-RO";"DEL21/2";"UOP02/RO"
171741;378809;2018-11-15;"quinta-feira";"11:00:00";"MG";40;520;"CONTAGEM";"Sim";"Ingestao de alcool";2;"Colisao traseira";"Com Vitimas Feridas";"Pleno dia";"Decrescente";"Ceu Claro";"Dupla";"Reta";"Nao";305384;"Automóvel";"FORD/KA SE 1.5 SD B";2016;"Condutor";"Ileso";35;"Masculino";1;0;0;0;"-19.8604";"-44.0712";"SR-MG";"DEL4/1";"UOP03/MG"
171741;378811;2018-11-15;"quinta-feira";"11:00:00";"MG";40;520;"CONTAGEM";"Sim";"Ingestao de alcool";2;"Colisao traseira";"Com Vitimas Feridas";"Pleno dia";"Decrescente";"Ceu Claro";"Dupla";"Reta";"Nao";305385;"Automóvel";"CHEVROLET/ONIX 1.0MT LT";2016;"Condutor";"Ileso";35;"Masculino";1;0;0;0;"-19.8604";"-44.0712";"SR-MG";"DEL4/1";"UOP03/MG"
171741;378982;2018-11-15;"quinta-feira";"11:00:00";"MG";40;520;"CONTAGEM";"Sim";"Ingestao de alcool";2;"Colisao traseira";"Com Vitimas Feridas";"Pleno dia";"Decrescente";"Ceu Claro";"Dupla";"Reta";"Nao";305386;"Motocicleta";"HONDA/CB600F HORNET";2005;"Passageiro";"Lesoes Leves";21;"Masculino";0;1;0;0;"-19.8604";"-44.0712";"SR-MG";"DEL4/1";"UOP03/MG"
171741;378813;2018-11-15;"quinta-feira";"11:00:00";"MG";40;520;"CONTAGEM";"Sim";"Ingestao de alcool";2;"Colisao traseira";"Com Vitimas Feridas";"Pleno dia";"Decrescente";"Ceu Claro";"Dupla";"Reta";"Nao";305386;"Motocicleta";"HONDA/CB600F HORNET";2005;"Condutor";"Lesoes Graves";26;"Masculino";0;0;1;0;"-19.8604";"-44.0712";"SR-MG";"DEL4/1";"UOP03/MG"
171748;379016;2018-11-15;"quinta-feira";"07:40:00";"RO";364;530,3;"ARIQUEMES";"Nao";"Ingestao de alcool";1;"Colisao lateral";"Com Vitimas Feridas";"Pleno dia";"Decrescente";"Nublado";"Simples";"Reta";"Nao";305191;"Automóvel";"FIAT/SIENA ATTRACTIV 1.4";2013;"Passageiro";"Ileso";21;"Feminino";1;0;0;0;"-9.798181";"-63.085915";"SR-RO";"DEL21/3";"UOP01/RO"
171748;378784;2018-11-15;"quinta-feira";"07:40:00";"RO";364;530,3;"ARIQUEMES";"Nao";"Ingestao de alcool";1;"Colisao lateral";"Com Vitimas Feridas";"Pleno dia";"Decrescente";"Nublado";"Simples";"Reta";"Nao";305190;"Automóvel";"FORD/KA SE 1.0 HA B";2017;"Condutor";"Ileso";31;"Masculino";1;0;0;0;"-9.798181";"-63.085915";"SR-RO";"DEL21/3";"UOP01/RO"
171748;378787;2018-11-15;"quinta-feira";"07:40:00";"RO";364;530,3;"ARIQUEMES";"Nao";"Ingestao de alcool";1;"Colisao lateral";"Com Vitimas Feridas";"Pleno dia";"Decrescente";"Nublado";"Simples";"Reta";"Nao";305191;"Automóvel";"FIAT/SIENA ATTRACTIV 1.4";2013;"Condutor";"Lesoes Leves";43;"Masculino";0;1;0;0;"-9.798181";"-63.085915";"SR-RO";"DEL21/3";"UOP01/RO"
171761;378575;2018-11-15;"quinta-feira";"13:00:00";"GO";414;392,3;"CORUMBA DE GOIAS";"Sim";"Ingestao de alcool";1;"Capotamento";"Com Vitimas Feridas";"Pleno dia";"Crescente";"Nublado";"Simples";"Nao Informado";"Sim";305375;"Automóvel";"I/CHERY QQ 1.1";2012;"Condutor";"Lesoes Leves";28;"Masculino";0;1;0;0;"-15.91859892";"-48.80923569";"SR-GO";"DEL1/2";"UOP01/GO"
171761;378615;2018-11-15;"quinta-feira";"13:00:00";"GO";414;392,3;"CORUMBA DE GOIAS";"Sim";"Ingestao de alcool";1;"Capotamento";"Com Vitimas Feridas";"Pleno dia";"Crescente";"Nublado";"Simples";"Nao Informado";"Sim";305376;"Automóvel";"TOYOTA/COROLLA XEI18VVT";2007;"Condutor";"Ileso";29;"Feminino";1;0;0;0;"-15.91859892";"-48.80923569";"SR-GO";"DEL1/2";"UOP01/GO"
171761;378623;2018-11-15;"quinta-feira";"13:00:00";"GO";414;392,3;"CORUMBA DE GOIAS";"Sim";"Ingestao de alcool";1;"Capotamento";"Com Vitimas Feridas";"Pleno dia";"Crescente";"Nublado";"Simples";"Nao Informado";"Sim";305376;"Automóvel";"TOYOTA/COROLLA XEI18VVT";2007;"Passageiro";"Ileso";33;"Masculino";1;0;0;0;"-15.91859892";"-48.80923569";"SR-GO";"DEL1/2";"UOP01/GO"
171761;378590;2018-11-15;"quinta-feira";"13:00:00";"GO";414;392,3;"CORUMBA DE GOIAS";"Sim";"Ingestao de alcool";1;"Capotamento";"Com Vitimas Feridas";"Pleno dia";"Crescente";"Nublado";"Simples";"Nao Informado";"Sim";305375;"Automóvel";"I/CHERY QQ 1.1";2012;"Passageiro";"Lesoes Leves";22;"Feminino";0;1;0;0;"-15.91859892";"-48.80923569";"SR-GO";"DEL1/2";"UOP01/GO"
171761;378578;2018-11-15;"quinta-feira";"13:00:00";"GO";414;392,3;"CORUMBA DE GOIAS";"Sim";"Ingestao de alcool";1;"Capotamento";"Com Vitimas Feridas";"Pleno dia";"Crescente";"Nublado";"Simples";"Nao Informado";"Sim";305375;"Automóvel";"I/CHERY QQ 1.1";2012;"Passageiro";"Lesoes Leves";23;"Feminino";0;1;0;0;"-15.91859892";"-48.80923569";"SR-GO";"DEL1/2";"UOP01/GO"
171761;378592;2018-11-15;"quinta-feira";"13:00:00";"GO";414;392,3;"CORUMBA DE GOIAS";"Sim";"Ingestao de alcool";1;"Capotamento";"Com Vitimas Feridas";"Pleno dia";"Crescente";"Nublado";"Simples";"Nao Informado";"Sim";305375;"Automóvel";"I/CHERY QQ 1.1";2012;"Passageiro";"Lesoes Leves";27;"Masculino";0;1;0;0;"-15.91859892";"-48.80923569";"SR-GO";"DEL1/2";"UOP01/GO"
171761;378614;2018-11-15;"quinta-feira";"13:00:00";"GO";414;392,3;"CORUMBA DE GOIAS";"Sim";"Ingestao de alcool";1;"Capotamento";"Com Vitimas Feridas";"Pleno dia";"Crescente";"Nublado";"Simples";"Nao Informado";"Sim";305375;"Automóvel";"I/CHERY QQ 1.1";2012;"Passageiro";"Lesoes Leves";28;"Masculino";0;1;0;0;"-15.91859892";"-48.80923569";"SR-GO";"DEL1/2";"UOP01/GO"
171787;379002;2018-11-15;"quinta-feira";"16:15:00";"SP";116;218,1;"GUARULHOS";"Sim";"Ingestao de alcool";1;"Colisao com objeto estatico";"Com Vitimas Feridas";"Pleno dia";"Crescente";"Ceu Claro";"Multipla";"Reta";"Sim";305432;"Automóvel";"FORD/KA SE 1.0 HA B";2017;"Condutor";"Lesoes Leves";25;"Masculino";0;1;0;0;"-23.45710897";"-46.47915512";"SR-SP";"DEL6/1";"UOP01/SP"
171817;378806;2018-11-15;"quinta-feira";"19:15:00";"MG";459;83,4;"CONGONHAL";"Sim";"Ingestao de alcool";1;"Colisao traseira";"Com Vitimas Fatais";"Plena Noite";"Crescente";"Garoa/Chuvisco";"Simples";"Reta";"Sim";305439;"Automóvel";"IMP/MAZDA 626 GLX";1998;"Condutor";"Ileso";NA;"Masculino";1;0;0;0;"-22.154463";"-46.071995";"SR-MG";"PM/MG";""
171817;379053;2018-11-15;"quinta-feira";"19:15:00";"MG";459;83,4;"CONGONHAL";"Sim";"Ingestao de alcool";1;"Colisao traseira";"Com Vitimas Fatais";"Plena Noite";"Crescente";"Garoa/Chuvisco";"Simples";"Reta";"Sim";305438;"Automóvel";"PEUGEOT/208 ALLURE";2014;"Testemunha";"Nao Informado";NA;"Nao Informado";0;0;0;0;"-22.154463";"-46.071995";"SR-MG";"PM/MG";""
171817;378808;2018-11-15;"quinta-feira";"19:15:00";"MG";459;83,4;"CONGONHAL";"Sim";"Ingestao de alcool";1;"Colisao traseira";"Com Vitimas Fatais";"Plena Noite";"Crescente";"Garoa/Chuvisco";"Simples";"Reta";"Sim";305440;"Bicicleta";"MONARK/";NA;"Condutor";"Lesoes Leves";31;"Feminino";0;1;0;0;"-22.154463";"-46.071995";"SR-MG";"PM/MG";""
171817;378790;2018-11-15;"quinta-feira";"19:15:00";"MG";459;83,4;"CONGONHAL";"Sim";"Ingestao de alcool";1;"Colisao traseira";"Com Vitimas Fatais";"Plena Noite";"Crescente";"Garoa/Chuvisco";"Simples";"Reta";"Sim";305438;"Automóvel";"PEUGEOT/208 ALLURE";2014;"Condutor";"Ileso";27;"Masculino";1;0;0;0;"-22.154463";"-46.071995";"SR-MG";"PM/MG";""
171817;376834;2018-11-15;"quinta-feira";"19:15:00";"MG";459;83,4;"CONGONHAL";"Sim";"Ingestao de alcool";1;"Colisao traseira";"Com Vitimas Fatais";"Plena Noite";"Crescente";"Garoa/Chuvisco";"Simples";"Reta";"Sim";305437;"Bicicleta";"MONARK/";NA;"Condutor";"Óbito";43;"Feminino";0;0;0;1;"-22.154463";"-46.071995";"SR-MG";"PM/MG";""
171818;378934;2018-11-15;"quinta-feira";"18:30:00";"PE";232;79;"GRAVATA";"Sim";"Ingestao de alcool";1;"Colisao transversal";"Com Vitimas Feridas";"Plena Noite";"Decrescente";"Ceu Claro";"Simples";"Rotatória";"Sim";305332;"Automóvel";"VW/GOL CL";1992;"Condutor";"Ileso";39;"Masculino";1;0;0;0;"-8.195153";"-35.561844";"SR-PE";"DEL11/1";"UOP04/PE"
171818;378936;2018-11-15;"quinta-feira";"18:30:00";"PE";232;79;"GRAVATA";"Sim";"Ingestao de alcool";1;"Colisao transversal";"Com Vitimas Feridas";"Plena Noite";"Decrescente";"Ceu Claro";"Simples";"Rotatória";"Sim";305333;"Automóvel";"GM/CORSA WIND";1995;"Condutor";"Lesoes Leves";60;"Masculino";0;1;0;0;"-8.195153";"-35.561844";"SR-PE";"DEL11/1";"UOP04/PE"
171824;376815;2018-11-15;"quinta-feira";"19:55:00";"SC";101;331;"TUBARAO";"Sim";"Ingestao de alcool";2;"Capotamento";"Com Vitimas Feridas";"Anoitecer";"Crescente";"Ceu Claro";"Simples";"Reta";"Nao";305358;"Automóvel";"VW/GOL 1.0";2012;"Condutor";"Lesoes Leves";21;"Masculino";0;1;0;0;"-28.46485261";"-48.99454767";"SR-SC";"DEL8/2";"UOP01/SC"
171824;376816;2018-11-15;"quinta-feira";"19:55:00";"SC";101;331;"TUBARAO";"Sim";"Ingestao de alcool";2;"Capotamento";"Com Vitimas Feridas";"Anoitecer";"Crescente";"Ceu Claro";"Simples";"Reta";"Nao";305358;"Automóvel";"VW/GOL 1.0";2012;"Passageiro";"Lesoes Leves";31;"Masculino";0;1;0;0;"-28.46485261";"-48.99454767";"SR-SC";"DEL8/2";"UOP01/SC"
171829;376839;2018-11-15;"quinta-feira";"20:00:00";"MG";381;497,3;"BETIM";"Sim";"Ingestao de alcool";1;"Colisao traseira";"Com Vitimas Feridas";"Plena Noite";"Decrescente";"Chuva";"Dupla";"Nao Informado";"Sim";305357;"Automóvel";"FORD/KA SE 1.5 HA";2015;"Passageiro";"Lesoes Leves";30;"Feminino";0;1;0;0;"-19.9874";"-44.2038";"SR-MG";"DEL4/1";"UOP03/MG"
171829;376836;2018-11-15;"quinta-feira";"20:00:00";"MG";381;497,3;"BETIM";"Sim";"Ingestao de alcool";1;"Colisao traseira";"Com Vitimas Feridas";"Plena Noite";"Decrescente";"Chuva";"Dupla";"Nao Informado";"Sim";305357;"Automóvel";"FORD/KA SE 1.5 HA";2015;"Condutor";"Ileso";42;"Masculino";1;0;0;0;"-19.9874";"-44.2038";"SR-MG";"DEL4/1";"UOP03/MG"
171829;376835;2018-11-15;"quinta-feira";"20:00:00";"MG";381;497,3;"BETIM";"Sim";"Ingestao de alcool";1;"Colisao traseira";"Com Vitimas Feridas";"Plena Noite";"Decrescente";"Chuva";"Dupla";"Nao Informado";"Sim";305356;"Automóvel";"FIAT/PALIO ELX FLEX";2006;"Condutor";"Ileso";51;"Masculino";1;0;0;0;"-19.9874";"-44.2038";"SR-MG";"DEL4/1";"UOP03/MG"
171834;378660;2018-11-15;"quinta-feira";"20:35:00";"SC";101;236;"PALHOCA";"Sim";"Ingestao de alcool e/ou substâncias psicoativas pelo pedestre";1;"Queda de ocupante de veiculo";"Com Vitimas Feridas";"Plena Noite";"Decrescente";"Ceu Claro";"Dupla";"Reta";"Nao";305389;"Automóvel";"RENAULT/SCENIC EXP 1616V";2005;"Condutor";"Ileso";39;"Masculino";1;0;0;0;"-27.836";"-48.6313";"SR-SC";"DEL8/1";"UOP02/SC"
171834;378662;2018-11-15;"quinta-feira";"20:35:00";"SC";101;236;"PALHOCA";"Sim";"Ingestao de alcool e/ou substâncias psicoativas pelo pedestre";1;"Queda de ocupante de veiculo";"Com Vitimas Feridas";"Plena Noite";"Decrescente";"Ceu Claro";"Dupla";"Reta";"Nao";305390;"Motoneta";"HONDA/BIZ 125 ES";2011;"Condutor";"Lesoes Leves";26;"Masculino";0;1;0;0;"-27.836";"-48.6313";"SR-SC";"DEL8/1";"UOP02/SC"