"id";"pesid";"data_inversa";"dia_semana";"horario";"uf";"br";"km";"municipio";"causa_principal";"causa_acidente";"ordem_tipo_acidente";"tipo_acidente";"classificacao_acidente";"fase_dia";"sentido_via";"condicao_metereologica";"tipo_pista";"tracado_via";"uso_solo";"id_veiculo";"tipo_veiculo";"marca";"ano_fabricacao_veiculo";"tipo_envolvido";"estado_fisico";"idade";"sexo";"ilesos";"feridos_leves";"feridos_graves";"mortos";"latitude";"longitude";"regional";"delegacia";"uop"
172086;379131;2018-11-16;"sexta-feira";"23:10:00";"ES";101;255,4;"SERRA";"Sim";"Ingestao de alcool";1;"Colisao transversal";"Com Vitimas Feridas";"Plena Noite";"Decrescente";"Ignorado";"Simples";"Intersecao de vias";"Sim";305859;"Automóvel";"I/MMC LANCER 2.0";2012;"Condutor";"Ileso";26;"Masculino";1;0;0;0;"-20.1173172";"-40.31483841";"SR-ES";"DEL12/2";"UOP01/ES"
172091;377442;2018-11-16;"sexta-feira";"22:30:00";"RJ";101;488;"ANGRA DOS REIS";"Sim";"Ingestao de alcool";1;"Colisao frontal";"Sem Vitimas";"Plena Noite";"Crescente";"Nublado";"Simples";"Curva";"Sim";305832;"Automóvel";"I/CHEVROLET CLASSIC LS";2013;"Condutor";"Ileso";27;"Masculino";1;0;0;0;"-22.95633847";"-44.30166006";"SR-RJ";"DEL5/3";"UOP02/RJ"
172091;379124;2018-11-16;"sexta-feira";"22:30:00";"RJ";101;488;"ANGRA DOS REIS";"Sim";"Ingestao de alcool";1;"Colisao frontal";"Sem Vitimas";"Plena Noite";"Crescente";"Nublado";"Simples";"Curva";"Sim";305831;"Automóvel";"CHEVROLET/CRUZE LT NB";2012;"Passageiro";"Ileso";36;"Masculino";1;0;0;0;"-22.95633847";"-44.30166006";"SR-RJ";"DEL5/3";"UOP02/RJ"
172091;377440;2018-11-16;"sexta-feira";"22:30:00";"RJ";101;488;"ANGRA DOS REIS";"Sim";"Ingestao de alcool";1;"Colisao frontal";"Sem Vitimas";"Plena Noite";"Crescente";"Nublado";"Simples";"Curva";"Sim";305831;"Automóvel";"CHEVROLET/CRUZE LT NB";2012;"Condutor";"Ileso";40;"Masculino";1;0;0;0;"-22.95633847";"-44.30166006";"SR-RJ";"DEL5/3";"UOP02/RJ"
172091;379212;2018-11-16;"sexta-feira";"22:30:00";"RJ";101;488;"ANGRA DOS REIS";"Sim";"Ingestao de alcool";1;"Colisao frontal";"Sem Vitimas";"Plena Noite";"Crescente";"Nublado";"Simples";"Curva";"Sim";305832;"Automóvel";"I/CHEVROLET CLASSIC LS";2013;"Passageiro";"Ileso";19;"Feminino";1;0;0;0;"-22.95633847";"-44.30166006";"SR-RJ";"DEL5/3";"UOP02/RJ"
172095;377342;2018-11-17;"sabado";"01:30:00";"PR";116;57,4;"CAMPINA GRANDE DO SUL";"Sim";"Ingestao de alcool";1;"Saida de leito carrocavel";"Com Vitimas Feridas";"Plena Noite";"Decrescente";"Ceu Claro";"Dupla";"Curva";"Nao";305847;"Automóvel";"VW/GOLF GENERATION";2002;"Passageiro";"Lesoes Leves";18;"Feminino";0;1;0;0;"-25.2923923";"-48.93422127";"SR-PR";"DEL7/1";"UOP02/PR"
172095;377344;2018-11-17;"sabado";"01:30:00";"PR";116;57,4;"CAMPINA GRANDE DO SUL";"Sim";"Ingestao de alcool";1;"Saida de leito carrocavel";"Com Vitimas Feridas";"Plena Noite";"Decrescente";"Ceu Claro";"Dupla";"Curva";"Nao";305847;"Automóvel";"VW/GOLF GENERATION";2002;"Passageiro";"Ileso";18;"Feminino";1;0;0;0;"-25.2923923";"-48.93422127";"SR-PR";"DEL7/1";"UOP02/PR"
172095;377341;2018-11-17;"sabado";"01:30:00";"PR";116;57,4;"CAMPINA GRANDE DO SUL";"Sim";"Ingestao de alcool";1;"Saida de leito carrocavel";"Com Vitimas Feridas";"Plena Noite";"Decrescente";"Ceu Claro";"Dupla";"Curva";"Nao";305847;"Automóvel";"VW/GOLF GENERATION";2002;"Condutor";"Ileso";23;"Masculino";1;0;0;0;"-25.2923923";"-48.93422127";"SR-PR";"DEL7/1";"UOP02/PR"
172104;378094;2018-11-17;"sabado";"03:15:00";"MS";163;306,3;"DOURADINA";"Nao";"Ingestao de alcool";1;"Atropelamento de Animal";"Com Vitimas Feridas";"Plena Noite";"Decrescente";"Nublado";"Simples";"Reta";"Nao";305871;"Automóvel";"VW/GOL 1.0";2010;"Condutor";"Lesoes Leves";42;"Masculino";0;1;0;0;"-21.92775906";"-54.53407288";"SR-MS";"DEL3/2";"UOP02/MS"
172104;378095;2018-11-17;"sabado";"03:15:00";"MS";163;306,3;"DOURADINA";"Nao";"Ingestao de alcool";1;"Atropelamento de Animal";"Com Vitimas Feridas";"Plena Noite";"Decrescente";"Nublado";"Simples";"Reta";"Nao";305871;"Automóvel";"VW/GOL 1.0";2010;"Passageiro";"Lesoes Leves";50;"Feminino";0;1;0;0;"-21.92775906";"-54.53407288";"SR-MS";"DEL3/2";"UOP02/MS"
172107;377419;2018-11-17;"sabado";"04:00:00";"PE";101;42,7;"IGARASSU";"Sim";"Ingestao de alcool";1;"Colisao transversal";"Com Vitimas Fatais";"Amanhecer";"Crescente";"Vento";"Multipla";"Desvio Temporario";"Sim";305891;"Caminhao-trator";"SCANIA/T113 H 4X2 360";1994;"Condutor";"Ileso";58;"Masculino";1;0;0;0;"-7.8457";"-34.9102";"SR-PE";"DEL11/1";"UOP02/PE"
172107;391620;2018-11-17;"sabado";"04:00:00";"PE";101;42,7;"IGARASSU";"Sim";"Ingestao de alcool";1;"Colisao transversal";"Com Vitimas Fatais";"Amanhecer";"Crescente";"Vento";"Multipla";"Desvio Temporario";"Sim";315762;"Motocicleta";"HONDA/CG 125 TITAN KS";2001;"Condutor";"Lesoes Graves";NA;"Masculino";0;0;1;0;"-7.8457";"-34.9102";"SR-PE";"DEL11/1";"UOP02/PE"
172107;391630;2018-11-17;"sabado";"04:00:00";"PE";101;42,7;"IGARASSU";"Sim";"Ingestao de alcool";1;"Colisao transversal";"Com Vitimas Fatais";"Amanhecer";"Crescente";"Vento";"Multipla";"Desvio Temporario";"Sim";315762;"Motocicleta";"HONDA/CG 125 TITAN KS";2001;"Passageiro";"Óbito";33;"Masculino";0;0;0;1;"-7.8457";"-34.9102";"SR-PE";"DEL11/1";"UOP02/PE"
172107;391631;2018-11-17;"sabado";"04:00:00";"PE";101;42,7;"IGARASSU";"Sim";"Ingestao de alcool";1;"Colisao transversal";"Com Vitimas Fatais";"Amanhecer";"Crescente";"Vento";"Multipla";"Desvio Temporario";"Sim";315762;"Motocicleta";"HONDA/CG 125 TITAN KS";2001;"Passageiro";"Lesoes Leves";46;"Masculino";0;1;0;0;"-7.8457";"-34.9102";"SR-PE";"DEL11/1";"UOP02/PE"
172109;381072;2018-11-17;"sabado";"05:15:00";"SC";101;171,4;"TIJUCAS";"Sim";"Ingestao de alcool";1;"Saida de leito carrocavel";"Sem Vitimas";"Plena Noite";"Crescente";"Ceu Claro";"Dupla";"Reta";"Nao";305869;"Automóvel";"VW/POLO MF";2017;"Condutor";"Nao Informado";NA;"Nao Informado";0;0;0;0;"-27.3133";"-48.6318";"SR-SC";"DEL8/4";"UOP03/SC"
172122;379373;2018-11-17;"sabado";"00:30:00";"BA";116;466,6;"SANTO ESTEVAO";"Sim";"Ingestao de alcool";1;"Tombamento";"Com Vitimas Feridas";"Plena Noite";"Decrescente";"Ceu Claro";"Dupla";"Reta";"Nao";305896;"Caminhao-trator";"SCANIA/R 480 A6X4";2012;"Condutor";"Lesoes Leves";45;"Masculino";0;1;0;0;"-12.48324833";"-39.31654394";"SR-BA";"DEL10/2";"UOP01/BA"
172164;377587;2018-11-17;"sabado";"13:00:00";"PB";230;61,9;"CRUZ DO ESPIRITO SANTO";"Sim";"Ingestao de alcool";1;"Colisao traseira";"Com Vitimas Feridas";"Pleno dia";"Crescente";"Sol";"Multipla";"Reta";"Sim";306022;"Motocicleta";"YAMAHA/FACTOR YBR125 K";NA;"Condutor";"Lesoes Graves";26;"Masculino";0;0;1;0;"-7.202268";"-35.156781";"SR-PB";"DEL14/1";"UOP03/PB"
172164;377764;2018-11-17;"sabado";"13:00:00";"PB";230;61,9;"CRUZ DO ESPIRITO SANTO";"Sim";"Ingestao de alcool";1;"Colisao traseira";"Com Vitimas Feridas";"Pleno dia";"Crescente";"Sol";"Multipla";"Reta";"Sim";306028;"Caminhonete";"FIAT/TORO FREEDOM AT9 D";2018;"Condutor";"Ileso";60;"Masculino";1;0;0;0;"-7.202268";"-35.156781";"SR-PB";"DEL14/1";"UOP03/PB"
172176;377651;2018-11-17;"sabado";"15:20:00";"SC";470;43,2;"GASPAR";"Sim";"Ingestao de alcool";1;"Colisao lateral";"Com Vitimas Feridas";"Pleno dia";"Decrescente";"Ceu Claro";"Simples";"Curva";"Nao";306073;"Automóvel";"VW/UP HIGH MA";2014;"Condutor";"Ileso";45;"Masculino";1;0;0;0;"-26.87288635";"-49.01449974";"SR-SC";"DEL8/4";"UOP01/SC"
172176;377652;2018-11-17;"sabado";"15:20:00";"SC";470;43,2;"GASPAR";"Sim";"Ingestao de alcool";1;"Colisao lateral";"Com Vitimas Feridas";"Pleno dia";"Decrescente";"Ceu Claro";"Simples";"Curva";"Nao";306074;"Automóvel";"GM/CELTA";2001;"Condutor";"Lesoes Leves";34;"Masculino";0;1;0;0;"-26.87288635";"-49.01449974";"SR-SC";"DEL8/4";"UOP01/SC"
172176;377650;2018-11-17;"sabado";"15:20:00";"SC";470;43,2;"GASPAR";"Sim";"Ingestao de alcool";1;"Colisao lateral";"Com Vitimas Feridas";"Pleno dia";"Decrescente";"Ceu Claro";"Simples";"Curva";"Nao";306072;"Automóvel";"FIAT/UNO MILLE SX YOUNG";1997;"Condutor";"Lesoes Graves";25;"Masculino";0;0;1;0;"-26.87288635";"-49.01449974";"SR-SC";"DEL8/4";"UOP01/SC"
172191;378022;2018-11-17;"sabado";"14:00:00";"PE";232;504,7;"VERDEJANTE";"Sim";"Ingestao de alcool";1;"Saida de leito carrocavel";"Com Vitimas Feridas";"Pleno dia";"Crescente";"Sol";"Simples";"Reta";"Nao";306131;"Motocicleta";"HONDA/CG 160 FAN ESDI";2015;"Passageiro";"Lesoes Leves";36;"Masculino";0;1;0;0;"-8.042959";"-39.067525";"SR-PE";"DEL11/5";"UOP01/PE"
172191;378021;2018-11-17;"sabado";"14:00:00";"PE";232;504,7;"VERDEJANTE";"Sim";"Ingestao de alcool";1;"Saida de leito carrocavel";"Com Vitimas Feridas";"Pleno dia";"Crescente";"Sol";"Simples";"Reta";"Nao";306131;"Motocicleta";"HONDA/CG 160 FAN ESDI";2015;"Condutor";"Lesoes Graves";17;"Feminino";0;0;1;0;"-8.042959";"-39.067525";"SR-PE";"DEL11/5";"UOP01/PE"
172203;381583;2018-11-17;"sabado";"13:00:00";"PR";476;132;"CURITIBA";"Sim";"Ingestao de alcool";1;"Colisao traseira";"Sem Vitimas";"Pleno dia";"Decrescente";"Ceu Claro";"Dupla";"Reta";"Sim";306114;"Caminhonete";"VW/KOMBI PICK UP";1993;"Condutor";"Ileso";41;"Masculino";1;0;0;0;"-25.460718";"-49.250488";"SR-PR";"DEL7/1";"UOP06/PR"
172203;381585;2018-11-17;"sabado";"13:00:00";"PR";476;132;"CURITIBA";"Sim";"Ingestao de alcool";1;"Colisao traseira";"Sem Vitimas";"Pleno dia";"Decrescente";"Ceu Claro";"Dupla";"Reta";"Sim";309254;"Automóvel";"FIAT/PUNTO ELX 1.4";2008;"Condutor";"Ileso";21;"Masculino";1;0;0;0;"-25.460718";"-49.250488";"SR-PR";"DEL7/1";"UOP06/PR"
172214;377724;2018-11-17;"sabado";"17:15:00";"ES";262;110;"VENDA NOVA DO IMIGRANTE";"Sim";"Ingestao de alcool";1;"Colisao transversal";"Sem Vitimas";"Pleno dia";"Crescente";"Nublado";"Simples";"Reta";"Nao";306146;"Automóvel";"HONDA/CIVIC LX";2002;"Condutor";"Ileso";58;"Masculino";1;0;0;0;"-20.3365";"-41.1839";"SR-ES";"DEL12/1";"UOP02/ES"
172214;377726;2018-11-17;"sabado";"17:15:00";"ES";262;110;"VENDA NOVA DO IMIGRANTE";"Sim";"Ingestao de alcool";1;"Colisao transversal";"Sem Vitimas";"Pleno dia";"Crescente";"Nublado";"Simples";"Reta";"Nao";306151;"Automóvel";"VW/GOL 1.0";2006;"Condutor";"Ileso";29;"Masculino";1;0;0;0;"-20.3365";"-41.1839";"SR-ES";"DEL12/1";"UOP02/ES"
172226;377776;2018-11-17;"sabado";"19:30:00";"RS";116;148;"CAXIAS DO SUL";"Sim";"Ingestao de alcool";1;"Saida de leito carrocavel";"Sem Vitimas";"Anoitecer";"Decrescente";"Nublado";"Dupla";"Curva";"Sim";306171;"Caminhonete";"FIAT/STRADA WORKING";2000;"Condutor";"Ileso";39;"Masculino";1;0;0;0;"-29.15444";"-51.151005";"SR-RS";"DEL9/5";"UOP01/RS"
172239;377788;2018-11-17;"sabado";"20:49:00";"GO";153;437,2;"ANAPOLIS";"Sim";"Ingestao de alcool";1;"Colisao traseira";"Sem Vitimas";"Plena Noite";"Crescente";"Ceu Claro";"Dupla";"Nao Informado";"Sim";306165;"Automóvel";"VW/GOLF";2000;"Condutor";"Ileso";25;"Masculino";1;0;0;0;"-16.29554978";"-48.93158197";"SR-GO";"DEL1/2";"UOP01/GO"
172239;377790;2018-11-17;"sabado";"20:49:00";"GO";153;437,2;"ANAPOLIS";"Sim";"Ingestao de alcool";1;"Colisao traseira";"Sem Vitimas";"Plena Noite";"Crescente";"Ceu Claro";"Dupla";"Nao Informado";"Sim";306166;"Automóvel";"VW/GOLF GTI";2000;"Condutor";"Ileso";22;"Masculino";1;0;0;0;"-16.29554978";"-48.93158197";"SR-GO";"DEL1/2";"UOP01/GO"
172258;381645;2018-11-17;"sabado";"20:27:00";"SC";101;333,1;"TUBARAO";"Sim";"Ingestao de alcool";1;"Colisao transversal";"Com Vitimas Feridas";"Plena Noite";"Crescente";"Nublado";"Multipla";"Reta";"Sim";306221;"Motocicleta";"I/HONDA CBR 1000 RR";2007;"Condutor";"Lesoes Leves";27;"Masculino";0;1;0;0;"-28.4677953";"-49.01021361";"SR-SC";"DEL8/2";"UOP01/SC"
172258;381644;2018-11-17;"sabado";"20:27:00";"SC";101;333,1;"TUBARAO";"Sim";"Ingestao de alcool";1;"Colisao transversal";"Com Vitimas Feridas";"Plena Noite";"Crescente";"Nublado";"Multipla";"Reta";"Sim";306220;"Motocicleta";"YAMAHA/XT 660R";2009;"Condutor";"Ileso";18;"Masculino";1;0;0;0;"-28.4677953";"-49.01021361";"SR-SC";"DEL8/2";"UOP01/SC"
172258;381656;2018-11-17;"sabado";"20:27:00";"SC";101;333,1;"TUBARAO";"Sim";"Ingestao de alcool";1;"Colisao transversal";"Com Vitimas Feridas";"Plena Noite";"Crescente";"Nublado";"Multipla";"Reta";"Sim";306220;"Motocicleta";"YAMAHA/XT 660R";2009;"Passageiro";"Lesoes Graves";20;"Feminino";0;0;1;0;"-28.4677953";"-49.01021361";"SR-SC";"DEL8/2";"UOP01/SC"
172258;381793;2018-11-17;"sabado";"20:27:00";"SC";101;333,1;"TUBARAO";"Sim";"Ingestao de alcool";1;"Colisao transversal";"Com Vitimas Feridas";"Plena Noite";"Crescente";"Nublado";"Multipla";"Reta";"Sim";306221;"Motocicleta";"I/HONDA CBR 1000 RR";2007;"Testemunha";"Nao Informado";NA;"Nao Informado";0;0;0;0;"-28.4677953";"-49.01021361";"SR-SC";"DEL8/2";"UOP01/SC"
172258;381820;2018-11-17;"sabado";"20:27:00";"SC";101;333,1;"TUBARAO";"Sim";"Ingestao de alcool";1;"Colisao transversal";"Com Vitimas Feridas";"Plena Noite";"Crescente";"Nublado";"Multipla";"Reta";"Sim";306221;"Motocicleta";"I/HONDA CBR 1000 RR";2007;"Testemunha";"Nao Informado";NA;"Nao Informado";0;0;0;0;"-28.4677953";"-49.01021361";"SR-SC";"DEL8/2";"UOP01/SC"
172258;381657;2018-11-17;"sabado";"20:27:00";"SC";101;333,1;"TUBARAO";"Sim";"Ingestao de alcool";1;"Colisao transversal";"Com Vitimas Feridas";"Plena Noite";"Crescente";"Nublado";"Multipla";"Reta";"Sim";306221;"Motocicleta";"I/HONDA CBR 1000 RR";2007;"Passageiro";"Lesoes Leves";23;"Feminino";0;1;0;0;"-28.4677953";"-49.01021361";"SR-SC";"DEL8/2";"UOP01/SC"
172261;377773;2018-11-17;"sabado";"21:30:00";"MG";356;267,4;"MURIAE";"Nao";"Ingestao de alcool";1;"Colisao transversal";"Com Vitimas Feridas";"Plena Noite";"Decrescente";"Nublado";"Simples";"Nao Informado";"Sim";306154;"Motocicleta";"HONDA/CBX 250 TWISTER";2004;"Passageiro";"Lesoes Leves";18;"Masculino";0;1;0;0;"-21.12556769";"-42.35308617";"SR-MG";"DEL4/7";"UOP02/MG"
172261;377770;2018-11-17;"sabado";"21:30:00";"MG";356;267,4;"MURIAE";"Nao";"Ingestao de alcool";1;"Colisao transversal";"Com Vitimas Feridas";"Plena Noite";"Decrescente";"Nublado";"Simples";"Nao Informado";"Sim";306153;"Automóvel";"GM/CORSA WIND";2002;"Condutor";"Ileso";67;"Masculino";1;0;0;0;"-21.12556769";"-42.35308617";"SR-MG";"DEL4/7";"UOP02/MG"
172261;377772;2018-11-17;"sabado";"21:30:00";"MG";356;267,4;"MURIAE";"Nao";"Ingestao de alcool";1;"Colisao transversal";"Com Vitimas Feridas";"Plena Noite";"Decrescente";"Nublado";"Simples";"Nao Informado";"Sim";306154;"Motocicleta";"HONDA/CBX 250 TWISTER";2004;"Condutor";"Lesoes Leves";23;"Masculino";0;1;0;0;"-21.12556769";"-42.35308617";"SR-MG";"DEL4/7";"UOP02/MG"
172262;379608;2018-11-17;"sabado";"21:45:00";"PR";376;204;"MANDAGUARI";"Sim";"Ingestao de alcool";1;"Saida de leito carrocavel";"Sem Vitimas";"Plena Noite";"Decrescente";"Ceu Claro";"Dupla";"Curva";"Nao";307564;"Automóvel";"I/BMW 320I PG51";2009;"Condutor";"Ileso";40;"Masculino";1;0;0;0;"-23.50874664";"-51.71848297";"SR-PR";"DEL7/7";"UOP04/PR"
172262;379610;2018-11-17;"sabado";"21:45:00";"PR";376;204;"MANDAGUARI";"Sim";"Ingestao de alcool";1;"Saida de leito carrocavel";"Sem Vitimas";"Plena Noite";"Decrescente";"Ceu Claro";"Dupla";"Curva";"Nao";307570;"Caminhao";"VW/17.280 CRM 4X2 4P";2014;"Condutor";"Ileso";46;"Masculino";1;0;0;0;"-23.50874664";"-51.71848297";"SR-PR";"DEL7/7";"UOP04/PR"
172264;378789;2018-11-17;"sabado";"21:05:00";"SP";153;278,9;"OCAUCU";"Sim";"Ingestao de alcool";1;"Colisao com objeto estatico";"Com Vitimas Feridas";"Plena Noite";"Crescente";"Nublado";"Simples";"Intersecao de vias";"Nao";306206;"Automóvel";"FIAT/PALIO WEEKEND";1997;"Passageiro";"Ileso";70;"Feminino";1;0;0;0;"-22.395992";"-49.863354";"SR-SP";"DEL6/07";"UOP02/SP"
172264;378792;2018-11-17;"sabado";"21:05:00";"SP";153;278,9;"OCAUCU";"Sim";"Ingestao de alcool";1;"Colisao com objeto estatico";"Com Vitimas Feridas";"Plena Noite";"Crescente";"Nublado";"Simples";"Intersecao de vias";"Nao";306207;"Automóvel";"VW/BRASILIA";1978;"Condutor";"Lesoes Leves";36;"Masculino";0;1;0;0;"-22.395992";"-49.863354";"SR-SP";"DEL6/07";"UOP02/SP"
172264;378788;2018-11-17;"sabado";"21:05:00";"SP";153;278,9;"OCAUCU";"Sim";"Ingestao de alcool";1;"Colisao com objeto estatico";"Com Vitimas Feridas";"Plena Noite";"Crescente";"Nublado";"Simples";"Intersecao de vias";"Nao";306206;"Automóvel";"FIAT/PALIO WEEKEND";1997;"Condutor";"Ileso";53;"Masculino";1;0;0;0;"-22.395992";"-49.863354";"SR-SP";"DEL6/07";"UOP02/SP"
172275;377884;2018-11-17;"sabado";"22:15:00";"PR";277;167;"PALMEIRA";"Sim";"Ingestao de alcool";1;"Saida de leito carrocavel";"Sem Vitimas";"Plena Noite";"Decrescente";"Ceu Claro";"Simples";"Rotatória";"Sim";306269;"Automóvel";"VW/GOL SPECIAL";1999;"Condutor";"Ileso";19;"Masculino";1;0;0;0;"-25.43504";"-49.985861";"SR-PR";"DEL7/1";"UOP05/PR"
172276;377787;2018-11-17;"sabado";"20:50:00";"PB";230;352,8;"PATOS";"Sim";"Ingestao de alcool";1;"Colisao traseira";"Com Vitimas Feridas";"Plena Noite";"Decrescente";"Ceu Claro";"Simples";"Reta";"Nao";306182;"Motocicleta";"HONDA/NXR150 BROS ESD";2013;"Condutor";"Lesoes Graves";41;"Masculino";0;0;1;0;"-6.94110306";"-37.40649462";"SR-PB";"DEL14/3";"UOP01/PB"
172276;377980;2018-11-17;"sabado";"20:50:00";"PB";230;352,8;"PATOS";"Sim";"Ingestao de alcool";1;"Colisao traseira";"Com Vitimas Feridas";"Plena Noite";"Decrescente";"Ceu Claro";"Simples";"Reta";"Nao";306327;"Caminhao";"";NA;"Condutor";"Nao Informado";NA;"Nao Informado";0;0;0;0;"-6.94110306";"-37.40649462";"SR-PB";"DEL14/3";"UOP01/PB"
172285;377809;2018-11-18;"domingo";"01:10:00";"MG";459;29,4;"CALDAS";"Sim";"Ingestao de alcool";1;"Saida de leito carrocavel";"Com Vitimas Feridas";"Plena Noite";"Crescente";"Nublado";"Simples";"Curva";"Sim";306200;"Automóvel";"FIAT/PALIO ELX";2001;"Condutor";"Lesoes Leves";53;"Masculino";0;1;0;0;"-21.92765954";"-46.36451298";"SR-MG";"DEL4/13";"UOP01/MG"
172288;377836;2018-11-17;"sabado";"23:35:00";"MG";262;27;"MANHUACU";"Sim";"Ingestao de alcool";1;"Saida de leito carrocavel";"Com Vitimas Feridas";"Plena Noite";"Decrescente";"Nublado";"Simples";"Curva";"Nao";306227;"Motocicleta";"HONDA/CG 125 TITAN KS";2002;"Condutor";"Lesoes Graves";24;"Masculino";0;0;1;0;"-20.240572";"-41.96632";"SR-MG";"DEL4/6";"UOP04/MG"
172289;377840;2018-11-18;"domingo";"01:40:00";"MG";262;40,4;"MANHUACU";"Nao";"Ingestao de alcool";1;"Colisao transversal";"Com Vitimas Feridas";"Plena Noite";"Crescente";"Nublado";"Simples";"Nao Informado";"Sim";306228;"Automóvel";"VW/GOL 1.0";2007;"Condutor";"Ileso";42;"Masculino";1;0;0;0;"-20.271206";"-42.065928";"SR-MG";"DEL4/6";"UOP04/MG"
172289;377847;2018-11-18;"domingo";"01:40:00";"MG";262;40,4;"MANHUACU";"Nao";"Ingestao de alcool";1;"Colisao transversal";"Com Vitimas Feridas";"Plena Noite";"Crescente";"Nublado";"Simples";"Nao Informado";"Sim";306229;"Motocicleta";"YAMAHA/MT03 ABS";2018;"Passageiro";"Lesoes Leves";25;"Masculino";0;1;0;0;"-20.271206";"-42.065928";"SR-MG";"DEL4/6";"UOP04/MG"
172289;377846;2018-11-18;"domingo";"01:40:00";"MG";262;40,4;"MANHUACU";"Nao";"Ingestao de alcool";1;"Colisao transversal";"Com Vitimas Feridas";"Plena Noite";"Crescente";"Nublado";"Simples";"Nao Informado";"Sim";306229;"Motocicleta";"YAMAHA/MT03 ABS";2018;"Condutor";"Lesoes Leves";44;"Masculino";0;1;0;0;"-20.271206";"-42.065928";"SR-MG";"DEL4/6";"UOP04/MG"
172293;377823;2018-11-18;"domingo";"02:00:00";"PR";376;4,9;"APUCARANA";"Sim";"Ingestao de alcool";1;"Colisao com objeto estatico";"Com Vitimas Feridas";"Plena Noite";"Decrescente";"Chuva";"Dupla";"Curva";"Sim";306218;"Automóvel";"I/VW SPACEFOX COMFORT";2007;"Condutor";"Lesoes Leves";36;"Masculino";0;1;0;0;"-23.55181182";"-51.44888509";"SR-PR";"DEL7/7";"UOP03/PR"
172301;377826;2018-11-18;"domingo";"01:30:00";"BA";110;326,2;"ALAGOINHAS";"Sim";"Ingestao de alcool";1;"Colisao frontal";"Com Vitimas Feridas";"Plena Noite";"Crescente";"Ceu Claro";"Simples";"Reta";"Nao";306222;"Automóvel";"GM/CELTA 4P LIFE";2005;"Condutor";"Ileso";30;"Masculino";1;0;0;0;"-12.07039334";"-38.34852397";"SR-BA";"DEL10/1";"UOP04/BA"
172301;377824;2018-11-18;"domingo";"01:30:00";"BA";110;326,2;"ALAGOINHAS";"Sim";"Ingestao de alcool";1;"Colisao frontal";"Com Vitimas Feridas";"Plena Noite";"Crescente";"Ceu Claro";"Simples";"Reta";"Nao";306216;"Automóvel";"HONDA/CIVIC LXS";2007;"Condutor";"Lesoes Leves";30;"Masculino";0;1;0;0;"-12.07039334";"-38.34852397";"SR-BA";"DEL10/1";"UOP04/BA"
172304;378831;2018-11-18;"domingo";"02:30:00";"MG";262;574,5;"CORREGO DANTA";"Sim";"Ingestao de alcool";1;"Saida de leito carrocavel";"Com Vitimas Feridas";"Plena Noite";"Crescente";"Ceu Claro";"Simples";"Curva";"Nao";306217;"Automóvel";"VW/GOLF 2.0";2002;"Condutor";"Lesoes Leves";25;"Masculino";0;1;0;0;"-19.68136589";"-46.042597";"SR-MG";"PM/MG";""
172309;379641;2018-11-18;"domingo";"03:20:00";"MT";163;759;"SORRISO";"Sim";"Ingestao de alcool";1;"Saida de leito carrocavel";"Com Vitimas Feridas";"Plena Noite";"Decrescente";"Nublado";"Dupla";"Retorno Regulamentado";"Nao";306260;"Caminhonete";"FIAT/STRADA FIRE CE FLEX";2011;"Condutor";"Lesoes Graves";41;"Masculino";0;0;1;0;"-12.50119";"-55.68927";"SR-MT";"DEL2/6";"UOP01/MT"
172315;377870;2018-11-18;"domingo";"04:45:00";"SC";101;193,3;"BIGUACU";"Sim";"Ingestao de alcool";1;"Colisao com objeto estatico";"Com Vitimas Fatais";"Plena Noite";"Crescente";"Ceu Claro";"Dupla";"Reta";"Sim";306261;"Automóvel";"FORD/KA SE 1.0 HA B";2017;"Condutor";"Óbito";28;"Masculino";0;0;0;1;"-27.4982";"-48.6565";"SR-SC";"DEL8/1";"UOP01/SC"
172322;379534;2018-11-18;"domingo";"05:50:00";"GO";153;298,5;"RIALMA";"Sim";"Ingestao de alcool";1;"Colisao transversal";"Sem Vitimas";"Pleno dia";"Crescente";"Nublado";"Simples";"Reta";"Nao";306524;"Caminhao-trator";"SCANIA/G 420 A6X2";2010;"Condutor";"Ileso";43;"Masculino";1;0;0;0;"-15.27400532";"-49.55091745";"SR-GO";"DEL1/2";"UOP02/GO"
172326;384177;2018-11-18;"domingo";"05:50:00";"RJ";101;154;"MACAE";"Sim";"Ingestao de alcool";1;"Colisao frontal";"Sem Vitimas";"Amanhecer";"Crescente";"Nublado";"Simples";"Reta";"Nao";311130;"Automóvel";"CITROEN/AIRCROSS A SHINE";2016;"Condutor";"Ileso";59;"Masculino";1;0;0;0;"-22.256035";"-41.83289";"SR-RJ";"DEL5/2";"UOP04/RJ"
172326;384175;2018-11-18;"domingo";"05:50:00";"RJ";101;154;"MACAE";"Sim";"Ingestao de alcool";1;"Colisao frontal";"Sem Vitimas";"Amanhecer";"Crescente";"Nublado";"Simples";"Reta";"Nao";311121;"Automóvel";"I/KIA CERATO SX3 1.6ATNB";2010;"Condutor";"Ileso";32;"Masculino";1;0;0;0;"-22.256035";"-41.83289";"SR-RJ";"DEL5/2";"UOP04/RJ"
172334;377965;2018-11-18;"domingo";"06:45:00";"CE";20;428;"FORTALEZA";"Nao";"Ingestao de alcool";1;"Colisao traseira";"Com Vitimas Feridas";"Pleno dia";"Crescente";"Ceu Claro";"Dupla";"Reta";"Sim";306316;"Motocicleta";"HONDA/CG 125 FAN ES";2011;"Condutor";"Lesoes Leves";32;"Masculino";0;1;0;0;"-3.76999";"-38.670063";"SR-CE";"DEL16/1";"UOP02/CE"