"id";"pesid";"data_inversa";"dia_semana";"horario";"uf";"br";"km";"municipio";"causa_principal";"causa_acidente";"ordem_tipo_acidente";"tipo_acidente";"classificacao_acidente";"fase_dia";"sentido_via";"condicao_metereologica";"tipo_pista";"tracado_via";"uso_solo";"id_veiculo";"tipo_veiculo";"marca";"ano_fabricacao_veiculo";"tipo_envolvido";"estado_fisico";"idade";"sexo";"ilesos";"feridos_leves";"feridos_graves";"mortos";"latitude";"longitude";"regional";"delegacia";"uop"
172334;377968;2018-11-18;"domingo";"06:45:00";"CE";20;428;"FORTALEZA";"Nao";"Ingestao de alcool";1;"Colisao traseira";"Com Vitimas Feridas";"Pleno dia";"Crescente";"Ceu Claro";"Dupla";"Reta";"Sim";306317;"Caminhonete";"MMC/PAJERO TR4";2002;"Condutor";"Ileso";41;"Masculino";1;0;0;0;"-3.76999";"-38.670063";"SR-CE";"DEL16/1";"UOP02/CE"
172337;377912;2018-11-10;"sabado";"22:00:00";"RN";101;144;"GOIANINHA";"Sim";"Ingestao de alcool";1;"Colisao frontal";"Com Vitimas Feridas";"Plena Noite";"Decrescente";"Ceu Claro";"Dupla";"Reta";"Sim";306285;"Automóvel";"I/CHEVROLET CLASSIC LS";2012;"Condutor";"Ileso";41;"Masculino";1;0;0;0;"-6.245722";"-35.217232";"SR-RN";"DEL15/1";"UOP01/RN"
172337;377914;2018-11-10;"sabado";"22:00:00";"RN";101;144;"GOIANINHA";"Sim";"Ingestao de alcool";1;"Colisao frontal";"Com Vitimas Feridas";"Plena Noite";"Decrescente";"Ceu Claro";"Dupla";"Reta";"Sim";306286;"Automóvel";"HYUNDAI/HB20 1.0M COMFOR";2014;"Passageiro";"Lesoes Leves";28;"Feminino";0;1;0;0;"-6.245722";"-35.217232";"SR-RN";"DEL15/1";"UOP01/RN"
172337;377913;2018-11-10;"sabado";"22:00:00";"RN";101;144;"GOIANINHA";"Sim";"Ingestao de alcool";1;"Colisao frontal";"Com Vitimas Feridas";"Plena Noite";"Decrescente";"Ceu Claro";"Dupla";"Reta";"Sim";306286;"Automóvel";"HYUNDAI/HB20 1.0M COMFOR";2014;"Condutor";"Ileso";32;"Masculino";1;0;0;0;"-6.245722";"-35.217232";"SR-RN";"DEL15/1";"UOP01/RN"
172343;380359;2018-11-18;"domingo";"06:40:00";"RS";285;128,7;"VACARIA";"Sim";"Ingestao de alcool";2;"Capotamento";"Com Vitimas Feridas";"Amanhecer";"Crescente";"Chuva";"Simples";"Curva";"Nao";308179;"Caminhonete";"FIAT/STRADA ADVENT FLEX";2011;"Condutor";"Lesoes Leves";21;"Masculino";0;1;0;0;"-28.45775021";"-50.98309636";"SR-RS";"DEL9/5";"UOP03/RS"
172378;378018;2018-11-18;"domingo";"11:30:00";"SC";101;35,8;"JOINVILLE";"Nao";"Ingestao de alcool";1;"Colisao traseira";"Sem Vitimas";"Pleno dia";"Decrescente";"Chuva";"Dupla";"Nao Informado";"Sim";306350;"Automóvel";"FORD/KA FLEX";2010;"Condutor";"Ileso";25;"Masculino";1;0;0;0;"-26.2766";"-48.8928";"SR-SC";"DEL8/3";"UOP01/SC"
172378;378019;2018-11-18;"domingo";"11:30:00";"SC";101;35,8;"JOINVILLE";"Nao";"Ingestao de alcool";1;"Colisao traseira";"Sem Vitimas";"Pleno dia";"Decrescente";"Chuva";"Dupla";"Nao Informado";"Sim";306351;"Camioneta";"I/CHEV TRACKER LT";2018;"Condutor";"Ileso";48;"Masculino";1;0;0;0;"-26.2766";"-48.8928";"SR-SC";"DEL8/3";"UOP01/SC"
172390;378141;2018-11-18;"domingo";"06:10:00";"PR";376;176;"MARINGA";"Sim";"Ingestao de alcool";1;"Colisao com objeto estatico";"Sem Vitimas";"Pleno dia";"Crescente";"Nublado";"Dupla";"Reta";"Sim";306437;"Automóvel";"FIAT/PALIO ELX";2005;"Condutor";"Ileso";31;"Masculino";1;0;0;0;"-23.41278011";"-51.93228574";"SR-PR";"DEL7/7";"UOP04/PR"
172415;378259;2018-11-18;"domingo";"15:15:00";"MT";163;627;"NOVA MUTUM";"Sim";"Ingestao de alcool";1;"Colisao lateral";"Com Vitimas Feridas";"Pleno dia";"Crescente";"Nublado";"Simples";"Reta";"Nao";306528;"Automóvel";"FIAT/UNO VIVACE 1.0";2011;"Condutor";"Lesoes Leves";41;"Feminino";0;1;0;0;"-13.72270955";"-56.04400635";"SR-MT";"DEL2/4";"UOP01/MT"
172415;378268;2018-11-18;"domingo";"15:15:00";"MT";163;627;"NOVA MUTUM";"Sim";"Ingestao de alcool";1;"Colisao lateral";"Com Vitimas Feridas";"Pleno dia";"Crescente";"Nublado";"Simples";"Reta";"Nao";306531;"Caminhao-trator";"VOLVO/FH 460 6X4T";2013;"Condutor";"Ileso";39;"Masculino";1;0;0;0;"-13.72270955";"-56.04400635";"SR-MT";"DEL2/4";"UOP01/MT"
172418;378400;2018-11-18;"domingo";"14:40:00";"RN";226;116,4;"SANTA CRUZ";"Sim";"Ingestao de alcool";2;"Queda de ocupante de veiculo";"Com Vitimas Feridas";"Pleno dia";"Crescente";"Ceu Claro";"Simples";"Reta";"Nao";306654;"Automóvel";"FIAT/PUNTO ATTRACTIVE";2013;"Condutor";"Ileso";35;"Feminino";1;0;0;0;"-6.194071";"-36.050365";"SR-RN";"DEL15/3";"UOP02/RN"
172418;378402;2018-11-18;"domingo";"14:40:00";"RN";226;116,4;"SANTA CRUZ";"Sim";"Ingestao de alcool";2;"Queda de ocupante de veiculo";"Com Vitimas Feridas";"Pleno dia";"Crescente";"Ceu Claro";"Simples";"Reta";"Nao";306655;"Bicicleta";"";NA;"Condutor";"Lesoes Leves";NA;"Masculino";0;1;0;0;"-6.194071";"-36.050365";"SR-RN";"DEL15/3";"UOP02/RN"
172420;380070;2018-11-18;"domingo";"15:30:00";"MG";116;492,7;"INHAPIM";"Sim";"Ingestao de alcool";1;"Saida de leito carrocavel";"Com Vitimas Feridas";"Pleno dia";"Crescente";"Nublado";"Simples";"Nao Informado";"Nao";306467;"Automóvel";"I/CHEVROLET AGILE LTZ";2010;"Condutor";"Lesoes Leves";60;"Feminino";0;1;0;0;"-19.480714";"-42.12999";"SR-MG";"DEL4/6";"UOP02/MG"
172429;378135;2018-11-18;"domingo";"12:50:00";"SC";282;574;"PINHALZINHO";"Sim";"Ingestao de alcool";1;"Colisao lateral";"Sem Vitimas";"Pleno dia";"Crescente";"Chuva";"Simples";"Curva";"Sim";306433;"Automóvel";"VW/POLO 1.6";2008;"Condutor";"Ileso";22;"Masculino";1;0;0;0;"-26.867399";"-52.965149";"SR-SC";"DEL8/8";"UOP02/SC"
172429;378136;2018-11-18;"domingo";"12:50:00";"SC";282;574;"PINHALZINHO";"Sim";"Ingestao de alcool";1;"Colisao lateral";"Sem Vitimas";"Pleno dia";"Crescente";"Chuva";"Simples";"Curva";"Sim";306434;"Automóvel";"VW/GOL 1.0";2007;"Condutor";"Ileso";33;"Masculino";1;0;0;0;"-26.867399";"-52.965149";"SR-SC";"DEL8/8";"UOP02/SC"
172430;378290;2018-11-18;"domingo";"16:44:00";"MG";381;537;"ITATIAIUCU";"Sim";"Ingestao de alcool";1;"Colisao traseira";"Sem Vitimas";"Pleno dia";"Decrescente";"Nublado";"Dupla";"Reta";"Nao";306566;"Automóvel";"GM/VECTRA SEDAN ELEGANCE";2009;"Condutor";"Ileso";51;"Masculino";1;0;0;0;"-20.2117";"-44.3917";"SR-MG";"DEL4/4";"UOP03/MG"
172430;378298;2018-11-18;"domingo";"16:44:00";"MG";381;537;"ITATIAIUCU";"Sim";"Ingestao de alcool";1;"Colisao traseira";"Sem Vitimas";"Pleno dia";"Decrescente";"Nublado";"Dupla";"Reta";"Nao";306567;"Automóvel";"HONDA/CITY LX FLEX";2012;"Condutor";"Ileso";30;"Masculino";1;0;0;0;"-20.2117";"-44.3917";"SR-MG";"DEL4/4";"UOP03/MG"
172430;378300;2018-11-18;"domingo";"16:44:00";"MG";381;537;"ITATIAIUCU";"Sim";"Ingestao de alcool";1;"Colisao traseira";"Sem Vitimas";"Pleno dia";"Decrescente";"Nublado";"Dupla";"Reta";"Nao";306567;"Automóvel";"HONDA/CITY LX FLEX";2012;"Passageiro";"Ileso";27;"Masculino";1;0;0;0;"-20.2117";"-44.3917";"SR-MG";"DEL4/4";"UOP03/MG"
172430;378299;2018-11-18;"domingo";"16:44:00";"MG";381;537;"ITATIAIUCU";"Sim";"Ingestao de alcool";1;"Colisao traseira";"Sem Vitimas";"Pleno dia";"Decrescente";"Nublado";"Dupla";"Reta";"Nao";306567;"Automóvel";"HONDA/CITY LX FLEX";2012;"Passageiro";"Ileso";30;"Feminino";1;0;0;0;"-20.2117";"-44.3917";"SR-MG";"DEL4/4";"UOP03/MG"
172436;378430;2018-11-18;"domingo";"15:50:00";"SP";116;83,8;"PINDAMONHANGABA";"Nao";"Ingestao de alcool";2;"Colisao lateral";"Sem Vitimas";"Pleno dia";"Crescente";"Sol";"Dupla";"Reta";"Sim";306667;"Camioneta";"RENAULT/DUSTER 16 E 4X2";2014;"Condutor";"Ileso";56;"Masculino";1;0;0;0;"-22.913479";"-45.327446";"SR-SP";"DEL6/6";"UOP01/SP"
172436;378434;2018-11-18;"domingo";"15:50:00";"SP";116;83,8;"PINDAMONHANGABA";"Nao";"Ingestao de alcool";2;"Colisao lateral";"Sem Vitimas";"Pleno dia";"Crescente";"Sol";"Dupla";"Reta";"Sim";306668;"Caminhonete";"MMC/L200 TRITON 3.2 D";2009;"Condutor";"Ileso";24;"Masculino";1;0;0;0;"-22.913479";"-45.327446";"SR-SP";"DEL6/6";"UOP01/SP"
172436;378472;2018-11-18;"domingo";"15:50:00";"SP";116;83,8;"PINDAMONHANGABA";"Nao";"Ingestao de alcool";2;"Colisao lateral";"Sem Vitimas";"Pleno dia";"Crescente";"Sol";"Dupla";"Reta";"Sim";306669;"Automóvel";"GM/CELTA 2P LIFE";2008;"Condutor";"Ileso";45;"Masculino";1;0;0;0;"-22.913479";"-45.327446";"SR-SP";"DEL6/6";"UOP01/SP"
172441;378357;2018-11-18;"domingo";"15:50:00";"CE";116;31,5;"AQUIRAZ";"Sim";"Ingestao de alcool";1;"Colisao lateral";"Sem Vitimas";"Pleno dia";"Decrescente";"Ceu Claro";"Dupla";"Desvio Temporario";"Nao";306617;"Automóvel";"I/FORD FOCUS SE 1.6 S";2013;"Condutor";"Ileso";59;"Masculino";1;0;0;0;"-4.02618648";"-38.51439178";"SR-CE";"DEL16/1";"UOP02/CE"
172441;378360;2018-11-18;"domingo";"15:50:00";"CE";116;31,5;"AQUIRAZ";"Sim";"Ingestao de alcool";1;"Colisao lateral";"Sem Vitimas";"Pleno dia";"Decrescente";"Ceu Claro";"Dupla";"Desvio Temporario";"Nao";306618;"Automóvel";"HYUNDAI/HB20S 1.6A COMF";2018;"Condutor";"Ileso";30;"Feminino";1;0;0;0;"-4.02618648";"-38.51439178";"SR-CE";"DEL16/1";"UOP02/CE"
172446;380276;2018-11-18;"domingo";"16:40:00";"AP";210;0,2;"MACAPA";"Sim";"Ingestao de alcool";1;"Atropelamento de Pedestre";"Com Vitimas Feridas";"Pleno dia";"Decrescente";"Ceu Claro";"Dupla";"Reta";"Sim";306562;"Automóvel";"VW/UP CROSS MA";2014;"Condutor";"Ileso";66;"Masculino";1;0;0;0;"0.0920653";"-51.1271904";"SR-AP";"UOP01/AP";""
172446;380277;2018-11-18;"domingo";"16:40:00";"AP";210;0,2;"MACAPA";"Sim";"Ingestao de alcool";1;"Atropelamento de Pedestre";"Com Vitimas Feridas";"Pleno dia";"Decrescente";"Ceu Claro";"Dupla";"Reta";"Sim";306562;"Automóvel";"VW/UP CROSS MA";2014;"Pedestre";"Lesoes Leves";17;"Masculino";0;1;0;0;"0.0920653";"-51.1271904";"SR-AP";"UOP01/AP";""
172460;380059;2018-11-18;"domingo";"18:15:00";"RS";290;139,5;"ELDORADO DO SUL";"Sim";"Ingestao de alcool";1;"Saida de leito carrocavel";"Sem Vitimas";"Pleno dia";"Decrescente";"Ceu Claro";"Simples";"Reta";"Nao";306545;"Automóvel";"FORD/KA FLEX";2012;"Condutor";"Ileso";54;"Masculino";1;0;0;0;"-30.078781";"-51.59985";"SR-RS";"DEL9/2";"UOP01/RS"
172497;378305;2018-11-18;"domingo";"20:20:00";"SE";235;53,4;"ITABAIANA";"Sim";"Ingestao de alcool";1;"Colisao transversal";"Com Vitimas Feridas";"Pleno dia";"Crescente";"Ceu Claro";"Simples";"Reta";"Sim";306563;"Motocicleta";"HONDA/CG 125 FAN";2008;"Condutor";"Lesoes Graves";32;"Masculino";0;0;1;0;"-10.684707";"-37.440544";"SR-SE";"DEL20/1";"UOP02/SE"
172497;378307;2018-11-18;"domingo";"20:20:00";"SE";235;53,4;"ITABAIANA";"Sim";"Ingestao de alcool";1;"Colisao transversal";"Com Vitimas Feridas";"Pleno dia";"Crescente";"Ceu Claro";"Simples";"Reta";"Sim";306564;"Automóvel";"HYUNDAI/HB20 1.6M 1.6M";2013;"Condutor";"Ileso";49;"Masculino";1;0;0;0;"-10.684707";"-37.440544";"SR-SE";"DEL20/1";"UOP02/SE"
172498;378285;2018-11-18;"domingo";"21:00:00";"MG";381;508,2;"SAO JOAQUIM DE BICAS";"Sim";"Ingestao de alcool";1;"Colisao com objeto estatico";"Com Vitimas Feridas";"Plena Noite";"Crescente";"Ceu Claro";"Dupla";"Curva";"Sim";306554;"Automóvel";"I/FIAT SIENA EL FLEX";2010;"Condutor";"Lesoes Leves";40;"Masculino";0;1;0;0;"-20.0442";"-44.2708";"SR-MG";"DEL4/1";"UOP03/MG"
172506;382783;2018-11-18;"domingo";"19:00:00";"MG";262;701,7;"ARAXA";"Sim";"Ingestao de alcool";1;"Saida de leito carrocavel";"Com Vitimas Feridas";"Anoitecer";"Decrescente";"Chuva";"Simples";"Curva";"Nao";310028;"Automóvel";"FIAT/UNO S 1.5";1992;"Condutor";"Lesoes Leves";26;"Masculino";0;1;0;0;"-19.56814188";"-47.0422554";"SR-MG";"DEL4/8";"UOP01/MG"
172506;382784;2018-11-18;"domingo";"19:00:00";"MG";262;701,7;"ARAXA";"Sim";"Ingestao de alcool";1;"Saida de leito carrocavel";"Com Vitimas Feridas";"Anoitecer";"Decrescente";"Chuva";"Simples";"Curva";"Nao";310028;"Automóvel";"FIAT/UNO S 1.5";1992;"Passageiro";"Lesoes Leves";0;"Masculino";0;1;0;0;"-19.56814188";"-47.0422554";"SR-MG";"DEL4/8";"UOP01/MG"
172515;379662;2018-11-18;"domingo";"21:30:00";"AL";416;47,2;"IBATEGUARA";"Nao";"Ingestao de alcool";1;"Atropelamento de Animal";"Com Vitimas Fatais";"Plena Noite";"Crescente";"Nublado";"Simples";"Reta";"Nao";307611;"Outros";"";NA;"Condutor";"Nao Informado";NA;"Nao Informado";0;0;0;0;"-8.96341914";"-35.93610764";"SR-AL";"DEL13/1";"UOP02/AL"
172515;379667;2018-11-18;"domingo";"21:30:00";"AL";416;47,2;"IBATEGUARA";"Nao";"Ingestao de alcool";1;"Atropelamento de Animal";"Com Vitimas Fatais";"Plena Noite";"Crescente";"Nublado";"Simples";"Reta";"Nao";306638;"Motocicleta";"HONDA/XLR 125";2001;"Condutor";"Lesoes Graves";21;"Masculino";0;0;1;0;"-8.96341914";"-35.93610764";"SR-AL";"DEL13/1";"UOP02/AL"
172515;379669;2018-11-18;"domingo";"21:30:00";"AL";416;47,2;"IBATEGUARA";"Nao";"Ingestao de alcool";1;"Atropelamento de Animal";"Com Vitimas Fatais";"Plena Noite";"Crescente";"Nublado";"Simples";"Reta";"Nao";306639;"Motocicleta";"HONDA/CG 125 TITAN KS";2000;"Condutor";"Lesoes Graves";29;"Masculino";0;0;1;0;"-8.96341914";"-35.93610764";"SR-AL";"DEL13/1";"UOP02/AL"
172515;378377;2018-11-18;"domingo";"21:30:00";"AL";416;47,2;"IBATEGUARA";"Nao";"Ingestao de alcool";1;"Atropelamento de Animal";"Com Vitimas Fatais";"Plena Noite";"Crescente";"Nublado";"Simples";"Reta";"Nao";307611;"Outros";"";NA;"Cavaleiro";"Óbito";26;"Masculino";0;0;0;1;"-8.96341914";"-35.93610764";"SR-AL";"DEL13/1";"UOP02/AL"
172516;378302;2018-11-18;"domingo";"22:25:00";"RJ";40;105;"DUQUE DE CAXIAS";"Nao";"Ingestao de alcool";1;"Colisao transversal";"Sem Vitimas";"Plena Noite";"Crescente";"Ceu Claro";"Simples";"Intersecao de vias";"Sim";306571;"Automóvel";"FIAT/UNO MILLE";1991;"Condutor";"Ileso";29;"Masculino";1;0;0;0;"-22.64126388";"-43.28493118";"SR-RJ";"DEL5/1";"UOP01/RJ"
172516;378304;2018-11-18;"domingo";"22:25:00";"RJ";40;105;"DUQUE DE CAXIAS";"Nao";"Ingestao de alcool";1;"Colisao transversal";"Sem Vitimas";"Plena Noite";"Crescente";"Ceu Claro";"Simples";"Intersecao de vias";"Sim";306572;"Ônibus";"M.BENZ/MPOLO TORINO U";2015;"Condutor";"Ileso";29;"Masculino";1;0;0;0;"-22.64126388";"-43.28493118";"SR-RJ";"DEL5/1";"UOP01/RJ"
172522;378306;2018-11-18;"domingo";"19:10:00";"RS";471;472;"RIO GRANDE";"Nao";"Ingestao de alcool";1;"Queda de ocupante de veiculo";"Com Vitimas Feridas";"Pleno dia";"Decrescente";"Ceu Claro";"Simples";"Curva";"Nao";306574;"Motocicleta";"YAMAHA/FAZER YS250";2015;"Condutor";"Lesoes Leves";54;"Masculino";0;1;0;0;"-32.07472015";"-52.26402283";"SR-RS";"DEL9/7";"UOP02/RS"
172524;382293;2018-11-18;"domingo";"22:10:00";"MG";262;529,9;"LUZ";"Sim";"Ingestao de alcool";1;"Colisao frontal";"Com Vitimas Feridas";"Plena Noite";"Decrescente";"Chuva";"Simples";"Nao Informado";"Nao";306673;"Automóvel";"VW/GOL SPECIAL";2002;"Condutor";"Lesoes Graves";42;"Masculino";0;0;1;0;"-19.782969";"-45.68597";"SR-MG";"DEL4/8";"UOP02/MG"
172524;382294;2018-11-18;"domingo";"22:10:00";"MG";262;529,9;"LUZ";"Sim";"Ingestao de alcool";1;"Colisao frontal";"Com Vitimas Feridas";"Plena Noite";"Decrescente";"Chuva";"Simples";"Nao Informado";"Nao";306673;"Automóvel";"VW/GOL SPECIAL";2002;"Passageiro";"Lesoes Leves";61;"Feminino";0;1;0;0;"-19.782969";"-45.68597";"SR-MG";"DEL4/8";"UOP02/MG"
172524;382309;2018-11-18;"domingo";"22:10:00";"MG";262;529,9;"LUZ";"Sim";"Ingestao de alcool";1;"Colisao frontal";"Com Vitimas Feridas";"Plena Noite";"Decrescente";"Chuva";"Simples";"Nao Informado";"Nao";306677;"Caminhao-trator";"SCANIA/G 420 A6X2";2011;"Condutor";"Ileso";46;"Masculino";1;0;0;0;"-19.782969";"-45.68597";"SR-MG";"DEL4/8";"UOP02/MG"
172524;382311;2018-11-18;"domingo";"22:10:00";"MG";262;529,9;"LUZ";"Sim";"Ingestao de alcool";1;"Colisao frontal";"Com Vitimas Feridas";"Plena Noite";"Decrescente";"Chuva";"Simples";"Nao Informado";"Nao";306683;"Automóvel";"VW/GOL MI";1997;"Condutor";"Lesoes Leves";40;"Masculino";0;1;0;0;"-19.782969";"-45.68597";"SR-MG";"DEL4/8";"UOP02/MG"
172524;382316;2018-11-18;"domingo";"22:10:00";"MG";262;529,9;"LUZ";"Sim";"Ingestao de alcool";1;"Colisao frontal";"Com Vitimas Feridas";"Plena Noite";"Decrescente";"Chuva";"Simples";"Nao Informado";"Nao";306683;"Automóvel";"VW/GOL MI";1997;"Passageiro";"Lesoes Leves";36;"Masculino";0;1;0;0;"-19.782969";"-45.68597";"SR-MG";"DEL4/8";"UOP02/MG"
172536;378562;2018-11-18;"domingo";"20:30:00";"PE";316;237,1;"BELEM DE SAO FRANCISCO";"Sim";"Ingestao de alcool";2;"Capotamento";"Com Vitimas Feridas";"Plena Noite";"Decrescente";"Ceu Claro";"Simples";"Reta";"Nao";306586;"Automóvel";"GM/ASTRA HB 4P ADVANTAGE";2009;"Condutor";"Ileso";42;"Masculino";1;0;0;0;"-8.624655";"-39.075306";"SR-PE";"DEL11/5";"UOP03/PE"
172536;378568;2018-11-18;"domingo";"20:30:00";"PE";316;237,1;"BELEM DE SAO FRANCISCO";"Sim";"Ingestao de alcool";2;"Capotamento";"Com Vitimas Feridas";"Plena Noite";"Decrescente";"Ceu Claro";"Simples";"Reta";"Nao";306586;"Automóvel";"GM/ASTRA HB 4P ADVANTAGE";2009;"Passageiro";"Lesoes Leves";30;"Feminino";0;1;0;0;"-8.624655";"-39.075306";"SR-PE";"DEL11/5";"UOP03/PE"
172536;378570;2018-11-18;"domingo";"20:30:00";"PE";316;237,1;"BELEM DE SAO FRANCISCO";"Sim";"Ingestao de alcool";2;"Capotamento";"Com Vitimas Feridas";"Plena Noite";"Decrescente";"Ceu Claro";"Simples";"Reta";"Nao";306586;"Automóvel";"GM/ASTRA HB 4P ADVANTAGE";2009;"Passageiro";"Lesoes Graves";29;"Feminino";0;0;1;0;"-8.624655";"-39.075306";"SR-PE";"DEL11/5";"UOP03/PE"
172536;378625;2018-11-18;"domingo";"20:30:00";"PE";316;237,1;"BELEM DE SAO FRANCISCO";"Sim";"Ingestao de alcool";2;"Capotamento";"Com Vitimas Feridas";"Plena Noite";"Decrescente";"Ceu Claro";"Simples";"Reta";"Nao";306586;"Automóvel";"GM/ASTRA HB 4P ADVANTAGE";2009;"Passageiro";"Lesoes Leves";9;"Feminino";0;1;0;0;"-8.624655";"-39.075306";"SR-PE";"DEL11/5";"UOP03/PE"
172536;378565;2018-11-18;"domingo";"20:30:00";"PE";316;237,1;"BELEM DE SAO FRANCISCO";"Sim";"Ingestao de alcool";2;"Capotamento";"Com Vitimas Feridas";"Plena Noite";"Decrescente";"Ceu Claro";"Simples";"Reta";"Nao";306586;"Automóvel";"GM/ASTRA HB 4P ADVANTAGE";2009;"Passageiro";"Lesoes Leves";38;"Masculino";0;1;0;0;"-8.624655";"-39.075306";"SR-PE";"DEL11/5";"UOP03/PE"
172541;380173;2018-11-19;"segunda-feira";"00:00:00";"RJ";393;252,6;"BARRA DO PIRAI";"Sim";"Ingestao de alcool";1;"Colisao lateral";"Com Vitimas Feridas";"Plena Noite";"Decrescente";"Nublado";"Simples";"Reta";"Nao";306612;"Automóvel";"GM/CORSA SUPER";1996;"Condutor";"Lesoes Leves";50;"Masculino";0;1;0;0;"-22.45291801";"-43.80558014";"SR-RJ";"DEL5/5";"UOP02/RJ"
172541;380220;2018-11-19;"segunda-feira";"00:00:00";"RJ";393;252,6;"BARRA DO PIRAI";"Sim";"Ingestao de alcool";1;"Colisao lateral";"Com Vitimas Feridas";"Plena Noite";"Decrescente";"Nublado";"Simples";"Reta";"Nao";306613;"Caminhao-trator";"M.BENZ/AXOR 2540 S";2008;"Condutor";"Ileso";28;"Masculino";1;0;0;0;"-22.45291801";"-43.80558014";"SR-RJ";"DEL5/5";"UOP02/RJ"
172544;378507;2018-11-18;"domingo";"21:40:00";"BA";367;29,4;"PORTO SEGURO";"Sim";"Ingestao de alcool";1;"Colisao traseira";"Sem Vitimas";"Plena Noite";"Decrescente";"Ceu Claro";"Simples";"Curva";"Nao";306711;"Caminhonete";"VW/NOVA SAVEIRO CE";2013;"Condutor";"Ileso";36;"Masculino";1;0;0;0;"-16.4156";"-39.126629";"SR-BA";"DEL10/9";"UOP01/BA"
172544;379410;2018-11-18;"domingo";"21:40:00";"BA";367;29,4;"PORTO SEGURO";"Sim";"Ingestao de alcool";1;"Colisao traseira";"Sem Vitimas";"Plena Noite";"Decrescente";"Ceu Claro";"Simples";"Curva";"Nao";306710;"Automóvel";"PEUGEOT/207HB XR S";2008;"Condutor";"Ileso";52;"Masculino";1;0;0;0;"-16.4156";"-39.126629";"SR-BA";"DEL10/9";"UOP01/BA"
172544;379414;2018-11-18;"domingo";"21:40:00";"BA";367;29,4;"PORTO SEGURO";"Sim";"Ingestao de alcool";1;"Colisao traseira";"Sem Vitimas";"Plena Noite";"Decrescente";"Ceu Claro";"Simples";"Curva";"Nao";306710;"Automóvel";"PEUGEOT/207HB XR S";2008;"Passageiro";"Ileso";25;"Feminino";1;0;0;0;"-16.4156";"-39.126629";"SR-BA";"DEL10/9";"UOP01/BA"
172545;381575;2018-11-18;"domingo";"21:30:00";"MG";116;479,6;"DOM CAVATI";"Sim";"Ingestao de alcool";1;"Colisao transversal";"Com Vitimas Feridas";"Plena Noite";"Decrescente";"Nublado";"Simples";"Reta";"Sim";306722;"Automóvel";"FIAT/WEEKEND ADVENTURE";2017;"Condutor";"Ileso";27;"Masculino";1;0;0;0;"-19.383387";"-42.112269";"SR-MG";"DEL4/6";"UOP02/MG"
172545;381577;2018-11-18;"domingo";"21:30:00";"MG";116;479,6;"DOM CAVATI";"Sim";"Ingestao de alcool";1;"Colisao transversal";"Com Vitimas Feridas";"Plena Noite";"Decrescente";"Nublado";"Simples";"Reta";"Sim";306722;"Automóvel";"FIAT/WEEKEND ADVENTURE";2017;"Passageiro";"Lesoes Leves";33;"Feminino";0;1;0;0;"-19.383387";"-42.112269";"SR-MG";"DEL4/6";"UOP02/MG"
172545;381580;2018-11-18;"domingo";"21:30:00";"MG";116;479,6;"DOM CAVATI";"Sim";"Ingestao de alcool";1;"Colisao transversal";"Com Vitimas Feridas";"Plena Noite";"Decrescente";"Nublado";"Simples";"Reta";"Sim";309252;"Automóvel";"FIAT/UNO WAY 1.0";2013;"Condutor";"Lesoes Leves";52;"Masculino";0;1;0;0;"-19.383387";"-42.112269";"SR-MG";"DEL4/6";"UOP02/MG"
172549;378525;2018-11-18;"domingo";"22:00:00";"MG";116;517,7;"UBAPORANGA";"Sim";"Ingestao de alcool";1;"Colisao frontal";"Com Vitimas Feridas";"Plena Noite";"Decrescente";"Ceu Claro";"Simples";"Curva";"Nao";306599;"Automóvel";"FIAT/PALIO EX";2004;"Condutor";"Lesoes Leves";46;"Masculino";0;1;0;0;"-19.69879913";"-42.11591721";"SR-MG";"DEL4/6";"UOP02/MG"
172549;378531;2018-11-18;"domingo";"22:00:00";"MG";116;517,7;"UBAPORANGA";"Sim";"Ingestao de alcool";1;"Colisao frontal";"Com Vitimas Feridas";"Plena Noite";"Decrescente";"Ceu Claro";"Simples";"Curva";"Nao";306600;"Automóvel";"FIAT/UNO WAY 1.0";2013;"Condutor";"Lesoes Leves";52;"Masculino";0;1;0;0;"-19.69879913";"-42.11591721";"SR-MG";"DEL4/6";"UOP02/MG"
172551;384789;2018-11-18;"domingo";"22:15:00";"RO";319;63;"PORTO VELHO";"Nao";"Ingestao de alcool";1;"Atropelamento de Pedestre";"Com Vitimas Feridas";"Plena Noite";"Decrescente";"Nublado";"Dupla";"Reta";"Sim";306611;"Automóvel";"HYUNDAI/HB20 1.0M UNIQUE";2018;"Condutor";"Ileso";29;"Masculino";1;0;0;0;"-8.75916346";"-63.88575554";"SR-RO";"DEL21/1";"UOP01/RO"
172551;384797;2018-11-18;"domingo";"22:15:00";"RO";319;63;"PORTO VELHO";"Nao";"Ingestao de alcool";1;"Atropelamento de Pedestre";"Com Vitimas Feridas";"Plena Noite";"Decrescente";"Nublado";"Dupla";"Reta";"Sim";306611;"Automóvel";"HYUNDAI/HB20 1.0M UNIQUE";2018;"Pedestre";"Lesoes Leves";53;"Masculino";0;1;0;0;"-8.75916346";"-63.88575554";"SR-RO";"DEL21/1";"UOP01/RO"