"id";"pesid";"data_inversa";"dia_semana";"horario";"uf";"br";"km";"municipio";"causa_principal";"causa_acidente";"ordem_tipo_acidente";"tipo_acidente";"classificacao_acidente";"fase_dia";"sentido_via";"condicao_metereologica";"tipo_pista";"tracado_via";"uso_solo";"id_veiculo";"tipo_veiculo";"marca";"ano_fabricacao_veiculo";"tipo_envolvido";"estado_fisico";"idade";"sexo";"ilesos";"feridos_leves";"feridos_graves";"mortos";"latitude";"longitude";"regional";"delegacia";"uop"
172560;378425;2018-11-19;"segunda-feira";"02:00:00";"PI";230;197,4;"OEIRAS";"Sim";"Ingestao de alcool";1;"Colisao com objeto estatico";"Com Vitimas Fatais";"Plena Noite";"Decrescente";"Ceu Claro";"Simples";"Reta";"Sim";306681;"Motocicleta";"YAMAHA/FACTOR YBR125 K";2012;"Condutor";"Óbito";30;"Masculino";0;0;0;1;"-7.009315";"-42.127064";"SR-PI";"DEL17/4";"UOP01/PI"
172568;378421;2018-11-18;"domingo";"22:25:00";"MG";262;529,5;"LUZ";"Sim";"Ingestao de alcool";1;"Colisao frontal";"Sem Vitimas";"Plena Noite";"Decrescente";"Chuva";"Simples";"Reta";"Nao";306674;"Automóvel";"FIAT/PALIO ED";1998;"Condutor";"Ileso";50;"Masculino";1;0;0;0;"-19.782969";"-45.68597";"SR-MG";"DEL4/8";"UOP02/MG"
172568;378422;2018-11-18;"domingo";"22:25:00";"MG";262;529,5;"LUZ";"Sim";"Ingestao de alcool";1;"Colisao frontal";"Sem Vitimas";"Plena Noite";"Decrescente";"Chuva";"Simples";"Reta";"Nao";306675;"Automóvel";"FIAT/BRAVO SPORTING 1.8";2013;"Condutor";"Ileso";39;"Masculino";1;0;0;0;"-19.782969";"-45.68597";"SR-MG";"DEL4/8";"UOP02/MG"
172568;378423;2018-11-18;"domingo";"22:25:00";"MG";262;529,5;"LUZ";"Sim";"Ingestao de alcool";1;"Colisao frontal";"Sem Vitimas";"Plena Noite";"Decrescente";"Chuva";"Simples";"Reta";"Nao";306676;"Caminhonete";"CHEVROLET/S10 LTZ DD4A";2014;"Condutor";"Ileso";35;"Masculino";1;0;0;0;"-19.782969";"-45.68597";"SR-MG";"DEL4/8";"UOP02/MG"
172568;380258;2018-11-18;"domingo";"22:25:00";"MG";262;529,5;"LUZ";"Sim";"Ingestao de alcool";1;"Colisao frontal";"Sem Vitimas";"Plena Noite";"Decrescente";"Chuva";"Simples";"Reta";"Nao";306676;"Caminhonete";"CHEVROLET/S10 LTZ DD4A";2014;"Testemunha";"Nao Informado";NA;"Nao Informado";0;0;0;0;"-19.782969";"-45.68597";"SR-MG";"DEL4/8";"UOP02/MG"
172666;378777;2018-10-25;"quinta-feira";"03:00:00";"PB";101;43,9;"MAMANGUAPE";"Sim";"Ingestao de alcool";1;"Colisao traseira";"Com Vitimas Feridas";"Plena Noite";"Crescente";"Ceu Claro";"Dupla";"Nao Informado";"Nao";306865;"Outros";"";NA;"Condutor";"Nao Informado";NA;"Nao Informado";0;0;0;0;"-6.87406592";"-35.13252854";"SR-PB";"DEL14/1";"UOP04/PB"
172666;378776;2018-10-25;"quinta-feira";"03:00:00";"PB";101;43,9;"MAMANGUAPE";"Sim";"Ingestao de alcool";1;"Colisao traseira";"Com Vitimas Feridas";"Plena Noite";"Crescente";"Ceu Claro";"Dupla";"Nao Informado";"Nao";306864;"Motocicleta";"HONDA/CG 125I FAN";2016;"Condutor";"Lesoes Graves";17;"Masculino";0;0;1;0;"-6.87406592";"-35.13252854";"SR-PB";"DEL14/1";"UOP04/PB"
172673;378826;2018-11-19;"segunda-feira";"16:55:00";"SC";470;51,6;"BLUMENAU";"Sim";"Ingestao de alcool";1;"Queda de ocupante de veiculo";"Com Vitimas Feridas";"Pleno dia";"Crescente";"Nublado";"Simples";"Reta";"Sim";306905;"Motocicleta";"HONDA/CG 125 FAN KS";2012;"Condutor";"Ileso";34;"Masculino";1;0;0;0;"-26.86263936";"-49.09077108";"SR-SC";"DEL8/4";"UOP01/SC"
172673;378827;2018-11-19;"segunda-feira";"16:55:00";"SC";470;51,6;"BLUMENAU";"Sim";"Ingestao de alcool";1;"Queda de ocupante de veiculo";"Com Vitimas Feridas";"Pleno dia";"Crescente";"Nublado";"Simples";"Reta";"Sim";306905;"Motocicleta";"HONDA/CG 125 FAN KS";2012;"Passageiro";"Lesoes Leves";74;"Masculino";0;1;0;0;"-26.86263936";"-49.09077108";"SR-SC";"DEL8/4";"UOP01/SC"
172731;379001;2018-11-19;"segunda-feira";"20:35:00";"MG";381;900;"CAMBUI";"Sim";"Ingestao de alcool";1;"Colisao frontal";"Com Vitimas Feridas";"Plena Noite";"Crescente";"Nublado";"Simples";"Retorno Regulamentado";"Sim";307042;"Automóvel";"VW/GOL 1.0 GIV";2008;"Condutor";"Ileso";29;"Masculino";1;0;0;0;"-22.6298";"-46.0781";"SR-MG";"DEL4/10";"UOP03/MG"
172731;379000;2018-11-19;"segunda-feira";"20:35:00";"MG";381;900;"CAMBUI";"Sim";"Ingestao de alcool";1;"Colisao frontal";"Com Vitimas Feridas";"Plena Noite";"Crescente";"Nublado";"Simples";"Retorno Regulamentado";"Sim";307043;"Utilitario";"MMC/PAJERO DAKAR D";2012;"Condutor";"Ileso";36;"Masculino";1;0;0;0;"-22.6298";"-46.0781";"SR-MG";"DEL4/10";"UOP03/MG"
172731;379004;2018-11-19;"segunda-feira";"20:35:00";"MG";381;900;"CAMBUI";"Sim";"Ingestao de alcool";1;"Colisao frontal";"Com Vitimas Feridas";"Plena Noite";"Crescente";"Nublado";"Simples";"Retorno Regulamentado";"Sim";307042;"Automóvel";"VW/GOL 1.0 GIV";2008;"Passageiro";"Lesoes Leves";54;"Masculino";0;1;0;0;"-22.6298";"-46.0781";"SR-MG";"DEL4/10";"UOP03/MG"
172740;380544;2018-11-19;"segunda-feira";"23:03:00";"SP";116;23,6;"LAVRINHAS";"Sim";"Ingestao de alcool";1;"Colisao traseira";"Sem Vitimas";"Plena Noite";"Decrescente";"Chuva";"Dupla";"Reta";"Nao";307088;"Caminhao";"VW/17.190 CRM 4X2 4P";2014;"Condutor";"Ileso";58;"Masculino";1;0;0;0;"-22.589794";"-44.885368";"SR-SP";"DEL6/8";"UOP01/SP"
172740;380539;2018-11-19;"segunda-feira";"23:03:00";"SP";116;23,6;"LAVRINHAS";"Sim";"Ingestao de alcool";1;"Colisao traseira";"Sem Vitimas";"Plena Noite";"Decrescente";"Chuva";"Dupla";"Reta";"Nao";307087;"Caminhao-trator";"VOLVO/FH12 380 4X2 T";1998;"Condutor";"Ileso";62;"Masculino";1;0;0;0;"-22.589794";"-44.885368";"SR-SP";"DEL6/8";"UOP01/SP"
172741;380742;2018-11-19;"segunda-feira";"23:30:00";"SP";116;187,8;"SANTA ISABEL";"Sim";"Ingestao de alcool";1;"Colisao traseira";"Sem Vitimas";"Plena Noite";"Crescente";"Nublado";"Dupla";"Reta";"Nao";308544;"Automóvel";"VW/FUSCA 1300";1969;"Condutor";"Ileso";45;"Masculino";1;0;0;0;"-23.36108909";"-46.21947505";"SR-SP";"DEL6/2";"UOP01/SP"
172741;380745;2018-11-19;"segunda-feira";"23:30:00";"SP";116;187,8;"SANTA ISABEL";"Sim";"Ingestao de alcool";1;"Colisao traseira";"Sem Vitimas";"Plena Noite";"Crescente";"Nublado";"Dupla";"Reta";"Nao";308545;"Caminhao-trator";"IVECO/STRALISHD 490S38TN";2008;"Condutor";"Ileso";42;"Masculino";1;0;0;0;"-23.36108909";"-46.21947505";"SR-SP";"DEL6/2";"UOP01/SP"
172781;379104;2018-10-24;"quarta-feira";"14:20:00";"GO";60;3,9;"ALEXANIA";"Sim";"Ingestao de alcool";2;"Colisao transversal";"Com Vitimas Fatais";"Pleno dia";"Crescente";"Ceu Claro";"Dupla";"Reta";"Nao";307121;"Caminhonete";"IMP/GM D20";1996;"Condutor";"Lesoes Leves";57;"Masculino";0;1;0;0;"-16.094168";"-48.517212";"SR-DF";"GO";"UOP03/DF"
172781;379105;2018-10-24;"quarta-feira";"14:20:00";"GO";60;3,9;"ALEXANIA";"Sim";"Ingestao de alcool";2;"Colisao transversal";"Com Vitimas Fatais";"Pleno dia";"Crescente";"Ceu Claro";"Dupla";"Reta";"Nao";307122;"Automóvel";"CHEVROLET/ONIX 1.4MT LTZ";2016;"Condutor";"Lesoes Leves";45;"Feminino";0;1;0;0;"-16.094168";"-48.517212";"SR-DF";"GO";"UOP03/DF"
172781;379103;2018-10-24;"quarta-feira";"14:20:00";"GO";60;3,9;"ALEXANIA";"Sim";"Ingestao de alcool";2;"Colisao transversal";"Com Vitimas Fatais";"Pleno dia";"Crescente";"Ceu Claro";"Dupla";"Reta";"Nao";307120;"Caminhonete";"FIAT/STRADA FIRE";2005;"Condutor";"Óbito";25;"Masculino";0;0;0;1;"-16.094168";"-48.517212";"SR-DF";"GO";"UOP03/DF"
172911;379346;2018-11-04;"domingo";"17:00:00";"PA";316;2;"BELEM";"Nao";"Ingestao de alcool";1;"Atropelamento de Pedestre";"Com Vitimas Feridas";"Pleno dia";"Decrescente";"Garoa/Chuvisco";"Dupla";"Reta";"Sim";307358;"Motocicleta";"YAMAHA/YS150 FAZER SED";2015;"Condutor";"Ileso";26;"Masculino";1;0;0;0;"-1.39623053";"-48.42292786";"SR-PA";"DEL19/1";"UOP01/PA"
172911;379347;2018-11-04;"domingo";"17:00:00";"PA";316;2;"BELEM";"Nao";"Ingestao de alcool";1;"Atropelamento de Pedestre";"Com Vitimas Feridas";"Pleno dia";"Decrescente";"Garoa/Chuvisco";"Dupla";"Reta";"Sim";307358;"Motocicleta";"YAMAHA/YS150 FAZER SED";2015;"Pedestre";"Lesoes Leves";43;"Masculino";0;1;0;0;"-1.39623053";"-48.42292786";"SR-PA";"DEL19/1";"UOP01/PA"
172916;379378;2018-11-20;"terca-feira";"19:15:00";"MG";262;800;"UBERABA";"Sim";"Ingestao de alcool";1;"Colisao traseira";"Sem Vitimas";"Plena Noite";"Decrescente";"Chuva";"Dupla";"Curva";"Sim";307373;"Automóvel";"VW/VOYAGE 1.0";2009;"Condutor";"Ileso";42;"Masculino";1;0;0;0;"-19.76896519";"-47.89088488";"SR-MG";"DEL4/15";"UOP01/MG"
172916;379379;2018-11-20;"terca-feira";"19:15:00";"MG";262;800;"UBERABA";"Sim";"Ingestao de alcool";1;"Colisao traseira";"Sem Vitimas";"Plena Noite";"Decrescente";"Chuva";"Dupla";"Curva";"Sim";307374;"Automóvel";"FORD/KA FLEX";2010;"Condutor";"Ileso";74;"Masculino";1;0;0;0;"-19.76896519";"-47.89088488";"SR-MG";"DEL4/15";"UOP01/MG"
172953;381419;2018-11-21;"quarta-feira";"06:15:00";"SC";282;3;"FLORIANOPOLIS";"Sim";"Ingestao de alcool";1;"Capotamento";"Com Vitimas Feridas";"Amanhecer";"Decrescente";"Ceu Claro";"Dupla";"Reta";"Nao";307492;"Automóvel";"VW/GOLF 1.6 SPORTLINE";2011;"Condutor";"Lesoes Leves";31;"Feminino";0;1;0;0;"-27.60321519";"-48.59012425";"SR-SC";"DEL8/1";"UOP01/SC"
172953;381420;2018-11-21;"quarta-feira";"06:15:00";"SC";282;3;"FLORIANOPOLIS";"Sim";"Ingestao de alcool";1;"Capotamento";"Com Vitimas Feridas";"Amanhecer";"Decrescente";"Ceu Claro";"Dupla";"Reta";"Nao";307492;"Automóvel";"VW/GOLF 1.6 SPORTLINE";2011;"Passageiro";"Lesoes Leves";36;"Masculino";0;1;0;0;"-27.60321519";"-48.59012425";"SR-SC";"DEL8/1";"UOP01/SC"
173015;379751;2018-11-21;"quarta-feira";"12:30:00";"MG";354;754,2;"ITAMONTE";"Sim";"Ingestao de alcool";1;"Colisao traseira";"Sem Vitimas";"Pleno dia";"Decrescente";"Chuva";"Simples";"Reta";"Sim";307661;"Automóvel";"VW/FUSCA 1600";1993;"Condutor";"Ileso";61;"Masculino";1;0;0;0;"-22.28682059";"-44.86879259";"SR-MG";"DEL4/9";"UOP02/MG"
173015;379755;2018-11-21;"quarta-feira";"12:30:00";"MG";354;754,2;"ITAMONTE";"Sim";"Ingestao de alcool";1;"Colisao traseira";"Sem Vitimas";"Pleno dia";"Decrescente";"Chuva";"Simples";"Reta";"Sim";307662;"Automóvel";"HONDA/FIT CX FLEX";2013;"Condutor";"Ileso";46;"Masculino";1;0;0;0;"-22.28682059";"-44.86879259";"SR-MG";"DEL4/9";"UOP02/MG"
173056;383033;2018-11-21;"quarta-feira";"18:00:00";"GO";80;164;"URUACU";"Sim";"Ingestao de alcool";2;"Saida de leito carrocavel";"Com Vitimas Feridas";"Pleno dia";"Crescente";"Chuva";"Simples";"Reta";"Nao";309993;"Camioneta";"FORD/F100";1974;"Condutor";"Lesoes Leves";64;"Masculino";0;1;0;0;"-14.74400702";"-49.06974792";"SR-GO";"DEL1/7";"UOP02/GO"
173056;383044;2018-11-21;"quarta-feira";"18:00:00";"GO";80;164;"URUACU";"Sim";"Ingestao de alcool";2;"Saida de leito carrocavel";"Com Vitimas Feridas";"Pleno dia";"Crescente";"Chuva";"Simples";"Reta";"Nao";309995;"Caminhao";"IVECO/DAILY55C16 CS";2011;"Condutor";"Ileso";31;"Masculino";1;0;0;0;"-14.74400702";"-49.06974792";"SR-GO";"DEL1/7";"UOP02/GO"
173056;383039;2018-11-21;"quarta-feira";"18:00:00";"GO";80;164;"URUACU";"Sim";"Ingestao de alcool";2;"Saida de leito carrocavel";"Com Vitimas Feridas";"Pleno dia";"Crescente";"Chuva";"Simples";"Reta";"Nao";309994;"Caminhao-trator";"IVECO/STRALIS 570S46T";2010;"Condutor";"Lesoes Graves";36;"Masculino";0;0;1;0;"-14.74400702";"-49.06974792";"SR-GO";"DEL1/7";"UOP02/GO"
173056;383048;2018-11-21;"quarta-feira";"18:00:00";"GO";80;164;"URUACU";"Sim";"Ingestao de alcool";2;"Saida de leito carrocavel";"Com Vitimas Feridas";"Pleno dia";"Crescente";"Chuva";"Simples";"Reta";"Nao";309995;"Caminhao";"IVECO/DAILY55C16 CS";2011;"Passageiro";"Lesoes Graves";32;"Masculino";0;0;1;0;"-14.74400702";"-49.06974792";"SR-GO";"DEL1/7";"UOP02/GO"
173062;379952;2018-11-21;"quarta-feira";"16:55:00";"SE";101;13,3;"CEDRO DE SAO JOAO";"Sim";"Ingestao de alcool";1;"Colisao traseira";"Com Vitimas Feridas";"Pleno dia";"Decrescente";"Ceu Claro";"Simples";"Reta";"Nao";307839;"Camioneta";"FORD/ECOSPORT FSL1.6FLEX";2011;"Passageiro";"Lesoes Leves";44;"Feminino";0;1;0;0;"-10.295593";"-36.883125";"SR-SE";"DEL20/2";"UOP02/SE"
173062;379947;2018-11-21;"quarta-feira";"16:55:00";"SE";101;13,3;"CEDRO DE SAO JOAO";"Sim";"Ingestao de alcool";1;"Colisao traseira";"Com Vitimas Feridas";"Pleno dia";"Decrescente";"Ceu Claro";"Simples";"Reta";"Nao";307800;"Utilitario";"I/TOYOTA HILUXSW4 SRV4X4";2007;"Condutor";"Ileso";62;"Masculino";1;0;0;0;"-10.295593";"-36.883125";"SR-SE";"DEL20/2";"UOP02/SE"
173062;379948;2018-11-21;"quarta-feira";"16:55:00";"SE";101;13,3;"CEDRO DE SAO JOAO";"Sim";"Ingestao de alcool";1;"Colisao traseira";"Com Vitimas Feridas";"Pleno dia";"Decrescente";"Ceu Claro";"Simples";"Reta";"Nao";307839;"Camioneta";"FORD/ECOSPORT FSL1.6FLEX";2011;"Condutor";"Lesoes Leves";43;"Masculino";0;1;0;0;"-10.295593";"-36.883125";"SR-SE";"DEL20/2";"UOP02/SE"
173083;379883;2018-11-21;"quarta-feira";"20:45:00";"RS";470;226;"GARIBALDI";"Nao";"Ingestao de alcool";1;"Colisao transversal";"Com Vitimas Feridas";"Plena Noite";"Decrescente";"Ceu Claro";"Simples";"Curva";"Nao";307788;"Automóvel";"GM/ASTRA HB 4P SS";2007;"Condutor";"Ileso";27;"Feminino";1;0;0;0;"-29.25433671";"-51.51150964";"SR-RS";"DEL9/6";"UOP01/RS"
173083;379884;2018-11-21;"quarta-feira";"20:45:00";"RS";470;226;"GARIBALDI";"Nao";"Ingestao de alcool";1;"Colisao transversal";"Com Vitimas Feridas";"Plena Noite";"Decrescente";"Ceu Claro";"Simples";"Curva";"Nao";307788;"Automóvel";"GM/ASTRA HB 4P SS";2007;"Passageiro";"Ileso";24;"Masculino";1;0;0;0;"-29.25433671";"-51.51150964";"SR-RS";"DEL9/6";"UOP01/RS"
173083;379881;2018-11-21;"quarta-feira";"20:45:00";"RS";470;226;"GARIBALDI";"Nao";"Ingestao de alcool";1;"Colisao transversal";"Com Vitimas Feridas";"Plena Noite";"Decrescente";"Ceu Claro";"Simples";"Curva";"Nao";307787;"Caminhonete";"CHEVROLET/MONTANA LS";2015;"Condutor";"Lesoes Leves";62;"Masculino";0;1;0;0;"-29.25433671";"-51.51150964";"SR-RS";"DEL9/6";"UOP01/RS"
173086;379829;2018-11-21;"quarta-feira";"17:30:00";"MG";116;548;"SANTA BARBARA DO LESTE";"Sim";"Ingestao de alcool";2;"Capotamento";"Com Vitimas Feridas";"Pleno dia";"Decrescente";"Chuva";"Simples";"Curva";"Nao";307710;"Automóvel";"VW/FOX 1.0";2007;"Condutor";"Lesoes Leves";29;"Masculino";0;1;0;0;"-19.941562";"-42.131197";"SR-MG";"DEL4/6";"UOP02/MG"
173086;379832;2018-11-21;"quarta-feira";"17:30:00";"MG";116;548;"SANTA BARBARA DO LESTE";"Sim";"Ingestao de alcool";2;"Capotamento";"Com Vitimas Feridas";"Pleno dia";"Decrescente";"Chuva";"Simples";"Curva";"Nao";307710;"Automóvel";"VW/FOX 1.0";2007;"Passageiro";"Lesoes Graves";31;"Masculino";0;0;1;0;"-19.941562";"-42.131197";"SR-MG";"DEL4/6";"UOP02/MG"
173086;379834;2018-11-21;"quarta-feira";"17:30:00";"MG";116;548;"SANTA BARBARA DO LESTE";"Sim";"Ingestao de alcool";2;"Capotamento";"Com Vitimas Feridas";"Pleno dia";"Decrescente";"Chuva";"Simples";"Curva";"Nao";307710;"Automóvel";"VW/FOX 1.0";2007;"Passageiro";"Lesoes Graves";33;"Masculino";0;0;1;0;"-19.941562";"-42.131197";"SR-MG";"DEL4/6";"UOP02/MG"
173087;379805;2018-11-21;"quarta-feira";"21:10:00";"SP";116;270,9;"TABOAO DA SERRA";"Sim";"Ingestao de alcool";1;"Colisao com objeto estatico";"Sem Vitimas";"Plena Noite";"Crescente";"Nublado";"Dupla";"Reta";"Sim";307725;"Motoneta";"JTA/SUZUKI AN125";2006;"Passageiro";"Ileso";31;"Feminino";1;0;0;0;"-23.60736401";"-46.76500266";"SR-SP";"DEL6/4";"UOP01/SP"
173087;379802;2018-11-21;"quarta-feira";"21:10:00";"SP";116;270,9;"TABOAO DA SERRA";"Sim";"Ingestao de alcool";1;"Colisao com objeto estatico";"Sem Vitimas";"Plena Noite";"Crescente";"Nublado";"Dupla";"Reta";"Sim";307724;"Automóvel";"FORD/ESCORT 1.6I GL";1995;"Condutor";"Ileso";49;"Masculino";1;0;0;0;"-23.60736401";"-46.76500266";"SR-SP";"DEL6/4";"UOP01/SP"
173087;379804;2018-11-21;"quarta-feira";"21:10:00";"SP";116;270,9;"TABOAO DA SERRA";"Sim";"Ingestao de alcool";1;"Colisao com objeto estatico";"Sem Vitimas";"Plena Noite";"Crescente";"Nublado";"Dupla";"Reta";"Sim";307725;"Motoneta";"JTA/SUZUKI AN125";2006;"Condutor";"Ileso";32;"Masculino";1;0;0;0;"-23.60736401";"-46.76500266";"SR-SP";"DEL6/4";"UOP01/SP"
173095;381717;2018-11-21;"quarta-feira";"22:00:00";"MG";381;244;"SANTANA DO PARAISO";"Sim";"Ingestao de alcool";1;"Colisao frontal";"Com Vitimas Feridas";"Plena Noite";"Crescente";"Chuva";"Simples";"Curva";"Nao";309276;"Automóvel";"VW/POLO MCA";2017;"Condutor";"Ileso";54;"Masculino";1;0;0;0;"-19.3243";"-42.4169";"SR-MG";"DEL4/6";"UOP01/MG"
173095;381735;2018-11-21;"quarta-feira";"22:00:00";"MG";381;244;"SANTANA DO PARAISO";"Sim";"Ingestao de alcool";1;"Colisao frontal";"Com Vitimas Feridas";"Plena Noite";"Crescente";"Chuva";"Simples";"Curva";"Nao";309277;"Caminhao-trator";"SCANIA/P 360 A4X2";2014;"Condutor";"Lesoes Leves";33;"Masculino";0;1;0;0;"-19.3243";"-42.4169";"SR-MG";"DEL4/6";"UOP01/MG"
173203;380380;2018-11-22;"quinta-feira";"14:50:00";"PI";316;33;"DEMERVAL LOBAO";"Nao";"Ingestao de alcool";1;"Colisao traseira";"Com Vitimas Feridas";"Pleno dia";"Decrescente";"Ceu Claro";"Simples";"Reta";"Sim";308104;"Motocicleta";"YAMAHA/FACTOR YBR125 K";2010;"Condutor";"Lesoes Leves";53;"Masculino";0;1;0;0;"-5.34218";"-42.686275";"SR-PI";"DEL17/1";"UOP02/PI"
173203;380381;2018-11-22;"quinta-feira";"14:50:00";"PI";316;33;"DEMERVAL LOBAO";"Nao";"Ingestao de alcool";1;"Colisao traseira";"Com Vitimas Feridas";"Pleno dia";"Decrescente";"Ceu Claro";"Simples";"Reta";"Sim";308105;"Automóvel";"RENAULT/LOGAN EXPR 10";2018;"Condutor";"Ileso";30;"Masculino";1;0;0;0;"-5.34218";"-42.686275";"SR-PI";"DEL17/1";"UOP02/PI"
173275;380292;2018-11-22;"quinta-feira";"21:50:00";"SC";101;34,3;"JOINVILLE";"Sim";"Ingestao de alcool";1;"Colisao traseira";"Com Vitimas Feridas";"Plena Noite";"Decrescente";"Nublado";"Dupla";"Reta";"Nao";308126;"Automóvel";"GM/OMEGA CD";1998;"Condutor";"Lesoes Leves";34;"Masculino";0;1;0;0;"-26.268";"-48.896";"SR-SC";"DEL8/3";"UOP01/SC"
173275;380293;2018-11-22;"quinta-feira";"21:50:00";"SC";101;34,3;"JOINVILLE";"Sim";"Ingestao de alcool";1;"Colisao traseira";"Com Vitimas Feridas";"Plena Noite";"Decrescente";"Nublado";"Dupla";"Reta";"Nao";308133;"Automóvel";"GM/CORSA SEDAN";2004;"Condutor";"Lesoes Graves";36;"Masculino";0;0;1;0;"-26.268";"-48.896";"SR-SC";"DEL8/3";"UOP01/SC"
173283;380319;2018-11-22;"quinta-feira";"19:30:00";"RS";290;286,8;"CACHOEIRA DO SUL";"Sim";"Ingestao de alcool";1;"Saida de leito carrocavel";"Com Vitimas Feridas";"Anoitecer";"Decrescente";"Ceu Claro";"Simples";"Curva";"Nao";308157;"Automóvel";"VW/VOYAGE 1.0";2009;"Condutor";"Lesoes Leves";35;"Masculino";0;1;0;0;"-30.259472";"-53.08242";"SR-RS";"DEL9/2";"UOP03/RS"
173285;380399;2018-11-22;"quinta-feira";"23:00:00";"GO";20;14;"FORMOSA";"Sim";"Ingestao de alcool";1;"Colisao transversal";"Sem Vitimas";"Plena Noite";"Crescente";"Nevoeiro/Neblina";"Simples";"Reta";"Nao";308217;"Automóvel";"FIAT/PALIO FIRE ECONOMY";2010;"Condutor";"Ileso";35;"Masculino";1;0;0;0;"-15.567566";"-47.231537";"SR-DF";"GO";"UOP04/DF"
173285;382156;2018-11-22;"quinta-feira";"23:00:00";"GO";20;14;"FORMOSA";"Sim";"Ingestao de alcool";1;"Colisao transversal";"Sem Vitimas";"Plena Noite";"Crescente";"Nevoeiro/Neblina";"Simples";"Reta";"Nao";308218;"Ônibus";"VW/MASCA ROMA";2011;"Condutor";"Ileso";52;"Masculino";1;0;0;0;"-15.567566";"-47.231537";"SR-DF";"GO";"UOP04/DF"
173287;380372;2018-11-23;"sexta-feira";"00:05:00";"MG";381;585,4;"CARMOPOLIS DE MINAS";"Sim";"Ingestao de alcool";1;"Atropelamento de Pedestre";"Com Vitimas Feridas";"Plena Noite";"Decrescente";"Nublado";"Dupla";"Nao Informado";"Nao";308186;"Ônibus";"MBENZ/MPOLO PARADISO LDR";2006;"Condutor";"Ileso";44;"Masculino";1;0;0;0;"-20.51886013";"-44.62222192";"SR-MG";"DEL4/4";"UOP01/MG"
173287;380373;2018-11-23;"sexta-feira";"00:05:00";"MG";381;585,4;"CARMOPOLIS DE MINAS";"Sim";"Ingestao de alcool";1;"Atropelamento de Pedestre";"Com Vitimas Feridas";"Plena Noite";"Decrescente";"Nublado";"Dupla";"Nao Informado";"Nao";308186;"Ônibus";"MBENZ/MPOLO PARADISO LDR";2006;"Pedestre";"Lesoes Leves";49;"Masculino";0;1;0;0;"-20.51886013";"-44.62222192";"SR-MG";"DEL4/4";"UOP01/MG"
173304;380375;2018-11-23;"sexta-feira";"04:30:00";"SC";101;206;"SAO JOSE";"Sim";"Ingestao de alcool";1;"Saida de leito carrocavel";"Com Vitimas Feridas";"Plena Noite";"Crescente";"Ceu Claro";"Dupla";"Reta";"Sim";308198;"Automóvel";"I/FIAT PALIO ATTRACT 1.0";2017;"Condutor";"Lesoes Leves";45;"Masculino";0;1;0;0;"-27.6001";"-48.6225";"SR-SC";"DEL8/1";"UOP01/SC"
173319;382227;2018-11-22;"quinta-feira";"23:30:00";"SC";282;503,9;"XANXERE";"Sim";"Ingestao de alcool";1;"Colisao com objeto estatico";"Sem Vitimas";"Plena Noite";"Crescente";"Ceu Claro";"Dupla";"Intersecao de vias";"Sim";308216;"Automóvel";"GM/CELTA 4P LIFE";2009;"Condutor";"Nao Informado";NA;"Nao Informado";0;0;0;0;"-26.88296658";"-52.4059546";"SR-SC";"DEL8/8";"UOP01/SC"
173409;382241;2018-11-23;"sexta-feira";"14:00:00";"MG";116;414;"GOVERNADOR VALADARES";"Sim";"Ingestao de alcool";1;"Colisao frontal";"Com Vitimas Feridas";"Pleno dia";"Crescente";"Sol";"Simples";"Ponte";"Sim";308369;"Automóvel";"VW/VOYAGE TL MB S";2015;"Condutor";"Lesoes Graves";54;"Masculino";0;0;1;0;"-18.88340871";"-41.9531896";"SR-MG";"DEL4/6";"UOP01/MG"
173409;382243;2018-11-23;"sexta-feira";"14:00:00";"MG";116;414;"GOVERNADOR VALADARES";"Sim";"Ingestao de alcool";1;"Colisao frontal";"Com Vitimas Feridas";"Pleno dia";"Crescente";"Sol";"Simples";"Ponte";"Sim";308370;"Automóvel";"FIAT/SIENA ATTRACTIV 1.4";2012;"Condutor";"Lesoes Graves";68;"Masculino";0;0;1;0;"-18.88340871";"-41.9531896";"SR-MG";"DEL4/6";"UOP01/MG"
173437;383045;2018-11-23;"sexta-feira";"18:00:00";"DF";60;2,4;"BRASILIA";"Sim";"Ingestao de alcool e/ou substâncias psicoativas pelo pedestre";1;"Colisao transversal";"Sem Vitimas";"Anoitecer";"Decrescente";"Nublado";"Dupla";"Reta";"Sim";308539;"Automóvel";"FIAT/UNO MILLE FIRE";2001;"Condutor";"Ileso";NA;"Ignorado";1;0;0;0;"-15.887383";"-48.077988";"SR-DF";"DF";"UOP03/DF"
173437;383046;2018-11-23;"sexta-feira";"18:00:00";"DF";60;2,4;"BRASILIA";"Sim";"Ingestao de alcool e/ou substâncias psicoativas pelo pedestre";1;"Colisao transversal";"Sem Vitimas";"Anoitecer";"Decrescente";"Nublado";"Dupla";"Reta";"Sim";308540;"Automóvel";"";NA;"Condutor";"Ileso";NA;"Ignorado";1;0;0;0;"-15.887383";"-48.077988";"SR-DF";"DF";"UOP03/DF"
173444;384874;2018-11-23;"sexta-feira";"18:45:00";"SC";470;35,1;"GASPAR";"Sim";"Ingestao de alcool";1;"Colisao lateral";"Sem Vitimas";"Anoitecer";"Crescente";"Ceu Claro";"Simples";"Intersecao de vias";"Nao";311684;"Automóvel";"FIAT/PALIO EDX";1997;"Condutor";"Ileso";67;"Masculino";1;0;0;0;"-26.91300614";"-48.9601475";"SR-SC";"DEL8/4";"UOP01/SC"