"id";"pesid";"data_inversa";"dia_semana";"horario";"uf";"br";"km";"municipio";"causa_principal";"causa_acidente";"ordem_tipo_acidente";"tipo_acidente";"classificacao_acidente";"fase_dia";"sentido_via";"condicao_metereologica";"tipo_pista";"tracado_via";"uso_solo";"id_veiculo";"tipo_veiculo";"marca";"ano_fabricacao_veiculo";"tipo_envolvido";"estado_fisico";"idade";"sexo";"ilesos";"feridos_leves";"feridos_graves";"mortos";"latitude";"longitude";"regional";"delegacia";"uop"
175371;387325;2018-12-02;"domingo";"04:45:00";"GO";40;20;"LUZIANIA";"Sim";"Ingestao de alcool";1;"Saida de leito carrocavel";"Com Vitimas Feridas";"Plena Noite";"Decrescente";"Chuva";"Dupla";"Reta";"Nao";312326;"Automóvel";"GM/CELTA 3 PORTAS";2003;"Passageiro";"Lesoes Leves";118;"Feminino";0;1;0;0;"-16.21849";"-47.915478";"SR-DF";"GO";"UOP01/DF"
175371;387322;2018-12-02;"domingo";"04:45:00";"GO";40;20;"LUZIANIA";"Sim";"Ingestao de alcool";1;"Saida de leito carrocavel";"Com Vitimas Feridas";"Plena Noite";"Decrescente";"Chuva";"Dupla";"Reta";"Nao";312326;"Automóvel";"GM/CELTA 3 PORTAS";2003;"Passageiro";"Lesoes Leves";32;"Feminino";0;1;0;0;"-16.21849";"-47.915478";"SR-DF";"GO";"UOP01/DF"
175371;387324;2018-12-02;"domingo";"04:45:00";"GO";40;20;"LUZIANIA";"Sim";"Ingestao de alcool";1;"Saida de leito carrocavel";"Com Vitimas Feridas";"Plena Noite";"Decrescente";"Chuva";"Dupla";"Reta";"Nao";312326;"Automóvel";"GM/CELTA 3 PORTAS";2003;"Passageiro";"Lesoes Graves";118;"Masculino";0;0;1;0;"-16.21849";"-47.915478";"SR-DF";"GO";"UOP01/DF"
175372;385581;2018-12-02;"domingo";"01:45:00";"MA";222;410;"SANTA LUZIA";"Sim";"Ingestao de alcool";1;"Saida de leito carrocavel";"Com Vitimas Fatais";"Plena Noite";"Decrescente";"Ceu Claro";"Simples";"Reta";"Nao";312300;"Motocicleta";"HONDA/NXR150 BROS ES";2012;"Passageiro";"Ileso";30;"Masculino";1;0;0;0;"-4.00026496";"-45.7166326";"SR-MA";"DEL18/2";"UOP02/MA"
175372;385562;2018-12-02;"domingo";"01:45:00";"MA";222;410;"SANTA LUZIA";"Sim";"Ingestao de alcool";1;"Saida de leito carrocavel";"Com Vitimas Fatais";"Plena Noite";"Decrescente";"Ceu Claro";"Simples";"Reta";"Nao";312300;"Motocicleta";"HONDA/NXR150 BROS ES";2012;"Condutor";"Óbito";28;"Masculino";0;0;0;1;"-4.00026496";"-45.7166326";"SR-MA";"DEL18/2";"UOP02/MA"
175379;387126;2018-12-02;"domingo";"04:45:00";"CE";20;415,5;"MARACANAU";"Sim";"Ingestao de alcool";2;"Colisao com objeto estatico";"Com Vitimas Feridas";"Amanhecer";"Crescente";"Nublado";"Simples";"Nao Informado";"Nao";313373;"Automóvel";"VW/FOX 1.0 GII";2013;"Passageiro";"Lesoes Leves";52;"Feminino";0;1;0;0;"-3.83197525";"-38.61707395";"SR-CE";"DEL16/1";"UOP02/CE"
175379;387120;2018-12-02;"domingo";"04:45:00";"CE";20;415,5;"MARACANAU";"Sim";"Ingestao de alcool";2;"Colisao com objeto estatico";"Com Vitimas Feridas";"Amanhecer";"Crescente";"Nublado";"Simples";"Nao Informado";"Nao";313372;"Automóvel";"GM/CORSA WIND";2001;"Passageiro";"Nao Informado";NA;"Nao Informado";0;0;0;0;"-3.83197525";"-38.61707395";"SR-CE";"DEL16/1";"UOP02/CE"
175379;387117;2018-12-02;"domingo";"04:45:00";"CE";20;415,5;"MARACANAU";"Sim";"Ingestao de alcool";2;"Colisao com objeto estatico";"Com Vitimas Feridas";"Amanhecer";"Crescente";"Nublado";"Simples";"Nao Informado";"Nao";313372;"Automóvel";"GM/CORSA WIND";2001;"Passageiro";"Nao Informado";NA;"Nao Informado";0;0;0;0;"-3.83197525";"-38.61707395";"SR-CE";"DEL16/1";"UOP02/CE"
175379;387112;2018-12-02;"domingo";"04:45:00";"CE";20;415,5;"MARACANAU";"Sim";"Ingestao de alcool";2;"Colisao com objeto estatico";"Com Vitimas Feridas";"Amanhecer";"Crescente";"Nublado";"Simples";"Nao Informado";"Nao";313372;"Automóvel";"GM/CORSA WIND";2001;"Condutor";"Ileso";33;"Masculino";1;0;0;0;"-3.83197525";"-38.61707395";"SR-CE";"DEL16/1";"UOP02/CE"
175379;387123;2018-12-02;"domingo";"04:45:00";"CE";20;415,5;"MARACANAU";"Sim";"Ingestao de alcool";2;"Colisao com objeto estatico";"Com Vitimas Feridas";"Amanhecer";"Crescente";"Nublado";"Simples";"Nao Informado";"Nao";313373;"Automóvel";"VW/FOX 1.0 GII";2013;"Condutor";"Ileso";55;"Masculino";1;0;0;0;"-3.83197525";"-38.61707395";"SR-CE";"DEL16/1";"UOP02/CE"
175379;387319;2018-12-02;"domingo";"04:45:00";"CE";20;415,5;"MARACANAU";"Sim";"Ingestao de alcool";2;"Colisao com objeto estatico";"Com Vitimas Feridas";"Amanhecer";"Crescente";"Nublado";"Simples";"Nao Informado";"Nao";313373;"Automóvel";"VW/FOX 1.0 GII";2013;"Passageiro";"Lesoes Leves";41;"Masculino";0;1;0;0;"-3.83197525";"-38.61707395";"SR-CE";"DEL16/1";"UOP02/CE"
175381;387352;2018-12-02;"domingo";"04:40:00";"SC";101;13,7;"GARUVA";"Sim";"Ingestao de alcool";1;"Colisao traseira";"Sem Vitimas";"Plena Noite";"Decrescente";"Nublado";"Dupla";"Reta";"Nao";312310;"Automóvel";"PEUGEOT/207HB XS";2009;"Condutor";"Ileso";34;"Masculino";1;0;0;0;"-26.0982";"-48.8676";"SR-SC";"DEL8/3";"UOP01/SC"
175381;387354;2018-12-02;"domingo";"04:40:00";"SC";101;13,7;"GARUVA";"Sim";"Ingestao de alcool";1;"Colisao traseira";"Sem Vitimas";"Plena Noite";"Decrescente";"Nublado";"Dupla";"Reta";"Nao";312311;"Caminhao-trator";"VOLVO/FH 520 6X4T";2011;"Condutor";"Ileso";49;"Masculino";1;0;0;0;"-26.0982";"-48.8676";"SR-SC";"DEL8/3";"UOP01/SC"
175382;386944;2018-12-02;"domingo";"06:00:00";"GO";153;500,5;"GOIANIA";"Sim";"Ingestao de alcool";1;"Queda de ocupante de veiculo";"Com Vitimas Feridas";"Plena Noite";"Crescente";"Chuva";"Dupla";"Reta";"Nao";312336;"Motocicleta";"HONDA/CG 125 FAN";2006;"Condutor";"Lesoes Leves";47;"Masculino";0;1;0;0;"-16.7118";"-49.2324";"SR-GO";"DEL1/1";"UOP01/GO"
175384;387210;2018-12-02;"domingo";"05:20:00";"SE";101;107,5;"SAO CRISTOVAO";"Sim";"Ingestao de alcool";1;"Colisao traseira";"Com Vitimas Feridas";"Pleno dia";"Decrescente";"Nublado";"Dupla";"Reta";"Nao";312377;"Camioneta";"I/HYUNDAI TUCSON GL 20L";2010;"Condutor";"Lesoes Leves";32;"Masculino";0;1;0;0;"-10.9645";"-37.2658";"SR-SE";"DEL20/2";"UOP01/SE"
175384;387211;2018-12-02;"domingo";"05:20:00";"SE";101;107,5;"SAO CRISTOVAO";"Sim";"Ingestao de alcool";1;"Colisao traseira";"Com Vitimas Feridas";"Pleno dia";"Decrescente";"Nublado";"Dupla";"Reta";"Nao";312378;"Caminhao-trator";"VOLVO/N10";1986;"Condutor";"Ileso";42;"Masculino";1;0;0;0;"-10.9645";"-37.2658";"SR-SE";"DEL20/2";"UOP01/SE"
175389;385594;2018-12-02;"domingo";"07:05:00";"RS";158;320;"SANTA MARIA";"Sim";"Ingestao de alcool";1;"Saida de leito carrocavel";"Sem Vitimas";"Pleno dia";"Crescente";"Sol";"Simples";"Reta";"Nao";312337;"Caminhonete";"FIAT/TORO VOLCANO AT D4";2017;"Condutor";"Ileso";39;"Masculino";1;0;0;0;"-29.676121";"-53.77816";"SR-RS";"DEL9/9";"UOP01/RS"
175389;385595;2018-12-02;"domingo";"07:05:00";"RS";158;320;"SANTA MARIA";"Sim";"Ingestao de alcool";1;"Saida de leito carrocavel";"Sem Vitimas";"Pleno dia";"Crescente";"Sol";"Simples";"Reta";"Nao";312337;"Caminhonete";"FIAT/TORO VOLCANO AT D4";2017;"Passageiro";"Ileso";31;"Feminino";1;0;0;0;"-29.676121";"-53.77816";"SR-RS";"DEL9/9";"UOP01/RS"
175417;389618;2018-12-02;"domingo";"10:45:00";"PR";369;188;"ARAPONGAS";"Sim";"Ingestao de alcool";1;"Colisao traseira";"Sem Vitimas";"Pleno dia";"Crescente";"Ceu Claro";"Simples";"Reta";"Sim";312478;"Automóvel";"FIAT/PUNTO ATTRACTIVE";2013;"Condutor";"Ileso";26;"Masculino";1;0;0;0;"-23.43452996";"-51.42213643";"SR-PR";"DEL7/7";"UOP03/PR"
175417;389619;2018-12-02;"domingo";"10:45:00";"PR";369;188;"ARAPONGAS";"Sim";"Ingestao de alcool";1;"Colisao traseira";"Sem Vitimas";"Pleno dia";"Crescente";"Ceu Claro";"Simples";"Reta";"Sim";312479;"Automóvel";"PEUGEOT/206 14 PRESEN FX";2008;"Condutor";"Ileso";49;"Masculino";1;0;0;0;"-23.43452996";"-51.42213643";"SR-PR";"DEL7/7";"UOP03/PR"
175422;385659;2018-11-30;"sexta-feira";"05:44:00";"PR";277;212,6;"TEIXEIRA SOARES";"Sim";"Ingestao de alcool";1;"Colisao com objeto estatico";"Com Vitimas Feridas";"Amanhecer";"Decrescente";"Nublado";"Simples";"Curva";"Nao";312387;"Automóvel";"VW/GOLF 2.0";2001;"Condutor";"Lesoes Leves";27;"Masculino";0;1;0;0;"-25.47241336";"-50.30570984";"SR-PR";"DEL7/3";"UOP04/PR"
175432;385864;2018-12-02;"domingo";"05:35:00";"AM";230;612,1;"HUMAITA";"Sim";"Ingestao de alcool";1;"Colisao com objeto estatico";"Com Vitimas Feridas";"Amanhecer";"Crescente";"Garoa/Chuvisco";"Dupla";"Curva";"Sim";312514;"Automóvel";"FORD/KA SEL 1.0 HA";2015;"Condutor";"Ileso";49;"Masculino";1;0;0;0;"-7.51474202";"-63.02929554";"SR-RO";"DEL21/01";"UOP03/RO"
175432;385865;2018-12-02;"domingo";"05:35:00";"AM";230;612,1;"HUMAITA";"Sim";"Ingestao de alcool";1;"Colisao com objeto estatico";"Com Vitimas Feridas";"Amanhecer";"Crescente";"Garoa/Chuvisco";"Dupla";"Curva";"Sim";312514;"Automóvel";"FORD/KA SEL 1.0 HA";2015;"Passageiro";"Lesoes Leves";25;"Feminino";0;1;0;0;"-7.51474202";"-63.02929554";"SR-RO";"DEL21/01";"UOP03/RO"
175432;385868;2018-12-02;"domingo";"05:35:00";"AM";230;612,1;"HUMAITA";"Sim";"Ingestao de alcool";1;"Colisao com objeto estatico";"Com Vitimas Feridas";"Amanhecer";"Crescente";"Garoa/Chuvisco";"Dupla";"Curva";"Sim";312514;"Automóvel";"FORD/KA SEL 1.0 HA";2015;"Passageiro";"Lesoes Leves";19;"Feminino";0;1;0;0;"-7.51474202";"-63.02929554";"SR-RO";"DEL21/01";"UOP03/RO"
175445;386003;2018-12-02;"domingo";"12:00:00";"MT";70;281;"PRIMAVERA DO LESTE";"Sim";"Ingestao de alcool e/ou substâncias psicoativas pelo pedestre";1;"Colisao com objeto estatico";"Sem Vitimas";"Pleno dia";"Decrescente";"Nublado";"Simples";"Curva";"Sim";312683;"Semireboque";"SR/NOMA SRAB2E18 BCMT";2012;"Testemunha";"Nao Informado";NA;"Nao Informado";0;0;0;0;"-15.567039";"-54.305145";"SR-MT";"DEL2/5";"UOP01/MT"
175445;386001;2018-12-02;"domingo";"12:00:00";"MT";70;281;"PRIMAVERA DO LESTE";"Sim";"Ingestao de alcool e/ou substâncias psicoativas pelo pedestre";1;"Colisao com objeto estatico";"Sem Vitimas";"Pleno dia";"Decrescente";"Nublado";"Simples";"Curva";"Sim";312408;"Caminhao-trator";"SCANIA/R 420 A6X4";2011;"Condutor";"Ileso";58;"Masculino";1;0;0;0;"-15.567039";"-54.305145";"SR-MT";"DEL2/5";"UOP01/MT"
175446;386051;2018-12-02;"domingo";"11:00:00";"SP";116;153;"SAO JOSE DOS CAMPOS";"Sim";"Ingestao de alcool";1;"Colisao com objeto estatico";"Sem Vitimas";"Pleno dia";"Decrescente";"Sol";"Dupla";"Reta";"Sim";312407;"Automóvel";"HYUNDAI/HB20 1.6M 1.6M";2013;"Passageiro";"Ileso";27;"Feminino";1;0;0;0;"-23.219809";"-45.899918";"SR-SP";"DEL6/2";"UOP01/SP"
175446;385688;2018-12-02;"domingo";"11:00:00";"SP";116;153;"SAO JOSE DOS CAMPOS";"Sim";"Ingestao de alcool";1;"Colisao com objeto estatico";"Sem Vitimas";"Pleno dia";"Decrescente";"Sol";"Dupla";"Reta";"Sim";312407;"Automóvel";"HYUNDAI/HB20 1.6M 1.6M";2013;"Condutor";"Ileso";33;"Masculino";1;0;0;0;"-23.219809";"-45.899918";"SR-SP";"DEL6/2";"UOP01/SP"
175491;385836;2018-12-02;"domingo";"18:15:00";"ES";262;163,8;"IBATIBA";"Sim";"Ingestao de alcool";1;"Colisao com objeto estatico";"Com Vitimas Feridas";"Anoitecer";"Crescente";"Nublado";"Simples";"Curva";"Nao";312503;"Automóvel";"VW/GOL CL";1991;"Condutor";"Lesoes Leves";39;"Masculino";0;1;0;0;"-20.2391";"-41.5452";"SR-ES";"DEL12/1";"UOP02/ES"
175491;385840;2018-12-02;"domingo";"18:15:00";"ES";262;163,8;"IBATIBA";"Sim";"Ingestao de alcool";1;"Colisao com objeto estatico";"Com Vitimas Feridas";"Anoitecer";"Crescente";"Nublado";"Simples";"Curva";"Nao";312503;"Automóvel";"VW/GOL CL";1991;"Passageiro";"Lesoes Graves";31;"Masculino";0;0;1;0;"-20.2391";"-41.5452";"SR-ES";"DEL12/1";"UOP02/ES"
175491;385841;2018-12-02;"domingo";"18:15:00";"ES";262;163,8;"IBATIBA";"Sim";"Ingestao de alcool";1;"Colisao com objeto estatico";"Com Vitimas Feridas";"Anoitecer";"Crescente";"Nublado";"Simples";"Curva";"Nao";312503;"Automóvel";"VW/GOL CL";1991;"Passageiro";"Lesoes Graves";25;"Masculino";0;0;1;0;"-20.2391";"-41.5452";"SR-ES";"DEL12/1";"UOP02/ES"
175491;385838;2018-12-02;"domingo";"18:15:00";"ES";262;163,8;"IBATIBA";"Sim";"Ingestao de alcool";1;"Colisao com objeto estatico";"Com Vitimas Feridas";"Anoitecer";"Crescente";"Nublado";"Simples";"Curva";"Nao";312503;"Automóvel";"VW/GOL CL";1991;"Passageiro";"Lesoes Leves";17;"Feminino";0;1;0;0;"-20.2391";"-41.5452";"SR-ES";"DEL12/1";"UOP02/ES"
175496;385917;2018-12-02;"domingo";"17:40:00";"GO";60;95,8;"ANAPOLIS";"Nao";"Ingestao de alcool";1;"Colisao com objeto estatico";"Sem Vitimas";"Pleno dia";"Decrescente";"Nublado";"Dupla";"Reta";"Sim";312568;"Automóvel";"FIAT/SIENA FIRE FLEX";2007;"Condutor";"Ileso";33;"Masculino";1;0;0;0;"-16.3679";"-48.939";"SR-GO";"DEL1/2";"UOP01/GO"
175496;385920;2018-12-02;"domingo";"17:40:00";"GO";60;95,8;"ANAPOLIS";"Nao";"Ingestao de alcool";1;"Colisao com objeto estatico";"Sem Vitimas";"Pleno dia";"Decrescente";"Nublado";"Dupla";"Reta";"Sim";312569;"Caminhonete";"I/FORD RANGER XLT CD4 32";2014;"Condutor";"Ileso";42;"Masculino";1;0;0;0;"-16.3679";"-48.939";"SR-GO";"DEL1/2";"UOP01/GO"
175505;385919;2018-12-02;"domingo";"18:55:00";"SC";470;54,5;"BLUMENAU";"Sim";"Ingestao de alcool";1;"Colisao transversal";"Sem Vitimas";"Pleno dia";"Crescente";"Nublado";"Simples";"Intersecao de vias";"Sim";312574;"Automóvel";"I/CHEVROLET AGILE LT";2010;"Condutor";"Ileso";54;"Feminino";1;0;0;0;"-26.871065";"-49.110374";"SR-SC";"DEL8/4";"UOP01/SC"
175505;385921;2018-12-02;"domingo";"18:55:00";"SC";470;54,5;"BLUMENAU";"Sim";"Ingestao de alcool";1;"Colisao transversal";"Sem Vitimas";"Pleno dia";"Crescente";"Nublado";"Simples";"Intersecao de vias";"Sim";312574;"Automóvel";"I/CHEVROLET AGILE LT";2010;"Testemunha";"Nao Informado";NA;"Nao Informado";0;0;0;0;"-26.871065";"-49.110374";"SR-SC";"DEL8/4";"UOP01/SC"
175505;385916;2018-12-02;"domingo";"18:55:00";"SC";470;54,5;"BLUMENAU";"Sim";"Ingestao de alcool";1;"Colisao transversal";"Sem Vitimas";"Pleno dia";"Crescente";"Nublado";"Simples";"Intersecao de vias";"Sim";312573;"Automóvel";"FORD/ESCORT 2.0I XR3";1993;"Condutor";"Ileso";43;"Masculino";1;0;0;0;"-26.871065";"-49.110374";"SR-SC";"DEL8/4";"UOP01/SC"
175506;385900;2018-12-02;"domingo";"18:50:00";"SC";470;48;"BLUMENAU";"Sim";"Ingestao de alcool";1;"Colisao frontal";"Com Vitimas Feridas";"Pleno dia";"Crescente";"Ceu Claro";"Simples";"Curva";"Nao";312554;"Automóvel";"GM/CORSA SUPER";1998;"Passageiro";"Nao Informado";NA;"Nao Informado";0;0;0;0;"-26.859823";"-49.055393";"SR-SC";"DEL8/4";"UOP01/SC"
175506;385891;2018-12-02;"domingo";"18:50:00";"SC";470;48;"BLUMENAU";"Sim";"Ingestao de alcool";1;"Colisao frontal";"Com Vitimas Feridas";"Pleno dia";"Crescente";"Ceu Claro";"Simples";"Curva";"Nao";312554;"Automóvel";"GM/CORSA SUPER";1998;"Condutor";"Lesoes Graves";36;"Masculino";0;0;1;0;"-26.859823";"-49.055393";"SR-SC";"DEL8/4";"UOP01/SC"
175506;385893;2018-12-02;"domingo";"18:50:00";"SC";470;48;"BLUMENAU";"Sim";"Ingestao de alcool";1;"Colisao frontal";"Com Vitimas Feridas";"Pleno dia";"Crescente";"Ceu Claro";"Simples";"Curva";"Nao";312554;"Automóvel";"GM/CORSA SUPER";1998;"Passageiro";"Lesoes Leves";16;"Feminino";0;1;0;0;"-26.859823";"-49.055393";"SR-SC";"DEL8/4";"UOP01/SC"
175506;385901;2018-12-02;"domingo";"18:50:00";"SC";470;48;"BLUMENAU";"Sim";"Ingestao de alcool";1;"Colisao frontal";"Com Vitimas Feridas";"Pleno dia";"Crescente";"Ceu Claro";"Simples";"Curva";"Nao";312555;"Caminhao-trator";"SCANIA/R 420 A6X2";2010;"Testemunha";"Nao Informado";NA;"Nao Informado";0;0;0;0;"-26.859823";"-49.055393";"SR-SC";"DEL8/4";"UOP01/SC"
175506;385902;2018-12-02;"domingo";"18:50:00";"SC";470;48;"BLUMENAU";"Sim";"Ingestao de alcool";1;"Colisao frontal";"Com Vitimas Feridas";"Pleno dia";"Crescente";"Ceu Claro";"Simples";"Curva";"Nao";312555;"Caminhao-trator";"SCANIA/R 420 A6X2";2010;"Condutor";"Ileso";37;"Masculino";1;0;0;0;"-26.859823";"-49.055393";"SR-SC";"DEL8/4";"UOP01/SC"
175506;385895;2018-12-02;"domingo";"18:50:00";"SC";470;48;"BLUMENAU";"Sim";"Ingestao de alcool";1;"Colisao frontal";"Com Vitimas Feridas";"Pleno dia";"Crescente";"Ceu Claro";"Simples";"Curva";"Nao";312554;"Automóvel";"GM/CORSA SUPER";1998;"Passageiro";"Lesoes Leves";7;"Masculino";0;1;0;0;"-26.859823";"-49.055393";"SR-SC";"DEL8/4";"UOP01/SC"
175506;385898;2018-12-02;"domingo";"18:50:00";"SC";470;48;"BLUMENAU";"Sim";"Ingestao de alcool";1;"Colisao frontal";"Com Vitimas Feridas";"Pleno dia";"Crescente";"Ceu Claro";"Simples";"Curva";"Nao";312554;"Automóvel";"GM/CORSA SUPER";1998;"Passageiro";"Lesoes Leves";1;"Masculino";0;1;0;0;"-26.859823";"-49.055393";"SR-SC";"DEL8/4";"UOP01/SC"
175506;385894;2018-12-02;"domingo";"18:50:00";"SC";470;48;"BLUMENAU";"Sim";"Ingestao de alcool";1;"Colisao frontal";"Com Vitimas Feridas";"Pleno dia";"Crescente";"Ceu Claro";"Simples";"Curva";"Nao";312554;"Automóvel";"GM/CORSA SUPER";1998;"Passageiro";"Lesoes Leves";31;"Feminino";0;1;0;0;"-26.859823";"-49.055393";"SR-SC";"DEL8/4";"UOP01/SC"
175506;385896;2018-12-02;"domingo";"18:50:00";"SC";470;48;"BLUMENAU";"Sim";"Ingestao de alcool";1;"Colisao frontal";"Com Vitimas Feridas";"Pleno dia";"Crescente";"Ceu Claro";"Simples";"Curva";"Nao";312554;"Automóvel";"GM/CORSA SUPER";1998;"Passageiro";"Lesoes Leves";0;"Masculino";0;1;0;0;"-26.859823";"-49.055393";"SR-SC";"DEL8/4";"UOP01/SC"
175516;385883;2018-12-02;"domingo";"19:45:00";"SC";101;182,1;"BIGUACU";"Sim";"Ingestao de alcool";1;"Colisao traseira";"Com Vitimas Feridas";"Anoitecer";"Crescente";"Nublado";"Dupla";"Reta";"Sim";312534;"Utilitario";"MMC/ASX 2.0 CVT";2015;"Condutor";"Ileso";38;"Masculino";1;0;0;0;"-27.4071";"-48.6284";"SR-SC";"DEL8/1";"UOP01/SC"
175516;385886;2018-12-02;"domingo";"19:45:00";"SC";101;182,1;"BIGUACU";"Sim";"Ingestao de alcool";1;"Colisao traseira";"Com Vitimas Feridas";"Anoitecer";"Crescente";"Nublado";"Dupla";"Reta";"Sim";312534;"Utilitario";"MMC/ASX 2.0 CVT";2015;"Testemunha";"Nao Informado";NA;"Nao Informado";0;0;0;0;"-27.4071";"-48.6284";"SR-SC";"DEL8/1";"UOP01/SC"
175516;385887;2018-12-02;"domingo";"19:45:00";"SC";101;182,1;"BIGUACU";"Sim";"Ingestao de alcool";1;"Colisao traseira";"Com Vitimas Feridas";"Anoitecer";"Crescente";"Nublado";"Dupla";"Reta";"Sim";312535;"Automóvel";"RENAULT/SANDERO EXP 16";2011;"Passageiro";"Lesoes Leves";38;"Feminino";0;1;0;0;"-27.4071";"-48.6284";"SR-SC";"DEL8/1";"UOP01/SC"
175516;385885;2018-12-02;"domingo";"19:45:00";"SC";101;182,1;"BIGUACU";"Sim";"Ingestao de alcool";1;"Colisao traseira";"Com Vitimas Feridas";"Anoitecer";"Crescente";"Nublado";"Dupla";"Reta";"Sim";312535;"Automóvel";"RENAULT/SANDERO EXP 16";2011;"Condutor";"Lesoes Graves";45;"Masculino";0;0;1;0;"-27.4071";"-48.6284";"SR-SC";"DEL8/1";"UOP01/SC"
175518;389841;2018-12-02;"domingo";"18:40:00";"RN";101;158;"CANGUARETAMA";"Sim";"Ingestao de alcool e/ou substâncias psicoativas pelo pedestre";1;"Capotamento";"Com Vitimas Feridas";"Plena Noite";"Decrescente";"Ceu Claro";"Dupla";"Reta";"Sim";312619;"Automóvel";"FIAT/UNO CS";1986;"Passageiro";"Lesoes Graves";58;"Feminino";0;0;1;0;"-6.355525";"-35.16148";"SR-RN";"DEL15/1";"UOP01/RN"
175518;389846;2018-12-02;"domingo";"18:40:00";"RN";101;158;"CANGUARETAMA";"Sim";"Ingestao de alcool e/ou substâncias psicoativas pelo pedestre";1;"Capotamento";"Com Vitimas Feridas";"Plena Noite";"Decrescente";"Ceu Claro";"Dupla";"Reta";"Sim";312619;"Automóvel";"FIAT/UNO CS";1986;"Passageiro";"Lesoes Leves";43;"Feminino";0;1;0;0;"-6.355525";"-35.16148";"SR-RN";"DEL15/1";"UOP01/RN"
175518;389840;2018-12-02;"domingo";"18:40:00";"RN";101;158;"CANGUARETAMA";"Sim";"Ingestao de alcool e/ou substâncias psicoativas pelo pedestre";1;"Capotamento";"Com Vitimas Feridas";"Plena Noite";"Decrescente";"Ceu Claro";"Dupla";"Reta";"Sim";312619;"Automóvel";"FIAT/UNO CS";1986;"Passageiro";"Lesoes Graves";23;"Masculino";0;0;1;0;"-6.355525";"-35.16148";"SR-RN";"DEL15/1";"UOP01/RN"
175518;389843;2018-12-02;"domingo";"18:40:00";"RN";101;158;"CANGUARETAMA";"Sim";"Ingestao de alcool e/ou substâncias psicoativas pelo pedestre";1;"Capotamento";"Com Vitimas Feridas";"Plena Noite";"Decrescente";"Ceu Claro";"Dupla";"Reta";"Sim";312619;"Automóvel";"FIAT/UNO CS";1986;"Passageiro";"Lesoes Leves";19;"Masculino";0;1;0;0;"-6.355525";"-35.16148";"SR-RN";"DEL15/1";"UOP01/RN"
175518;385948;2018-12-02;"domingo";"18:40:00";"RN";101;158;"CANGUARETAMA";"Sim";"Ingestao de alcool e/ou substâncias psicoativas pelo pedestre";1;"Capotamento";"Com Vitimas Feridas";"Plena Noite";"Decrescente";"Ceu Claro";"Dupla";"Reta";"Sim";312619;"Automóvel";"FIAT/UNO CS";1986;"Condutor";"Lesoes Graves";NA;"Masculino";0;0;1;0;"-6.355525";"-35.16148";"SR-RN";"DEL15/1";"UOP01/RN"
175529;385918;2018-12-02;"domingo";"08:50:00";"SC";282;54,4;"AGUAS MORNAS";"Sim";"Ingestao de alcool";1;"Tombamento";"Com Vitimas Feridas";"Plena Noite";"Decrescente";"Sol";"Simples";"Curva";"Nao";312564;"Motocicleta";"HONDA/NXR150 BROS ESD";2006;"Condutor";"Lesoes Graves";47;"Masculino";0;0;1;0;"-27.68809623";"-48.97715271";"SR-SC";"DEL8/1";"UOP03/SC"
175531;385856;2018-12-02;"domingo";"18:00:00";"PE";424;88,1;"GARANHUNS";"Sim";"Ingestao de alcool";1;"Colisao com objeto estatico";"Com Vitimas Feridas";"Plena Noite";"Crescente";"Nublado";"Simples";"Nao Informado";"Nao";312524;"Motocicleta";"HONDA/CG 160 START";2016;"Condutor";"Lesoes Graves";23;"Masculino";0;0;1;0;"-8.88290924";"-36.50855541";"SR-PE";"DEL11/3";"UOP01/PE"
175540;387700;2018-12-02;"domingo";"20:00:00";"CE";116;9;"FORTALEZA";"Sim";"Ingestao de alcool";1;"Atropelamento de Pedestre";"Com Vitimas Feridas";"Plena Noite";"Crescente";"Ceu Claro";"Dupla";"Curva";"Nao";312661;"Automóvel";"";NA;"Condutor";"Nao Informado";NA;"Nao Informado";0;0;0;0;"-3.8384";"-38.5013";"SR-CE";"DEL16/1";"UOP02/CE"
175540;387705;2018-12-02;"domingo";"20:00:00";"CE";116;9;"FORTALEZA";"Sim";"Ingestao de alcool";1;"Atropelamento de Pedestre";"Com Vitimas Feridas";"Plena Noite";"Crescente";"Ceu Claro";"Dupla";"Curva";"Nao";312661;"Automóvel";"";NA;"Pedestre";"Lesoes Leves";41;"Masculino";0;1;0;0;"-3.8384";"-38.5013";"SR-CE";"DEL16/1";"UOP02/CE"
175541;385932;2018-12-02;"domingo";"21:00:00";"PR";467;83,2;"CASCAVEL";"Sim";"Ingestao de alcool";1;"Colisao lateral";"Com Vitimas Feridas";"Plena Noite";"Decrescente";"Ceu Claro";"Dupla";"Reta";"Nao";312598;"Automóvel";"CHEVROLET/ONIX 10MT JOYE";2017;"Condutor";"Ileso";26;"Feminino";1;0;0;0;"-24.8125";"-53.6653";"SR-PR";"DEL7/4";"UOP01/PR"
175541;385938;2018-12-02;"domingo";"21:00:00";"PR";467;83,2;"CASCAVEL";"Sim";"Ingestao de alcool";1;"Colisao lateral";"Com Vitimas Feridas";"Plena Noite";"Decrescente";"Ceu Claro";"Dupla";"Reta";"Nao";312599;"Motocicleta";"HONDA/CG 125 FAN KS";2012;"Condutor";"Lesoes Leves";23;"Masculino";0;1;0;0;"-24.8125";"-53.6653";"SR-PR";"DEL7/4";"UOP01/PR"