"id";"pesid";"data_inversa";"dia_semana";"horario";"uf";"br";"km";"municipio";"causa_principal";"causa_acidente";"ordem_tipo_acidente";"tipo_acidente";"classificacao_acidente";"fase_dia";"sentido_via";"condicao_metereologica";"tipo_pista";"tracado_via";"uso_solo";"id_veiculo";"tipo_veiculo";"marca";"ano_fabricacao_veiculo";"tipo_envolvido";"estado_fisico";"idade";"sexo";"ilesos";"feridos_leves";"feridos_graves";"mortos";"latitude";"longitude";"regional";"delegacia";"uop"
175546;386607;2018-12-02;"domingo";"20:00:00";"MG";381;319;"NOVA ERA";"Sim";"Ingestao de alcool";1;"Colisao frontal";"Sem Vitimas";"Plena Noite";"Decrescente";"Chuva";"Simples";"Curva";"Nao";313116;"Automóvel";"FIAT/SIENA ESSENCE 1.6";2014;"Condutor";"Ileso";49;"Masculino";1;0;0;0;"-19.7609";"-43.0306";"SR-MG";"DEL4/3";"UOP02/MG"
175546;386605;2018-12-02;"domingo";"20:00:00";"MG";381;319;"NOVA ERA";"Sim";"Ingestao de alcool";1;"Colisao frontal";"Sem Vitimas";"Plena Noite";"Decrescente";"Chuva";"Simples";"Curva";"Nao";313115;"Automóvel";"FORD/FIESTA";2005;"Condutor";"Ileso";58;"Masculino";1;0;0;0;"-19.7609";"-43.0306";"SR-MG";"DEL4/3";"UOP02/MG"
175554;385925;2018-12-02;"domingo";"21:00:00";"BA";101;878;"TEIXEIRA DE FREITAS";"Sim";"Ingestao de alcool";1;"Colisao traseira";"Com Vitimas Feridas";"Plena Noite";"Crescente";"Garoa/Chuvisco";"Simples";"Reta";"Sim";312570;"Motocicleta";"HONDA/CG 125 TITAN KS";2003;"Condutor";"Lesoes Graves";37;"Masculino";0;0;1;0;"-17.5466";"-39.7192";"SR-BA";"DEL10/9";"UOP03/BA"
175555;385981;2018-12-02;"domingo";"20:30:00";"PI";222;30;"SAO JOAO DA FRONTEIRA";"Sim";"Ingestao de alcool";1;"Colisao frontal";"Com Vitimas Fatais";"Plena Noite";"Crescente";"Nublado";"Simples";"Reta";"Nao";312673;"Motocicleta";"HONDA/CG 125 FAN KS";2012;"Condutor";"Óbito";34;"Masculino";0;0;0;1;"-4.022289";"-41.468662";"SR-PI";"DEL17/2";"UOP01/PI"
175555;387460;2018-12-02;"domingo";"20:30:00";"PI";222;30;"SAO JOAO DA FRONTEIRA";"Sim";"Ingestao de alcool";1;"Colisao frontal";"Com Vitimas Fatais";"Plena Noite";"Crescente";"Nublado";"Simples";"Reta";"Nao";312674;"Caminhao-trator";"VW/19.320 CLC TT";2011;"Condutor";"Lesoes Graves";42;"Masculino";0;0;1;0;"-4.022289";"-41.468662";"SR-PI";"DEL17/2";"UOP01/PI"
175564;386032;2018-12-02;"domingo";"22:15:00";"MS";60;544,5;"NIOAQUE";"Sim";"Ingestao de alcool";1;"Saida de leito carrocavel";"Com Vitimas Feridas";"Plena Noite";"Crescente";"Ceu Claro";"Simples";"Reta";"Nao";312692;"Caminhonete";"I/TOYOTA HILUX CDSRXA4FD";2015;"Passageiro";"Lesoes Leves";41;"Feminino";0;1;0;0;"-21.15678";"-55.849758";"SR-MS";"DEL3/5";"UOP01/MS"
175564;386030;2018-12-02;"domingo";"22:15:00";"MS";60;544,5;"NIOAQUE";"Sim";"Ingestao de alcool";1;"Saida de leito carrocavel";"Com Vitimas Feridas";"Plena Noite";"Crescente";"Ceu Claro";"Simples";"Reta";"Nao";312692;"Caminhonete";"I/TOYOTA HILUX CDSRXA4FD";2015;"Condutor";"Lesoes Graves";30;"Masculino";0;0;1;0;"-21.15678";"-55.849758";"SR-MS";"DEL3/5";"UOP01/MS"
175564;386033;2018-12-02;"domingo";"22:15:00";"MS";60;544,5;"NIOAQUE";"Sim";"Ingestao de alcool";1;"Saida de leito carrocavel";"Com Vitimas Feridas";"Plena Noite";"Crescente";"Ceu Claro";"Simples";"Reta";"Nao";312692;"Caminhonete";"I/TOYOTA HILUX CDSRXA4FD";2015;"Passageiro";"Lesoes Leves";21;"Feminino";0;1;0;0;"-21.15678";"-55.849758";"SR-MS";"DEL3/5";"UOP01/MS"
175585;385973;2018-12-03;"segunda-feira";"01:50:00";"MG";381;578,6;"CARMOPOLIS DE MINAS";"Sim";"Ingestao de alcool";1;"Saida de leito carrocavel";"Com Vitimas Feridas";"Plena Noite";"Decrescente";"Chuva";"Dupla";"Curva";"Nao";312666;"Automóvel";"GM/CORSA WIND";1998;"Passageiro";"Lesoes Leves";23;"Masculino";0;1;0;0;"-20.4778";"-44.5849";"SR-MG";"DEL4/4";"UOP01/MG"
175585;385972;2018-12-03;"segunda-feira";"01:50:00";"MG";381;578,6;"CARMOPOLIS DE MINAS";"Sim";"Ingestao de alcool";1;"Saida de leito carrocavel";"Com Vitimas Feridas";"Plena Noite";"Decrescente";"Chuva";"Dupla";"Curva";"Nao";312666;"Automóvel";"GM/CORSA WIND";1998;"Condutor";"Lesoes Leves";63;"Masculino";0;1;0;0;"-20.4778";"-44.5849";"SR-MG";"DEL4/4";"UOP01/MG"
175585;385974;2018-12-03;"segunda-feira";"01:50:00";"MG";381;578,6;"CARMOPOLIS DE MINAS";"Sim";"Ingestao de alcool";1;"Saida de leito carrocavel";"Com Vitimas Feridas";"Plena Noite";"Decrescente";"Chuva";"Dupla";"Curva";"Nao";312666;"Automóvel";"GM/CORSA WIND";1998;"Passageiro";"Lesoes Leves";59;"Masculino";0;1;0;0;"-20.4778";"-44.5849";"SR-MG";"DEL4/4";"UOP01/MG"
175588;385975;2018-12-02;"domingo";"19:05:00";"PB";230;232,4;"JUAZEIRINHO";"Sim";"Ingestao de alcool";1;"Tombamento";"Com Vitimas Feridas";"Plena Noite";"Crescente";"Ceu Claro";"Simples";"Reta";"Nao";312654;"Automóvel";"GM/OPALA COMODORO";1987;"Condutor";"Ileso";73;"Masculino";1;0;0;0;"-7.03581639";"-36.50645256";"SR-PB";"DEL14/2";"UOP02/PB"
175588;385976;2018-12-02;"domingo";"19:05:00";"PB";230;232,4;"JUAZEIRINHO";"Sim";"Ingestao de alcool";1;"Tombamento";"Com Vitimas Feridas";"Plena Noite";"Crescente";"Ceu Claro";"Simples";"Reta";"Nao";312668;"Caminhao-trator";"SCANIA/R124 GA4X2NZ 400";2004;"Condutor";"Lesoes Graves";55;"Masculino";0;0;1;0;"-7.03581639";"-36.50645256";"SR-PB";"DEL14/2";"UOP02/PB"
175588;385978;2018-12-02;"domingo";"19:05:00";"PB";230;232,4;"JUAZEIRINHO";"Sim";"Ingestao de alcool";1;"Tombamento";"Com Vitimas Feridas";"Plena Noite";"Crescente";"Ceu Claro";"Simples";"Reta";"Nao";312669;"Semireboque";"SR/RANDON SR CA";2011;"Testemunha";"Nao Informado";NA;"Nao Informado";0;0;0;0;"-7.03581639";"-36.50645256";"SR-PB";"DEL14/2";"UOP02/PB"
175590;385992;2018-12-02;"domingo";"19:15:00";"PB";230;224;"SOLEDADE";"Sim";"Ingestao de alcool";1;"Colisao frontal";"Com Vitimas Feridas";"Plena Noite";"Crescente";"Ceu Claro";"Simples";"Reta";"Nao";312665;"Camioneta";"FORD/ECOSPORT FSL 1.6";2017;"Condutor";"Lesoes Leves";45;"Masculino";0;1;0;0;"-7.0379";"-36.4329";"SR-PB";"DEL14/2";"UOP02/PB"
175590;385988;2018-12-02;"domingo";"19:15:00";"PB";230;224;"SOLEDADE";"Sim";"Ingestao de alcool";1;"Colisao frontal";"Com Vitimas Feridas";"Plena Noite";"Crescente";"Ceu Claro";"Simples";"Reta";"Nao";312664;"Automóvel";"GM/OPALA COMODORO";1987;"Condutor";"Ileso";73;"Masculino";1;0;0;0;"-7.0379";"-36.4329";"SR-PB";"DEL14/2";"UOP02/PB"
175592;386043;2018-12-03;"segunda-feira";"01:30:00";"RS";470;216;"BENTO GONCALVES";"Sim";"Ingestao de alcool";1;"Colisao com objeto estatico";"Sem Vitimas";"Plena Noite";"Crescente";"Ceu Claro";"Dupla";"Reta";"Sim";312645;"Caminhao";"M.BENZ/914 C";2002;"Condutor";"Ileso";42;"Masculino";1;0;0;0;"-29.17291418";"-51.52403723";"SR-RS";"DEL9/6";"UOP01/RS"
175623;386057;2018-10-12;"sexta-feira";"08:50:00";"MG";251;513,8;"MONTES CLAROS";"Sim";"Ingestao de alcool";1;"Atropelamento de Animal";"Com Vitimas Feridas";"Pleno dia";"Decrescente";"Sol";"Simples";"Reta";"Nao";312718;"Bicicleta";"MONARK/";NA;"Condutor";"Lesoes Leves";51;"Masculino";0;1;0;0;"-16.6556";"-43.7194";"SR-MG";"DEL4/12";"UOP01/MG"
175697;387831;2018-12-03;"segunda-feira";"17:30:00";"CE";116;14,7;"FORTALEZA";"Sim";"Ingestao de alcool";1;"Atropelamento de Pedestre";"Com Vitimas Feridas";"Anoitecer";"Decrescente";"Ceu Claro";"Dupla";"Reta";"Sim";312958;"Motocicleta";"HONDA/NXR160 BROS ESDD";2018;"Condutor";"Ileso";21;"Masculino";1;0;0;0;"-3.882";"-38.501";"SR-CE";"DEL16/1";"UOP02/CE"
175697;387832;2018-12-03;"segunda-feira";"17:30:00";"CE";116;14,7;"FORTALEZA";"Sim";"Ingestao de alcool";1;"Atropelamento de Pedestre";"Com Vitimas Feridas";"Anoitecer";"Decrescente";"Ceu Claro";"Dupla";"Reta";"Sim";312958;"Motocicleta";"HONDA/NXR160 BROS ESDD";2018;"Pedestre";"Lesoes Graves";53;"Masculino";0;0;1;0;"-3.882";"-38.501";"SR-CE";"DEL16/1";"UOP02/CE"
175730;386403;2018-12-03;"segunda-feira";"18:50:00";"MT";158;564;"AGUA BOA";"Sim";"Ingestao de alcool";1;"Capotamento";"Com Vitimas Feridas";"Plena Noite";"Decrescente";"Ceu Claro";"Simples";"Reta";"Nao";312962;"Automóvel";"FIAT/PALIO ESSENC 1.6 DL";2010;"Condutor";"Lesoes Leves";43;"Masculino";0;1;0;0;"-14.09628808";"-52.16823578";"SR-MT";"DEL2/8";"UOP02/MT"
175730;386406;2018-12-03;"segunda-feira";"18:50:00";"MT";158;564;"AGUA BOA";"Sim";"Ingestao de alcool";1;"Capotamento";"Com Vitimas Feridas";"Plena Noite";"Decrescente";"Ceu Claro";"Simples";"Reta";"Nao";312962;"Automóvel";"FIAT/PALIO ESSENC 1.6 DL";2010;"Passageiro";"Lesoes Leves";40;"Masculino";0;1;0;0;"-14.09628808";"-52.16823578";"SR-MT";"DEL2/8";"UOP02/MT"
175732;390146;2018-12-03;"segunda-feira";"18:50:00";"PE";232;369;"FLORES";"Sim";"Ingestao de alcool";1;"Colisao lateral";"Sem Vitimas";"Plena Noite";"Crescente";"Ceu Claro";"Simples";"Reta";"Nao";312977;"Automóvel";"VW/GOLF 1.6 SPORTLINE";2010;"Condutor";"Ileso";23;"Masculino";1;0;0;0;"-8.04733";"-37.849506";"SR-PE";"DEL11/4";"UOP01/PE"
175732;390143;2018-12-03;"segunda-feira";"18:50:00";"PE";232;369;"FLORES";"Sim";"Ingestao de alcool";1;"Colisao lateral";"Sem Vitimas";"Plena Noite";"Crescente";"Ceu Claro";"Simples";"Reta";"Nao";312976;"Caminhonete";"FIAT/STRADA FIRE FLEX";2005;"Condutor";"Ileso";55;"Masculino";1;0;0;0;"-8.04733";"-37.849506";"SR-PE";"DEL11/4";"UOP01/PE"
175750;386421;2018-12-03;"segunda-feira";"21:00:00";"SC";116;36,2;"ITAIOPOLIS";"Sim";"Ingestao de alcool";1;"Saida de leito carrocavel";"Com Vitimas Feridas";"Plena Noite";"Crescente";"Ceu Claro";"Simples";"Reta";"Nao";312956;"Automóvel";"VW/GOL CL";1991;"Condutor";"Lesoes Leves";56;"Masculino";0;1;0;0;"-26.28351421";"-49.93125834";"SR-SC";"DEL8/6";"UOP01/SC"
175804;386523;2018-06-10;"domingo";"21:00:00";"PR";376;5;"MANDAGUARI";"Sim";"Ingestao de alcool";1;"Colisao com objeto estatico";"Com Vitimas Feridas";"Plena Noite";"Crescente";"Ceu Claro";"Simples";"Rotatória";"Sim";313055;"Motoneta";"HONDA/BIZ 125 KS";2007;"Condutor";"Lesoes Graves";41;"Masculino";0;0;1;0;"-23.547966";"-51.671265";"SR-PR";"DEL7/1";"UOP05/PR"
175908;386846;2018-12-04;"terca-feira";"22:15:00";"GO";50;233;"CATALAO";"Sim";"Ingestao de alcool";1;"Saida de leito carrocavel";"Sem Vitimas";"Plena Noite";"Decrescente";"Ceu Claro";"Simples";"Nao Informado";"Nao";313318;"Automóvel";"FIAT/UNO S";1991;"Condutor";"Ileso";31;"Masculino";1;0;0;0;"-17.8272";"-47.7732";"SR-GO";"DEL1/6";"UOP01/GO"
175914;388371;2018-12-04;"terca-feira";"23:10:00";"RJ";116;185,6;"NOVA IGUACU";"Sim";"Ingestao de alcool";1;"Colisao traseira";"Sem Vitimas";"Plena Noite";"Decrescente";"Ceu Claro";"Dupla";"Reta";"Nao";313385;"Automóvel";"VW/NOVO VOYAGE 1.6 CITY";2013;"Condutor";"Ileso";35;"Masculino";1;0;0;0;"-22.74151";"-43.453518";"SR-RJ";"DEL5/1";"UOP03/RJ"
175914;388372;2018-12-04;"terca-feira";"23:10:00";"RJ";116;185,6;"NOVA IGUACU";"Sim";"Ingestao de alcool";1;"Colisao traseira";"Sem Vitimas";"Plena Noite";"Decrescente";"Ceu Claro";"Dupla";"Reta";"Nao";313385;"Automóvel";"VW/NOVO VOYAGE 1.6 CITY";2013;"Passageiro";"Ileso";33;"Masculino";1;0;0;0;"-22.74151";"-43.453518";"SR-RJ";"DEL5/1";"UOP03/RJ"
175914;388376;2018-12-04;"terca-feira";"23:10:00";"RJ";116;185,6;"NOVA IGUACU";"Sim";"Ingestao de alcool";1;"Colisao traseira";"Sem Vitimas";"Plena Noite";"Decrescente";"Ceu Claro";"Dupla";"Reta";"Nao";313386;"Caminhonete";"GM/S10 RODEIO D";2011;"Condutor";"Ileso";54;"Masculino";1;0;0;0;"-22.74151";"-43.453518";"SR-RJ";"DEL5/1";"UOP03/RJ"
175916;386887;2018-12-04;"terca-feira";"22:40:00";"RS";287;259,4;"SANTA MARIA";"Sim";"Ingestao de alcool";1;"Saida de leito carrocavel";"Com Vitimas Feridas";"Plena Noite";"Decrescente";"Nublado";"Simples";"Reta";"Nao";313314;"Automóvel";"FIAT/PALIO EX";1999;"Condutor";"Lesoes Leves";34;"Masculino";0;1;0;0;"-29.676104";"-53.960789";"SR-RS";"DEL9/9";"UOP01/RS"
175921;388445;2018-12-04;"terca-feira";"22:15:00";"MA";316;196,7;"ZE DOCA";"Sim";"Ingestao de alcool";1;"Colisao frontal";"Com Vitimas Feridas";"Plena Noite";"Crescente";"Nublado";"Simples";"Reta";"Sim";313366;"Caminhao";"VOLVO/VM 260 6X2 MASTER";2011;"Condutor";"Ileso";55;"Masculino";1;0;0;0;"-3.259696";"-45.654808";"SR-MA";"DEL18/2";"UOP02/MA"
175921;388449;2018-12-04;"terca-feira";"22:15:00";"MA";316;196,7;"ZE DOCA";"Sim";"Ingestao de alcool";1;"Colisao frontal";"Com Vitimas Feridas";"Plena Noite";"Crescente";"Nublado";"Simples";"Reta";"Sim";313367;"Automóvel";"FORD/KA FLEX";2009;"Condutor";"Lesoes Leves";39;"Feminino";0;1;0;0;"-3.259696";"-45.654808";"SR-MA";"DEL18/2";"UOP02/MA"
175930;388321;2018-12-05;"quarta-feira";"04:00:00";"SC";101;442;"SANTA ROSA DO SUL";"Sim";"Ingestao de alcool";1;"Saida de leito carrocavel";"Com Vitimas Feridas";"Plena Noite";"Decrescente";"Ceu Claro";"Multipla";"Desvio Temporario";"Sim";314603;"Automóvel";"GM/CORSA MILENIUM";2002;"Condutor";"Lesoes Leves";31;"Masculino";0;1;0;0;"-29.1324";"-49.6968";"SR-SC";"DEL8/2";"UOP02/SC"
175950;388324;2018-12-05;"quarta-feira";"02:30:00";"SC";282;520,5;"XAXIM";"Sim";"Ingestao de alcool";1;"Capotamento";"Com Vitimas Feridas";"Plena Noite";"Decrescente";"Ceu Claro";"Simples";"Rotatória";"Sim";313389;"Automóvel";"GM/CELTA";2000;"Condutor";"Lesoes Leves";43;"Masculino";0;1;0;0;"-26.950415";"-52.526096";"SR-SC";"DEL7";"UOP01/SC"
176097;390450;2018-12-05;"quarta-feira";"22:25:00";"SC";470;174,3;"POUSO REDONDO";"Sim";"Ingestao de alcool";1;"Atropelamento de Pedestre";"Com Vitimas Feridas";"Plena Noite";"Crescente";"Ceu Claro";"Simples";"Curva";"Sim";313710;"Caminhonete";"VW/SAVEIRO 1.6";2008;"Condutor";"Ileso";69;"Masculino";1;0;0;0;"-27.258179";"-49.929146";"SR-SC";"DEL8/4";"UOP02/SC"
176097;390452;2018-12-05;"quarta-feira";"22:25:00";"SC";470;174,3;"POUSO REDONDO";"Sim";"Ingestao de alcool";1;"Atropelamento de Pedestre";"Com Vitimas Feridas";"Plena Noite";"Crescente";"Ceu Claro";"Simples";"Curva";"Sim";313710;"Caminhonete";"VW/SAVEIRO 1.6";2008;"Pedestre";"Lesoes Graves";37;"Masculino";0;0;1;0;"-27.258179";"-49.929146";"SR-SC";"DEL8/4";"UOP02/SC"
176109;387355;2018-12-06;"quinta-feira";"00:15:00";"BA";116;13;"VITORIA DA CONQUISTA";"Sim";"Ingestao de alcool";1;"Colisao transversal";"Com Vitimas Feridas";"Plena Noite";"Decrescente";"Garoa/Chuvisco";"Simples";"Reta";"Sim";313756;"Bicicleta";"";NA;"Condutor";"Lesoes Leves";NA;"Masculino";0;1;0;0;"-14.88119085";"-40.8708787";"SR-BA";"DEL10/8";"UOP01/BA"
176109;387351;2018-12-06;"quinta-feira";"00:15:00";"BA";116;13;"VITORIA DA CONQUISTA";"Sim";"Ingestao de alcool";1;"Colisao transversal";"Com Vitimas Feridas";"Plena Noite";"Decrescente";"Garoa/Chuvisco";"Simples";"Reta";"Sim";313753;"Motocicleta";"HONDA/NXR150 BROS ES";2014;"Condutor";"Ileso";39;"Masculino";1;0;0;0;"-14.88119085";"-40.8708787";"SR-BA";"DEL10/8";"UOP01/BA"
176116;387911;2018-12-06;"quinta-feira";"03:00:00";"MG";116;277;"TEOFILO OTONI";"Sim";"Ingestao de alcool";1;"Colisao com objeto estatico";"Sem Vitimas";"Plena Noite";"Crescente";"Ceu Claro";"Multipla";"Reta";"Sim";313728;"Automóvel";"FIAT/UNO MILLE FIRE";2004;"Testemunha";"Nao Informado";NA;"Nao Informado";0;0;0;0;"-17.8632681";"-41.51471984";"SR-MG";"DEL4/11";"UOP01/MG"
176116;387910;2018-12-06;"quinta-feira";"03:00:00";"MG";116;277;"TEOFILO OTONI";"Sim";"Ingestao de alcool";1;"Colisao com objeto estatico";"Sem Vitimas";"Plena Noite";"Crescente";"Ceu Claro";"Multipla";"Reta";"Sim";313728;"Automóvel";"FIAT/UNO MILLE FIRE";2004;"Condutor";"Ileso";31;"Masculino";1;0;0;0;"-17.8632681";"-41.51471984";"SR-MG";"DEL4/11";"UOP01/MG"
176126;387332;2018-09-30;"domingo";"22:15:00";"MG";381;297;"ANTONIO DIAS";"Sim";"Ingestao de alcool";1;"Colisao traseira";"Com Vitimas Feridas";"Plena Noite";"Crescente";"Ceu Claro";"Simples";"Reta";"Nao";313738;"Caminhonete";"FIAT/STRADA WORKING";2015;"Condutor";"Ileso";37;"Masculino";1;0;0;0;"-19.5966053";"-42.7454412";"SR-MG";"DEL4/3";"UOP02/MG"
176126;387333;2018-09-30;"domingo";"22:15:00";"MG";381;297;"ANTONIO DIAS";"Sim";"Ingestao de alcool";1;"Colisao traseira";"Com Vitimas Feridas";"Plena Noite";"Crescente";"Ceu Claro";"Simples";"Reta";"Nao";313739;"Bicicleta";"";NA;"Condutor";"Lesoes Graves";27;"Masculino";0;0;1;0;"-19.5966053";"-42.7454412";"SR-MG";"DEL4/3";"UOP02/MG"
176214;387549;2018-12-06;"quinta-feira";"11:50:00";"MG";153;183,4;"FRUTAL";"Sim";"Ingestao de alcool";1;"Tombamento";"Com Vitimas Feridas";"Pleno dia";"Crescente";"Ceu Claro";"Simples";"Desvio Temporario";"Nao";313908;"Caminhao-trator";"M.BENZ/AX0R 1933 S";2011;"Condutor";"Lesoes Leves";48;"Masculino";0;1;0;0;"-19.83010556";"-48.96660894";"SR-MG";"DEL13";"UOP02/MG"
176256;387766;2018-12-06;"quinta-feira";"18:10:00";"ES";101;284,5;"CARIACICA";"Sim";"Ingestao de alcool";2;"Capotamento";"Com Vitimas Feridas";"Anoitecer";"Decrescente";"Nublado";"Multipla";"Curva";"Sim";314126;"Automóvel";"FIAT/PALIO FIRE";2005;"Passageiro";"Lesoes Leves";36;"Masculino";0;1;0;0;"-20.24669639";"-40.36994934";"SR-ES";"DEL12/1";"UOP01/ES"
176256;387763;2018-12-06;"quinta-feira";"18:10:00";"ES";101;284,5;"CARIACICA";"Sim";"Ingestao de alcool";2;"Capotamento";"Com Vitimas Feridas";"Anoitecer";"Decrescente";"Nublado";"Multipla";"Curva";"Sim";314125;"Motoneta";"HONDA/BIZ 125 ES";2008;"Condutor";"Lesoes Graves";29;"Masculino";0;0;1;0;"-20.24669639";"-40.36994934";"SR-ES";"DEL12/1";"UOP01/ES"
176256;387765;2018-12-06;"quinta-feira";"18:10:00";"ES";101;284,5;"CARIACICA";"Sim";"Ingestao de alcool";2;"Capotamento";"Com Vitimas Feridas";"Anoitecer";"Decrescente";"Nublado";"Multipla";"Curva";"Sim";314126;"Automóvel";"FIAT/PALIO FIRE";2005;"Condutor";"Lesoes Leves";43;"Masculino";0;1;0;0;"-20.24669639";"-40.36994934";"SR-ES";"DEL12/1";"UOP01/ES"
176284;389527;2018-12-06;"quinta-feira";"16:50:00";"MG";116;581,5;"MANHUACU";"Sim";"Ingestao de alcool";1;"Tombamento";"Com Vitimas Feridas";"Pleno dia";"Decrescente";"Chuva";"Simples";"Curva";"Nao";314031;"Motocicleta";"HONDA/CG 150 TITAN EX";2011;"Condutor";"Lesoes Graves";27;"Masculino";0;0;1;0;"-20.2802324";"-42.14904785";"SR-MG";"DEL4/6";"UOP04/MG"
176289;391939;2018-12-06;"quinta-feira";"19:40:00";"PB";230;502;"CAJAZEIRAS";"Sim";"Ingestao de alcool";1;"Colisao transversal";"Com Vitimas Feridas";"Plena Noite";"Decrescente";"Ceu Claro";"Simples";"Reta";"Sim";314240;"Motoneta";"HONDA/BIZ 125 ES";2012;"Condutor";"Lesoes Graves";31;"Masculino";0;0;1;0;"-6.8979";"-38.5233";"SR-PB";"DEL14/3";"UOP03/PB"
176289;391941;2018-12-06;"quinta-feira";"19:40:00";"PB";230;502;"CAJAZEIRAS";"Sim";"Ingestao de alcool";1;"Colisao transversal";"Com Vitimas Feridas";"Plena Noite";"Decrescente";"Ceu Claro";"Simples";"Reta";"Sim";314240;"Motoneta";"HONDA/BIZ 125 ES";2012;"Passageiro";"Ileso";25;"Feminino";1;0;0;0;"-6.8979";"-38.5233";"SR-PB";"DEL14/3";"UOP03/PB"
176289;391933;2018-12-06;"quinta-feira";"19:40:00";"PB";230;502;"CAJAZEIRAS";"Sim";"Ingestao de alcool";1;"Colisao transversal";"Com Vitimas Feridas";"Plena Noite";"Decrescente";"Ceu Claro";"Simples";"Reta";"Sim";314239;"Automóvel";"VW/GOL CLI";1996;"Condutor";"Ileso";28;"Masculino";1;0;0;0;"-6.8979";"-38.5233";"SR-PB";"DEL14/3";"UOP03/PB"
176292;387843;2018-12-06;"quinta-feira";"21:00:00";"DF";80;30;"BRASILIA";"Sim";"Ingestao de alcool";1;"Colisao lateral";"Sem Vitimas";"Plena Noite";"Crescente";"Ceu Claro";"Simples";"Curva";"Nao";314190;"Automóvel";"VW/GOL 1.0 GIV";2008;"Condutor";"Ileso";35;"Masculino";1;0;0;0;"-15.586337";"-48.188095";"SR-DF";"DF";"UOP06/DF"
176292;387844;2018-12-06;"quinta-feira";"21:00:00";"DF";80;30;"BRASILIA";"Sim";"Ingestao de alcool";1;"Colisao lateral";"Sem Vitimas";"Plena Noite";"Crescente";"Ceu Claro";"Simples";"Curva";"Nao";314191;"Automóvel";"VW/GOL 1.0";2003;"Condutor";"Ileso";32;"Masculino";1;0;0;0;"-15.586337";"-48.188095";"SR-DF";"DF";"UOP06/DF"
176299;387815;2018-12-06;"quinta-feira";"21:45:00";"RS";116;241,6;"SAO LEOPOLDO";"Sim";"Ingestao de alcool";1;"Colisao com objeto estatico";"Com Vitimas Feridas";"Plena Noite";"Decrescente";"Ceu Claro";"Dupla";"Reta";"Sim";314136;"Caminhonete";"FIAT/FIORINO FLEX";2010;"Condutor";"Lesoes Leves";40;"Masculino";0;1;0;0;"-29.714012";"-51.147678";"SR-RS";"DEL9/1";"UOP02/RS"
176300;387825;2018-12-06;"quinta-feira";"19:15:00";"BA";418;87,7;"CARAVELAS";"Sim";"Ingestao de alcool";1;"Colisao transversal";"Com Vitimas Feridas";"Plena Noite";"Crescente";"Ceu Claro";"Simples";"Reta";"Sim";314169;"Motocicleta";"HONDA/CG 150 TITAN EX";2013;"Condutor";"Lesoes Graves";28;"Masculino";0;0;1;0;"-17.734264";"-39.553185";"SR-BA";"DEL10/9";"UOP03/BA"
176300;387819;2018-12-06;"quinta-feira";"19:15:00";"BA";418;87,7;"CARAVELAS";"Sim";"Ingestao de alcool";1;"Colisao transversal";"Com Vitimas Feridas";"Plena Noite";"Crescente";"Ceu Claro";"Simples";"Reta";"Sim";314065;"Motocicleta";"HONDA/CG 125I FAN";2017;"Condutor";"Lesoes Leves";31;"Masculino";0;1;0;0;"-17.734264";"-39.553185";"SR-BA";"DEL10/9";"UOP03/BA"
176303;387711;2018-12-06;"quinta-feira";"20:05:00";"MT";163;117,7;"RONDONOPOLIS";"Sim";"Ingestao de alcool";1;"Colisao traseira";"Com Vitimas Feridas";"Plena Noite";"Decrescente";"Nublado";"Simples";"Reta";"Sim";314076;"Automóvel";"FIAT/UNO MILLE ECONOMY";2009;"Condutor";"Lesoes Leves";29;"Masculino";0;1;0;0;"-16.521769";"-54.658798";"SR-MT";"DEL2/2";"UOP01/MT"
176331;389083;2018-12-07;"sexta-feira";"00:30:00";"BA";110;151;"CICERO DANTAS";"Sim";"Ingestao de alcool e/ou substâncias psicoativas pelo pedestre";1;"Colisao frontal";"Sem Vitimas";"Plena Noite";"Crescente";"Nublado";"Simples";"Nao Informado";"Nao";315218;"Ônibus";"MBENZ/MPOLO PARADISO R";2013;"Passageiro";"Ileso";NA;"Ignorado";1;0;0;0;"-10.6734";"-38.4238";"SR-BA";"DEL10/7";"UOP02/BA"
176331;389084;2018-12-07;"sexta-feira";"00:30:00";"BA";110;151;"CICERO DANTAS";"Sim";"Ingestao de alcool e/ou substâncias psicoativas pelo pedestre";1;"Colisao frontal";"Sem Vitimas";"Plena Noite";"Crescente";"Nublado";"Simples";"Nao Informado";"Nao";315218;"Ônibus";"MBENZ/MPOLO PARADISO R";2013;"Passageiro";"Ileso";NA;"Ignorado";1;0;0;0;"-10.6734";"-38.4238";"SR-BA";"DEL10/7";"UOP02/BA"
176331;389085;2018-12-07;"sexta-feira";"00:30:00";"BA";110;151;"CICERO DANTAS";"Sim";"Ingestao de alcool e/ou substâncias psicoativas pelo pedestre";1;"Colisao frontal";"Sem Vitimas";"Plena Noite";"Crescente";"Nublado";"Simples";"Nao Informado";"Nao";315218;"Ônibus";"MBENZ/MPOLO PARADISO R";2013;"Passageiro";"Ileso";NA;"Feminino";1;0;0;0;"-10.6734";"-38.4238";"SR-BA";"DEL10/7";"UOP02/BA"