"id";"pesid";"data_inversa";"dia_semana";"horario";"uf";"br";"km";"municipio";"causa_principal";"causa_acidente";"ordem_tipo_acidente";"tipo_acidente";"classificacao_acidente";"fase_dia";"sentido_via";"condicao_metereologica";"tipo_pista";"tracado_via";"uso_solo";"id_veiculo";"tipo_veiculo";"marca";"ano_fabricacao_veiculo";"tipo_envolvido";"estado_fisico";"idade";"sexo";"ilesos";"feridos_leves";"feridos_graves";"mortos";"latitude";"longitude";"regional";"delegacia";"uop"
176331;389086;2018-12-07;"sexta-feira";"00:30:00";"BA";110;151;"CICERO DANTAS";"Sim";"Ingestao de alcool e/ou substâncias psicoativas pelo pedestre";1;"Colisao frontal";"Sem Vitimas";"Plena Noite";"Crescente";"Nublado";"Simples";"Nao Informado";"Nao";315218;"Ônibus";"MBENZ/MPOLO PARADISO R";2013;"Passageiro";"Ileso";NA;"Feminino";1;0;0;0;"-10.6734";"-38.4238";"SR-BA";"DEL10/7";"UOP02/BA"
176331;389087;2018-12-07;"sexta-feira";"00:30:00";"BA";110;151;"CICERO DANTAS";"Sim";"Ingestao de alcool e/ou substâncias psicoativas pelo pedestre";1;"Colisao frontal";"Sem Vitimas";"Plena Noite";"Crescente";"Nublado";"Simples";"Nao Informado";"Nao";315218;"Ônibus";"MBENZ/MPOLO PARADISO R";2013;"Passageiro";"Ileso";NA;"Masculino";1;0;0;0;"-10.6734";"-38.4238";"SR-BA";"DEL10/7";"UOP02/BA"
176331;389088;2018-12-07;"sexta-feira";"00:30:00";"BA";110;151;"CICERO DANTAS";"Sim";"Ingestao de alcool e/ou substâncias psicoativas pelo pedestre";1;"Colisao frontal";"Sem Vitimas";"Plena Noite";"Crescente";"Nublado";"Simples";"Nao Informado";"Nao";315218;"Ônibus";"MBENZ/MPOLO PARADISO R";2013;"Passageiro";"Ileso";NA;"Masculino";1;0;0;0;"-10.6734";"-38.4238";"SR-BA";"DEL10/7";"UOP02/BA"
176331;389089;2018-12-07;"sexta-feira";"00:30:00";"BA";110;151;"CICERO DANTAS";"Sim";"Ingestao de alcool e/ou substâncias psicoativas pelo pedestre";1;"Colisao frontal";"Sem Vitimas";"Plena Noite";"Crescente";"Nublado";"Simples";"Nao Informado";"Nao";315218;"Ônibus";"MBENZ/MPOLO PARADISO R";2013;"Passageiro";"Ileso";NA;"Masculino";1;0;0;0;"-10.6734";"-38.4238";"SR-BA";"DEL10/7";"UOP02/BA"
176331;389090;2018-12-07;"sexta-feira";"00:30:00";"BA";110;151;"CICERO DANTAS";"Sim";"Ingestao de alcool e/ou substâncias psicoativas pelo pedestre";1;"Colisao frontal";"Sem Vitimas";"Plena Noite";"Crescente";"Nublado";"Simples";"Nao Informado";"Nao";315218;"Ônibus";"MBENZ/MPOLO PARADISO R";2013;"Passageiro";"Ileso";NA;"Feminino";1;0;0;0;"-10.6734";"-38.4238";"SR-BA";"DEL10/7";"UOP02/BA"
176331;389092;2018-12-07;"sexta-feira";"00:30:00";"BA";110;151;"CICERO DANTAS";"Sim";"Ingestao de alcool e/ou substâncias psicoativas pelo pedestre";1;"Colisao frontal";"Sem Vitimas";"Plena Noite";"Crescente";"Nublado";"Simples";"Nao Informado";"Nao";315218;"Ônibus";"MBENZ/MPOLO PARADISO R";2013;"Passageiro";"Ileso";NA;"Masculino";1;0;0;0;"-10.6734";"-38.4238";"SR-BA";"DEL10/7";"UOP02/BA"
176331;389093;2018-12-07;"sexta-feira";"00:30:00";"BA";110;151;"CICERO DANTAS";"Sim";"Ingestao de alcool e/ou substâncias psicoativas pelo pedestre";1;"Colisao frontal";"Sem Vitimas";"Plena Noite";"Crescente";"Nublado";"Simples";"Nao Informado";"Nao";315218;"Ônibus";"MBENZ/MPOLO PARADISO R";2013;"Passageiro";"Ileso";NA;"Masculino";1;0;0;0;"-10.6734";"-38.4238";"SR-BA";"DEL10/7";"UOP02/BA"
176331;389094;2018-12-07;"sexta-feira";"00:30:00";"BA";110;151;"CICERO DANTAS";"Sim";"Ingestao de alcool e/ou substâncias psicoativas pelo pedestre";1;"Colisao frontal";"Sem Vitimas";"Plena Noite";"Crescente";"Nublado";"Simples";"Nao Informado";"Nao";315218;"Ônibus";"MBENZ/MPOLO PARADISO R";2013;"Passageiro";"Ileso";NA;"Masculino";1;0;0;0;"-10.6734";"-38.4238";"SR-BA";"DEL10/7";"UOP02/BA"
176331;389095;2018-12-07;"sexta-feira";"00:30:00";"BA";110;151;"CICERO DANTAS";"Sim";"Ingestao de alcool e/ou substâncias psicoativas pelo pedestre";1;"Colisao frontal";"Sem Vitimas";"Plena Noite";"Crescente";"Nublado";"Simples";"Nao Informado";"Nao";315218;"Ônibus";"MBENZ/MPOLO PARADISO R";2013;"Passageiro";"Ileso";NA;"Feminino";1;0;0;0;"-10.6734";"-38.4238";"SR-BA";"DEL10/7";"UOP02/BA"
176331;389096;2018-12-07;"sexta-feira";"00:30:00";"BA";110;151;"CICERO DANTAS";"Sim";"Ingestao de alcool e/ou substâncias psicoativas pelo pedestre";1;"Colisao frontal";"Sem Vitimas";"Plena Noite";"Crescente";"Nublado";"Simples";"Nao Informado";"Nao";315218;"Ônibus";"MBENZ/MPOLO PARADISO R";2013;"Passageiro";"Ileso";NA;"Masculino";1;0;0;0;"-10.6734";"-38.4238";"SR-BA";"DEL10/7";"UOP02/BA"
176331;389098;2018-12-07;"sexta-feira";"00:30:00";"BA";110;151;"CICERO DANTAS";"Sim";"Ingestao de alcool e/ou substâncias psicoativas pelo pedestre";1;"Colisao frontal";"Sem Vitimas";"Plena Noite";"Crescente";"Nublado";"Simples";"Nao Informado";"Nao";315218;"Ônibus";"MBENZ/MPOLO PARADISO R";2013;"Passageiro";"Ileso";NA;"Masculino";1;0;0;0;"-10.6734";"-38.4238";"SR-BA";"DEL10/7";"UOP02/BA"
176331;389099;2018-12-07;"sexta-feira";"00:30:00";"BA";110;151;"CICERO DANTAS";"Sim";"Ingestao de alcool e/ou substâncias psicoativas pelo pedestre";1;"Colisao frontal";"Sem Vitimas";"Plena Noite";"Crescente";"Nublado";"Simples";"Nao Informado";"Nao";315218;"Ônibus";"MBENZ/MPOLO PARADISO R";2013;"Passageiro";"Ileso";NA;"Masculino";1;0;0;0;"-10.6734";"-38.4238";"SR-BA";"DEL10/7";"UOP02/BA"
176331;389049;2018-12-07;"sexta-feira";"00:30:00";"BA";110;151;"CICERO DANTAS";"Sim";"Ingestao de alcool e/ou substâncias psicoativas pelo pedestre";1;"Colisao frontal";"Sem Vitimas";"Plena Noite";"Crescente";"Nublado";"Simples";"Nao Informado";"Nao";315218;"Ônibus";"MBENZ/MPOLO PARADISO R";2013;"Condutor";"Ileso";43;"Masculino";1;0;0;0;"-10.6734";"-38.4238";"SR-BA";"DEL10/7";"UOP02/BA"
176331;389050;2018-12-07;"sexta-feira";"00:30:00";"BA";110;151;"CICERO DANTAS";"Sim";"Ingestao de alcool e/ou substâncias psicoativas pelo pedestre";1;"Colisao frontal";"Sem Vitimas";"Plena Noite";"Crescente";"Nublado";"Simples";"Nao Informado";"Nao";315219;"Automóvel";"FIAT/PALIO FIRE FLEX";2007;"Condutor";"Ileso";35;"Masculino";1;0;0;0;"-10.6734";"-38.4238";"SR-BA";"DEL10/7";"UOP02/BA"
176331;389069;2018-12-07;"sexta-feira";"00:30:00";"BA";110;151;"CICERO DANTAS";"Sim";"Ingestao de alcool e/ou substâncias psicoativas pelo pedestre";1;"Colisao frontal";"Sem Vitimas";"Plena Noite";"Crescente";"Nublado";"Simples";"Nao Informado";"Nao";315218;"Ônibus";"MBENZ/MPOLO PARADISO R";2013;"Passageiro";"Ileso";NA;"Feminino";1;0;0;0;"-10.6734";"-38.4238";"SR-BA";"DEL10/7";"UOP02/BA"
176331;389070;2018-12-07;"sexta-feira";"00:30:00";"BA";110;151;"CICERO DANTAS";"Sim";"Ingestao de alcool e/ou substâncias psicoativas pelo pedestre";1;"Colisao frontal";"Sem Vitimas";"Plena Noite";"Crescente";"Nublado";"Simples";"Nao Informado";"Nao";315218;"Ônibus";"MBENZ/MPOLO PARADISO R";2013;"Passageiro";"Ileso";NA;"Masculino";1;0;0;0;"-10.6734";"-38.4238";"SR-BA";"DEL10/7";"UOP02/BA"
176331;389071;2018-12-07;"sexta-feira";"00:30:00";"BA";110;151;"CICERO DANTAS";"Sim";"Ingestao de alcool e/ou substâncias psicoativas pelo pedestre";1;"Colisao frontal";"Sem Vitimas";"Plena Noite";"Crescente";"Nublado";"Simples";"Nao Informado";"Nao";315218;"Ônibus";"MBENZ/MPOLO PARADISO R";2013;"Passageiro";"Ileso";NA;"Masculino";1;0;0;0;"-10.6734";"-38.4238";"SR-BA";"DEL10/7";"UOP02/BA"
176331;389072;2018-12-07;"sexta-feira";"00:30:00";"BA";110;151;"CICERO DANTAS";"Sim";"Ingestao de alcool e/ou substâncias psicoativas pelo pedestre";1;"Colisao frontal";"Sem Vitimas";"Plena Noite";"Crescente";"Nublado";"Simples";"Nao Informado";"Nao";315218;"Ônibus";"MBENZ/MPOLO PARADISO R";2013;"Passageiro";"Ileso";NA;"Masculino";1;0;0;0;"-10.6734";"-38.4238";"SR-BA";"DEL10/7";"UOP02/BA"
176331;389073;2018-12-07;"sexta-feira";"00:30:00";"BA";110;151;"CICERO DANTAS";"Sim";"Ingestao de alcool e/ou substâncias psicoativas pelo pedestre";1;"Colisao frontal";"Sem Vitimas";"Plena Noite";"Crescente";"Nublado";"Simples";"Nao Informado";"Nao";315218;"Ônibus";"MBENZ/MPOLO PARADISO R";2013;"Passageiro";"Ileso";NA;"Masculino";1;0;0;0;"-10.6734";"-38.4238";"SR-BA";"DEL10/7";"UOP02/BA"
176331;389075;2018-12-07;"sexta-feira";"00:30:00";"BA";110;151;"CICERO DANTAS";"Sim";"Ingestao de alcool e/ou substâncias psicoativas pelo pedestre";1;"Colisao frontal";"Sem Vitimas";"Plena Noite";"Crescente";"Nublado";"Simples";"Nao Informado";"Nao";315218;"Ônibus";"MBENZ/MPOLO PARADISO R";2013;"Passageiro";"Ileso";NA;"Feminino";1;0;0;0;"-10.6734";"-38.4238";"SR-BA";"DEL10/7";"UOP02/BA"
176331;389077;2018-12-07;"sexta-feira";"00:30:00";"BA";110;151;"CICERO DANTAS";"Sim";"Ingestao de alcool e/ou substâncias psicoativas pelo pedestre";1;"Colisao frontal";"Sem Vitimas";"Plena Noite";"Crescente";"Nublado";"Simples";"Nao Informado";"Nao";315218;"Ônibus";"MBENZ/MPOLO PARADISO R";2013;"Passageiro";"Ileso";NA;"Feminino";1;0;0;0;"-10.6734";"-38.4238";"SR-BA";"DEL10/7";"UOP02/BA"
176331;389078;2018-12-07;"sexta-feira";"00:30:00";"BA";110;151;"CICERO DANTAS";"Sim";"Ingestao de alcool e/ou substâncias psicoativas pelo pedestre";1;"Colisao frontal";"Sem Vitimas";"Plena Noite";"Crescente";"Nublado";"Simples";"Nao Informado";"Nao";315218;"Ônibus";"MBENZ/MPOLO PARADISO R";2013;"Passageiro";"Ileso";NA;"Feminino";1;0;0;0;"-10.6734";"-38.4238";"SR-BA";"DEL10/7";"UOP02/BA"
176331;389081;2018-12-07;"sexta-feira";"00:30:00";"BA";110;151;"CICERO DANTAS";"Sim";"Ingestao de alcool e/ou substâncias psicoativas pelo pedestre";1;"Colisao frontal";"Sem Vitimas";"Plena Noite";"Crescente";"Nublado";"Simples";"Nao Informado";"Nao";315218;"Ônibus";"MBENZ/MPOLO PARADISO R";2013;"Passageiro";"Ileso";NA;"Feminino";1;0;0;0;"-10.6734";"-38.4238";"SR-BA";"DEL10/7";"UOP02/BA"
176331;389082;2018-12-07;"sexta-feira";"00:30:00";"BA";110;151;"CICERO DANTAS";"Sim";"Ingestao de alcool e/ou substâncias psicoativas pelo pedestre";1;"Colisao frontal";"Sem Vitimas";"Plena Noite";"Crescente";"Nublado";"Simples";"Nao Informado";"Nao";315218;"Ônibus";"MBENZ/MPOLO PARADISO R";2013;"Passageiro";"Ileso";NA;"Masculino";1;0;0;0;"-10.6734";"-38.4238";"SR-BA";"DEL10/7";"UOP02/BA"
176341;389591;2018-12-07;"sexta-feira";"05:30:00";"SP";116;269;"TABOAO DA SERRA";"Sim";"Ingestao de alcool";1;"Colisao traseira";"Com Vitimas Feridas";"Pleno dia";"Crescente";"Nublado";"Dupla";"Reta";"Sim";314228;"Automóvel";"IMP/FORD ESCORT 1.8I GLX";1996;"Condutor";"Ileso";30;"Masculino";1;0;0;0;"-23.60882613";"-46.75748083";"SR-SP";"DEL6/4";"UOP01/SP"
176341;389594;2018-12-07;"sexta-feira";"05:30:00";"SP";116;269;"TABOAO DA SERRA";"Sim";"Ingestao de alcool";1;"Colisao traseira";"Com Vitimas Feridas";"Pleno dia";"Crescente";"Nublado";"Dupla";"Reta";"Sim";314229;"Motocicleta";"HONDA/CG 125 CARGO ES";2011;"Condutor";"Lesoes Leves";42;"Masculino";0;1;0;0;"-23.60882613";"-46.75748083";"SR-SP";"DEL6/4";"UOP01/SP"
176342;387816;2018-12-07;"sexta-feira";"00:00:00";"PE";232;267;"SERTANIA";"Sim";"Ingestao de alcool";1;"Capotamento";"Sem Vitimas";"Plena Noite";"Decrescente";"Ceu Claro";"Simples";"Reta";"Nao";314160;"Automóvel";"VW/GOL 1.6 POWER";2003;"Condutor";"Ileso";27;"Masculino";1;0;0;0;"-8.40878142";"-37.17945099";"SR-PE";"DEL11/3";"UOP02/PE"
176348;389454;2018-12-07;"sexta-feira";"06:00:00";"MS";163;487,4;"CAMPO GRANDE";"Sim";"Ingestao de alcool";4;"Queda de ocupante de veiculo";"Com Vitimas Feridas";"Pleno dia";"Crescente";"Ceu Claro";"Simples";"Reta";"Sim";314256;"Motocicleta";"HONDA/CB 300R";2009;"Condutor";"Lesoes Leves";48;"Masculino";0;1;0;0;"-20.42158";"-54.546134";"SR-MS";"DEL3/1";"UOP02/MS"
176348;389452;2018-12-07;"sexta-feira";"06:00:00";"MS";163;487,4;"CAMPO GRANDE";"Sim";"Ingestao de alcool";4;"Queda de ocupante de veiculo";"Com Vitimas Feridas";"Pleno dia";"Crescente";"Ceu Claro";"Simples";"Reta";"Sim";314255;"Automóvel";"FIAT/UNO MILLE FIRE";2003;"Condutor";"Lesoes Leves";44;"Masculino";0;1;0;0;"-20.42158";"-54.546134";"SR-MS";"DEL3/1";"UOP02/MS"
176350;389697;2018-12-07;"sexta-feira";"01:00:00";"SC";101;162;"TIJUCAS";"Sim";"Ingestao de alcool";1;"Saida de leito carrocavel";"Sem Vitimas";"Plena Noite";"Crescente";"Ceu Claro";"Dupla";"Reta";"Nao";314175;"Automóvel";"RENAULT/SANDERO PRI 16";2010;"Condutor";"Nao Informado";NA;"Nao Informado";0;0;0;0;"-27.2325";"-48.6299";"SR-SC";"DEL8/4";"UOP03/SC"
176367;393422;2018-12-06;"quinta-feira";"23:30:00";"PR";476;278;"SAO MATEUS DO SUL";"Sim";"Ingestao de alcool";1;"Queda de ocupante de veiculo";"Com Vitimas Feridas";"Plena Noite";"Decrescente";"Nublado";"Dupla";"Curva";"Sim";314212;"Motocicleta";"HONDA/NXR150 BROS KS";2005;"Condutor";"Lesoes Leves";40;"Masculino";0;1;0;0;"-25.868753";"-50.396477";"SR-PR";"DEL7/2";"UOP03/PR"
176452;388413;2018-12-07;"sexta-feira";"17:20:00";"MT";163;841;"SINOP";"Sim";"Ingestao de alcool";1;"Colisao frontal";"Sem Vitimas";"Pleno dia";"Crescente";"Chuva";"Simples";"Reta";"Sim";314553;"Automóvel";"FIAT/PALIO EDX";1996;"Condutor";"Nao Informado";NA;"Nao Informado";0;0;0;0;"-11.8040162";"-55.48049754";"SR-MT";"DEL2/6";"UOP02/MT"
176452;388414;2018-12-07;"sexta-feira";"17:20:00";"MT";163;841;"SINOP";"Sim";"Ingestao de alcool";1;"Colisao frontal";"Sem Vitimas";"Pleno dia";"Crescente";"Chuva";"Simples";"Reta";"Sim";314553;"Automóvel";"FIAT/PALIO EDX";1996;"Passageiro";"Nao Informado";NA;"Nao Informado";0;0;0;0;"-11.8040162";"-55.48049754";"SR-MT";"DEL2/6";"UOP02/MT"
176452;388409;2018-12-07;"sexta-feira";"17:20:00";"MT";163;841;"SINOP";"Sim";"Ingestao de alcool";1;"Colisao frontal";"Sem Vitimas";"Pleno dia";"Crescente";"Chuva";"Simples";"Reta";"Sim";314552;"Automóvel";"FORD/KA SE 1.0 HA B";2017;"Condutor";"Ileso";23;"Masculino";1;0;0;0;"-11.8040162";"-55.48049754";"SR-MT";"DEL2/6";"UOP02/MT"
176452;388410;2018-12-07;"sexta-feira";"17:20:00";"MT";163;841;"SINOP";"Sim";"Ingestao de alcool";1;"Colisao frontal";"Sem Vitimas";"Pleno dia";"Crescente";"Chuva";"Simples";"Reta";"Sim";314552;"Automóvel";"FORD/KA SE 1.0 HA B";2017;"Passageiro";"Ileso";34;"Masculino";1;0;0;0;"-11.8040162";"-55.48049754";"SR-MT";"DEL2/6";"UOP02/MT"
176478;388121;2018-12-07;"sexta-feira";"19:40:00";"SE";235;48;"ITABAIANA";"Sim";"Ingestao de alcool";1;"Queda de ocupante de veiculo";"Com Vitimas Feridas";"Plena Noite";"Decrescente";"Ceu Claro";"Simples";"Reta";"Sim";314436;"Ciclomotor";"I/SHINERAY XY50Q PHOENIX";2013;"Condutor";"Lesoes Leves";31;"Masculino";0;1;0;0;"-10.724387";"-37.41708";"SR-SE";"DEL20/1";"UOP02/SE"
176488;388282;2018-12-07;"sexta-feira";"22:00:00";"DF";70;9,3;"BRASILIA";"Sim";"Ingestao de alcool";1;"Atropelamento de Pedestre";"Com Vitimas Feridas";"Plena Noite";"Crescente";"Ceu Claro";"Dupla";"Reta";"Sim";314454;"Automóvel";"GM/CORSA SUPER";1996;"Condutor";"Ileso";31;"Feminino";1;0;0;0;"-15.78540123";"-48.13489348";"SR-DF";"DF";"UOP06/DF"
176488;388288;2018-12-07;"sexta-feira";"22:00:00";"DF";70;9,3;"BRASILIA";"Sim";"Ingestao de alcool";1;"Atropelamento de Pedestre";"Com Vitimas Feridas";"Plena Noite";"Crescente";"Ceu Claro";"Dupla";"Reta";"Sim";314454;"Automóvel";"GM/CORSA SUPER";1996;"Pedestre";"Lesoes Graves";44;"Masculino";0;0;1;0;"-15.78540123";"-48.13489348";"SR-DF";"DF";"UOP06/DF"
176509;388208;2018-12-07;"sexta-feira";"20:00:00";"RR";174;511,6;"BOA VISTA";"Sim";"Ingestao de alcool";1;"Colisao transversal";"Com Vitimas Feridas";"Plena Noite";"Crescente";"Ceu Claro";"Simples";"Reta";"Nao";314530;"Motocicleta";"HONDA/CG 125 FAN";2008;"Passageiro";"Lesoes Graves";23;"Feminino";0;0;1;0;"2.86820948";"-60.69666895";"SR-RR";"UOP01/RR";""
176509;388204;2018-12-07;"sexta-feira";"20:00:00";"RR";174;511,6;"BOA VISTA";"Sim";"Ingestao de alcool";1;"Colisao transversal";"Com Vitimas Feridas";"Plena Noite";"Crescente";"Ceu Claro";"Simples";"Reta";"Nao";314529;"Motoneta";"HONDA/BIZ 125 ES";2015;"Condutor";"Lesoes Graves";50;"Masculino";0;0;1;0;"2.86820948";"-60.69666895";"SR-RR";"UOP01/RR";""
176509;388205;2018-12-07;"sexta-feira";"20:00:00";"RR";174;511,6;"BOA VISTA";"Sim";"Ingestao de alcool";1;"Colisao transversal";"Com Vitimas Feridas";"Plena Noite";"Crescente";"Ceu Claro";"Simples";"Reta";"Nao";314530;"Motocicleta";"HONDA/CG 125 FAN";2008;"Condutor";"Lesoes Graves";29;"Masculino";0;0;1;0;"2.86820948";"-60.69666895";"SR-RR";"UOP01/RR";""
176522;389749;2018-12-08;"sabado";"00:54:00";"SP";381;40;"ATIBAIA";"Sim";"Ingestao de alcool";1;"Saida de leito carrocavel";"Com Vitimas Feridas";"Plena Noite";"Crescente";"Ceu Claro";"Dupla";"Reta";"Sim";314607;"Caminhao";"VW/6.160 DRC 4X2";2018;"Testemunha";"Nao Informado";NA;"Nao Informado";0;0;0;0;"-23.129963";"-46.576763";"SR-SP";"DEL6/3";"UOP02/SP"
176522;389748;2018-12-08;"sabado";"00:54:00";"SP";381;40;"ATIBAIA";"Sim";"Ingestao de alcool";1;"Saida de leito carrocavel";"Com Vitimas Feridas";"Plena Noite";"Crescente";"Ceu Claro";"Dupla";"Reta";"Sim";314607;"Caminhao";"VW/6.160 DRC 4X2";2018;"Condutor";"Lesoes Leves";59;"Masculino";0;1;0;0;"-23.129963";"-46.576763";"SR-SP";"DEL6/3";"UOP02/SP"
176523;388194;2018-12-08;"sabado";"00:30:00";"SC";101;206;"SAO JOSE";"Sim";"Ingestao de alcool";1;"Colisao traseira";"Com Vitimas Feridas";"Plena Noite";"Crescente";"Ceu Claro";"Dupla";"Reta";"Nao";314521;"Automóvel";"PEUGEOT/206 14 PRESENC";2004;"Condutor";"Ileso";22;"Masculino";1;0;0;0;"-27.6001";"-48.6225";"SR-SC";"DEL8/1";"UOP01/SC"
176523;388195;2018-12-08;"sabado";"00:30:00";"SC";101;206;"SAO JOSE";"Sim";"Ingestao de alcool";1;"Colisao traseira";"Com Vitimas Feridas";"Plena Noite";"Crescente";"Ceu Claro";"Dupla";"Reta";"Nao";314522;"Motocicleta";"HONDA/CG 125 FAN KS";2010;"Condutor";"Lesoes Graves";37;"Masculino";0;0;1;0;"-27.6001";"-48.6225";"SR-SC";"DEL8/1";"UOP01/SC"
176523;388193;2018-12-08;"sabado";"00:30:00";"SC";101;206;"SAO JOSE";"Sim";"Ingestao de alcool";1;"Colisao traseira";"Com Vitimas Feridas";"Plena Noite";"Crescente";"Ceu Claro";"Dupla";"Reta";"Nao";314520;"Automóvel";"GM/CORSA WIND";1998;"Condutor";"Ileso";32;"Masculino";1;0;0;0;"-27.6001";"-48.6225";"SR-SC";"DEL8/1";"UOP01/SC"
176532;389970;2018-12-08;"sabado";"01:40:00";"SP";116;227,1;"SAO PAULO";"Sim";"Ingestao de alcool";1;"Colisao traseira";"Sem Vitimas";"Plena Noite";"Crescente";"Nublado";"Multipla";"Reta";"Sim";314559;"Automóvel";"VW/GOLF 2.0 SPORTLINE";2012;"Condutor";"Ileso";35;"Masculino";1;0;0;0;"-23.50071995";"-46.56340814";"SR-SP";"DEL6/1";"UOP01/SP"
176532;389971;2018-12-08;"sabado";"01:40:00";"SP";116;227,1;"SAO PAULO";"Sim";"Ingestao de alcool";1;"Colisao traseira";"Sem Vitimas";"Plena Noite";"Crescente";"Nublado";"Multipla";"Reta";"Sim";314560;"Camioneta";"I/HONDA CR-V LX";2008;"Condutor";"Ileso";27;"Masculino";1;0;0;0;"-23.50071995";"-46.56340814";"SR-SP";"DEL6/1";"UOP01/SP"
176532;389973;2018-12-08;"sabado";"01:40:00";"SP";116;227,1;"SAO PAULO";"Sim";"Ingestao de alcool";1;"Colisao traseira";"Sem Vitimas";"Plena Noite";"Crescente";"Nublado";"Multipla";"Reta";"Sim";314560;"Camioneta";"I/HONDA CR-V LX";2008;"Passageiro";"Ileso";20;"Feminino";1;0;0;0;"-23.50071995";"-46.56340814";"SR-SP";"DEL6/1";"UOP01/SP"
176532;389974;2018-12-08;"sabado";"01:40:00";"SP";116;227,1;"SAO PAULO";"Sim";"Ingestao de alcool";1;"Colisao traseira";"Sem Vitimas";"Plena Noite";"Crescente";"Nublado";"Multipla";"Reta";"Sim";314560;"Camioneta";"I/HONDA CR-V LX";2008;"Passageiro";"Ileso";33;"Masculino";1;0;0;0;"-23.50071995";"-46.56340814";"SR-SP";"DEL6/1";"UOP01/SP"
176532;389975;2018-12-08;"sabado";"01:40:00";"SP";116;227,1;"SAO PAULO";"Sim";"Ingestao de alcool";1;"Colisao traseira";"Sem Vitimas";"Plena Noite";"Crescente";"Nublado";"Multipla";"Reta";"Sim";314560;"Camioneta";"I/HONDA CR-V LX";2008;"Passageiro";"Ileso";21;"Feminino";1;0;0;0;"-23.50071995";"-46.56340814";"SR-SP";"DEL6/1";"UOP01/SP"
176532;389976;2018-12-08;"sabado";"01:40:00";"SP";116;227,1;"SAO PAULO";"Sim";"Ingestao de alcool";1;"Colisao traseira";"Sem Vitimas";"Plena Noite";"Crescente";"Nublado";"Multipla";"Reta";"Sim";314560;"Camioneta";"I/HONDA CR-V LX";2008;"Passageiro";"Ileso";2;"Feminino";1;0;0;0;"-23.50071995";"-46.56340814";"SR-SP";"DEL6/1";"UOP01/SP"
176535;388226;2018-12-08;"sabado";"00:10:00";"RN";101;82;"NATAL";"Sim";"Ingestao de alcool";1;"Colisao traseira";"Sem Vitimas";"Plena Noite";"Decrescente";"Ceu Claro";"Dupla";"Reta";"Sim";314566;"Camioneta";"FORD/PAMPA 1.8 L";1996;"Condutor";"Ileso";58;"Masculino";1;0;0;0;"-5.767915";"-35.274563";"SR-RN";"DEL15/2";"UOP01/RN"
176535;388224;2018-12-08;"sabado";"00:10:00";"RN";101;82;"NATAL";"Sim";"Ingestao de alcool";1;"Colisao traseira";"Sem Vitimas";"Plena Noite";"Decrescente";"Ceu Claro";"Dupla";"Reta";"Sim";314562;"Motocicleta";"YAMAHA/FACTOR YBR125 K";2010;"Condutor";"Ileso";37;"Masculino";1;0;0;0;"-5.767915";"-35.274563";"SR-RN";"DEL15/2";"UOP01/RN"
176542;389980;2018-12-08;"sabado";"02:40:00";"MG";40;532;"BELO HORIZONTE";"Sim";"Ingestao de alcool";1;"Colisao lateral";"Sem Vitimas";"Plena Noite";"Decrescente";"Nublado";"Dupla";"Reta";"Sim";314577;"Automóvel";"FIAT/UNO VIVACE 1.0";2010;"Condutor";"Ileso";41;"Masculino";1;0;0;0;"-19.9256";"-44.0053";"SR-MG";"DEL4/1";"UOP03/MG"
176542;389938;2018-12-08;"sabado";"02:40:00";"MG";40;532;"BELO HORIZONTE";"Sim";"Ingestao de alcool";1;"Colisao lateral";"Sem Vitimas";"Plena Noite";"Decrescente";"Nublado";"Dupla";"Reta";"Sim";314576;"Automóvel";"VW/NOVO VOYAGE 1.6";2013;"Condutor";"Ileso";41;"Masculino";1;0;0;0;"-19.9256";"-44.0053";"SR-MG";"DEL4/1";"UOP03/MG"
176543;390039;2018-12-08;"sabado";"03:10:00";"RS";153;38,9;"ERECHIM";"Sim";"Ingestao de alcool";3;"Colisao traseira";"Com Vitimas Feridas";"Pleno dia";"Crescente";"Ceu Claro";"Simples";"Curva";"Nao";314555;"Automóvel";"HONDA/CIVIC LXS FLEX";2008;"Condutor";"Lesoes Leves";21;"Masculino";0;1;0;0;"-27.57519093";"-52.22345358";"SR-RS";"DEL08";"UOP04/RS"
176543;390040;2018-12-08;"sabado";"03:10:00";"RS";153;38,9;"ERECHIM";"Sim";"Ingestao de alcool";3;"Colisao traseira";"Com Vitimas Feridas";"Pleno dia";"Crescente";"Ceu Claro";"Simples";"Curva";"Nao";314557;"Caminhao";"SCANIA/P 310 B8X2";2016;"Condutor";"Ileso";48;"Masculino";1;0;0;0;"-27.57519093";"-52.22345358";"SR-RS";"DEL08";"UOP04/RS"
176543;390043;2018-12-08;"sabado";"03:10:00";"RS";153;38,9;"ERECHIM";"Sim";"Ingestao de alcool";3;"Colisao traseira";"Com Vitimas Feridas";"Pleno dia";"Crescente";"Ceu Claro";"Simples";"Curva";"Nao";316015;"Ônibus";"MBENZ/MPOLO PARADISO R";2015;"Passageiro";"Ileso";NA;"Ignorado";1;0;0;0;"-27.57519093";"-52.22345358";"SR-RS";"DEL08";"UOP04/RS"