"id";"pesid";"data_inversa";"dia_semana";"horario";"uf";"br";"km";"municipio";"causa_principal";"causa_acidente";"ordem_tipo_acidente";"tipo_acidente";"classificacao_acidente";"fase_dia";"sentido_via";"condicao_metereologica";"tipo_pista";"tracado_via";"uso_solo";"id_veiculo";"tipo_veiculo";"marca";"ano_fabricacao_veiculo";"tipo_envolvido";"estado_fisico";"idade";"sexo";"ilesos";"feridos_leves";"feridos_graves";"mortos";"latitude";"longitude";"regional";"delegacia";"uop"
176543;390047;2018-12-08;"sabado";"03:10:00";"RS";153;38,9;"ERECHIM";"Sim";"Ingestao de alcool";3;"Colisao traseira";"Com Vitimas Feridas";"Pleno dia";"Crescente";"Ceu Claro";"Simples";"Curva";"Nao";316015;"Ônibus";"MBENZ/MPOLO PARADISO R";2015;"Passageiro";"Ileso";37;"Masculino";1;0;0;0;"-27.57519093";"-52.22345358";"SR-RS";"DEL08";"UOP04/RS"
176543;390042;2018-12-08;"sabado";"03:10:00";"RS";153;38,9;"ERECHIM";"Sim";"Ingestao de alcool";3;"Colisao traseira";"Com Vitimas Feridas";"Pleno dia";"Crescente";"Ceu Claro";"Simples";"Curva";"Nao";316015;"Ônibus";"MBENZ/MPOLO PARADISO R";2015;"Condutor";"Ileso";33;"Masculino";1;0;0;0;"-27.57519093";"-52.22345358";"SR-RS";"DEL08";"UOP04/RS"
176546;388246;2018-12-08;"sabado";"02:00:00";"SC";470;122,5;"IBIRAMA";"Sim";"Ingestao de alcool";1;"Tombamento";"Com Vitimas Feridas";"Plena Noite";"Decrescente";"Ceu Claro";"Simples";"Curva";"Nao";314587;"Motoneta";"HONDA/BIZ 125 ES";2012;"Condutor";"Lesoes Leves";25;"Masculino";0;1;0;0;"-27.10637383";"-49.52178262";"SR-SC";"DEL8/4";"UOP02/SC"
176546;389906;2018-12-08;"sabado";"02:00:00";"SC";470;122,5;"IBIRAMA";"Sim";"Ingestao de alcool";1;"Tombamento";"Com Vitimas Feridas";"Plena Noite";"Decrescente";"Ceu Claro";"Simples";"Curva";"Nao";314587;"Motoneta";"HONDA/BIZ 125 ES";2012;"Testemunha";"Nao Informado";NA;"Nao Informado";0;0;0;0;"-27.10637383";"-49.52178262";"SR-SC";"DEL8/4";"UOP02/SC"
176547;389923;2018-12-08;"sabado";"03:35:00";"PR";277;339,8;"GUARAPUAVA";"Sim";"Ingestao de alcool";2;"Saida de leito carrocavel";"Com Vitimas Feridas";"Plena Noite";"Decrescente";"Ceu Claro";"Dupla";"Rotatória";"Sim";314606;"Automóvel";"IMP/FIAT UNO MILLE SX";1997;"Condutor";"Lesoes Leves";24;"Masculino";0;1;0;0;"-25.34470476";"-51.44205451";"SR-PR";"DEL7/3";"UOP02/PR"
176547;389929;2018-12-08;"sabado";"03:35:00";"PR";277;339,8;"GUARAPUAVA";"Sim";"Ingestao de alcool";2;"Saida de leito carrocavel";"Com Vitimas Feridas";"Plena Noite";"Decrescente";"Ceu Claro";"Dupla";"Rotatória";"Sim";314606;"Automóvel";"IMP/FIAT UNO MILLE SX";1997;"Passageiro";"Lesoes Leves";21;"Feminino";0;1;0;0;"-25.34470476";"-51.44205451";"SR-PR";"DEL7/3";"UOP02/PR"
176554;392112;2018-12-08;"sabado";"05:30:00";"RS";116;241;"NOVO HAMBURGO";"Sim";"Ingestao de alcool";1;"Colisao com objeto estatico";"Com Vitimas Feridas";"Amanhecer";"Decrescente";"Ceu Claro";"Dupla";"Nao Informado";"Sim";314592;"Automóvel";"GM/CORSA GL 1.6";1996;"Condutor";"Ileso";22;"Masculino";1;0;0;0;"-29.714012";"-51.147678";"SR-RS";"DEL9/1";"UOP02/RS"
176554;392115;2018-12-08;"sabado";"05:30:00";"RS";116;241;"NOVO HAMBURGO";"Sim";"Ingestao de alcool";1;"Colisao com objeto estatico";"Com Vitimas Feridas";"Amanhecer";"Decrescente";"Ceu Claro";"Dupla";"Nao Informado";"Sim";314592;"Automóvel";"GM/CORSA GL 1.6";1996;"Passageiro";"Lesoes Leves";20;"Masculino";0;1;0;0;"-29.714012";"-51.147678";"SR-RS";"DEL9/1";"UOP02/RS"
176561;389934;2018-12-08;"sabado";"05:50:00";"GO";40;10;"LUZIANIA";"Sim";"Ingestao de alcool";1;"Saida de leito carrocavel";"Sem Vitimas";"Amanhecer";"Crescente";"Nublado";"Dupla";"Reta";"Sim";314598;"Automóvel";"VW/GOL 1.0";2004;"Condutor";"Ileso";20;"Masculino";1;0;0;0;"-16.131285";"-47.957923";"SR-DF";"GO";"UOP01/DF"
176576;388363;2018-12-08;"sabado";"07:00:00";"MT";364;254;"JUSCIMEIRA";"Sim";"Ingestao de alcool";1;"Colisao lateral";"Com Vitimas Feridas";"Pleno dia";"Decrescente";"Sol";"Simples";"Reta";"Nao";314660;"Caminhao-trator";"I/M.BENZ ACTROS2646S6X4";2011;"Condutor";"Ileso";55;"Masculino";1;0;0;0;"-16.089214";"-54.869465";"SR-MT";"DEL2/2";"UOP01/MT"
176576;388368;2018-12-08;"sabado";"07:00:00";"MT";364;254;"JUSCIMEIRA";"Sim";"Ingestao de alcool";1;"Colisao lateral";"Com Vitimas Feridas";"Pleno dia";"Decrescente";"Sol";"Simples";"Reta";"Nao";314661;"Caminhao-trator";"VOLVO/FH 540 6X4T";2015;"Condutor";"Ileso";46;"Masculino";1;0;0;0;"-16.089214";"-54.869465";"SR-MT";"DEL2/2";"UOP01/MT"
176576;388362;2018-12-08;"sabado";"07:00:00";"MT";364;254;"JUSCIMEIRA";"Sim";"Ingestao de alcool";1;"Colisao lateral";"Com Vitimas Feridas";"Pleno dia";"Decrescente";"Sol";"Simples";"Reta";"Nao";314659;"Automóvel";"I/HYUNDAI SONATA GLS";2011;"Condutor";"Lesoes Leves";22;"Masculino";0;1;0;0;"-16.089214";"-54.869465";"SR-MT";"DEL2/2";"UOP01/MT"
176623;390524;2018-12-08;"sabado";"12:15:00";"PR";116;116;"CURITIBA";"Sim";"Ingestao de alcool";1;"Colisao traseira";"Sem Vitimas";"Pleno dia";"Crescente";"Ceu Claro";"Multipla";"Reta";"Sim";314782;"Automóvel";"I/MMC LANCER 2.0";2012;"Condutor";"Ileso";36;"Masculino";1;0;0;0;"-25.544559";"-49.30146";"SR-PR";"DEL7/1";"UOP06/PR"
176623;390532;2018-12-08;"sabado";"12:15:00";"PR";116;116;"CURITIBA";"Sim";"Ingestao de alcool";1;"Colisao traseira";"Sem Vitimas";"Pleno dia";"Crescente";"Ceu Claro";"Multipla";"Reta";"Sim";314781;"Caminhonete";"VW/SAVEIRO 1.6";2002;"Condutor";"Ileso";45;"Masculino";1;0;0;0;"-25.544559";"-49.30146";"SR-PR";"DEL7/1";"UOP06/PR"
176623;390527;2018-12-08;"sabado";"12:15:00";"PR";116;116;"CURITIBA";"Sim";"Ingestao de alcool";1;"Colisao traseira";"Sem Vitimas";"Pleno dia";"Crescente";"Ceu Claro";"Multipla";"Reta";"Sim";314783;"Automóvel";"I/HYUNDAI I30 2.0";2009;"Condutor";"Ileso";27;"Masculino";1;0;0;0;"-25.544559";"-49.30146";"SR-PR";"DEL7/1";"UOP06/PR"
176629;388402;2018-12-08;"sabado";"07:40:00";"SC";280;29,9;"ARAQUARI";"Sim";"Ingestao de alcool";1;"Colisao transversal";"Sem Vitimas";"Pleno dia";"Decrescente";"Ceu Claro";"Simples";"Reta";"Sim";314692;"Caminhao";"VW/13.190";2002;"Condutor";"Ileso";36;"Masculino";1;0;0;0;"-26.410728";"-48.75304";"SR-SC";"DEL8/3";"UOP03/SC"
176629;388403;2018-12-08;"sabado";"07:40:00";"SC";280;29,9;"ARAQUARI";"Sim";"Ingestao de alcool";1;"Colisao transversal";"Sem Vitimas";"Pleno dia";"Decrescente";"Ceu Claro";"Simples";"Reta";"Sim";314693;"Automóvel";"GM/CORSA WIND";1995;"Condutor";"Ileso";45;"Masculino";1;0;0;0;"-26.410728";"-48.75304";"SR-SC";"DEL8/3";"UOP03/SC"
176655;388447;2018-10-12;"sexta-feira";"16:50:00";"PB";230;4,7;"CABEDELO";"Sim";"Ingestao de alcool";1;"Colisao lateral";"Com Vitimas Feridas";"Pleno dia";"Crescente";"Ceu Claro";"Simples";"Nao Informado";"Nao";314715;"Automóvel";"FIAT/SIENA 1.0 FLEX";NA;"Condutor";"Nao Informado";NA;"Nao Informado";0;0;0;0;"-7.008135";"-34.830378";"SR-PB";"DEL14/1";"UOP01/PB"
176655;388446;2018-10-12;"sexta-feira";"16:50:00";"PB";230;4,7;"CABEDELO";"Sim";"Ingestao de alcool";1;"Colisao lateral";"Com Vitimas Feridas";"Pleno dia";"Crescente";"Ceu Claro";"Simples";"Nao Informado";"Nao";314714;"Motocicleta";"HONDA/CG150 FAN ESDI";2015;"Condutor";"Lesoes Leves";33;"Masculino";0;1;0;0;"-7.008135";"-34.830378";"SR-PB";"DEL14/1";"UOP01/PB"
176687;388676;2018-12-08;"sabado";"16:30:00";"MS";158;199,6;"SELVIRIA";"Nao";"Ingestao de alcool";1;"Colisao traseira";"Com Vitimas Feridas";"Pleno dia";"Crescente";"Ceu Claro";"Dupla";"Reta";"Sim";314903;"Automóvel";"FORD/VERONA 1.8I GL";1995;"Condutor";"Ileso";47;"Masculino";1;0;0;0;"-20.372696";"-51.44062";"SR-MS";"DEL3/7";"UOP01/MS"
176687;388679;2018-12-08;"sabado";"16:30:00";"MS";158;199,6;"SELVIRIA";"Nao";"Ingestao de alcool";1;"Colisao traseira";"Com Vitimas Feridas";"Pleno dia";"Crescente";"Ceu Claro";"Dupla";"Reta";"Sim";314903;"Automóvel";"FORD/VERONA 1.8I GL";1995;"Passageiro";"Lesoes Leves";56;"Masculino";0;1;0;0;"-20.372696";"-51.44062";"SR-MS";"DEL3/7";"UOP01/MS"
176687;388682;2018-12-08;"sabado";"16:30:00";"MS";158;199,6;"SELVIRIA";"Nao";"Ingestao de alcool";1;"Colisao traseira";"Com Vitimas Feridas";"Pleno dia";"Crescente";"Ceu Claro";"Dupla";"Reta";"Sim";314904;"Caminhao-trator";"VOLVO/FH 400 6X2T";2007;"Condutor";"Ileso";53;"Masculino";1;0;0;0;"-20.372696";"-51.44062";"SR-MS";"DEL3/7";"UOP01/MS"
176691;388717;2018-12-08;"sabado";"16:10:00";"MG";381;805,4;"SAO GONCALO DO SAPUCAI";"Sim";"Ingestao de alcool";1;"Engavetamento";"Sem Vitimas";"Pleno dia";"Decrescente";"Sol";"Multipla";"Reta";"Nao";314944;"Automóvel";"FIAT/UNO WAY 1.0";2010;"Condutor";"Ileso";32;"Feminino";1;0;0;0;"-21.9756";"-45.6364";"SR-MG";"DEL09";"UOP02/MG"
176691;388721;2018-12-08;"sabado";"16:10:00";"MG";381;805,4;"SAO GONCALO DO SAPUCAI";"Sim";"Ingestao de alcool";1;"Engavetamento";"Sem Vitimas";"Pleno dia";"Decrescente";"Sol";"Multipla";"Reta";"Nao";314945;"Caminhonete";"I/TOYOTA HILUX CD4X4 SRV";2011;"Passageiro";"Ileso";67;"Masculino";1;0;0;0;"-21.9756";"-45.6364";"SR-MG";"DEL09";"UOP02/MG"
176691;388725;2018-12-08;"sabado";"16:10:00";"MG";381;805,4;"SAO GONCALO DO SAPUCAI";"Sim";"Ingestao de alcool";1;"Engavetamento";"Sem Vitimas";"Pleno dia";"Decrescente";"Sol";"Multipla";"Reta";"Nao";314946;"Automóvel";"VW/GOL SPECIAL";2002;"Passageiro";"Ileso";42;"Masculino";1;0;0;0;"-21.9756";"-45.6364";"SR-MG";"DEL09";"UOP02/MG"
176691;388726;2018-12-08;"sabado";"16:10:00";"MG";381;805,4;"SAO GONCALO DO SAPUCAI";"Sim";"Ingestao de alcool";1;"Engavetamento";"Sem Vitimas";"Pleno dia";"Decrescente";"Sol";"Multipla";"Reta";"Nao";314946;"Automóvel";"VW/GOL SPECIAL";2002;"Testemunha";"Nao Informado";NA;"Nao Informado";0;0;0;0;"-21.9756";"-45.6364";"SR-MG";"DEL09";"UOP02/MG"
176691;388720;2018-12-08;"sabado";"16:10:00";"MG";381;805,4;"SAO GONCALO DO SAPUCAI";"Sim";"Ingestao de alcool";1;"Engavetamento";"Sem Vitimas";"Pleno dia";"Decrescente";"Sol";"Multipla";"Reta";"Nao";314945;"Caminhonete";"I/TOYOTA HILUX CD4X4 SRV";2011;"Condutor";"Ileso";28;"Masculino";1;0;0;0;"-21.9756";"-45.6364";"SR-MG";"DEL09";"UOP02/MG"
176691;388724;2018-12-08;"sabado";"16:10:00";"MG";381;805,4;"SAO GONCALO DO SAPUCAI";"Sim";"Ingestao de alcool";1;"Engavetamento";"Sem Vitimas";"Pleno dia";"Decrescente";"Sol";"Multipla";"Reta";"Nao";314946;"Automóvel";"VW/GOL SPECIAL";2002;"Condutor";"Ileso";30;"Masculino";1;0;0;0;"-21.9756";"-45.6364";"SR-MG";"DEL09";"UOP02/MG"
176692;388697;2018-12-08;"sabado";"19:05:00";"SP";116;165;"JACAREI";"Sim";"Ingestao de alcool";1;"Colisao traseira";"Sem Vitimas";"Pleno dia";"Decrescente";"Ceu Claro";"Multipla";"Reta";"Nao";314930;"Automóvel";"GM/PRISMA JOY";2009;"Passageiro";"Ileso";NA;"Feminino";1;0;0;0;"-23.29688549";"-46.00795269";"SR-SP";"DEL6/2";"UOP01/SP"
176692;388694;2018-12-08;"sabado";"19:05:00";"SP";116;165;"JACAREI";"Sim";"Ingestao de alcool";1;"Colisao traseira";"Sem Vitimas";"Pleno dia";"Decrescente";"Ceu Claro";"Multipla";"Reta";"Nao";314931;"Automóvel";"GM/CORSA HATCH MAXX";2011;"Condutor";"Ileso";63;"Masculino";1;0;0;0;"-23.29688549";"-46.00795269";"SR-SP";"DEL6/2";"UOP01/SP"
176692;388693;2018-12-08;"sabado";"19:05:00";"SP";116;165;"JACAREI";"Sim";"Ingestao de alcool";1;"Colisao traseira";"Sem Vitimas";"Pleno dia";"Decrescente";"Ceu Claro";"Multipla";"Reta";"Nao";314930;"Automóvel";"GM/PRISMA JOY";2009;"Condutor";"Ileso";38;"Feminino";1;0;0;0;"-23.29688549";"-46.00795269";"SR-SP";"DEL6/2";"UOP01/SP"
176700;388747;2018-12-08;"sabado";"17:30:00";"CE";116;8;"FORTALEZA";"Sim";"Ingestao de alcool";1;"Colisao lateral";"Com Vitimas Feridas";"Plena Noite";"Decrescente";"Ceu Claro";"Multipla";"Reta";"Nao";314979;"Caminhonete";"IMP/TOYOTA HILUX 4CD SR5";2001;"Passageiro";"Lesoes Leves";NA;"Feminino";0;1;0;0;"-3.8301";"-38.5049";"SR-CE";"DEL16/1";"UOP02/CE"
176700;388751;2018-12-08;"sabado";"17:30:00";"CE";116;8;"FORTALEZA";"Sim";"Ingestao de alcool";1;"Colisao lateral";"Com Vitimas Feridas";"Plena Noite";"Decrescente";"Ceu Claro";"Multipla";"Reta";"Nao";314980;"Automóvel";"HYUNDAI/HB20 1.0M 1.0 M";2013;"Condutor";"Ileso";26;"Masculino";1;0;0;0;"-3.8301";"-38.5049";"SR-CE";"DEL16/1";"UOP02/CE"
176700;388743;2018-12-08;"sabado";"17:30:00";"CE";116;8;"FORTALEZA";"Sim";"Ingestao de alcool";1;"Colisao lateral";"Com Vitimas Feridas";"Plena Noite";"Decrescente";"Ceu Claro";"Multipla";"Reta";"Nao";314979;"Caminhonete";"IMP/TOYOTA HILUX 4CD SR5";2001;"Condutor";"Ileso";45;"Masculino";1;0;0;0;"-3.8301";"-38.5049";"SR-CE";"DEL16/1";"UOP02/CE"
176704;388561;2018-12-08;"sabado";"16:15:00";"PR";277;326,4;"GUARAPUAVA";"Sim";"Ingestao de alcool";1;"Colisao frontal";"Com Vitimas Feridas";"Pleno dia";"Decrescente";"Ceu Claro";"Simples";"Nao Informado";"Nao";314820;"Automóvel";"GM/MONZA CLASSIC 2.0";1988;"Passageiro";"Lesoes Leves";21;"Masculino";0;1;0;0;"-25.3690494";"-51.32925153";"SR-PR";"DEL7/3";"UOP02/PR"
176704;388562;2018-12-08;"sabado";"16:15:00";"PR";277;326,4;"GUARAPUAVA";"Sim";"Ingestao de alcool";1;"Colisao frontal";"Com Vitimas Feridas";"Pleno dia";"Decrescente";"Ceu Claro";"Simples";"Nao Informado";"Nao";314821;"Automóvel";"FORD/KA FLEX";2010;"Condutor";"Lesoes Graves";63;"Masculino";0;0;1;0;"-25.3690494";"-51.32925153";"SR-PR";"DEL7/3";"UOP02/PR"
176704;388558;2018-12-08;"sabado";"16:15:00";"PR";277;326,4;"GUARAPUAVA";"Sim";"Ingestao de alcool";1;"Colisao frontal";"Com Vitimas Feridas";"Pleno dia";"Decrescente";"Ceu Claro";"Simples";"Nao Informado";"Nao";314820;"Automóvel";"GM/MONZA CLASSIC 2.0";1988;"Passageiro";"Lesoes Leves";29;"Masculino";0;1;0;0;"-25.3690494";"-51.32925153";"SR-PR";"DEL7/3";"UOP02/PR"
176704;388563;2018-12-08;"sabado";"16:15:00";"PR";277;326,4;"GUARAPUAVA";"Sim";"Ingestao de alcool";1;"Colisao frontal";"Com Vitimas Feridas";"Pleno dia";"Decrescente";"Ceu Claro";"Simples";"Nao Informado";"Nao";314822;"Caminhonete";"I/FORD RANGER LTD CD2 25";2014;"Condutor";"Ileso";48;"Masculino";1;0;0;0;"-25.3690494";"-51.32925153";"SR-PR";"DEL7/3";"UOP02/PR"
176704;388565;2018-12-08;"sabado";"16:15:00";"PR";277;326,4;"GUARAPUAVA";"Sim";"Ingestao de alcool";1;"Colisao frontal";"Com Vitimas Feridas";"Pleno dia";"Decrescente";"Ceu Claro";"Simples";"Nao Informado";"Nao";314823;"Caminhonete";"I/TOYOTA HILUX CDSRXA4FD";2017;"Condutor";"Ileso";51;"Masculino";1;0;0;0;"-25.3690494";"-51.32925153";"SR-PR";"DEL7/3";"UOP02/PR"
176704;388557;2018-12-08;"sabado";"16:15:00";"PR";277;326,4;"GUARAPUAVA";"Sim";"Ingestao de alcool";1;"Colisao frontal";"Com Vitimas Feridas";"Pleno dia";"Decrescente";"Ceu Claro";"Simples";"Nao Informado";"Nao";314820;"Automóvel";"GM/MONZA CLASSIC 2.0";1988;"Condutor";"Lesoes Leves";31;"Masculino";0;1;0;0;"-25.3690494";"-51.32925153";"SR-PR";"DEL7/3";"UOP02/PR"
176708;388632;2018-12-08;"sabado";"18:40:00";"PI";316;8,9;"TERESINA";"Sim";"Ingestao de alcool";1;"Colisao traseira";"Sem Vitimas";"Plena Noite";"Crescente";"Ceu Claro";"Simples";"Reta";"Sim";314864;"Automóvel";"FIAT/SIENA EL 1.4 FLEX";2012;"Condutor";"Ileso";44;"Masculino";1;0;0;0;"-5.164865";"-42.768986";"SR-PI";"DEL17/1";"UOP02/PI"
176708;388633;2018-12-08;"sabado";"18:40:00";"PI";316;8,9;"TERESINA";"Sim";"Ingestao de alcool";1;"Colisao traseira";"Sem Vitimas";"Plena Noite";"Crescente";"Ceu Claro";"Simples";"Reta";"Sim";314865;"Automóvel";"I/CHEVROLET CLASSIC LS";2015;"Condutor";"Ileso";68;"Masculino";1;0;0;0;"-5.164865";"-42.768986";"SR-PI";"DEL17/1";"UOP02/PI"
176710;388659;2018-12-08;"sabado";"18:00:00";"PR";373;248;"GUAMIRANGA";"Sim";"Ingestao de alcool";3;"Colisao com objeto estatico";"Com Vitimas Feridas";"Pleno dia";"Crescente";"Sol";"Simples";"Reta";"Nao";314897;"Motocicleta";"HONDA/NXR150 BROS KS";2011;"Condutor";"Lesoes Graves";32;"Masculino";0;0;1;0;"-25.19097899";"-50.81977221";"SR-PR";"DEL7/3";"UOP01/PR"
176710;388663;2018-12-08;"sabado";"18:00:00";"PR";373;248;"GUAMIRANGA";"Sim";"Ingestao de alcool";3;"Colisao com objeto estatico";"Com Vitimas Feridas";"Pleno dia";"Crescente";"Sol";"Simples";"Reta";"Nao";314896;"Automóvel";"GM/ASTRA HB 4P ADVANTAGE";2011;"Condutor";"Ileso";33;"Masculino";1;0;0;0;"-25.19097899";"-50.81977221";"SR-PR";"DEL7/3";"UOP01/PR"
176711;390956;2018-12-08;"sabado";"18:00:00";"RJ";101;198;"CASIMIRO DE ABREU";"Sim";"Ingestao de alcool";1;"Saida de leito carrocavel";"Com Vitimas Feridas";"Pleno dia";"Crescente";"Nublado";"Dupla";"Curva";"Nao";314981;"Automóvel";"CITROEN/C3 AIRCROSS EXCM";2010;"Condutor";"Lesoes Graves";50;"Masculino";0;0;1;0;"-22.491579";"-42.127712";"SR-RJ";"DEL5/2";"UOP04/RJ"
176711;390961;2018-12-08;"sabado";"18:00:00";"RJ";101;198;"CASIMIRO DE ABREU";"Sim";"Ingestao de alcool";1;"Saida de leito carrocavel";"Com Vitimas Feridas";"Pleno dia";"Crescente";"Nublado";"Dupla";"Curva";"Nao";314981;"Automóvel";"CITROEN/C3 AIRCROSS EXCM";2010;"Passageiro";"Lesoes Leves";60;"Masculino";0;1;0;0;"-22.491579";"-42.127712";"SR-RJ";"DEL5/2";"UOP04/RJ"
176716;390481;2018-12-08;"sabado";"19:15:00";"PI";343;27,8;"PARNAIBA";"Sim";"Ingestao de alcool";1;"Queda de ocupante de veiculo";"Com Vitimas Feridas";"Plena Noite";"Decrescente";"Ignorado";"Dupla";"Reta";"Sim";314839;"Motocicleta";"HONDA/CG 150 FAN ESI";2013;"Condutor";"Ileso";34;"Masculino";1;0;0;0;"-3.043463";"-41.773762";"SR-PI";"DEL17/5";"UOP01/PI"
176716;390486;2018-12-08;"sabado";"19:15:00";"PI";343;27,8;"PARNAIBA";"Sim";"Ingestao de alcool";1;"Queda de ocupante de veiculo";"Com Vitimas Feridas";"Plena Noite";"Decrescente";"Ignorado";"Dupla";"Reta";"Sim";314839;"Motocicleta";"HONDA/CG 150 FAN ESI";2013;"Passageiro";"Lesoes Leves";39;"Feminino";0;1;0;0;"-3.043463";"-41.773762";"SR-PI";"DEL17/5";"UOP01/PI"
176732;388740;2018-12-08;"sabado";"20:00:00";"MG";40;525;"CONTAGEM";"Sim";"Ingestao de alcool";1;"Colisao transversal";"Sem Vitimas";"Plena Noite";"Decrescente";"Ceu Claro";"Dupla";"Reta";"Sim";314977;"Ônibus";"M.BENZ/INDUSCAR APACHE A";2007;"Condutor";"Ileso";35;"Masculino";1;0;0;0;"-19.88641781";"-44.05018955";"SR-MG";"DEL4/1";"UOP03/MG"
176732;388741;2018-12-08;"sabado";"20:00:00";"MG";40;525;"CONTAGEM";"Sim";"Ingestao de alcool";1;"Colisao transversal";"Sem Vitimas";"Plena Noite";"Decrescente";"Ceu Claro";"Dupla";"Reta";"Sim";314978;"Caminhao-trator";"SCANIA/T112 H";1986;"Condutor";"Ileso";40;"Masculino";1;0;0;0;"-19.88641781";"-44.05018955";"SR-MG";"DEL4/1";"UOP03/MG"
176735;391579;2018-12-08;"sabado";"19:10:00";"PB";104;139,3;"QUEIMADAS";"Sim";"Ingestao de alcool";1;"Colisao traseira";"Sem Vitimas";"Plena Noite";"Decrescente";"Ceu Claro";"Simples";"Reta";"Sim";316874;"Automóvel";"I/KIA CERATO EX3 1.6MTNB";2010;"Condutor";"Ileso";36;"Masculino";1;0;0;0;"-7.369483";"-35.899796";"SR-PB";"DEL14/2";"UOP03/PB"
176735;391578;2018-12-08;"sabado";"19:10:00";"PB";104;139,3;"QUEIMADAS";"Sim";"Ingestao de alcool";1;"Colisao traseira";"Sem Vitimas";"Plena Noite";"Decrescente";"Ceu Claro";"Simples";"Reta";"Sim";314843;"Automóvel";"FIAT/PALIO WEEKEND";1997;"Condutor";"Ileso";35;"Masculino";1;0;0;0;"-7.369483";"-35.899796";"SR-PB";"DEL14/2";"UOP03/PB"
176745;388752;2018-12-08;"sabado";"20:30:00";"PB";101;97;"ALHANDRA";"Sim";"Ingestao de alcool";1;"Saida de leito carrocavel";"Sem Vitimas";"Plena Noite";"Crescente";"Ceu Claro";"Dupla";"Reta";"Sim";314987;"Caminhao";"M.BENZ/L 1620";1999;"Condutor";"Ileso";21;"Masculino";1;0;0;0;"-7.2468";"-34.9309";"SR-PB";"DEL14/1";"UOP02/PB"
176757;388812;2018-12-08;"sabado";"22:05:00";"CE";222;92;"UMIRIM";"Nao";"Ingestao de alcool";3;"Queda de ocupante de veiculo";"Com Vitimas Fatais";"Plena Noite";"Decrescente";"Ceu Claro";"Simples";"Reta";"Nao";315065;"Motocicleta";"HONDA/CG 125 TITAN";1999;"Condutor";"Óbito";30;"Masculino";0;0;0;1;"-3.687257";"-39.362656";"SR-CE";"DEL16/4";"UOP03/CE"
176757;391125;2018-12-08;"sabado";"22:05:00";"CE";222;92;"UMIRIM";"Nao";"Ingestao de alcool";3;"Queda de ocupante de veiculo";"Com Vitimas Fatais";"Plena Noite";"Decrescente";"Ceu Claro";"Simples";"Reta";"Nao";315066;"Caminhao";"";NA;"Condutor";"Nao Informado";NA;"Nao Informado";0;0;0;0;"-3.687257";"-39.362656";"SR-CE";"DEL16/4";"UOP03/CE"
176758;388843;2018-12-08;"sabado";"21:30:00";"MG";364;0;"PLANURA";"Nao";"Ingestao de alcool";1;"Colisao com objeto estatico";"Sem Vitimas";"Plena Noite";"Crescente";"Ceu Claro";"Simples";"Reta";"Nao";315074;"Automóvel";"FIAT/UNO MILLE EX";1999;"Condutor";"Ileso";62;"Masculino";1;0;0;0;"-20.16264343";"-48.68934631";"SR-MG";"DEL13";"UOP02/MG"
176758;388849;2018-12-08;"sabado";"21:30:00";"MG";364;0;"PLANURA";"Nao";"Ingestao de alcool";1;"Colisao com objeto estatico";"Sem Vitimas";"Plena Noite";"Crescente";"Ceu Claro";"Simples";"Reta";"Nao";315075;"Automóvel";"VW/GOL 1.0";2010;"Condutor";"Ileso";36;"Masculino";1;0;0;0;"-20.16264343";"-48.68934631";"SR-MG";"DEL13";"UOP02/MG"
176758;388837;2018-12-08;"sabado";"21:30:00";"MG";364;0;"PLANURA";"Nao";"Ingestao de alcool";1;"Colisao com objeto estatico";"Sem Vitimas";"Plena Noite";"Crescente";"Ceu Claro";"Simples";"Reta";"Nao";315099;"Automóvel";"VW/GOL 1.0 PLUS";2000;"Condutor";"Nao Informado";NA;"Nao Informado";0;0;0;0;"-20.16264343";"-48.68934631";"SR-MG";"DEL13";"UOP02/MG"
176762;388704;2018-12-08;"sabado";"23:20:00";"GO";60;101;"ANAPOLIS";"Sim";"Ingestao de alcool";2;"Tombamento";"Sem Vitimas";"Plena Noite";"Crescente";"Nublado";"Dupla";"Reta";"Nao";314907;"Motocicleta";"HONDA/CG 125 FAN KS";2011;"Condutor";"Ileso";35;"Masculino";1;0;0;0;"-16.4022";"-48.9745";"SR-GO";"DEL1/2";"UOP01/GO"
176766;388792;2018-12-08;"sabado";"23:45:00";"SP";116;287,6;"ITAPECERICA DA SERRA";"Sim";"Ingestao de alcool";2;"Capotamento";"Com Vitimas Feridas";"Plena Noite";"Decrescente";"Ceu Claro";"Dupla";"Reta";"Sim";314927;"Automóvel";"VW/QUANTUM 2000 MI";1997;"Passageiro";"Lesoes Leves";21;"Feminino";0;1;0;0;"-23.702844";"-46.871854";"SR-SP";"DEL6/4";"UOP01/SP"
176766;388793;2018-12-08;"sabado";"23:45:00";"SP";116;287,6;"ITAPECERICA DA SERRA";"Sim";"Ingestao de alcool";2;"Capotamento";"Com Vitimas Feridas";"Plena Noite";"Decrescente";"Ceu Claro";"Dupla";"Reta";"Sim";314927;"Automóvel";"VW/QUANTUM 2000 MI";1997;"Passageiro";"Lesoes Leves";28;"Feminino";0;1;0;0;"-23.702844";"-46.871854";"SR-SP";"DEL6/4";"UOP01/SP"
176766;388795;2018-12-08;"sabado";"23:45:00";"SP";116;287,6;"ITAPECERICA DA SERRA";"Sim";"Ingestao de alcool";2;"Capotamento";"Com Vitimas Feridas";"Plena Noite";"Decrescente";"Ceu Claro";"Dupla";"Reta";"Sim";314927;"Automóvel";"VW/QUANTUM 2000 MI";1997;"Passageiro";"Lesoes Leves";20;"Feminino";0;1;0;0;"-23.702844";"-46.871854";"SR-SP";"DEL6/4";"UOP01/SP"