"id";"pesid";"data_inversa";"dia_semana";"horario";"uf";"br";"km";"municipio";"causa_principal";"causa_acidente";"ordem_tipo_acidente";"tipo_acidente";"classificacao_acidente";"fase_dia";"sentido_via";"condicao_metereologica";"tipo_pista";"tracado_via";"uso_solo";"id_veiculo";"tipo_veiculo";"marca";"ano_fabricacao_veiculo";"tipo_envolvido";"estado_fisico";"idade";"sexo";"ilesos";"feridos_leves";"feridos_graves";"mortos";"latitude";"longitude";"regional";"delegacia";"uop"
177267;389747;2018-12-10;"segunda-feira";"21:40:00";"PR";277;727,5;"FOZ DO IGUACU";"Sim";"Ingestao de alcool";1;"Saida de leito carrocavel";"Sem Vitimas";"Plena Noite";"Crescente";"Ceu Claro";"Dupla";"Reta";"Sim";315852;"Caminhonete";"VW/SAVEIRO 1.6 SURF";2008;"Condutor";"Ileso";30;"Masculino";1;0;0;0;"-25.510118";"-54.564636";"SR-PR";"DEL7/5";"UOP03/PR"
177316;391853;2018-12-11;"terca-feira";"04:30:00";"SP";116;269,5;"TABOAO DA SERRA";"Sim";"Ingestao de alcool";1;"Colisao transversal";"Sem Vitimas";"Plena Noite";"Decrescente";"Ceu Claro";"Dupla";"Reta";"Sim";315994;"Automóvel";"I/JAC J3 TURIN";2011;"Condutor";"Ileso";36;"Masculino";1;0;0;0;"-23.60891683";"-46.75747454";"SR-SP";"DEL6/4";"UOP01/SP"
177316;391855;2018-12-11;"terca-feira";"04:30:00";"SP";116;269,5;"TABOAO DA SERRA";"Sim";"Ingestao de alcool";1;"Colisao transversal";"Sem Vitimas";"Plena Noite";"Decrescente";"Ceu Claro";"Dupla";"Reta";"Sim";315995;"Automóvel";"CHEVROLET/ONIX 1.4MT LTZ";2017;"Condutor";"Ileso";32;"Feminino";1;0;0;0;"-23.60891683";"-46.75747454";"SR-SP";"DEL6/4";"UOP01/SP"
177383;390256;2018-12-11;"terca-feira";"14:25:00";"SC";101;197,9;"BIGUACU";"Sim";"Ingestao de alcool";1;"Colisao traseira";"Com Vitimas Feridas";"Pleno dia";"Decrescente";"Sol";"Dupla";"Reta";"Sim";316187;"Motocicleta";"HONDA/CG 150 TITAN KS";2005;"Condutor";"Lesoes Graves";47;"Masculino";0;0;1;0;"-27.5341";"-48.6298";"SR-SC";"DEL8/1";"UOP01/SC"
177383;391623;2018-12-11;"terca-feira";"14:25:00";"SC";101;197,9;"BIGUACU";"Sim";"Ingestao de alcool";1;"Colisao traseira";"Com Vitimas Feridas";"Pleno dia";"Decrescente";"Sol";"Dupla";"Reta";"Sim";316187;"Motocicleta";"HONDA/CG 150 TITAN KS";2005;"Passageiro";"Lesoes Leves";46;"Feminino";0;1;0;0;"-27.5341";"-48.6298";"SR-SC";"DEL8/1";"UOP01/SC"
177383;391627;2018-12-11;"terca-feira";"14:25:00";"SC";101;197,9;"BIGUACU";"Sim";"Ingestao de alcool";1;"Colisao traseira";"Com Vitimas Feridas";"Pleno dia";"Decrescente";"Sol";"Dupla";"Reta";"Sim";316188;"Motocicleta";"HONDA/NXR160 BROS ESDD";2018;"Condutor";"Lesoes Leves";32;"Masculino";0;1;0;0;"-27.5341";"-48.6298";"SR-SC";"DEL8/1";"UOP01/SC"
177464;390456;2018-12-11;"terca-feira";"20:00:00";"PI";343;24;"PARNAIBA";"Sim";"Ingestao de alcool e/ou substâncias psicoativas pelo pedestre";1;"Atropelamento de Pedestre";"Com Vitimas Feridas";"Plena Noite";"Decrescente";"Nublado";"Simples";"Reta";"Nao";316348;"Caminhonete";"CHEVROLET/S10 HC DD4A";2017;"Condutor";"Ileso";29;"Masculino";1;0;0;0;"-3.01677";"-41.768826";"SR-PI";"DEL17/5";"UOP01/PI"
177464;392034;2018-12-11;"terca-feira";"20:00:00";"PI";343;24;"PARNAIBA";"Sim";"Ingestao de alcool e/ou substâncias psicoativas pelo pedestre";1;"Atropelamento de Pedestre";"Com Vitimas Feridas";"Plena Noite";"Decrescente";"Nublado";"Simples";"Reta";"Nao";316348;"Caminhonete";"CHEVROLET/S10 HC DD4A";2017;"Pedestre";"Lesoes Leves";30;"Masculino";0;1;0;0;"-3.01677";"-41.768826";"SR-PI";"DEL17/5";"UOP01/PI"
177467;390363;2018-12-11;"terca-feira";"20:40:00";"MT";70;8;"BARRA DO GARCAS";"Sim";"Ingestao de alcool";1;"Colisao transversal";"Com Vitimas Feridas";"Plena Noite";"Crescente";"Ceu Claro";"Simples";"Reta";"Sim";316318;"Motocicleta";"JTA/SUZUKI EN125 YES";2008;"Condutor";"Lesoes Leves";33;"Masculino";0;1;0;0;"-15.878259";"-52.325825";"SR-MT";"DEL2/8";"UOP01/MT"
177467;390364;2018-12-11;"terca-feira";"20:40:00";"MT";70;8;"BARRA DO GARCAS";"Sim";"Ingestao de alcool";1;"Colisao transversal";"Com Vitimas Feridas";"Plena Noite";"Crescente";"Ceu Claro";"Simples";"Reta";"Sim";316319;"Automóvel";"VW/GOL MI";1997;"Condutor";"Ileso";46;"Masculino";1;0;0;0;"-15.878259";"-52.325825";"SR-MT";"DEL2/8";"UOP01/MT"
177467;390366;2018-12-11;"terca-feira";"20:40:00";"MT";70;8;"BARRA DO GARCAS";"Sim";"Ingestao de alcool";1;"Colisao transversal";"Com Vitimas Feridas";"Plena Noite";"Crescente";"Ceu Claro";"Simples";"Reta";"Sim";316319;"Automóvel";"VW/GOL MI";1997;"Passageiro";"Ileso";41;"Masculino";1;0;0;0;"-15.878259";"-52.325825";"SR-MT";"DEL2/8";"UOP01/MT"
177467;390369;2018-12-11;"terca-feira";"20:40:00";"MT";70;8;"BARRA DO GARCAS";"Sim";"Ingestao de alcool";1;"Colisao transversal";"Com Vitimas Feridas";"Plena Noite";"Crescente";"Ceu Claro";"Simples";"Reta";"Sim";316319;"Automóvel";"VW/GOL MI";1997;"Passageiro";"Ileso";NA;"Masculino";1;0;0;0;"-15.878259";"-52.325825";"SR-MT";"DEL2/8";"UOP01/MT"
177467;390370;2018-12-11;"terca-feira";"20:40:00";"MT";70;8;"BARRA DO GARCAS";"Sim";"Ingestao de alcool";1;"Colisao transversal";"Com Vitimas Feridas";"Plena Noite";"Crescente";"Ceu Claro";"Simples";"Reta";"Sim";316319;"Automóvel";"VW/GOL MI";1997;"Passageiro";"Ileso";NA;"Feminino";1;0;0;0;"-15.878259";"-52.325825";"SR-MT";"DEL2/8";"UOP01/MT"
177478;390354;2018-12-12;"quarta-feira";"00:10:00";"SP";488;1,5;"APARECIDA";"Sim";"Ingestao de alcool";1;"Colisao com objeto estatico";"Com Vitimas Feridas";"Plena Noite";"Crescente";"Ceu Claro";"Dupla";"Reta";"Sim";316316;"Motocicleta";"";NA;"Condutor";"Nao Informado";NA;"Nao Informado";0;0;0;0;"-22.850164";"-45.231808";"SR-SP";"DEL6/8";"UOP02/SP"
177478;390357;2018-12-12;"quarta-feira";"00:10:00";"SP";488;1,5;"APARECIDA";"Sim";"Ingestao de alcool";1;"Colisao com objeto estatico";"Com Vitimas Feridas";"Plena Noite";"Crescente";"Ceu Claro";"Dupla";"Reta";"Sim";316316;"Motocicleta";"";NA;"Passageiro";"Lesoes Graves";20;"Masculino";0;0;1;0;"-22.850164";"-45.231808";"SR-SP";"DEL6/8";"UOP02/SP"
177569;390803;2018-12-12;"quarta-feira";"13:30:00";"RN";110;49,8;"MOSSORO";"Sim";"Ingestao de alcool";1;"Colisao traseira";"Com Vitimas Feridas";"Pleno dia";"Crescente";"Ceu Claro";"Dupla";"Reta";"Sim";316563;"Automóvel";"I/CHEVROLET CLASSIC LS";2016;"Condutor";"Lesoes Leves";22;"Feminino";0;1;0;0;"-5.21646";"-37.329269";"SR-RN";"DEL15/4";"UOP01/RN"
177569;390845;2018-12-12;"quarta-feira";"13:30:00";"RN";110;49,8;"MOSSORO";"Sim";"Ingestao de alcool";1;"Colisao traseira";"Com Vitimas Feridas";"Pleno dia";"Crescente";"Ceu Claro";"Dupla";"Reta";"Sim";316571;"Automóvel";"CHEV/SPIN 1.8L MT LT";2013;"Condutor";"Ileso";31;"Masculino";1;0;0;0;"-5.21646";"-37.329269";"SR-RN";"DEL15/4";"UOP01/RN"
177569;390839;2018-12-12;"quarta-feira";"13:30:00";"RN";110;49,8;"MOSSORO";"Sim";"Ingestao de alcool";1;"Colisao traseira";"Com Vitimas Feridas";"Pleno dia";"Crescente";"Ceu Claro";"Dupla";"Reta";"Sim";316563;"Automóvel";"I/CHEVROLET CLASSIC LS";2016;"Passageiro";"Lesoes Leves";34;"Feminino";0;1;0;0;"-5.21646";"-37.329269";"SR-RN";"DEL15/4";"UOP01/RN"
177594;390672;2018-12-11;"terca-feira";"19:20:00";"MG";381;691,5;"LAVRAS";"Sim";"Ingestao de alcool";3;"Capotamento";"Com Vitimas Fatais";"Anoitecer";"Decrescente";"Ceu Claro";"Dupla";"Curva";"Nao";316504;"Automóvel";"FIAT/UNO MILLE FIRE";2002;"Passageiro";"Lesoes Leves";50;"Masculino";0;1;0;0;"-21.2187";"-45.1273";"SR-MG";"DEL4/4";"UOP02/MG"
177594;390673;2018-12-11;"terca-feira";"19:20:00";"MG";381;691,5;"LAVRAS";"Sim";"Ingestao de alcool";3;"Capotamento";"Com Vitimas Fatais";"Anoitecer";"Decrescente";"Ceu Claro";"Dupla";"Curva";"Nao";316504;"Automóvel";"FIAT/UNO MILLE FIRE";2002;"Passageiro";"Lesoes Leves";45;"Masculino";0;1;0;0;"-21.2187";"-45.1273";"SR-MG";"DEL4/4";"UOP02/MG"
177594;390674;2018-12-11;"terca-feira";"19:20:00";"MG";381;691,5;"LAVRAS";"Sim";"Ingestao de alcool";3;"Capotamento";"Com Vitimas Fatais";"Anoitecer";"Decrescente";"Ceu Claro";"Dupla";"Curva";"Nao";316504;"Automóvel";"FIAT/UNO MILLE FIRE";2002;"Condutor";"Óbito";69;"Masculino";0;0;0;1;"-21.2187";"-45.1273";"SR-MG";"DEL4/4";"UOP02/MG"
177679;390880;2018-12-12;"quarta-feira";"22:40:00";"PB";230;88;"GURINHEM";"Sim";"Ingestao de alcool";1;"Atropelamento de Pedestre";"Com Vitimas Feridas";"Plena Noite";"Crescente";"Ceu Claro";"Dupla";"Reta";"Nao";316690;"Camioneta";"VW/KOMBI";2007;"Condutor";"Ileso";46;"Masculino";1;0;0;0;"-7.172404";"-35.389126";"SR-PB";"DEL14/1";"UOP03/PB"
177679;390883;2018-12-12;"quarta-feira";"22:40:00";"PB";230;88;"GURINHEM";"Sim";"Ingestao de alcool";1;"Atropelamento de Pedestre";"Com Vitimas Feridas";"Plena Noite";"Crescente";"Ceu Claro";"Dupla";"Reta";"Nao";316690;"Camioneta";"VW/KOMBI";2007;"Pedestre";"Lesoes Leves";39;"Feminino";0;1;0;0;"-7.172404";"-35.389126";"SR-PB";"DEL14/1";"UOP03/PB"
177844;391307;2018-12-13;"quinta-feira";"16:00:00";"PE";407;124,8;"PETROLINA";"Sim";"Ingestao de alcool";1;"Colisao traseira";"Sem Vitimas";"Pleno dia";"Decrescente";"Sol";"Multipla";"Reta";"Sim";316974;"Motocicleta";"DAFRA/TVS APACHE RTR 150";2010;"Condutor";"Ileso";46;"Masculino";1;0;0;0;"-9.3850946";"-40.52797839";"SR-PE";"DEL11/6";"UOP01/PE"
177844;391312;2018-12-13;"quinta-feira";"16:00:00";"PE";407;124,8;"PETROLINA";"Sim";"Ingestao de alcool";1;"Colisao traseira";"Sem Vitimas";"Pleno dia";"Decrescente";"Sol";"Multipla";"Reta";"Sim";316975;"Automóvel";"I/FIAT PALIO ATTRACT 1.4";2014;"Condutor";"Ileso";52;"Feminino";1;0;0;0;"-9.3850946";"-40.52797839";"SR-PE";"DEL11/6";"UOP01/PE"
177848;391326;2018-12-13;"quinta-feira";"14:20:00";"PI";230;267,9;"NAZARE DO PIAUI";"Sim";"Ingestao de alcool";1;"Colisao transversal";"Com Vitimas Feridas";"Pleno dia";"Crescente";"Ceu Claro";"Simples";"Reta";"Nao";316973;"Automóvel";"HONDA/CITY LX FLEX";2013;"Condutor";"Ileso";30;"Masculino";1;0;0;0;"-6.992762";"-42.579033";"SR-PI";"DEL17/3";"UOP01/PI"
177848;391335;2018-12-13;"quinta-feira";"14:20:00";"PI";230;267,9;"NAZARE DO PIAUI";"Sim";"Ingestao de alcool";1;"Colisao transversal";"Com Vitimas Feridas";"Pleno dia";"Crescente";"Ceu Claro";"Simples";"Reta";"Nao";316977;"Motocicleta";"HONDA/CG 150 FAN ESI";NA;"Condutor";"Lesoes Leves";41;"Masculino";0;1;0;0;"-6.992762";"-42.579033";"SR-PI";"DEL17/3";"UOP01/PI"
177848;391350;2018-12-13;"quinta-feira";"14:20:00";"PI";230;267,9;"NAZARE DO PIAUI";"Sim";"Ingestao de alcool";1;"Colisao transversal";"Com Vitimas Feridas";"Pleno dia";"Crescente";"Ceu Claro";"Simples";"Reta";"Nao";316973;"Automóvel";"HONDA/CITY LX FLEX";2013;"Passageiro";"Ileso";24;"Feminino";1;0;0;0;"-6.992762";"-42.579033";"SR-PI";"DEL17/3";"UOP01/PI"
177848;391351;2018-12-13;"quinta-feira";"14:20:00";"PI";230;267,9;"NAZARE DO PIAUI";"Sim";"Ingestao de alcool";1;"Colisao transversal";"Com Vitimas Feridas";"Pleno dia";"Crescente";"Ceu Claro";"Simples";"Reta";"Nao";316973;"Automóvel";"HONDA/CITY LX FLEX";2013;"Passageiro";"Ileso";27;"Masculino";1;0;0;0;"-6.992762";"-42.579033";"SR-PI";"DEL17/3";"UOP01/PI"
177848;391352;2018-12-13;"quinta-feira";"14:20:00";"PI";230;267,9;"NAZARE DO PIAUI";"Sim";"Ingestao de alcool";1;"Colisao transversal";"Com Vitimas Feridas";"Pleno dia";"Crescente";"Ceu Claro";"Simples";"Reta";"Nao";316973;"Automóvel";"HONDA/CITY LX FLEX";2013;"Passageiro";"Ileso";29;"Feminino";1;0;0;0;"-6.992762";"-42.579033";"SR-PI";"DEL17/3";"UOP01/PI"
177882;391438;2018-12-13;"quinta-feira";"18:20:00";"RN";304;30,1;"MOSSORO";"Nao";"Ingestao de alcool";1;"Colisao frontal";"Com Vitimas Feridas";"Pleno dia";"Decrescente";"Ceu Claro";"Simples";"Desvio Temporario";"Sim";317058;"Automóvel";"FIAT/UNO MILLE SMART";2000;"Condutor";"Ileso";33;"Masculino";1;0;0;0;"-5.117088";"-37.341011";"SR-RN";"DEL15/4";"UOP02/RN"
177882;391440;2018-12-13;"quinta-feira";"18:20:00";"RN";304;30,1;"MOSSORO";"Nao";"Ingestao de alcool";1;"Colisao frontal";"Com Vitimas Feridas";"Pleno dia";"Decrescente";"Ceu Claro";"Simples";"Desvio Temporario";"Sim";317059;"Ciclomotor";"MOTO TRAXX/JL50Q-8";2013;"Condutor";"Lesoes Graves";19;"Masculino";0;0;1;0;"-5.117088";"-37.341011";"SR-RN";"DEL15/4";"UOP02/RN"
177882;391442;2018-12-13;"quinta-feira";"18:20:00";"RN";304;30,1;"MOSSORO";"Nao";"Ingestao de alcool";1;"Colisao frontal";"Com Vitimas Feridas";"Pleno dia";"Decrescente";"Ceu Claro";"Simples";"Desvio Temporario";"Sim";317059;"Ciclomotor";"MOTO TRAXX/JL50Q-8";2013;"Passageiro";"Lesoes Graves";18;"Feminino";0;0;1;0;"-5.117088";"-37.341011";"SR-RN";"DEL15/4";"UOP02/RN"
177897;391999;2018-12-13;"quinta-feira";"18:10:00";"AL";316;78;"POCO DAS TRINCHEIRAS";"Nao";"Ingestao de alcool";1;"Atropelamento de Pedestre";"Com Vitimas Fatais";"Anoitecer";"Decrescente";"Ceu Claro";"Simples";"Reta";"Sim";317113;"Caminhao";"";NA;"Condutor";"Nao Informado";NA;"Nao Informado";0;0;0;0;"-9.334973";"-37.292641";"SR-AL";"DEL13/3";"UOP02/AL"
177897;392000;2018-12-13;"quinta-feira";"18:10:00";"AL";316;78;"POCO DAS TRINCHEIRAS";"Nao";"Ingestao de alcool";1;"Atropelamento de Pedestre";"Com Vitimas Fatais";"Anoitecer";"Decrescente";"Ceu Claro";"Simples";"Reta";"Sim";317549;"Automóvel";"";NA;"Condutor";"Nao Informado";NA;"Nao Informado";0;0;0;0;"-9.334973";"-37.292641";"SR-AL";"DEL13/3";"UOP02/AL"
177897;392001;2018-12-13;"quinta-feira";"18:10:00";"AL";316;78;"POCO DAS TRINCHEIRAS";"Nao";"Ingestao de alcool";1;"Atropelamento de Pedestre";"Com Vitimas Fatais";"Anoitecer";"Decrescente";"Ceu Claro";"Simples";"Reta";"Sim";317562;"Automóvel";"";NA;"Condutor";"Nao Informado";NA;"Nao Informado";0;0;0;0;"-9.334973";"-37.292641";"SR-AL";"DEL13/3";"UOP02/AL"
177897;391491;2018-12-13;"quinta-feira";"18:10:00";"AL";316;78;"POCO DAS TRINCHEIRAS";"Nao";"Ingestao de alcool";1;"Atropelamento de Pedestre";"Com Vitimas Fatais";"Anoitecer";"Decrescente";"Ceu Claro";"Simples";"Reta";"Sim";317562;"Automóvel";"";NA;"Pedestre";"Óbito";22;"Masculino";0;0;0;1;"-9.334973";"-37.292641";"SR-AL";"DEL13/3";"UOP02/AL"
177897;391983;2018-12-13;"quinta-feira";"18:10:00";"AL";316;78;"POCO DAS TRINCHEIRAS";"Nao";"Ingestao de alcool";1;"Atropelamento de Pedestre";"Com Vitimas Fatais";"Anoitecer";"Decrescente";"Ceu Claro";"Simples";"Reta";"Sim";317562;"Automóvel";"";NA;"Pedestre";"Lesoes Leves";38;"Masculino";0;1;0;0;"-9.334973";"-37.292641";"SR-AL";"DEL13/3";"UOP02/AL"
177906;391568;2018-12-13;"quinta-feira";"19:00:00";"GO";153;71;"PORANGATU";"Nao";"Ingestao de alcool";1;"Colisao transversal";"Sem Vitimas";"Plena Noite";"Decrescente";"Ceu Claro";"Simples";"Intersecao de vias";"Sim";317099;"Caminhonete";"GM/SILVERADO D20";2001;"Condutor";"Ileso";73;"Masculino";1;0;0;0;"-13.45846";"-49.135578";"SR-GO";"DEL1/7";"UOP01/GO"
177906;391563;2018-12-13;"quinta-feira";"19:00:00";"GO";153;71;"PORANGATU";"Nao";"Ingestao de alcool";1;"Colisao transversal";"Sem Vitimas";"Plena Noite";"Decrescente";"Ceu Claro";"Simples";"Intersecao de vias";"Sim";317098;"Caminhonete";"FORD/F1000 HSD XLT";1997;"Condutor";"Ileso";62;"Masculino";1;0;0;0;"-13.45846";"-49.135578";"SR-GO";"DEL1/7";"UOP01/GO"
177913;391426;2018-12-13;"quinta-feira";"20:50:00";"SC";163;83,6;"GUARACIABA";"Sim";"Ingestao de alcool";1;"Queda de ocupante de veiculo";"Com Vitimas Feridas";"Plena Noite";"Crescente";"Ceu Claro";"Simples";"Rotatória";"Sim";317042;"Motocicleta";"YAMAHA/YBR 125ED";2008;"Condutor";"Lesoes Graves";49;"Masculino";0;0;1;0;"-26.624254";"-53.515961";"SR-SC";"DEL7";"UOP03/SC"
177926;392734;2018-12-13;"quinta-feira";"22:30:00";"SP";116;200;"ARUJA";"Sim";"Ingestao de alcool";1;"Colisao traseira";"Sem Vitimas";"Plena Noite";"Decrescente";"Ceu Claro";"Dupla";"Reta";"Sim";317201;"Caminhao-trator";"VW/19.320 CLC TT";2011;"Condutor";"Ileso";39;"Masculino";1;0;0;0;"-23.40263931";"-46.31824491";"SR-SP";"DEL6/1";"UOP02/SP"
177926;392735;2018-12-13;"quinta-feira";"22:30:00";"SP";116;200;"ARUJA";"Sim";"Ingestao de alcool";1;"Colisao traseira";"Sem Vitimas";"Plena Noite";"Decrescente";"Ceu Claro";"Dupla";"Reta";"Sim";317202;"Utilitario";"I/LR FREELANDER2 SD4 HSE";2012;"Condutor";"Ileso";32;"Masculino";1;0;0;0;"-23.40263931";"-46.31824491";"SR-SP";"DEL6/1";"UOP02/SP"
177936;393811;2018-12-13;"quinta-feira";"23:20:00";"DF";20;10;"BRASILIA";"Sim";"Ingestao de alcool";1;"Colisao transversal";"Com Vitimas Feridas";"Plena Noite";"Crescente";"Nublado";"Dupla";"Reta";"Sim";317175;"Motocicleta";"HONDA/CG 125 FAN";2007;"Passageiro";"Lesoes Graves";31;"Feminino";0;0;1;0;"-15.650243";"-47.773872";"SR-DF";"DF";"UOP04/DF"
177936;393798;2018-12-13;"quinta-feira";"23:20:00";"DF";20;10;"BRASILIA";"Sim";"Ingestao de alcool";1;"Colisao transversal";"Com Vitimas Feridas";"Plena Noite";"Crescente";"Nublado";"Dupla";"Reta";"Sim";317176;"Automóvel";"FIAT/UNO S 1.5";1993;"Condutor";"Ileso";57;"Masculino";1;0;0;0;"-15.650243";"-47.773872";"SR-DF";"DF";"UOP04/DF"
177936;393809;2018-12-13;"quinta-feira";"23:20:00";"DF";20;10;"BRASILIA";"Sim";"Ingestao de alcool";1;"Colisao transversal";"Com Vitimas Feridas";"Plena Noite";"Crescente";"Nublado";"Dupla";"Reta";"Sim";317175;"Motocicleta";"HONDA/CG 125 FAN";2007;"Condutor";"Lesoes Graves";23;"Masculino";0;0;1;0;"-15.650243";"-47.773872";"SR-DF";"DF";"UOP04/DF"
177952;393324;2018-12-14;"sexta-feira";"02:00:00";"SC";101;210;"SAO JOSE";"Sim";"Ingestao de alcool";1;"Colisao com objeto estatico";"Com Vitimas Fatais";"Plena Noite";"Crescente";"Ceu Claro";"Dupla";"Desvio Temporario";"Sim";318793;"Caminhonete";"VW/NOVA SAVEIRO CE CROSS";2013;"Condutor";"Ileso";23;"Feminino";1;0;0;0;"-27.6235";"-48.6524";"SR-SC";"DEL8/1";"UOP01/SC"
177952;393322;2018-12-14;"sexta-feira";"02:00:00";"SC";101;210;"SAO JOSE";"Sim";"Ingestao de alcool";1;"Colisao com objeto estatico";"Com Vitimas Fatais";"Plena Noite";"Crescente";"Ceu Claro";"Dupla";"Desvio Temporario";"Sim";318792;"Automóvel";"FIAT/PALIO FIRE FLEX";2006;"Condutor";"Óbito";21;"Masculino";0;0;0;1;"-27.6235";"-48.6524";"SR-SC";"DEL8/1";"UOP01/SC"
177956;393541;2018-12-14;"sexta-feira";"01:03:00";"RO";319;62,1;"PORTO VELHO";"Sim";"Ingestao de alcool";1;"Engavetamento";"Com Vitimas Feridas";"Plena Noite";"Decrescente";"Nublado";"Dupla";"Intersecao de vias";"Sim";317206;"Automóvel";"GM/ASTRA HB 4P ADVANTAGE";2007;"Condutor";"Lesoes Leves";36;"Masculino";0;1;0;0;"-8.75036426";"-63.88756536";"SR-RO";"DEL21/1";"UOP01/RO"
177956;393543;2018-12-14;"sexta-feira";"01:03:00";"RO";319;62,1;"PORTO VELHO";"Sim";"Ingestao de alcool";1;"Engavetamento";"Com Vitimas Feridas";"Plena Noite";"Decrescente";"Nublado";"Dupla";"Intersecao de vias";"Sim";317207;"Automóvel";"HYUNDAI/HB20 1.0M COMFOR";2017;"Condutor";"Ileso";24;"Masculino";1;0;0;0;"-8.75036426";"-63.88756536";"SR-RO";"DEL21/1";"UOP01/RO"
177956;393545;2018-12-14;"sexta-feira";"01:03:00";"RO";319;62,1;"PORTO VELHO";"Sim";"Ingestao de alcool";1;"Engavetamento";"Com Vitimas Feridas";"Plena Noite";"Decrescente";"Nublado";"Dupla";"Intersecao de vias";"Sim";317208;"Automóvel";"VW/NOVO GOL TL MCV";2018;"Condutor";"Ileso";36;"Masculino";1;0;0;0;"-8.75036426";"-63.88756536";"SR-RO";"DEL21/1";"UOP01/RO"
177956;393549;2018-12-14;"sexta-feira";"01:03:00";"RO";319;62,1;"PORTO VELHO";"Sim";"Ingestao de alcool";1;"Engavetamento";"Com Vitimas Feridas";"Plena Noite";"Decrescente";"Nublado";"Dupla";"Intersecao de vias";"Sim";317209;"Ônibus";"MBENZ/MPOLO PARADISO LDR";2001;"Condutor";"Ileso";40;"Masculino";1;0;0;0;"-8.75036426";"-63.88756536";"SR-RO";"DEL21/1";"UOP01/RO"
177987;392272;2018-12-14;"sexta-feira";"07:50:00";"GO";60;393;"RIO VERDE";"Sim";"Ingestao de alcool";1;"Tombamento";"Sem Vitimas";"Pleno dia";"Decrescente";"Sol";"Dupla";"Reta";"Sim";317799;"Caminhao-trator";"FORD/CARGO 4331";2004;"Condutor";"Ileso";38;"Masculino";1;0;0;0;"-17.8248";"-50.9889";"SR-GO";"DEL1/4";"UOP01/GO"
178078;391812;2018-12-14;"sexta-feira";"15:50:00";"GO";153;696,5;"ITUMBIARA";"Sim";"Ingestao de alcool";1;"Colisao transversal";"Sem Vitimas";"Pleno dia";"Crescente";"Nublado";"Simples";"Curva";"Sim";317387;"Automóvel";"FIAT/PALIO WEEKEND";1997;"Condutor";"Ileso";52;"Masculino";1;0;0;0;"-18.35896527";"-49.21724796";"SR-GO";"DEL1/3";"UOP02/GO"
178078;391811;2018-12-14;"sexta-feira";"15:50:00";"GO";153;696,5;"ITUMBIARA";"Sim";"Ingestao de alcool";1;"Colisao transversal";"Sem Vitimas";"Pleno dia";"Crescente";"Nublado";"Simples";"Curva";"Sim";317386;"Automóvel";"VW/NOVO GOL TL MCV";2018;"Condutor";"Ileso";36;"Masculino";1;0;0;0;"-18.35896527";"-49.21724796";"SR-GO";"DEL1/3";"UOP02/GO"
178093;394089;2018-12-14;"sexta-feira";"17:45:00";"DF";80;9;"BRASILIA";"Nao";"Ingestao de alcool";1;"Colisao traseira";"Com Vitimas Feridas";"Pleno dia";"Decrescente";"Ceu Claro";"Simples";"Reta";"Nao";317597;"Motocicleta";"HONDA/CG 160 FAN";2017;"Condutor";"Lesoes Leves";21;"Masculino";0;1;0;0;"-15.731064";"-48.159393";"SR-DF";"DF";"UOP06/DF"
178093;394087;2018-12-14;"sexta-feira";"17:45:00";"DF";80;9;"BRASILIA";"Nao";"Ingestao de alcool";1;"Colisao traseira";"Com Vitimas Feridas";"Pleno dia";"Decrescente";"Ceu Claro";"Simples";"Reta";"Nao";317596;"Caminhonete";"FORD/PAMPA 1.8 GL";1992;"Condutor";"Ileso";78;"Masculino";1;0;0;0;"-15.731064";"-48.159393";"SR-DF";"DF";"UOP06/DF"
178093;394091;2018-12-14;"sexta-feira";"17:45:00";"DF";80;9;"BRASILIA";"Nao";"Ingestao de alcool";1;"Colisao traseira";"Com Vitimas Feridas";"Pleno dia";"Decrescente";"Ceu Claro";"Simples";"Reta";"Nao";317597;"Motocicleta";"HONDA/CG 160 FAN";2017;"Passageiro";"Lesoes Leves";NA;"Masculino";0;1;0;0;"-15.731064";"-48.159393";"SR-DF";"DF";"UOP06/DF"
178135;392081;2018-12-14;"sexta-feira";"18:30:00";"PI";343;10,7;"PARNAIBA";"Sim";"Ingestao de alcool";1;"Colisao lateral";"Sem Vitimas";"Plena Noite";"Crescente";"Garoa/Chuvisco";"Simples";"Reta";"Sim";317658;"Utilitario";"MMC/PAJERO TR4 FLEX";2008;"Condutor";"Ileso";59;"Feminino";1;0;0;0;"-2.902034";"-41.741646";"SR-PI";"DEL17/5";"UOP01/PI"
178135;392077;2018-12-14;"sexta-feira";"18:30:00";"PI";343;10,7;"PARNAIBA";"Sim";"Ingestao de alcool";1;"Colisao lateral";"Sem Vitimas";"Plena Noite";"Crescente";"Garoa/Chuvisco";"Simples";"Reta";"Sim";317657;"Automóvel";"FIAT/UNO VIVACE 1.0";2013;"Condutor";"Ileso";34;"Feminino";1;0;0;0;"-2.902034";"-41.741646";"SR-PI";"DEL17/5";"UOP01/PI"
178135;392073;2018-12-14;"sexta-feira";"18:30:00";"PI";343;10,7;"PARNAIBA";"Sim";"Ingestao de alcool";1;"Colisao lateral";"Sem Vitimas";"Plena Noite";"Crescente";"Garoa/Chuvisco";"Simples";"Reta";"Sim";317656;"Automóvel";"FIAT/UNO MILLE WAY ECON";2009;"Condutor";"Ileso";26;"Feminino";1;0;0;0;"-2.902034";"-41.741646";"SR-PI";"DEL17/5";"UOP01/PI"