"id";"pesid";"data_inversa";"dia_semana";"horario";"uf";"br";"km";"municipio";"causa_principal";"causa_acidente";"ordem_tipo_acidente";"tipo_acidente";"classificacao_acidente";"fase_dia";"sentido_via";"condicao_metereologica";"tipo_pista";"tracado_via";"uso_solo";"id_veiculo";"tipo_veiculo";"marca";"ano_fabricacao_veiculo";"tipo_envolvido";"estado_fisico";"idade";"sexo";"ilesos";"feridos_leves";"feridos_graves";"mortos";"latitude";"longitude";"regional";"delegacia";"uop"
178139;391959;2018-12-14;"sexta-feira";"20:40:00";"PR";373;275,9;"PRUDENTOPOLIS";"Nao";"Ingestao de alcool e/ou substâncias psicoativas pelo pedestre";1;"Colisao com objeto estatico";"Com Vitimas Feridas";"Plena Noite";"Crescente";"Ceu Claro";"Simples";"Reta";"Nao";317491;"Automóvel";"VW/GOL 1.0";2000;"Passageiro";"Lesoes Leves";15;"Feminino";0;1;0;0;"-25.22885771";"-51.03252411";"SR-PR";"DEL7/3";"UOP01/PR"
178139;391958;2018-12-14;"sexta-feira";"20:40:00";"PR";373;275,9;"PRUDENTOPOLIS";"Nao";"Ingestao de alcool e/ou substâncias psicoativas pelo pedestre";1;"Colisao com objeto estatico";"Com Vitimas Feridas";"Plena Noite";"Crescente";"Ceu Claro";"Simples";"Reta";"Nao";317491;"Automóvel";"VW/GOL 1.0";2000;"Condutor";"Nao Informado";NA;"Nao Informado";0;0;0;0;"-25.22885771";"-51.03252411";"SR-PR";"DEL7/3";"UOP01/PR"
178148;392049;2018-12-14;"sexta-feira";"18:55:00";"RO";319;64,1;"PORTO VELHO";"Nao";"Ingestao de alcool";1;"Colisao traseira";"Sem Vitimas";"Plena Noite";"Decrescente";"Ceu Claro";"Multipla";"Reta";"Sim";317591;"Automóvel";"VW/GOL TL MB";2014;"Condutor";"Ileso";39;"Feminino";1;0;0;0;"-8.76776056";"-63.88385209";"SR-RO";"DEL21/1";"UOP01/RO"
178148;392050;2018-12-14;"sexta-feira";"18:55:00";"RO";319;64,1;"PORTO VELHO";"Nao";"Ingestao de alcool";1;"Colisao traseira";"Sem Vitimas";"Plena Noite";"Decrescente";"Ceu Claro";"Multipla";"Reta";"Sim";317592;"Automóvel";"I/FORD FUSION";2007;"Condutor";"Nao Informado";NA;"Nao Informado";0;0;0;0;"-8.76776056";"-63.88385209";"SR-RO";"DEL21/1";"UOP01/RO"
178160;395712;2018-12-14;"sexta-feira";"22:19:00";"PR";277;75;"SAO JOSE DOS PINHAIS";"Sim";"Ingestao de alcool";1;"Capotamento";"Sem Vitimas";"Plena Noite";"Decrescente";"Nublado";"Simples";"Reta";"Nao";317541;"Automóvel";"I/RENAULT MEGANE RT 1.6";2002;"Condutor";"Ileso";24;"Masculino";1;0;0;0;"-25.48838922";"-49.18115616";"SR-PR";"DEL7/1";"UOP01/PR"
178182;396236;2018-12-14;"sexta-feira";"23:05:00";"PR";277;99;"CURITIBA";"Sim";"Ingestao de alcool";1;"Colisao traseira";"Com Vitimas Feridas";"Plena Noite";"Decrescente";"Ceu Claro";"Dupla";"Reta";"Sim";317621;"Automóvel";"RENAULT/SANDERO EXP1016V";2013;"Condutor";"Ileso";38;"Masculino";1;0;0;0;"-25.4316975";"-49.36097514";"SR-PR";"DEL7/1";"UOP04/PR"
178182;396235;2018-12-14;"sexta-feira";"23:05:00";"PR";277;99;"CURITIBA";"Sim";"Ingestao de alcool";1;"Colisao traseira";"Com Vitimas Feridas";"Plena Noite";"Decrescente";"Ceu Claro";"Dupla";"Reta";"Sim";317620;"Automóvel";"GM/CELTA 2P LIFE";2010;"Condutor";"Lesoes Leves";58;"Masculino";0;1;0;0;"-25.4316975";"-49.36097514";"SR-PR";"DEL7/1";"UOP04/PR"
178186;392087;2018-12-14;"sexta-feira";"19:40:00";"AL";101;20,2;"MATRIZ DE CAMARAGIBE";"Sim";"Ingestao de alcool";1;"Saida de leito carrocavel";"Com Vitimas Feridas";"Plena Noite";"Crescente";"Nublado";"Simples";"Reta";"Nao";317670;"Automóvel";"CHERY/CELER 1.5 SD ACT";2016;"Passageiro";"Lesoes Graves";NA;"Masculino";0;0;1;0;"-9.03032";"-35.681488";"SR-AL";"DEL13/1";"UOP01/AL"
178186;392086;2018-12-14;"sexta-feira";"19:40:00";"AL";101;20,2;"MATRIZ DE CAMARAGIBE";"Sim";"Ingestao de alcool";1;"Saida de leito carrocavel";"Com Vitimas Feridas";"Plena Noite";"Crescente";"Nublado";"Simples";"Reta";"Nao";317670;"Automóvel";"CHERY/CELER 1.5 SD ACT";2016;"Condutor";"Ileso";60;"Masculino";1;0;0;0;"-9.03032";"-35.681488";"SR-AL";"DEL13/1";"UOP01/AL"
178192;392051;2018-12-14;"sexta-feira";"23:40:00";"PA";222;242;"MARABA";"Sim";"Ingestao de alcool";1;"Colisao frontal";"Com Vitimas Feridas";"Plena Noite";"Crescente";"Ceu Claro";"Simples";"Reta";"Sim";317628;"Motocicleta";"HONDA/CG 125 FAN KS";2014;"Condutor";"Lesoes Graves";22;"Masculino";0;0;1;0;"-5.34375306";"-49.08095067";"SR-PA";"DEL19/3";"UOP01/PA"
178192;393946;2018-12-14;"sexta-feira";"23:40:00";"PA";222;242;"MARABA";"Sim";"Ingestao de alcool";1;"Colisao frontal";"Com Vitimas Feridas";"Plena Noite";"Crescente";"Ceu Claro";"Simples";"Reta";"Sim";317628;"Motocicleta";"HONDA/CG 125 FAN KS";2014;"Passageiro";"Lesoes Graves";23;"Masculino";0;0;1;0;"-5.34375306";"-49.08095067";"SR-PA";"DEL19/3";"UOP01/PA"
178192;392052;2018-12-14;"sexta-feira";"23:40:00";"PA";222;242;"MARABA";"Sim";"Ingestao de alcool";1;"Colisao frontal";"Com Vitimas Feridas";"Plena Noite";"Crescente";"Ceu Claro";"Simples";"Reta";"Sim";317629;"Motoneta";"HONDA/BIZ 125 ES";2008;"Condutor";"Lesoes Graves";33;"Masculino";0;0;1;0;"-5.34375306";"-49.08095067";"SR-PA";"DEL19/3";"UOP01/PA"
178192;392116;2018-12-14;"sexta-feira";"23:40:00";"PA";222;242;"MARABA";"Sim";"Ingestao de alcool";1;"Colisao frontal";"Com Vitimas Feridas";"Plena Noite";"Crescente";"Ceu Claro";"Simples";"Reta";"Sim";317629;"Motoneta";"HONDA/BIZ 125 ES";2008;"Passageiro";"Lesoes Graves";27;"Masculino";0;0;1;0;"-5.34375306";"-49.08095067";"SR-PA";"DEL19/3";"UOP01/PA"
178195;393911;2018-12-15;"sabado";"01:20:00";"PR";376;3;"SAO JOSE DOS PINHAIS";"Nao";"Ingestao de alcool";1;"Colisao transversal";"Com Vitimas Feridas";"Plena Noite";"Decrescente";"Nublado";"Dupla";"Intersecao de vias";"Sim";317624;"Automóvel";"GM/MERIVA PREMIUM";2008;"Condutor";"Ileso";44;"Feminino";1;0;0;0;"-25.53982616";"-49.19174016";"SR-PR";"DEL7/1";"UOP08/PR"
178195;393912;2018-12-15;"sabado";"01:20:00";"PR";376;3;"SAO JOSE DOS PINHAIS";"Nao";"Ingestao de alcool";1;"Colisao transversal";"Com Vitimas Feridas";"Plena Noite";"Decrescente";"Nublado";"Dupla";"Intersecao de vias";"Sim";317624;"Automóvel";"GM/MERIVA PREMIUM";2008;"Testemunha";"Nao Informado";NA;"Nao Informado";0;0;0;0;"-25.53982616";"-49.19174016";"SR-PR";"DEL7/1";"UOP08/PR"
178195;393862;2018-12-15;"sabado";"01:20:00";"PR";376;3;"SAO JOSE DOS PINHAIS";"Nao";"Ingestao de alcool";1;"Colisao transversal";"Com Vitimas Feridas";"Plena Noite";"Decrescente";"Nublado";"Dupla";"Intersecao de vias";"Sim";317623;"Automóvel";"GM/CORSA CLASSIC";2004;"Condutor";"Lesoes Leves";32;"Feminino";0;1;0;0;"-25.53982616";"-49.19174016";"SR-PR";"DEL7/1";"UOP08/PR"
178195;393883;2018-12-15;"sabado";"01:20:00";"PR";376;3;"SAO JOSE DOS PINHAIS";"Nao";"Ingestao de alcool";1;"Colisao transversal";"Com Vitimas Feridas";"Plena Noite";"Decrescente";"Nublado";"Dupla";"Intersecao de vias";"Sim";317623;"Automóvel";"GM/CORSA CLASSIC";2004;"Passageiro";"Lesoes Leves";26;"Feminino";0;1;0;0;"-25.53982616";"-49.19174016";"SR-PR";"DEL7/1";"UOP08/PR"
178195;393907;2018-12-15;"sabado";"01:20:00";"PR";376;3;"SAO JOSE DOS PINHAIS";"Nao";"Ingestao de alcool";1;"Colisao transversal";"Com Vitimas Feridas";"Plena Noite";"Decrescente";"Nublado";"Dupla";"Intersecao de vias";"Sim";317623;"Automóvel";"GM/CORSA CLASSIC";2004;"Passageiro";"Lesoes Leves";3;"Feminino";0;1;0;0;"-25.53982616";"-49.19174016";"SR-PR";"DEL7/1";"UOP08/PR"
178207;396339;2018-12-14;"sexta-feira";"22:40:00";"PB";230;345;"PATOS";"Sim";"Ingestao de alcool";1;"Atropelamento de Pedestre";"Sem Vitimas";"Plena Noite";"Crescente";"Ceu Claro";"Simples";"Reta";"Nao";318514;"Motocicleta";"HONDA/POP100";2014;"Pedestre";"Ileso";27;"Feminino";1;0;0;0;"-6.9738";"-37.3462";"SR-PB";"DEL14/3";"UOP01/PB"
178207;396341;2018-12-14;"sexta-feira";"22:40:00";"PB";230;345;"PATOS";"Sim";"Ingestao de alcool";1;"Atropelamento de Pedestre";"Sem Vitimas";"Plena Noite";"Crescente";"Ceu Claro";"Simples";"Reta";"Nao";318514;"Motocicleta";"HONDA/POP100";2014;"Pedestre";"Ileso";52;"Masculino";1;0;0;0;"-6.9738";"-37.3462";"SR-PB";"DEL14/3";"UOP01/PB"
178207;396301;2018-12-14;"sexta-feira";"22:40:00";"PB";230;345;"PATOS";"Sim";"Ingestao de alcool";1;"Atropelamento de Pedestre";"Sem Vitimas";"Plena Noite";"Crescente";"Ceu Claro";"Simples";"Reta";"Nao";318514;"Motocicleta";"HONDA/POP100";2014;"Condutor";"Ileso";23;"Masculino";1;0;0;0;"-6.9738";"-37.3462";"SR-PB";"DEL14/3";"UOP01/PB"
178215;393821;2018-12-15;"sabado";"03:20:00";"PI";343;348;"TERESINA";"Nao";"Ingestao de alcool";2;"Queda de ocupante de veiculo";"Com Vitimas Feridas";"Plena Noite";"Crescente";"Chuva";"Simples";"Reta";"Sim";317675;"Motocicleta";"HONDA/CG 125 FAN";2006;"Condutor";"Lesoes Graves";28;"Masculino";0;0;1;0;"-5.118706";"-42.786411";"SR-PI";"DEL17/1";"UOP01/PI"
178215;396134;2018-12-15;"sabado";"03:20:00";"PI";343;348;"TERESINA";"Nao";"Ingestao de alcool";2;"Queda de ocupante de veiculo";"Com Vitimas Feridas";"Plena Noite";"Crescente";"Chuva";"Simples";"Reta";"Sim";317676;"Automóvel";"I/NISSAN MARCH 16SV FLEX";2012;"Condutor";"Ileso";31;"Masculino";1;0;0;0;"-5.118706";"-42.786411";"SR-PI";"DEL17/1";"UOP01/PI"
178215;393825;2018-12-15;"sabado";"03:20:00";"PI";343;348;"TERESINA";"Nao";"Ingestao de alcool";2;"Queda de ocupante de veiculo";"Com Vitimas Feridas";"Plena Noite";"Crescente";"Chuva";"Simples";"Reta";"Sim";317675;"Motocicleta";"HONDA/CG 125 FAN";2006;"Passageiro";"Lesoes Graves";16;"Masculino";0;0;1;0;"-5.118706";"-42.786411";"SR-PI";"DEL17/1";"UOP01/PI"
178218;393889;2018-12-15;"sabado";"04:00:00";"MG";381;919,1;"CAMANDUCAIA";"Sim";"Ingestao de alcool";2;"Capotamento";"Com Vitimas Feridas";"Plena Noite";"Decrescente";"Ceu Claro";"Dupla";"Nao Informado";"Nao";317631;"Automóvel";"RENAULT/SANDERO AUT1016V";2012;"Condutor";"Lesoes Leves";29;"Masculino";0;1;0;0;"-22.7599";"-46.1594";"SR-MG";"DEL09";"UOP03/MG"
178218;393890;2018-12-15;"sabado";"04:00:00";"MG";381;919,1;"CAMANDUCAIA";"Sim";"Ingestao de alcool";2;"Capotamento";"Com Vitimas Feridas";"Plena Noite";"Decrescente";"Ceu Claro";"Dupla";"Nao Informado";"Nao";317631;"Automóvel";"RENAULT/SANDERO AUT1016V";2012;"Passageiro";"Lesoes Leves";58;"Masculino";0;1;0;0;"-22.7599";"-46.1594";"SR-MG";"DEL09";"UOP03/MG"
178231;393778;2018-12-15;"sabado";"06:00:00";"SC";470;90,8;"APIUNA";"Sim";"Ingestao de alcool";1;"Colisao lateral";"Com Vitimas Feridas";"Amanhecer";"Crescente";"Ceu Claro";"Simples";"Reta";"Nao";317696;"Ônibus";"MBENZ/MPOLO PARADISO R";2004;"Condutor";"Ileso";66;"Masculino";1;0;0;0;"-26.969337";"-49.367718";"SR-SC";"DEL8/4";"UOP01/SC"
178231;393779;2018-12-15;"sabado";"06:00:00";"SC";470;90,8;"APIUNA";"Sim";"Ingestao de alcool";1;"Colisao lateral";"Com Vitimas Feridas";"Amanhecer";"Crescente";"Ceu Claro";"Simples";"Reta";"Nao";317697;"Camioneta";"FORD/ECOSPORT FSL 1.6";2012;"Condutor";"Lesoes Leves";38;"Feminino";0;1;0;0;"-26.969337";"-49.367718";"SR-SC";"DEL8/4";"UOP01/SC"
178233;393745;2018-12-15;"sabado";"06:20:00";"SC";470;66,2;"INDAIAL";"Sim";"Ingestao de alcool";1;"Saida de leito carrocavel";"Com Vitimas Feridas";"Pleno dia";"Crescente";"Ceu Claro";"Simples";"Rotatória";"Sim";317695;"Automóvel";"VW/GOL 1.6L MB5";2018;"Passageiro";"Lesoes Leves";63;"Masculino";0;1;0;0;"-26.87002802";"-49.22486544";"SR-SC";"DEL8/4";"UOP01/SC"
178233;393743;2018-12-15;"sabado";"06:20:00";"SC";470;66,2;"INDAIAL";"Sim";"Ingestao de alcool";1;"Saida de leito carrocavel";"Com Vitimas Feridas";"Pleno dia";"Crescente";"Ceu Claro";"Simples";"Rotatória";"Sim";317695;"Automóvel";"VW/GOL 1.6L MB5";2018;"Condutor";"Lesoes Leves";53;"Masculino";0;1;0;0;"-26.87002802";"-49.22486544";"SR-SC";"DEL8/4";"UOP01/SC"
178240;393198;2018-12-15;"sabado";"05:00:00";"SC";280;249,5;"CANOINHAS";"Sim";"Ingestao de alcool";1;"Saida de leito carrocavel";"Sem Vitimas";"Amanhecer";"Decrescente";"Ceu Claro";"Simples";"Reta";"Nao";317691;"Automóvel";"VW/GOL CL 1.6 MI";1998;"Condutor";"Ileso";22;"Masculino";1;0;0;0;"-26.253103";"-50.53278";"SR-SC";"DEL8/6";"UOP04/SC"
178242;392230;2018-12-15;"sabado";"06:45:00";"MG";262;29,8;"REDUTO";"Sim";"Ingestao de alcool";1;"Atropelamento de Pedestre";"Com Vitimas Fatais";"Amanhecer";"Decrescente";"Ceu Claro";"Simples";"Curva";"Nao";317757;"Automóvel";"VW/NOVO GOL TL MBV";2017;"Pedestre";"Óbito";46;"Masculino";0;0;0;1;"-20.247223";"-41.982025";"SR-MG";"DEL4/6";"UOP04/MG"
178242;392333;2018-12-15;"sabado";"06:45:00";"MG";262;29,8;"REDUTO";"Sim";"Ingestao de alcool";1;"Atropelamento de Pedestre";"Com Vitimas Fatais";"Amanhecer";"Decrescente";"Ceu Claro";"Simples";"Curva";"Nao";317757;"Automóvel";"VW/NOVO GOL TL MBV";2017;"Passageiro";"Ileso";24;"Masculino";1;0;0;0;"-20.247223";"-41.982025";"SR-MG";"DEL4/6";"UOP04/MG"
178242;392332;2018-12-15;"sabado";"06:45:00";"MG";262;29,8;"REDUTO";"Sim";"Ingestao de alcool";1;"Atropelamento de Pedestre";"Com Vitimas Fatais";"Amanhecer";"Decrescente";"Ceu Claro";"Simples";"Curva";"Nao";317757;"Automóvel";"VW/NOVO GOL TL MBV";2017;"Condutor";"Ileso";24;"Masculino";1;0;0;0;"-20.247223";"-41.982025";"SR-MG";"DEL4/6";"UOP04/MG"
178260;394550;2018-12-15;"sabado";"08:15:00";"SC";101;352,5;"JAGUARUNA";"Sim";"Ingestao de alcool";1;"Colisao traseira";"Com Vitimas Feridas";"Pleno dia";"Crescente";"Ceu Claro";"Dupla";"Reta";"Nao";317921;"Automóvel";"GM/CORSA GL W";1997;"Condutor";"Lesoes Leves";20;"Masculino";0;1;0;0;"-28.6095";"-49.0592";"SR-SC";"DEL8/2";"UOP01/SC"
178260;394552;2018-12-15;"sabado";"08:15:00";"SC";101;352,5;"JAGUARUNA";"Sim";"Ingestao de alcool";1;"Colisao traseira";"Com Vitimas Feridas";"Pleno dia";"Crescente";"Ceu Claro";"Dupla";"Reta";"Nao";317922;"Caminhonete";"GM/S10";1996;"Condutor";"Ileso";56;"Masculino";1;0;0;0;"-28.6095";"-49.0592";"SR-SC";"DEL8/2";"UOP01/SC"
178338;393325;2018-12-15;"sabado";"16:50:00";"AL";101;76,3;"MESSIAS";"Nao";"Ingestao de alcool";1;"Atropelamento de Pedestre";"Com Vitimas Feridas";"Pleno dia";"Decrescente";"Ceu Claro";"Dupla";"Reta";"Nao";317940;"Motocicleta";"HONDA/CG 150 FAN ESI";2011;"Condutor";"Lesoes Leves";24;"Masculino";0;1;0;0;"-9.41817847";"-35.8398056";"SR-AL";"DEL13/1";"UOP01/AL"
178338;393328;2018-12-15;"sabado";"16:50:00";"AL";101;76,3;"MESSIAS";"Nao";"Ingestao de alcool";1;"Atropelamento de Pedestre";"Com Vitimas Feridas";"Pleno dia";"Decrescente";"Ceu Claro";"Dupla";"Reta";"Nao";318788;"Bicicleta";"MONARK/";NA;"Condutor";"Lesoes Leves";47;"Masculino";0;1;0;0;"-9.41817847";"-35.8398056";"SR-AL";"DEL13/1";"UOP01/AL"
178338;393475;2018-12-15;"sabado";"16:50:00";"AL";101;76,3;"MESSIAS";"Nao";"Ingestao de alcool";1;"Atropelamento de Pedestre";"Com Vitimas Feridas";"Pleno dia";"Decrescente";"Ceu Claro";"Dupla";"Reta";"Nao";317940;"Motocicleta";"HONDA/CG 150 FAN ESI";2011;"Passageiro";"Lesoes Graves";20;"Feminino";0;0;1;0;"-9.41817847";"-35.8398056";"SR-AL";"DEL13/1";"UOP01/AL"
178351;392406;2018-12-15;"sabado";"17:28:00";"SP";116;53;"LORENA";"Sim";"Ingestao de alcool";1;"Colisao com objeto estatico";"Com Vitimas Feridas";"Pleno dia";"Decrescente";"Ceu Claro";"Dupla";"Curva";"Nao";317935;"Motocicleta";"HONDA/CG 125 FAN";2008;"Condutor";"Lesoes Graves";63;"Masculino";0;0;1;0;"-22.752562";"-45.107422";"SR-SP";"DEL6/8";"UOP02/SP"
178353;394452;2018-12-15;"sabado";"17:48:00";"DF";70;15,9;"BRASILIA";"Sim";"Ingestao de alcool";2;"Capotamento";"Com Vitimas Feridas";"Pleno dia";"Crescente";"Ceu Claro";"Dupla";"Reta";"Sim";318185;"Automóvel";"FIAT/SIENA FIRE FLEX";2007;"Condutor";"Ileso";39;"Masculino";1;0;0;0;"-15.7967111";"-48.19243759";"SR-DF";"DF";"UOP06/DF"
178353;394453;2018-12-15;"sabado";"17:48:00";"DF";70;15,9;"BRASILIA";"Sim";"Ingestao de alcool";2;"Capotamento";"Com Vitimas Feridas";"Pleno dia";"Crescente";"Ceu Claro";"Dupla";"Reta";"Sim";318185;"Automóvel";"FIAT/SIENA FIRE FLEX";2007;"Passageiro";"Lesoes Leves";34;"Masculino";0;1;0;0;"-15.7967111";"-48.19243759";"SR-DF";"DF";"UOP06/DF"
178353;394477;2018-12-15;"sabado";"17:48:00";"DF";70;15,9;"BRASILIA";"Sim";"Ingestao de alcool";2;"Capotamento";"Com Vitimas Feridas";"Pleno dia";"Crescente";"Ceu Claro";"Dupla";"Reta";"Sim";318185;"Automóvel";"FIAT/SIENA FIRE FLEX";2007;"Passageiro";"Ileso";42;"Masculino";1;0;0;0;"-15.7967111";"-48.19243759";"SR-DF";"DF";"UOP06/DF"
178353;394478;2018-12-15;"sabado";"17:48:00";"DF";70;15,9;"BRASILIA";"Sim";"Ingestao de alcool";2;"Capotamento";"Com Vitimas Feridas";"Pleno dia";"Crescente";"Ceu Claro";"Dupla";"Reta";"Sim";318185;"Automóvel";"FIAT/SIENA FIRE FLEX";2007;"Passageiro";"Ileso";31;"Masculino";1;0;0;0;"-15.7967111";"-48.19243759";"SR-DF";"DF";"UOP06/DF"
178353;394460;2018-12-15;"sabado";"17:48:00";"DF";70;15,9;"BRASILIA";"Sim";"Ingestao de alcool";2;"Capotamento";"Com Vitimas Feridas";"Pleno dia";"Crescente";"Ceu Claro";"Dupla";"Reta";"Sim";318185;"Automóvel";"FIAT/SIENA FIRE FLEX";2007;"Passageiro";"Lesoes Graves";36;"Masculino";0;0;1;0;"-15.7967111";"-48.19243759";"SR-DF";"DF";"UOP06/DF"
178372;392436;2018-12-15;"sabado";"17:26:00";"DF";40;6;"BRASILIA";"Nao";"Ingestao de alcool";2;"Colisao lateral";"Sem Vitimas";"Pleno dia";"Crescente";"Sol";"Dupla";"Reta";"Sim";317965;"Automóvel";"FIAT/UNO MILLE SX";1998;"Condutor";"Ileso";34;"Masculino";1;0;0;0;"-16.029741";"-47.978867";"SR-DF";"DF";"UOP01/DF"
178372;392439;2018-12-15;"sabado";"17:26:00";"DF";40;6;"BRASILIA";"Nao";"Ingestao de alcool";2;"Colisao lateral";"Sem Vitimas";"Pleno dia";"Crescente";"Sol";"Dupla";"Reta";"Sim";317966;"Automóvel";"RENAULT/SANDERO AUTH 10";2015;"Condutor";"Ileso";34;"Masculino";1;0;0;0;"-16.029741";"-47.978867";"SR-DF";"DF";"UOP01/DF"
178372;392433;2018-12-15;"sabado";"17:26:00";"DF";40;6;"BRASILIA";"Nao";"Ingestao de alcool";2;"Colisao lateral";"Sem Vitimas";"Pleno dia";"Crescente";"Sol";"Dupla";"Reta";"Sim";317964;"Automóvel";"GM/CORSA WIND";2000;"Condutor";"Ileso";44;"Masculino";1;0;0;0;"-16.029741";"-47.978867";"SR-DF";"DF";"UOP01/DF"
178372;392442;2018-12-15;"sabado";"17:26:00";"DF";40;6;"BRASILIA";"Nao";"Ingestao de alcool";2;"Colisao lateral";"Sem Vitimas";"Pleno dia";"Crescente";"Sol";"Dupla";"Reta";"Sim";317967;"Automóvel";"GM/CLASSIC LIFE";2005;"Condutor";"Ileso";53;"Masculino";1;0;0;0;"-16.029741";"-47.978867";"SR-DF";"DF";"UOP01/DF"
178381;392432;2018-12-15;"sabado";"19:20:00";"SC";101;179,7;"BIGUACU";"Sim";"Ingestao de alcool";1;"Colisao transversal";"Com Vitimas Feridas";"Anoitecer";"Crescente";"Ceu Claro";"Dupla";"Viaduto";"Nao";317968;"Automóvel";"FORD/FIESTA FLEX";2010;"Condutor";"Ileso";33;"Masculino";1;0;0;0;"-27.382";"-48.6309";"SR-SC";"DEL8/1";"UOP01/SC"
178381;392434;2018-12-15;"sabado";"19:20:00";"SC";101;179,7;"BIGUACU";"Sim";"Ingestao de alcool";1;"Colisao transversal";"Com Vitimas Feridas";"Anoitecer";"Crescente";"Ceu Claro";"Dupla";"Viaduto";"Nao";317969;"Bicicleta";"";NA;"Condutor";"Lesoes Leves";48;"Masculino";0;1;0;0;"-27.382";"-48.6309";"SR-SC";"DEL8/1";"UOP01/SC"
178400;392571;2018-12-15;"sabado";"20:45:00";"RS";386;440;"NOVA SANTA RITA";"Sim";"Ingestao de alcool";1;"Colisao com objeto estatico";"Com Vitimas Feridas";"Plena Noite";"Crescente";"Ceu Claro";"Dupla";"Ponte";"Nao";318084;"Automóvel";"FIAT/IDEA ATTRACTIVE 1.4";2013;"Condutor";"Lesoes Leves";41;"Masculino";0;1;0;0;"-29.878265";"-51.241951";"SR-RS";"DEL9/1";"UOP01/RS"
178400;392573;2018-12-15;"sabado";"20:45:00";"RS";386;440;"NOVA SANTA RITA";"Sim";"Ingestao de alcool";1;"Colisao com objeto estatico";"Com Vitimas Feridas";"Plena Noite";"Crescente";"Ceu Claro";"Dupla";"Ponte";"Nao";318084;"Automóvel";"FIAT/IDEA ATTRACTIVE 1.4";2013;"Passageiro";"Lesoes Leves";42;"Feminino";0;1;0;0;"-29.878265";"-51.241951";"SR-RS";"DEL9/1";"UOP01/RS"
178419;392507;2018-12-15;"sabado";"21:45:00";"SC";470;128,7;"LONTRAS";"Sim";"Ingestao de alcool";1;"Tombamento";"Sem Vitimas";"Plena Noite";"Crescente";"Chuva";"Simples";"Curva";"Nao";318021;"Caminhonete";"MMC/L200 TRITON 3.2 D";2008;"Condutor";"Ileso";20;"Feminino";1;0;0;0;"-27.143742";"-49.548897";"SR-SC";"DEL8/4";"UOP02/SC"
178421;392586;2018-12-15;"sabado";"21:10:00";"RN";304;48,5;"MOSSORO";"Sim";"Ingestao de alcool";1;"Colisao lateral";"Sem Vitimas";"Plena Noite";"Decrescente";"Ceu Claro";"Dupla";"Desvio Temporario";"Sim";318100;"Automóvel";"RENAULT/LOGAN AUTH 1016V";2014;"Condutor";"Ileso";33;"Masculino";1;0;0;0;"-5.228686";"-37.322033";"SR-RN";"DEL15/4";"UOP01/RN"
178421;392588;2018-12-15;"sabado";"21:10:00";"RN";304;48,5;"MOSSORO";"Sim";"Ingestao de alcool";1;"Colisao lateral";"Sem Vitimas";"Plena Noite";"Decrescente";"Ceu Claro";"Dupla";"Desvio Temporario";"Sim";318101;"Automóvel";"FORD/KA FLEX";2008;"Condutor";"Ileso";38;"Feminino";1;0;0;0;"-5.228686";"-37.322033";"SR-RN";"DEL15/4";"UOP01/RN"
178431;394563;2018-12-15;"sabado";"21:45:00";"MS";163;473;"CAMPO GRANDE";"Sim";"Ingestao de alcool";1;"Saida de leito carrocavel";"Sem Vitimas";"Plena Noite";"Crescente";"Ceu Claro";"Simples";"Reta";"Nao";318216;"Automóvel";"GM/CORSA WIND";2000;"Condutor";"Nao Informado";NA;"Nao Informado";0;0;0;0;"-20.532058";"-54.565041";"SR-MS";"DEL3/1";"UOP01/MS"
178444;396737;2018-12-16;"domingo";"00:05:00";"GO";153;501,8;"GOIANIA";"Sim";"Ingestao de alcool";1;"Colisao com objeto estatico";"Com Vitimas Feridas";"Plena Noite";"Decrescente";"Ceu Claro";"Multipla";"Reta";"Sim";318074;"Motocicleta";"HONDA/CG 150 TITAN KS";2008;"Condutor";"Lesoes Leves";36;"Masculino";0;1;0;0;"-16.7189";"-49.2382";"SR-GO";"DEL1/1";"UOP01/GO"
178451;392599;2018-12-15;"sabado";"22:20:00";"AL";316;12;"MATA GRANDE";"Sim";"Ingestao de alcool";1;"Colisao com objeto estatico";"Com Vitimas Fatais";"Plena Noite";"Decrescente";"Ceu Claro";"Simples";"Reta";"Nao";318124;"Motocicleta";"HONDA/CG 150 TITAN KS";2007;"Condutor";"Óbito";31;"Masculino";0;0;0;1;"-9.04837716";"-37.76830852";"SR-AL";"DEL13/3";"UOP02/AL"
178465;392614;2018-12-16;"domingo";"01:58:00";"SP";153;61,7;"SAO JOSE DO RIO PRETO";"Sim";"Ingestao de alcool";2;"Colisao com objeto estatico";"Sem Vitimas";"Plena Noite";"Crescente";"Nublado";"Dupla";"Reta";"Sim";318136;"Automóvel";"";NA;"Condutor";"Nao Informado";NA;"Nao Informado";0;0;0;0;"-20.805029";"-49.355747";"SR-SP";"DEL6/9";"UOP01/SP"
178465;392610;2018-12-16;"domingo";"01:58:00";"SP";153;61,7;"SAO JOSE DO RIO PRETO";"Sim";"Ingestao de alcool";2;"Colisao com objeto estatico";"Sem Vitimas";"Plena Noite";"Crescente";"Nublado";"Dupla";"Reta";"Sim";318135;"Automóvel";"PEUGEOT/207PASSION XR";2010;"Condutor";"Ileso";35;"Masculino";1;0;0;0;"-20.805029";"-49.355747";"SR-SP";"DEL6/9";"UOP01/SP"
178467;394638;2018-12-15;"sabado";"23:50:00";"PR";369;141,5;"IBIPORA";"Sim";"Ingestao de alcool";1;"Colisao com objeto estatico";"Com Vitimas Feridas";"Plena Noite";"Crescente";"Chuva";"Simples";"Reta";"Sim";318098;"Automóvel";"VW/PARATI 1.6 CITY";2004;"Condutor";"Lesoes Leves";33;"Masculino";0;1;0;0;"-23.27743702";"-51.06411517";"SR-PR";"DEL7/7";"UOP01/PR"