"id";"pesid";"data_inversa";"dia_semana";"horario";"uf";"br";"km";"municipio";"causa_principal";"causa_acidente";"ordem_tipo_acidente";"tipo_acidente";"classificacao_acidente";"fase_dia";"sentido_via";"condicao_metereologica";"tipo_pista";"tracado_via";"uso_solo";"id_veiculo";"tipo_veiculo";"marca";"ano_fabricacao_veiculo";"tipo_envolvido";"estado_fisico";"idade";"sexo";"ilesos";"feridos_leves";"feridos_graves";"mortos";"latitude";"longitude";"regional";"delegacia";"uop"
178467;394640;2018-12-15;"sabado";"23:50:00";"PR";369;141,5;"IBIPORA";"Sim";"Ingestao de alcool";1;"Colisao com objeto estatico";"Com Vitimas Feridas";"Plena Noite";"Crescente";"Chuva";"Simples";"Reta";"Sim";318098;"Automóvel";"VW/PARATI 1.6 CITY";2004;"Passageiro";"Ileso";24;"Feminino";1;0;0;0;"-23.27743702";"-51.06411517";"SR-PR";"DEL7/7";"UOP01/PR"
178469;394191;2018-12-16;"domingo";"02:20:00";"CE";222;4;"CAUCAIA";"Sim";"Ingestao de alcool";1;"Colisao com objeto estatico";"Sem Vitimas";"Plena Noite";"Crescente";"Ceu Claro";"Multipla";"Reta";"Sim";318105;"Automóvel";"CHEV/PRISMA 1.4MT LTZ";2015;"Condutor";"Nao Informado";NA;"Nao Informado";0;0;0;0;"-3.741658";"-38.604572";"SR-CE";"DEL16/1";"UOP01/CE"
178475;394486;2018-12-15;"sabado";"23:30:00";"MG";116;498,3;"INHAPIM";"Sim";"Ingestao de alcool";1;"Atropelamento de Pedestre";"Com Vitimas Fatais";"Plena Noite";"Decrescente";"Ceu Claro";"Simples";"Curva";"Nao";318205;"Automóvel";"GM/CORSA GL";1995;"Condutor";"Ileso";25;"Masculino";1;0;0;0;"-19.534167";"-42.126062";"SR-MG";"DEL4/6";"UOP02/MG"
178475;392657;2018-12-15;"sabado";"23:30:00";"MG";116;498,3;"INHAPIM";"Sim";"Ingestao de alcool";1;"Atropelamento de Pedestre";"Com Vitimas Fatais";"Plena Noite";"Decrescente";"Ceu Claro";"Simples";"Curva";"Nao";318205;"Automóvel";"GM/CORSA GL";1995;"Pedestre";"Óbito";54;"Masculino";0;0;0;1;"-19.534167";"-42.126062";"SR-MG";"DEL4/6";"UOP02/MG"
178482;394639;2018-12-16;"domingo";"04:30:00";"ES";259;60;"COLATINA";"Sim";"Ingestao de alcool";1;"Colisao frontal";"Com Vitimas Feridas";"Amanhecer";"Crescente";"Ceu Claro";"Simples";"Curva";"Nao";318219;"Automóvel";"CHEVROLET/CELTA 1.0L LT";2011;"Condutor";"Ileso";24;"Masculino";1;0;0;0;"-19.525307";"-40.674618";"SR-ES";"DEL12/2";"UOP01/ES"
178482;394642;2018-12-16;"domingo";"04:30:00";"ES";259;60;"COLATINA";"Sim";"Ingestao de alcool";1;"Colisao frontal";"Com Vitimas Feridas";"Amanhecer";"Crescente";"Ceu Claro";"Simples";"Curva";"Nao";319690;"Motocicleta";"HONDA/CG 160 TITAN";2018;"Condutor";"Lesoes Graves";21;"Masculino";0;0;1;0;"-19.525307";"-40.674618";"SR-ES";"DEL12/2";"UOP01/ES"
178487;394628;2018-12-16;"domingo";"04:50:00";"RS";158;327,6;"SANTA MARIA";"Sim";"Ingestao de alcool";2;"Tombamento";"Com Vitimas Feridas";"Plena Noite";"Crescente";"Ceu Claro";"Simples";"Reta";"Sim";318214;"Motocicleta";"HONDA/CG150 TITAN MIX EX";2010;"Passageiro";"Ileso";50;"Masculino";1;0;0;0;"-29.71044745";"-53.82091641";"SR-RS";"DEL9/9";"UOP01/RS"
178487;394605;2018-12-16;"domingo";"04:50:00";"RS";158;327,6;"SANTA MARIA";"Sim";"Ingestao de alcool";2;"Tombamento";"Com Vitimas Feridas";"Plena Noite";"Crescente";"Ceu Claro";"Simples";"Reta";"Sim";318214;"Motocicleta";"HONDA/CG150 TITAN MIX EX";2010;"Condutor";"Lesoes Leves";32;"Feminino";0;1;0;0;"-29.71044745";"-53.82091641";"SR-RS";"DEL9/9";"UOP01/RS"
178489;394359;2018-12-16;"domingo";"03:00:00";"MT";364;612,2;"DIAMANTINO";"Sim";"Ingestao de alcool";1;"Capotamento";"Sem Vitimas";"Plena Noite";"Decrescente";"Ignorado";"Simples";"Curva";"Nao";318129;"Automóvel";"TOYOTA/COROLLA XEI18VVT";2004;"Condutor";"Ileso";24;"Masculino";1;0;0;0;"-14.440617";"-56.297287";"SR-MT";"DEL2/4";"UOP01/MT"
178493;394349;2018-12-16;"domingo";"05:20:00";"MG";40;521,9;"CONTAGEM";"Nao";"Ingestao de alcool";2;"Saida de leito carrocavel";"Com Vitimas Fatais";"Amanhecer";"Crescente";"Ceu Claro";"Dupla";"Reta";"Nao";318232;"Automóvel";"VW/GOL 1.0";2010;"Condutor";"Ileso";54;"Masculino";1;0;0;0;"-19.8665";"-44.064";"SR-MG";"DEL4/1";"UOP03/MG"
178493;394365;2018-12-16;"domingo";"05:20:00";"MG";40;521,9;"CONTAGEM";"Nao";"Ingestao de alcool";2;"Saida de leito carrocavel";"Com Vitimas Fatais";"Amanhecer";"Crescente";"Ceu Claro";"Dupla";"Reta";"Nao";318232;"Automóvel";"VW/GOL 1.0";2010;"Pedestre";"Óbito";40;"Masculino";0;0;0;1;"-19.8665";"-44.064";"SR-MG";"DEL4/1";"UOP03/MG"
178495;393771;2018-12-16;"domingo";"05:00:00";"SC";163;95,9;"SAO JOSE DO CEDRO";"Sim";"Ingestao de alcool";2;"Capotamento";"Com Vitimas Feridas";"Plena Noite";"Crescente";"Ceu Claro";"Simples";"Nao Informado";"Nao";318164;"Caminhonete";"FIAT/STRADA ADVENT FLEX";2004;"Condutor";"Ileso";20;"Masculino";1;0;0;0;"-26.50436475";"-53.51071358";"SR-SC";"DEL7";"UOP03/SC"
178495;393774;2018-12-16;"domingo";"05:00:00";"SC";163;95,9;"SAO JOSE DO CEDRO";"Sim";"Ingestao de alcool";2;"Capotamento";"Com Vitimas Feridas";"Plena Noite";"Crescente";"Ceu Claro";"Simples";"Nao Informado";"Nao";318164;"Caminhonete";"FIAT/STRADA ADVENT FLEX";2004;"Passageiro";"Lesoes Leves";19;"Feminino";0;1;0;0;"-26.50436475";"-53.51071358";"SR-SC";"DEL7";"UOP03/SC"
178503;392678;2018-12-16;"domingo";"05:45:00";"BA";324;606;"SIMOES FILHO";"Sim";"Ingestao de alcool";1;"Queda de ocupante de veiculo";"Com Vitimas Feridas";"Pleno dia";"Crescente";"Nublado";"Dupla";"Reta";"Sim";318215;"Motocicleta";"HONDA/CG 160 TITAN EX";2016;"Condutor";"Lesoes Leves";36;"Masculino";0;1;0;0;"-12.813033";"-38.405248";"SR-BA";"DEL10/1";"UOP01/BA"
178514;392651;2018-12-06;"quinta-feira";"20:40:00";"MS";163;650;"RIO VERDE DE MATO GROSSO";"Sim";"Ingestao de alcool";2;"Incęndio";"Sem Vitimas";"Plena Noite";"Decrescente";"Ceu Claro";"Simples";"Reta";"Nao";318192;"Caminhonete";"GM/MONTANA CONQUEST";2005;"Condutor";"Ileso";26;"Masculino";1;0;0;0;"-18.9439591";"-54.82933044";"SR-MS";"DEL3/6";"UOP02/MS"
178521;392663;2018-12-16;"domingo";"04:10:00";"SC";101;332;"TUBARAO";"Sim";"Ingestao de alcool";1;"Colisao com objeto estatico";"Com Vitimas Feridas";"Plena Noite";"Decrescente";"Ceu Claro";"Simples";"Reta";"Sim";318206;"Automóvel";"FORD/ESCORT 1.8 GL";1993;"Passageiro";"Lesoes Leves";23;"Masculino";0;1;0;0;"-28.4669";"-48.9973";"SR-SC";"DEL8/2";"UOP01/SC"
178521;392666;2018-12-16;"domingo";"04:10:00";"SC";101;332;"TUBARAO";"Sim";"Ingestao de alcool";1;"Colisao com objeto estatico";"Com Vitimas Feridas";"Plena Noite";"Decrescente";"Ceu Claro";"Simples";"Reta";"Sim";318206;"Automóvel";"FORD/ESCORT 1.8 GL";1993;"Passageiro";"Lesoes Graves";26;"Feminino";0;0;1;0;"-28.4669";"-48.9973";"SR-SC";"DEL8/2";"UOP01/SC"
178521;392660;2018-12-16;"domingo";"04:10:00";"SC";101;332;"TUBARAO";"Sim";"Ingestao de alcool";1;"Colisao com objeto estatico";"Com Vitimas Feridas";"Plena Noite";"Decrescente";"Ceu Claro";"Simples";"Reta";"Sim";318206;"Automóvel";"FORD/ESCORT 1.8 GL";1993;"Condutor";"Lesoes Leves";24;"Masculino";0;1;0;0;"-28.4669";"-48.9973";"SR-SC";"DEL8/2";"UOP01/SC"
178522;392745;2018-12-16;"domingo";"06:00:00";"RO";364;229;"CACOAL";"Sim";"Ingestao de alcool";2;"Capotamento";"Com Vitimas Feridas";"Pleno dia";"Crescente";"Ceu Claro";"Simples";"Reta";"Nao";318260;"Automóvel";"FIAT/UNO MILLE FIRE";2001;"Condutor";"Lesoes Leves";20;"Masculino";0;1;0;0;"-11.483529";"-61.386856";"SR-RO";"DEL21/2";"UOP02/RO"
178522;394541;2018-12-16;"domingo";"06:00:00";"RO";364;229;"CACOAL";"Sim";"Ingestao de alcool";2;"Capotamento";"Com Vitimas Feridas";"Pleno dia";"Crescente";"Ceu Claro";"Simples";"Reta";"Nao";318260;"Automóvel";"FIAT/UNO MILLE FIRE";2001;"Passageiro";"Lesoes Leves";33;"Masculino";0;1;0;0;"-11.483529";"-61.386856";"SR-RO";"DEL21/2";"UOP02/RO"
178522;394545;2018-12-16;"domingo";"06:00:00";"RO";364;229;"CACOAL";"Sim";"Ingestao de alcool";2;"Capotamento";"Com Vitimas Feridas";"Pleno dia";"Crescente";"Ceu Claro";"Simples";"Reta";"Nao";318260;"Automóvel";"FIAT/UNO MILLE FIRE";2001;"Passageiro";"Lesoes Leves";16;"Feminino";0;1;0;0;"-11.483529";"-61.386856";"SR-RO";"DEL21/2";"UOP02/RO"
178522;394548;2018-12-16;"domingo";"06:00:00";"RO";364;229;"CACOAL";"Sim";"Ingestao de alcool";2;"Capotamento";"Com Vitimas Feridas";"Pleno dia";"Crescente";"Ceu Claro";"Simples";"Reta";"Nao";318260;"Automóvel";"FIAT/UNO MILLE FIRE";2001;"Passageiro";"Lesoes Leves";14;"Feminino";0;1;0;0;"-11.483529";"-61.386856";"SR-RO";"DEL21/2";"UOP02/RO"
178532;392867;2018-12-16;"domingo";"02:00:00";"PE";316;24,2;"ARARIPINA";"Sim";"Ingestao de alcool";1;"Saida de leito carrocavel";"Com Vitimas Feridas";"Plena Noite";"Crescente";"Ceu Claro";"Simples";"Reta";"Nao";318356;"Automóvel";"GM/CORSA SUPER";1997;"Passageiro";"Lesoes Graves";27;"Masculino";0;0;1;0;"-7.58964933";"-40.49603462";"SR-PE";"DEL11/5";"UOP02/PE"
178532;392865;2018-12-16;"domingo";"02:00:00";"PE";316;24,2;"ARARIPINA";"Sim";"Ingestao de alcool";1;"Saida de leito carrocavel";"Com Vitimas Feridas";"Plena Noite";"Crescente";"Ceu Claro";"Simples";"Reta";"Nao";318356;"Automóvel";"GM/CORSA SUPER";1997;"Condutor";"Lesoes Leves";35;"Masculino";0;1;0;0;"-7.58964933";"-40.49603462";"SR-PE";"DEL11/5";"UOP02/PE"
178596;394528;2018-12-16;"domingo";"16:20:00";"PR";376;640,2;"TIJUCAS DO SUL";"Sim";"Ingestao de alcool";1;"Colisao lateral";"Sem Vitimas";"Pleno dia";"Crescente";"Ceu Claro";"Dupla";"Reta";"Nao";318714;"Automóvel";"FORD/CORCEL II";1978;"Condutor";"Ileso";47;"Masculino";1;0;0;0;"-25.78628999";"-49.12296295";"SR-PR";"DEL7/1";"UOP08/PR"
178596;394532;2018-12-16;"domingo";"16:20:00";"PR";376;640,2;"TIJUCAS DO SUL";"Sim";"Ingestao de alcool";1;"Colisao lateral";"Sem Vitimas";"Pleno dia";"Crescente";"Ceu Claro";"Dupla";"Reta";"Nao";318716;"Caminhao-trator";"VOLVO/FH 460 6X2T";2013;"Condutor";"Ileso";49;"Masculino";1;0;0;0;"-25.78628999";"-49.12296295";"SR-PR";"DEL7/1";"UOP08/PR"
178596;394530;2018-12-16;"domingo";"16:20:00";"PR";376;640,2;"TIJUCAS DO SUL";"Sim";"Ingestao de alcool";1;"Colisao lateral";"Sem Vitimas";"Pleno dia";"Crescente";"Ceu Claro";"Dupla";"Reta";"Nao";318715;"Utilitario";"CHEV/TRAILBLAZER LT D4A";2018;"Condutor";"Ileso";44;"Masculino";1;0;0;0;"-25.78628999";"-49.12296295";"SR-PR";"DEL7/1";"UOP08/PR"
178601;392873;2018-12-16;"domingo";"16:49:00";"SC";163;91,6;"GUARACIABA";"Nao";"Ingestao de alcool";1;"Colisao traseira";"Sem Vitimas";"Pleno dia";"Decrescente";"Ceu Claro";"Simples";"Reta";"Nao";318355;"Automóvel";"I/FORD FOCUS 2L FC FLEX";2011;"Condutor";"Ileso";44;"Masculino";1;0;0;0;"-26.55444349";"-53.51533771";"SR-SC";"DEL7";"UOP03/SC"
178601;392876;2018-12-16;"domingo";"16:49:00";"SC";163;91,6;"GUARACIABA";"Nao";"Ingestao de alcool";1;"Colisao traseira";"Sem Vitimas";"Pleno dia";"Decrescente";"Ceu Claro";"Simples";"Reta";"Nao";318391;"Automóvel";"FIAT/LINEA ESSENCE DUAL";2012;"Condutor";"Ileso";36;"Masculino";1;0;0;0;"-26.55444349";"-53.51533771";"SR-SC";"DEL7";"UOP03/SC"
178613;393064;2018-12-16;"domingo";"17:35:00";"GO";60;100;"ANAPOLIS";"Sim";"Ingestao de alcool";1;"Colisao com objeto estatico";"Com Vitimas Feridas";"Pleno dia";"Crescente";"Sol";"Dupla";"Viaduto";"Sim";318449;"Motocicleta";"HONDA/CG 125 TITAN ES";2001;"Condutor";"Lesoes Leves";47;"Masculino";0;1;0;0;"-16.3979";"-48.9664";"SR-GO";"DEL1/2";"UOP01/GO"
178625;393015;2018-12-16;"domingo";"18:15:00";"SC";101;199;"SAO JOSE";"Sim";"Ingestao de alcool";1;"Colisao lateral";"Sem Vitimas";"Pleno dia";"Decrescente";"Ceu Claro";"Multipla";"Intersecao de vias";"Sim";318414;"Automóvel";"VW/FUSCA 1500";NA;"Condutor";"Nao Informado";NA;"Nao Informado";0;0;0;0;"-27.5402";"-48.6226";"SR-SC";"DEL8/1";"UOP01/SC"
178625;393019;2018-12-16;"domingo";"18:15:00";"SC";101;199;"SAO JOSE";"Sim";"Ingestao de alcool";1;"Colisao lateral";"Sem Vitimas";"Pleno dia";"Decrescente";"Ceu Claro";"Multipla";"Intersecao de vias";"Sim";318413;"Automóvel";"I/HYUNDAI AZERA 3.3 V6";2010;"Condutor";"Ileso";45;"Feminino";1;0;0;0;"-27.5402";"-48.6226";"SR-SC";"DEL8/1";"UOP01/SC"
178632;393967;2018-12-16;"domingo";"17:45:00";"RS";290;77;"GRAVATAI";"Sim";"Ingestao de alcool";2;"Incęndio";"Sem Vitimas";"Pleno dia";"Decrescente";"Sol";"Dupla";"Reta";"Sim";318488;"Caminhao-trator";"VOLVO/FH 440 6X2T";2010;"Condutor";"Ileso";44;"Feminino";1;0;0;0;"-29.955027";"-51.027363";"SR-RS";"DEL9/1";"UOP01/RS"
178639;392999;2018-12-16;"domingo";"16:15:00";"PR";376;471,3;"PONTA GROSSA";"Nao";"Ingestao de alcool";2;"Queda de ocupante de veiculo";"Com Vitimas Feridas";"Pleno dia";"Crescente";"Nublado";"Dupla";"Nao Informado";"Nao";318427;"Automóvel";"FORD/FIESTA";2002;"Condutor";"Ileso";69;"Masculino";1;0;0;0;"-25.02362643";"-50.32886359";"SR-PR";"DEL7/3";"UOP01/PR"
178639;393003;2018-12-16;"domingo";"16:15:00";"PR";376;471,3;"PONTA GROSSA";"Nao";"Ingestao de alcool";2;"Queda de ocupante de veiculo";"Com Vitimas Feridas";"Pleno dia";"Crescente";"Nublado";"Dupla";"Nao Informado";"Nao";318427;"Automóvel";"FORD/FIESTA";2002;"Passageiro";"Ileso";53;"Feminino";1;0;0;0;"-25.02362643";"-50.32886359";"SR-PR";"DEL7/3";"UOP01/PR"
178639;393000;2018-12-16;"domingo";"16:15:00";"PR";376;471,3;"PONTA GROSSA";"Nao";"Ingestao de alcool";2;"Queda de ocupante de veiculo";"Com Vitimas Feridas";"Pleno dia";"Crescente";"Nublado";"Dupla";"Nao Informado";"Nao";318428;"Motocicleta";"HONDA/CBX 250 TWISTER";2008;"Condutor";"Lesoes Graves";23;"Masculino";0;0;1;0;"-25.02362643";"-50.32886359";"SR-PR";"DEL7/3";"UOP01/PR"
178643;393094;2018-12-16;"domingo";"18:40:00";"PR";376;185,9;"SARANDI";"Sim";"Ingestao de alcool";1;"Colisao lateral";"Com Vitimas Feridas";"Pleno dia";"Crescente";"Ceu Claro";"Dupla";"Reta";"Sim";318432;"Automóvel";"I/VW SPACEFOX ROUTE";2009;"Condutor";"Ileso";31;"Masculino";1;0;0;0;"-23.441591";"-51.870674";"SR-PR";"DEL7/7";"UOP04/PR"
178643;393090;2018-12-16;"domingo";"18:40:00";"PR";376;185,9;"SARANDI";"Sim";"Ingestao de alcool";1;"Colisao lateral";"Com Vitimas Feridas";"Pleno dia";"Crescente";"Ceu Claro";"Dupla";"Reta";"Sim";318431;"Motocicleta";"JTA/SUZUKI EN125 YES";2007;"Condutor";"Lesoes Leves";62;"Masculino";0;1;0;0;"-23.441591";"-51.870674";"SR-PR";"DEL7/7";"UOP04/PR"
178653;394975;2018-12-16;"domingo";"20:00:00";"PR";376;217,7;"JANDAIA DO SUL";"Nao";"Ingestao de alcool";1;"Colisao transversal";"Sem Vitimas";"Anoitecer";"Decrescente";"Ceu Claro";"Simples";"Intersecao de vias";"Sim";318653;"Automóvel";"GM/CELTA 4P LIFE";2010;"Condutor";"Ileso";50;"Feminino";1;0;0;0;"-23.5969493";"-51.635332";"SR-PR";"DEL7/7";"UOP03/PR"
178653;394977;2018-12-16;"domingo";"20:00:00";"PR";376;217,7;"JANDAIA DO SUL";"Nao";"Ingestao de alcool";1;"Colisao transversal";"Sem Vitimas";"Anoitecer";"Decrescente";"Ceu Claro";"Simples";"Intersecao de vias";"Sim";318654;"Automóvel";"GM/MONZA SL";1986;"Condutor";"Ileso";32;"Masculino";1;0;0;0;"-23.5969493";"-51.635332";"SR-PR";"DEL7/7";"UOP03/PR"
178656;394203;2018-12-16;"domingo";"19:47:00";"SP";153;57;"SAO JOSE DO RIO PRETO";"Sim";"Ingestao de alcool";1;"Colisao frontal";"Com Vitimas Feridas";"Plena Noite";"Crescente";"Ceu Claro";"Simples";"Curva";"Sim";318503;"Automóvel";"GM/ASTRA SEDAN ELEGANCE";2008;"Condutor";"Lesoes Graves";35;"Masculino";0;0;1;0;"-20.769854";"-49.349796";"SR-SP";"DEL6/9";"UOP01/SP"
178656;393009;2018-12-16;"domingo";"19:47:00";"SP";153;57;"SAO JOSE DO RIO PRETO";"Sim";"Ingestao de alcool";1;"Colisao frontal";"Com Vitimas Feridas";"Plena Noite";"Crescente";"Ceu Claro";"Simples";"Curva";"Sim";318504;"Caminhao-trator";"M.BENZ/AXOR 2536 S";2016;"Condutor";"Lesoes Leves";64;"Masculino";0;1;0;0;"-20.769854";"-49.349796";"SR-SP";"DEL6/9";"UOP01/SP"
178663;393144;2018-12-16;"domingo";"19:20:00";"RN";101;94,4;"NATAL";"Sim";"Ingestao de alcool";1;"Colisao traseira";"Com Vitimas Feridas";"Plena Noite";"Decrescente";"Chuva";"Dupla";"Reta";"Sim";318540;"Automóvel";"HONDA/CIVIC TOURING CVT";2017;"Condutor";"Ileso";25;"Masculino";1;0;0;0;"-5.831766";"-35.211914";"SR-RN";"DEL15/1";"UOP01/RN"
178663;393146;2018-12-16;"domingo";"19:20:00";"RN";101;94,4;"NATAL";"Sim";"Ingestao de alcool";1;"Colisao traseira";"Com Vitimas Feridas";"Plena Noite";"Decrescente";"Chuva";"Dupla";"Reta";"Sim";318541;"Automóvel";"AUDI/A3 LM 150CV";2015;"Condutor";"Lesoes Leves";32;"Feminino";0;1;0;0;"-5.831766";"-35.211914";"SR-RN";"DEL15/1";"UOP01/RN"
178663;393148;2018-12-16;"domingo";"19:20:00";"RN";101;94,4;"NATAL";"Sim";"Ingestao de alcool";1;"Colisao traseira";"Com Vitimas Feridas";"Plena Noite";"Decrescente";"Chuva";"Dupla";"Reta";"Sim";318542;"Automóvel";"FIAT/IDEA ELX FLEX";2006;"Condutor";"Ileso";30;"Feminino";1;0;0;0;"-5.831766";"-35.211914";"SR-RN";"DEL15/1";"UOP01/RN"
178667;392961;2018-12-16;"domingo";"19:55:00";"PE";316;83,3;"OURICURI";"Sim";"Ingestao de alcool";1;"Queda de ocupante de veiculo";"Com Vitimas Feridas";"Plena Noite";"Crescente";"Ceu Claro";"Dupla";"Intersecao de vias";"Sim";318475;"Motocicleta";"HONDA/POP 110I";2016;"Condutor";"Lesoes Leves";18;"Feminino";0;1;0;0;"-7.87852636";"-40.07801771";"SR-PE";"DEL11/5";"UOP02/PE"
178681;393091;2018-12-16;"domingo";"21:30:00";"RS";392;668;"SALVADOR DAS MISSOES";"Sim";"Ingestao de alcool";1;"Saida de leito carrocavel";"Com Vitimas Feridas";"Plena Noite";"Decrescente";"Ceu Claro";"Simples";"Reta";"Nao";318582;"Automóvel";"GM/CORSA WIND";1994;"Passageiro";"Lesoes Leves";21;"Masculino";0;1;0;0;"-28.121378";"-54.789608";"SR-RS";"DEL9/10";"UOP01/RS"
178681;393089;2018-12-16;"domingo";"21:30:00";"RS";392;668;"SALVADOR DAS MISSOES";"Sim";"Ingestao de alcool";1;"Saida de leito carrocavel";"Com Vitimas Feridas";"Plena Noite";"Decrescente";"Ceu Claro";"Simples";"Reta";"Nao";318582;"Automóvel";"GM/CORSA WIND";1994;"Condutor";"Lesoes Leves";24;"Masculino";0;1;0;0;"-28.121378";"-54.789608";"SR-RS";"DEL9/10";"UOP01/RS"
178681;393093;2018-12-16;"domingo";"21:30:00";"RS";392;668;"SALVADOR DAS MISSOES";"Sim";"Ingestao de alcool";1;"Saida de leito carrocavel";"Com Vitimas Feridas";"Plena Noite";"Decrescente";"Ceu Claro";"Simples";"Reta";"Nao";318582;"Automóvel";"GM/CORSA WIND";1994;"Passageiro";"Lesoes Leves";24;"Masculino";0;1;0;0;"-28.121378";"-54.789608";"SR-RS";"DEL9/10";"UOP01/RS"
178681;393095;2018-12-16;"domingo";"21:30:00";"RS";392;668;"SALVADOR DAS MISSOES";"Sim";"Ingestao de alcool";1;"Saida de leito carrocavel";"Com Vitimas Feridas";"Plena Noite";"Decrescente";"Ceu Claro";"Simples";"Reta";"Nao";318582;"Automóvel";"GM/CORSA WIND";1994;"Passageiro";"Lesoes Leves";23;"Masculino";0;1;0;0;"-28.121378";"-54.789608";"SR-RS";"DEL9/10";"UOP01/RS"
178686;395033;2018-12-16;"domingo";"21:45:00";"PR";116;123;"CURITIBA";"Sim";"Ingestao de alcool";1;"Colisao lateral";"Sem Vitimas";"Plena Noite";"Crescente";"Ceu Claro";"Dupla";"Curva";"Sim";318513;"Caminhonete";"NISSAN/FRONTIER LE 25 X4";2008;"Condutor";"Ileso";35;"Masculino";1;0;0;0;"-25.551222";"-49.305038";"SR-PR";"DEL7/1";"UOP03/PR"
178686;395218;2018-12-16;"domingo";"21:45:00";"PR";116;123;"CURITIBA";"Sim";"Ingestao de alcool";1;"Colisao lateral";"Sem Vitimas";"Plena Noite";"Crescente";"Ceu Claro";"Dupla";"Curva";"Sim";320157;"Automóvel";"";NA;"Condutor";"Ileso";NA;"Masculino";1;0;0;0;"-25.551222";"-49.305038";"SR-PR";"DEL7/1";"UOP03/PR"
178688;394481;2018-12-16;"domingo";"21:10:00";"MS";163;261,2;"DOURADOS";"Sim";"Ingestao de alcool";3;"Queda de ocupante de veiculo";"Com Vitimas Feridas";"Plena Noite";"Decrescente";"Ceu Claro";"Dupla";"Reta";"Nao";318505;"Automóvel";"GM/KADETT GL";1994;"Condutor";"Ileso";35;"Masculino";1;0;0;0;"-22.23812858";"-54.76416978";"SR-MS";"DEL3/4";"UOP01/MS"
178688;394565;2018-12-16;"domingo";"21:10:00";"MS";163;261,2;"DOURADOS";"Sim";"Ingestao de alcool";3;"Queda de ocupante de veiculo";"Com Vitimas Feridas";"Plena Noite";"Decrescente";"Ceu Claro";"Dupla";"Reta";"Nao";319590;"Motoneta";"HONDA/BIZ 125 ES";2007;"Passageiro";"Lesoes Graves";3;"Feminino";0;0;1;0;"-22.23812858";"-54.76416978";"SR-MS";"DEL3/4";"UOP01/MS"
178688;394562;2018-12-16;"domingo";"21:10:00";"MS";163;261,2;"DOURADOS";"Sim";"Ingestao de alcool";3;"Queda de ocupante de veiculo";"Com Vitimas Feridas";"Plena Noite";"Decrescente";"Ceu Claro";"Dupla";"Reta";"Nao";319590;"Motoneta";"HONDA/BIZ 125 ES";2007;"Passageiro";"Lesoes Graves";22;"Feminino";0;0;1;0;"-22.23812858";"-54.76416978";"SR-MS";"DEL3/4";"UOP01/MS"
178688;394485;2018-12-16;"domingo";"21:10:00";"MS";163;261,2;"DOURADOS";"Sim";"Ingestao de alcool";3;"Queda de ocupante de veiculo";"Com Vitimas Feridas";"Plena Noite";"Decrescente";"Ceu Claro";"Dupla";"Reta";"Nao";319590;"Motoneta";"HONDA/BIZ 125 ES";2007;"Condutor";"Lesoes Leves";24;"Masculino";0;1;0;0;"-22.23812858";"-54.76416978";"SR-MS";"DEL3/4";"UOP01/MS"
178689;394953;2018-12-16;"domingo";"20:55:00";"SP";116;165;"JACAREI";"Sim";"Ingestao de alcool";1;"Colisao traseira";"Sem Vitimas";"Plena Noite";"Crescente";"Ceu Claro";"Multipla";"Reta";"Nao";318679;"Automóvel";"I/KIA PICANTO EX2 1.0L";2008;"Condutor";"Ileso";39;"Feminino";1;0;0;0;"-23.2964207";"-46.00740016";"SR-SP";"DEL6/2";"UOP01/SP"
178689;394956;2018-12-16;"domingo";"20:55:00";"SP";116;165;"JACAREI";"Sim";"Ingestao de alcool";1;"Colisao traseira";"Sem Vitimas";"Plena Noite";"Crescente";"Ceu Claro";"Multipla";"Reta";"Nao";318680;"Ônibus";"MBENZ/MPOLO PARADISO DD";2018;"Condutor";"Ileso";43;"Masculino";1;0;0;0;"-23.2964207";"-46.00740016";"SR-SP";"DEL6/2";"UOP01/SP"
178693;393101;2018-12-16;"domingo";"22:20:00";"RS";386;343;"LAJEADO";"Sim";"Ingestao de alcool";1;"Colisao traseira";"Sem Vitimas";"Plena Noite";"Decrescente";"Ceu Claro";"Simples";"Reta";"Nao";318640;"Automóvel";"FIAT/SIENA 1.4 TETRAFUEL";2009;"Condutor";"Ileso";27;"Masculino";1;0;0;0;"-29.434835";"-52.002365";"SR-RS";"DEL9/4";"UOP01/RS"
178693;393100;2018-12-16;"domingo";"22:20:00";"RS";386;343;"LAJEADO";"Sim";"Ingestao de alcool";1;"Colisao traseira";"Sem Vitimas";"Plena Noite";"Decrescente";"Ceu Claro";"Simples";"Reta";"Nao";318639;"Automóvel";"GM/CHEVETTE SL";1986;"Condutor";"Ileso";78;"Masculino";1;0;0;0;"-29.434835";"-52.002365";"SR-RS";"DEL9/4";"UOP01/RS"
178700;393022;2018-12-16;"domingo";"21:30:00";"RS";116;1,5;"VACARIA";"Sim";"Ingestao de alcool";2;"Tombamento";"Com Vitimas Feridas";"Plena Noite";"Decrescente";"Ceu Claro";"Simples";"Curva";"Nao";318557;"Motocicleta";"HONDA/CG 150 TITAN KS";2004;"Condutor";"Lesoes Leves";29;"Masculino";0;1;0;0;"-28.219131";"-50.757889";"SR-RS";"DEL9/5";"UOP03/RS"