"id";"pesid";"data_inversa";"dia_semana";"horario";"uf";"br";"km";"municipio";"causa_principal";"causa_acidente";"ordem_tipo_acidente";"tipo_acidente";"classificacao_acidente";"fase_dia";"sentido_via";"condicao_metereologica";"tipo_pista";"tracado_via";"uso_solo";"id_veiculo";"tipo_veiculo";"marca";"ano_fabricacao_veiculo";"tipo_envolvido";"estado_fisico";"idade";"sexo";"ilesos";"feridos_leves";"feridos_graves";"mortos";"latitude";"longitude";"regional";"delegacia";"uop"
180139;397676;2018-12-22;"sabado";"16:35:00";"GO";40;0,5;"VALPARAISO DE GOIAS";"Nao";"Ingestao de alcool";1;"Atropelamento de Pedestre";"Com Vitimas Feridas";"Pleno dia";"Crescente";"Ceu Claro";"Dupla";"Reta";"Sim";321257;"Motocicleta";"HONDA/NXR160 BROS ESD";2015;"Pedestre";"Lesoes Leves";25;"Feminino";0;1;0;0;"-16.0532938";"-47.9820609";"SR-DF";"GO";"UOP01/DF"
180139;397666;2018-12-22;"sabado";"16:35:00";"GO";40;0,5;"VALPARAISO DE GOIAS";"Nao";"Ingestao de alcool";1;"Atropelamento de Pedestre";"Com Vitimas Feridas";"Pleno dia";"Crescente";"Ceu Claro";"Dupla";"Reta";"Sim";321257;"Motocicleta";"HONDA/NXR160 BROS ESD";2015;"Condutor";"Ileso";30;"Masculino";1;0;0;0;"-16.0532938";"-47.9820609";"SR-DF";"GO";"UOP01/DF"
180139;397674;2018-12-22;"sabado";"16:35:00";"GO";40;0,5;"VALPARAISO DE GOIAS";"Nao";"Ingestao de alcool";1;"Atropelamento de Pedestre";"Com Vitimas Feridas";"Pleno dia";"Crescente";"Ceu Claro";"Dupla";"Reta";"Sim";321257;"Motocicleta";"HONDA/NXR160 BROS ESD";2015;"Pedestre";"Lesoes Leves";20;"Feminino";0;1;0;0;"-16.0532938";"-47.9820609";"SR-DF";"GO";"UOP01/DF"
180142;397599;2018-12-22;"sabado";"15:15:00";"MT";163;746;"SORRISO";"Sim";"Ingestao de alcool";2;"Colisao com objeto estatico";"Sem Vitimas";"Pleno dia";"Crescente";"Ceu Claro";"Dupla";"Rotatória";"Nao";321126;"Caminhonete";"FIAT/STRADA FIRE";2003;"Condutor";"Ileso";56;"Masculino";1;0;0;0;"-12.59280496";"-55.74303412";"SR-MT";"DEL2/6";"UOP01/MT"
180152;396573;2018-12-22;"sabado";"16:00:00";"SP";459;25,7;"LORENA";"Sim";"Ingestao de alcool e/ou substâncias psicoativas pelo pedestre";1;"Saida de leito carrocavel";"Com Vitimas Feridas";"Pleno dia";"Decrescente";"Ceu Claro";"Simples";"Rotatória";"Nao";321314;"Motocicleta";"HONDA/CG 125 FAN KS";2009;"Condutor";"Lesoes Graves";30;"Masculino";0;0;1;0;"-22.69177623";"-45.12419209";"SR-SP";"DEL6/8";"UOP03/SP"
180159;396594;2018-12-22;"sabado";"17:00:00";"PR";369;174;"ROLANDIA";"Nao";"Ingestao de alcool";1;"Atropelamento de Pedestre";"Com Vitimas Feridas";"Pleno dia";"Crescente";"Chuva";"Simples";"Nao Informado";"Sim";321306;"Automóvel";"VW/GOL GL";1990;"Pedestre";"Lesoes Graves";55;"Masculino";0;0;1;0;"-23.31838807";"-51.37933105";"SR-PR";"DEL7/7";"UOP01/PR"
180159;396597;2018-12-22;"sabado";"17:00:00";"PR";369;174;"ROLANDIA";"Nao";"Ingestao de alcool";1;"Atropelamento de Pedestre";"Com Vitimas Feridas";"Pleno dia";"Crescente";"Chuva";"Simples";"Nao Informado";"Sim";321306;"Automóvel";"VW/GOL GL";1990;"Testemunha";"Nao Informado";NA;"Nao Informado";0;0;0;0;"-23.31838807";"-51.37933105";"SR-PR";"DEL7/7";"UOP01/PR"
180159;396588;2018-12-22;"sabado";"17:00:00";"PR";369;174;"ROLANDIA";"Nao";"Ingestao de alcool";1;"Atropelamento de Pedestre";"Com Vitimas Feridas";"Pleno dia";"Crescente";"Chuva";"Simples";"Nao Informado";"Sim";321306;"Automóvel";"VW/GOL GL";1990;"Condutor";"Ileso";26;"Masculino";1;0;0;0;"-23.31838807";"-51.37933105";"SR-PR";"DEL7/7";"UOP01/PR"
180161;401375;2018-12-22;"sabado";"16:40:00";"PE";316;25;"ARARIPINA";"Sim";"Ingestao de alcool";3;"Colisao com objeto estatico";"Sem Vitimas";"Pleno dia";"Crescente";"Ceu Claro";"Simples";"Desvio Temporario";"Sim";321317;"Caminhao";"M.BENZ/L 1113";1986;"Condutor";"Ileso";47;"Masculino";1;0;0;0;"-7.59596";"-40.493294";"SR-PE";"DEL11/5";"UOP02/PE"
180161;401380;2018-12-22;"sabado";"16:40:00";"PE";316;25;"ARARIPINA";"Sim";"Ingestao de alcool";3;"Colisao com objeto estatico";"Sem Vitimas";"Pleno dia";"Crescente";"Ceu Claro";"Simples";"Desvio Temporario";"Sim";321318;"Caminhonete";"VW/SAVEIRO 1.6 CS";2012;"Condutor";"Ileso";32;"Masculino";1;0;0;0;"-7.59596";"-40.493294";"SR-PE";"DEL11/5";"UOP02/PE"
180161;401381;2018-12-22;"sabado";"16:40:00";"PE";316;25;"ARARIPINA";"Sim";"Ingestao de alcool";3;"Colisao com objeto estatico";"Sem Vitimas";"Pleno dia";"Crescente";"Ceu Claro";"Simples";"Desvio Temporario";"Sim";321319;"Caminhao";"VW/24.220 EURO3 WORKER";2007;"Condutor";"Nao Informado";NA;"Nao Informado";0;0;0;0;"-7.59596";"-40.493294";"SR-PE";"DEL11/5";"UOP02/PE"
180182;396569;2018-12-22;"sabado";"18:25:00";"MG";116;413;"GOVERNADOR VALADARES";"Sim";"Ingestao de alcool e/ou substâncias psicoativas pelo pedestre";2;"Colisao frontal";"Com Vitimas Feridas";"Pleno dia";"Decrescente";"Ceu Claro";"Simples";"Reta";"Sim";321292;"Automóvel";"FIAT/UNO WAY 1.0";2014;"Condutor";"Ileso";39;"Feminino";1;0;0;0;"-18.878264";"-41.962081";"SR-MG";"DEL4/6";"UOP01/MG"
180182;396574;2018-12-22;"sabado";"18:25:00";"MG";116;413;"GOVERNADOR VALADARES";"Sim";"Ingestao de alcool e/ou substâncias psicoativas pelo pedestre";2;"Colisao frontal";"Com Vitimas Feridas";"Pleno dia";"Decrescente";"Ceu Claro";"Simples";"Reta";"Sim";321293;"Automóvel";"FIAT/PALIO EDX";1997;"Condutor";"Ileso";34;"Masculino";1;0;0;0;"-18.878264";"-41.962081";"SR-MG";"DEL4/6";"UOP01/MG"
180182;396579;2018-12-22;"sabado";"18:25:00";"MG";116;413;"GOVERNADOR VALADARES";"Sim";"Ingestao de alcool e/ou substâncias psicoativas pelo pedestre";2;"Colisao frontal";"Com Vitimas Feridas";"Pleno dia";"Decrescente";"Ceu Claro";"Simples";"Reta";"Sim";321294;"Motocicleta";"HONDA/CG 150 FAN ESI";2011;"Condutor";"Lesoes Leves";24;"Masculino";0;1;0;0;"-18.878264";"-41.962081";"SR-MG";"DEL4/6";"UOP01/MG"
180187;396462;2018-12-22;"sabado";"16:30:00";"SC";101;67,8;"ARAQUARI";"Sim";"Ingestao de alcool";1;"Colisao traseira";"Com Vitimas Feridas";"Pleno dia";"Decrescente";"Chuva";"Dupla";"Reta";"Nao";321202;"Automóvel";"GM/MONZA GLS";1995;"Condutor";"Ileso";37;"Masculino";1;0;0;0;"-26.4964";"-48.7319";"SR-SC";"DEL8/3";"UOP02/SC"
180187;396466;2018-12-22;"sabado";"16:30:00";"SC";101;67,8;"ARAQUARI";"Sim";"Ingestao de alcool";1;"Colisao traseira";"Com Vitimas Feridas";"Pleno dia";"Decrescente";"Chuva";"Dupla";"Reta";"Nao";321202;"Automóvel";"GM/MONZA GLS";1995;"Passageiro";"Lesoes Leves";16;"Masculino";0;1;0;0;"-26.4964";"-48.7319";"SR-SC";"DEL8/3";"UOP02/SC"
180187;396467;2018-12-22;"sabado";"16:30:00";"SC";101;67,8;"ARAQUARI";"Sim";"Ingestao de alcool";1;"Colisao traseira";"Com Vitimas Feridas";"Pleno dia";"Decrescente";"Chuva";"Dupla";"Reta";"Nao";321213;"Automóvel";"I/KIA SPORTAGE LX 2.0 G2";2007;"Condutor";"Ileso";36;"Feminino";1;0;0;0;"-26.4964";"-48.7319";"SR-SC";"DEL8/3";"UOP02/SC"
180194;399002;2018-12-22;"sabado";"18:10:00";"BA";324;622;"SALVADOR";"Sim";"Ingestao de alcool";2;"Capotamento";"Com Vitimas Feridas";"Anoitecer";"Crescente";"Ceu Claro";"Dupla";"Reta";"Sim";321255;"Automóvel";"I/FORD FOCUS 1.6L FC";2006;"Condutor";"Lesoes Leves";34;"Masculino";0;1;0;0;"-12.93316569";"-38.47155619";"SR-BA";"DEL10/1";"UOP01/BA"
180207;396700;2018-12-22;"sabado";"18:30:00";"SC";101;257,5;"PAULO LOPES";"Sim";"Ingestao de alcool";1;"Colisao com objeto estatico";"Sem Vitimas";"Anoitecer";"Crescente";"Chuva";"Simples";"Nao Informado";"Nao";321442;"Automóvel";"HYUNDAI/HB20 1.0M COMFOR";2015;"Condutor";"Ileso";34;"Masculino";1;0;0;0;"-28.00493542";"-48.69453907";"SR-SC";"DEL8/2";"UOP03/SC"
180207;396701;2018-12-22;"sabado";"18:30:00";"SC";101;257,5;"PAULO LOPES";"Sim";"Ingestao de alcool";1;"Colisao com objeto estatico";"Sem Vitimas";"Anoitecer";"Crescente";"Chuva";"Simples";"Nao Informado";"Nao";321442;"Automóvel";"HYUNDAI/HB20 1.0M COMFOR";2015;"Passageiro";"Ileso";36;"Feminino";1;0;0;0;"-28.00493542";"-48.69453907";"SR-SC";"DEL8/2";"UOP03/SC"
180209;396634;2018-12-22;"sabado";"19:00:00";"PE";423;122,8;"PARANATAMA";"Nao";"Ingestao de alcool";1;"Colisao transversal";"Com Vitimas Feridas";"Plena Noite";"Decrescente";"Ceu Claro";"Simples";"Reta";"Nao";321313;"Automóvel";"VW/GOL 1000";1993;"Condutor";"Lesoes Graves";47;"Masculino";0;0;1;0;"-8.919696";"-36.711971";"SR-PE";"DEL11/3";"UOP01/PE"
180209;398780;2018-12-22;"sabado";"19:00:00";"PE";423;122,8;"PARANATAMA";"Nao";"Ingestao de alcool";1;"Colisao transversal";"Com Vitimas Feridas";"Plena Noite";"Decrescente";"Ceu Claro";"Simples";"Reta";"Nao";321313;"Automóvel";"VW/GOL 1000";1993;"Passageiro";"Lesoes Leves";53;"Masculino";0;1;0;0;"-8.919696";"-36.711971";"SR-PE";"DEL11/3";"UOP01/PE"
180209;396627;2018-12-22;"sabado";"19:00:00";"PE";423;122,8;"PARANATAMA";"Nao";"Ingestao de alcool";1;"Colisao transversal";"Com Vitimas Feridas";"Plena Noite";"Decrescente";"Ceu Claro";"Simples";"Reta";"Nao";321312;"Automóvel";"CHEV/PRISMA 1.4MT LTZ";2018;"Passageiro";"Lesoes Graves";9;"Masculino";0;0;1;0;"-8.919696";"-36.711971";"SR-PE";"DEL11/3";"UOP01/PE"
180209;396620;2018-12-22;"sabado";"19:00:00";"PE";423;122,8;"PARANATAMA";"Nao";"Ingestao de alcool";1;"Colisao transversal";"Com Vitimas Feridas";"Plena Noite";"Decrescente";"Ceu Claro";"Simples";"Reta";"Nao";321312;"Automóvel";"CHEV/PRISMA 1.4MT LTZ";2018;"Condutor";"Lesoes Leves";34;"Masculino";0;1;0;0;"-8.919696";"-36.711971";"SR-PE";"DEL11/3";"UOP01/PE"
180209;396623;2018-12-22;"sabado";"19:00:00";"PE";423;122,8;"PARANATAMA";"Nao";"Ingestao de alcool";1;"Colisao transversal";"Com Vitimas Feridas";"Plena Noite";"Decrescente";"Ceu Claro";"Simples";"Reta";"Nao";321312;"Automóvel";"CHEV/PRISMA 1.4MT LTZ";2018;"Passageiro";"Lesoes Leves";12;"Masculino";0;1;0;0;"-8.919696";"-36.711971";"SR-PE";"DEL11/3";"UOP01/PE"
180214;397260;2018-12-22;"sabado";"18:00:00";"RR";174;503;"BOA VISTA";"Sim";"Ingestao de alcool";1;"Colisao traseira";"Sem Vitimas";"Plena Noite";"Decrescente";"Ceu Claro";"Dupla";"Reta";"Sim";321283;"Caminhonete";"FIAT/STRADA WORKING CD";2014;"Passageiro";"Ileso";32;"Masculino";1;0;0;0;"2.794901";"-60.698441";"SR-RR";"UOP01/RR";""
180214;397252;2018-12-22;"sabado";"18:00:00";"RR";174;503;"BOA VISTA";"Sim";"Ingestao de alcool";1;"Colisao traseira";"Sem Vitimas";"Plena Noite";"Decrescente";"Ceu Claro";"Dupla";"Reta";"Sim";321283;"Caminhonete";"FIAT/STRADA WORKING CD";2014;"Condutor";"Ileso";20;"Masculino";1;0;0;0;"2.794901";"-60.698441";"SR-RR";"UOP01/RR";""
180214;397262;2018-12-22;"sabado";"18:00:00";"RR";174;503;"BOA VISTA";"Sim";"Ingestao de alcool";1;"Colisao traseira";"Sem Vitimas";"Plena Noite";"Decrescente";"Ceu Claro";"Dupla";"Reta";"Sim";321283;"Caminhonete";"FIAT/STRADA WORKING CD";2014;"Passageiro";"Ileso";34;"Masculino";1;0;0;0;"2.794901";"-60.698441";"SR-RR";"UOP01/RR";""
180214;397264;2018-12-22;"sabado";"18:00:00";"RR";174;503;"BOA VISTA";"Sim";"Ingestao de alcool";1;"Colisao traseira";"Sem Vitimas";"Plena Noite";"Decrescente";"Ceu Claro";"Dupla";"Reta";"Sim";321283;"Caminhonete";"FIAT/STRADA WORKING CD";2014;"Passageiro";"Ileso";4;"Feminino";1;0;0;0;"2.794901";"-60.698441";"SR-RR";"UOP01/RR";""
180214;397266;2018-12-22;"sabado";"18:00:00";"RR";174;503;"BOA VISTA";"Sim";"Ingestao de alcool";1;"Colisao traseira";"Sem Vitimas";"Plena Noite";"Decrescente";"Ceu Claro";"Dupla";"Reta";"Sim";321284;"Automóvel";"CHEVROLET/COBALT 1.4 LT";2012;"Condutor";"Ileso";48;"Masculino";1;0;0;0;"2.794901";"-60.698441";"SR-RR";"UOP01/RR";""
180219;398608;2018-12-22;"sabado";"21:10:00";"SP";116;1,8;"QUELUZ";"Sim";"Ingestao de alcool";1;"Tombamento";"Com Vitimas Feridas";"Plena Noite";"Crescente";"Ceu Claro";"Dupla";"Reta";"Nao";321368;"Caminhao-trator";"VOLVO/VM 330 4X2T";2013;"Condutor";"Lesoes Leves";62;"Masculino";0;1;0;0;"-22.518595";"-44.707973";"SR-SP";"DEL6/8";"UOP01/SP"
180221;396710;2018-12-22;"sabado";"21:10:00";"MG";40;484;"SETE LAGOAS";"Sim";"Ingestao de alcool";1;"Queda de ocupante de veiculo";"Com Vitimas Feridas";"Plena Noite";"Crescente";"Ceu Claro";"Dupla";"Reta";"Nao";321296;"Motocicleta";"HONDA/CG 125 FAN KS";2014;"Condutor";"Lesoes Leves";23;"Masculino";0;1;0;0;"-19.5858";"-44.2279";"SR-MG";"DEL4/2";"UOP01/MG"
180230;396518;2018-12-22;"sabado";"18:30:00";"SC";282;355;"CAMPOS NOVOS";"Sim";"Ingestao de alcool";2;"Saida de leito carrocavel";"Sem Vitimas";"Pleno dia";"Crescente";"Chuva";"Simples";"Reta";"Nao";321261;"Automóvel";"GM/PRISMA MAXX";2010;"Condutor";"Ileso";37;"Masculino";1;0;0;0;"-27.350309";"-51.335823";"SR-SC";"DEL7";"UOP08/SC"
180230;396521;2018-12-22;"sabado";"18:30:00";"SC";282;355;"CAMPOS NOVOS";"Sim";"Ingestao de alcool";2;"Saida de leito carrocavel";"Sem Vitimas";"Pleno dia";"Crescente";"Chuva";"Simples";"Reta";"Nao";321262;"Automóvel";"VW/FOX 1.0 GII";2011;"Condutor";"Ileso";23;"Masculino";1;0;0;0;"-27.350309";"-51.335823";"SR-SC";"DEL7";"UOP08/SC"
180230;396524;2018-12-22;"sabado";"18:30:00";"SC";282;355;"CAMPOS NOVOS";"Sim";"Ingestao de alcool";2;"Saida de leito carrocavel";"Sem Vitimas";"Pleno dia";"Crescente";"Chuva";"Simples";"Reta";"Nao";321262;"Automóvel";"VW/FOX 1.0 GII";2011;"Passageiro";"Ileso";23;"Feminino";1;0;0;0;"-27.350309";"-51.335823";"SR-SC";"DEL7";"UOP08/SC"
180230;396526;2018-12-22;"sabado";"18:30:00";"SC";282;355;"CAMPOS NOVOS";"Sim";"Ingestao de alcool";2;"Saida de leito carrocavel";"Sem Vitimas";"Pleno dia";"Crescente";"Chuva";"Simples";"Reta";"Nao";321262;"Automóvel";"VW/FOX 1.0 GII";2011;"Testemunha";"Nao Informado";NA;"Nao Informado";0;0;0;0;"-27.350309";"-51.335823";"SR-SC";"DEL7";"UOP08/SC"
180236;398967;2018-12-22;"sabado";"21:50:00";"PR";116;26;"CAMPINA GRANDE DO SUL";"Sim";"Ingestao de alcool";1;"Tombamento";"Sem Vitimas";"Plena Noite";"Decrescente";"Nublado";"Dupla";"Curva";"Nao";321470;"Caminhao-trator";"VOLVO/FH12 380 4X2 T";2000;"Condutor";"Ileso";52;"Masculino";1;0;0;0;"-25.106836";"-48.785343";"SR-PR";"DEL7/1";"UOP02/PR"
180241;396657;2018-12-22;"sabado";"20:10:00";"BA";415;47,2;"ITABUNA";"Sim";"Ingestao de alcool";1;"Atropelamento de Pedestre";"Com Vitimas Feridas";"Plena Noite";"Crescente";"Ceu Claro";"Simples";"Reta";"Sim";321281;"Motocicleta";"HONDA/CB 300R";2014;"Condutor";"Lesoes Leves";25;"Masculino";0;1;0;0;"-14.815745";"-39.296124";"SR-BA";"DEL10/5";"UOP01/BA"
180241;396658;2018-12-22;"sabado";"20:10:00";"BA";415;47,2;"ITABUNA";"Sim";"Ingestao de alcool";1;"Atropelamento de Pedestre";"Com Vitimas Feridas";"Plena Noite";"Crescente";"Ceu Claro";"Simples";"Reta";"Sim";321281;"Motocicleta";"HONDA/CB 300R";2014;"Pedestre";"Lesoes Graves";73;"Masculino";0;0;1;0;"-14.815745";"-39.296124";"SR-BA";"DEL10/5";"UOP01/BA"
180246;399188;2018-12-22;"sabado";"21:20:00";"RN";101;95;"NATAL";"Sim";"Ingestao de alcool";1;"Engavetamento";"Sem Vitimas";"Plena Noite";"Decrescente";"Ceu Claro";"Dupla";"Reta";"Sim";321346;"Caminhonete";"VW/NOVA SAVEIRO TL MBVS";2017;"Condutor";"Ileso";44;"Masculino";1;0;0;0;"-5.840768";"-35.210358";"SR-RN";"DEL15/1";"UOP01/RN"
180246;399190;2018-12-22;"sabado";"21:20:00";"RN";101;95;"NATAL";"Sim";"Ingestao de alcool";1;"Engavetamento";"Sem Vitimas";"Plena Noite";"Decrescente";"Ceu Claro";"Dupla";"Reta";"Sim";321347;"Camioneta";"I/HYUNDAI TUCSON GL 20L";2009;"Condutor";"Ileso";19;"Masculino";1;0;0;0;"-5.840768";"-35.210358";"SR-RN";"DEL15/1";"UOP01/RN"
180246;399191;2018-12-22;"sabado";"21:20:00";"RN";101;95;"NATAL";"Sim";"Ingestao de alcool";1;"Engavetamento";"Sem Vitimas";"Plena Noite";"Decrescente";"Ceu Claro";"Dupla";"Reta";"Sim";321348;"Caminhonete";"I/FORD RANGER XLSCD4A22C";2016;"Condutor";"Ileso";31;"Masculino";1;0;0;0;"-5.840768";"-35.210358";"SR-RN";"DEL15/1";"UOP01/RN"
180247;398925;2018-12-22;"sabado";"21:20:00";"MS";163;490,9;"CAMPO GRANDE";"Sim";"Ingestao de alcool";1;"Colisao frontal";"Com Vitimas Feridas";"Plena Noite";"Crescente";"Ceu Claro";"Simples";"Reta";"Nao";321403;"Automóvel";"FIAT/UNO MILLE ECONOMY";2011;"Passageiro";"Lesoes Leves";35;"Masculino";0;1;0;0;"-20.392156";"-54.555303";"SR-MS";"DEL3/1";"UOP02/MS"
180247;398940;2018-12-22;"sabado";"21:20:00";"MS";163;490,9;"CAMPO GRANDE";"Sim";"Ingestao de alcool";1;"Colisao frontal";"Com Vitimas Feridas";"Plena Noite";"Crescente";"Ceu Claro";"Simples";"Reta";"Nao";321404;"Automóvel";"VW/NOVO VOYAGE TL MBV";2017;"Passageiro";"Lesoes Leves";24;"Feminino";0;1;0;0;"-20.392156";"-54.555303";"SR-MS";"DEL3/1";"UOP02/MS"
180247;398912;2018-12-22;"sabado";"21:20:00";"MS";163;490,9;"CAMPO GRANDE";"Sim";"Ingestao de alcool";1;"Colisao frontal";"Com Vitimas Feridas";"Plena Noite";"Crescente";"Ceu Claro";"Simples";"Reta";"Nao";321403;"Automóvel";"FIAT/UNO MILLE ECONOMY";2011;"Condutor";"Lesoes Leves";40;"Feminino";0;1;0;0;"-20.392156";"-54.555303";"SR-MS";"DEL3/1";"UOP02/MS"
180247;398920;2018-12-22;"sabado";"21:20:00";"MS";163;490,9;"CAMPO GRANDE";"Sim";"Ingestao de alcool";1;"Colisao frontal";"Com Vitimas Feridas";"Plena Noite";"Crescente";"Ceu Claro";"Simples";"Reta";"Nao";321403;"Automóvel";"FIAT/UNO MILLE ECONOMY";2011;"Passageiro";"Lesoes Graves";42;"Masculino";0;0;1;0;"-20.392156";"-54.555303";"SR-MS";"DEL3/1";"UOP02/MS"
180247;398937;2018-12-22;"sabado";"21:20:00";"MS";163;490,9;"CAMPO GRANDE";"Sim";"Ingestao de alcool";1;"Colisao frontal";"Com Vitimas Feridas";"Plena Noite";"Crescente";"Ceu Claro";"Simples";"Reta";"Nao";321404;"Automóvel";"VW/NOVO VOYAGE TL MBV";2017;"Condutor";"Lesoes Leves";26;"Masculino";0;1;0;0;"-20.392156";"-54.555303";"SR-MS";"DEL3/1";"UOP02/MS"
180270;398897;2018-12-22;"sabado";"23:30:00";"MS";163;499,4;"CAMPO GRANDE";"Nao";"Ingestao de alcool";3;"Colisao com objeto estatico";"Com Vitimas Feridas";"Plena Noite";"Crescente";"Ceu Claro";"Simples";"Reta";"Nao";321406;"Automóvel";"I/HYUNDAI I30 2.0";2010;"Condutor";"Lesoes Leves";44;"Masculino";0;1;0;0;"-20.328402";"-54.51878";"SR-MS";"DEL3/1";"UOP02/MS"
180270;398898;2018-12-22;"sabado";"23:30:00";"MS";163;499,4;"CAMPO GRANDE";"Nao";"Ingestao de alcool";3;"Colisao com objeto estatico";"Com Vitimas Feridas";"Plena Noite";"Crescente";"Ceu Claro";"Simples";"Reta";"Nao";321406;"Automóvel";"I/HYUNDAI I30 2.0";2010;"Passageiro";"Ileso";49;"Feminino";1;0;0;0;"-20.328402";"-54.51878";"SR-MS";"DEL3/1";"UOP02/MS"
180270;398907;2018-12-22;"sabado";"23:30:00";"MS";163;499,4;"CAMPO GRANDE";"Nao";"Ingestao de alcool";3;"Colisao com objeto estatico";"Com Vitimas Feridas";"Plena Noite";"Crescente";"Ceu Claro";"Simples";"Reta";"Nao";321407;"Automóvel";"VW/GOL GL";1989;"Condutor";"Ileso";46;"Masculino";1;0;0;0;"-20.328402";"-54.51878";"SR-MS";"DEL3/1";"UOP02/MS"
180270;398908;2018-12-22;"sabado";"23:30:00";"MS";163;499,4;"CAMPO GRANDE";"Nao";"Ingestao de alcool";3;"Colisao com objeto estatico";"Com Vitimas Feridas";"Plena Noite";"Crescente";"Ceu Claro";"Simples";"Reta";"Nao";321407;"Automóvel";"VW/GOL GL";1989;"Passageiro";"Ileso";23;"Masculino";1;0;0;0;"-20.328402";"-54.51878";"SR-MS";"DEL3/1";"UOP02/MS"
180270;398904;2018-12-22;"sabado";"23:30:00";"MS";163;499,4;"CAMPO GRANDE";"Nao";"Ingestao de alcool";3;"Colisao com objeto estatico";"Com Vitimas Feridas";"Plena Noite";"Crescente";"Ceu Claro";"Simples";"Reta";"Nao";321406;"Automóvel";"I/HYUNDAI I30 2.0";2010;"Passageiro";"Lesoes Leves";18;"Feminino";0;1;0;0;"-20.328402";"-54.51878";"SR-MS";"DEL3/1";"UOP02/MS"
180275;398894;2018-12-22;"sabado";"23:20:00";"SC";101;255;"PAULO LOPES";"Sim";"Ingestao de alcool";2;"Tombamento";"Sem Vitimas";"Plena Noite";"Crescente";"Chuva";"Simples";"Curva";"Nao";321359;"Automóvel";"FIAT/UNO VIVACE 1.0";2011;"Condutor";"Nao Informado";NA;"Nao Informado";0;0;0;0;"-27.9949";"-48.6853";"SR-SC";"DEL8/2";"UOP03/SC"
180279;398267;2018-12-22;"sabado";"23:40:00";"SP";116;116,5;"TAUBATE";"Sim";"Ingestao de alcool";1;"Colisao traseira";"Sem Vitimas";"Plena Noite";"Decrescente";"Nublado";"Dupla";"Reta";"Nao";321395;"Automóvel";"FIAT/UNO MILLE WAY ECON";2009;"Condutor";"Ileso";37;"Masculino";1;0;0;0;"-23.053757";"-45.608791";"SR-SP";"DEL6";"UOP02/SP"
180279;398299;2018-12-22;"sabado";"23:40:00";"SP";116;116,5;"TAUBATE";"Sim";"Ingestao de alcool";1;"Colisao traseira";"Sem Vitimas";"Plena Noite";"Decrescente";"Nublado";"Dupla";"Reta";"Nao";321396;"Automóvel";"FIAT/PALIO ELX FLEX";2010;"Condutor";"Ileso";38;"Masculino";1;0;0;0;"-23.053757";"-45.608791";"SR-SP";"DEL6";"UOP02/SP"
180280;401082;2018-12-23;"domingo";"00:50:00";"MG";116;374,9;"FREI INOCENCIO";"Sim";"Ingestao de alcool";1;"Colisao lateral";"Sem Vitimas";"Plena Noite";"Decrescente";"Ceu Claro";"Simples";"Reta";"Sim";324307;"Automóvel";"FORD/FIESTA";1997;"Condutor";"Ileso";57;"Masculino";1;0;0;0;"-18.570463";"-41.909547";"SR-MG";"DEL4/11";"UOP01/MG"
180280;401076;2018-12-23;"domingo";"00:50:00";"MG";116;374,9;"FREI INOCENCIO";"Sim";"Ingestao de alcool";1;"Colisao lateral";"Sem Vitimas";"Plena Noite";"Decrescente";"Ceu Claro";"Simples";"Reta";"Sim";324298;"Caminhao-trator";"VOLVO/FH 440 6X2T";2008;"Condutor";"Ileso";35;"Masculino";1;0;0;0;"-18.570463";"-41.909547";"SR-MG";"DEL4/11";"UOP01/MG"
180287;398734;2018-12-23;"domingo";"00:30:00";"GO";40;7,4;"VALPARAISO DE GOIAS";"Sim";"Ingestao de alcool";2;"Queda de ocupante de veiculo";"Com Vitimas Feridas";"Plena Noite";"Decrescente";"Garoa/Chuvisco";"Dupla";"Reta";"Sim";322658;"Motocicleta";"YAMAHA/FACTOR YBR125 E";2011;"Condutor";"Lesoes Leves";29;"Masculino";0;1;0;0;"-16.108482";"-47.972524";"SR-DF";"GO";"UOP01/DF"
180293;396664;2018-12-23;"domingo";"02:25:00";"RS";116;261;"CANOAS";"Sim";"Ingestao de alcool";1;"Tombamento";"Com Vitimas Feridas";"Plena Noite";"Decrescente";"Ceu Claro";"Dupla";"Reta";"Sim";321397;"Motocicleta";"HONDA/CG 125 FAN";2007;"Condutor";"Lesoes Leves";35;"Masculino";0;1;0;0;"-29.887983";"-51.179008";"SR-RS";"DEL9/1";"UOP01/RS"
180294;400068;2018-12-22;"sabado";"23:20:00";"TO";153;573,6;"SANTA RITA DO TOCANTINS";"Sim";"Ingestao de alcool";1;"Colisao frontal";"Com Vitimas Feridas";"Plena Noite";"Crescente";"Ceu Claro";"Simples";"Reta";"Sim";321410;"Caminhao-trator";"SCANIA/T113 H 4X2 320";1993;"Condutor";"Ileso";39;"Masculino";1;0;0;0;"-10.86100813";"-48.90540361";"SR-TO";"UOP02/TO";""
180294;400066;2018-12-22;"sabado";"23:20:00";"TO";153;573,6;"SANTA RITA DO TOCANTINS";"Sim";"Ingestao de alcool";1;"Colisao frontal";"Com Vitimas Feridas";"Plena Noite";"Crescente";"Ceu Claro";"Simples";"Reta";"Sim";321409;"Utilitario";"I/TOYOTA HILUXSW4 SRV4X4";2006;"Condutor";"Lesoes Leves";45;"Masculino";0;1;0;0;"-10.86100813";"-48.90540361";"SR-TO";"UOP02/TO";""