"id";"pesid";"data_inversa";"dia_semana";"horario";"uf";"br";"km";"municipio";"causa_principal";"causa_acidente";"ordem_tipo_acidente";"tipo_acidente";"classificacao_acidente";"fase_dia";"sentido_via";"condicao_metereologica";"tipo_pista";"tracado_via";"uso_solo";"id_veiculo";"tipo_veiculo";"marca";"ano_fabricacao_veiculo";"tipo_envolvido";"estado_fisico";"idade";"sexo";"ilesos";"feridos_leves";"feridos_graves";"mortos";"latitude";"longitude";"regional";"delegacia";"uop"
180302;398639;2018-12-23;"domingo";"01:30:00";"RN";101;116;"SAO JOSE DE MIPIBU";"Sim";"Ingestao de alcool";1;"Colisao com objeto estatico";"Sem Vitimas";"Plena Noite";"Crescente";"Ceu Claro";"Dupla";"Reta";"Sim";321482;"Utilitario";"NISSAN/XTERRA 2.8 SE";2003;"Condutor";"Ileso";45;"Masculino";1;0;0;0;"-5.999234";"-35.260391";"SR-RN";"DEL15/1";"UOP01/RN"
180304;397633;2018-12-23;"domingo";"03:30:00";"SC";282;21;"PALHOCA";"Sim";"Ingestao de alcool";1;"Colisao frontal";"Com Vitimas Feridas";"Plena Noite";"Crescente";"Chuva";"Simples";"Reta";"Sim";321436;"Automóvel";"CHEVROLET/CELTA 1.0L LS";2012;"Passageiro";"Ileso";57;"Masculino";1;0;0;0;"-27.68907";"-48.717541";"SR-SC";"DEL8/1";"UOP02/SC"
180304;397635;2018-12-23;"domingo";"03:30:00";"SC";282;21;"PALHOCA";"Sim";"Ingestao de alcool";1;"Colisao frontal";"Com Vitimas Feridas";"Plena Noite";"Crescente";"Chuva";"Simples";"Reta";"Sim";321437;"Automóvel";"FIAT/UNO MILLE ELECTRONI";1993;"Condutor";"Nao Informado";NA;"Nao Informado";0;0;0;0;"-27.68907";"-48.717541";"SR-SC";"DEL8/1";"UOP02/SC"
180304;397632;2018-12-23;"domingo";"03:30:00";"SC";282;21;"PALHOCA";"Sim";"Ingestao de alcool";1;"Colisao frontal";"Com Vitimas Feridas";"Plena Noite";"Crescente";"Chuva";"Simples";"Reta";"Sim";321436;"Automóvel";"CHEVROLET/CELTA 1.0L LS";2012;"Condutor";"Lesoes Leves";59;"Masculino";0;1;0;0;"-27.68907";"-48.717541";"SR-SC";"DEL8/1";"UOP02/SC"
180307;398664;2018-12-23;"domingo";"03:15:00";"SC";158;105,8;"CUNHA PORA";"Sim";"Ingestao de alcool";1;"Saida de leito carrocavel";"Com Vitimas Feridas";"Plena Noite";"Crescente";"Nublado";"Simples";"Reta";"Nao";321420;"Automóvel";"GM/ASTRA GL";1999;"Condutor";"Ileso";22;"Masculino";1;0;0;0;"-26.760532";"-53.174904";"SR-SC";"DEL7";"UOP02/SC"
180307;398670;2018-12-23;"domingo";"03:15:00";"SC";158;105,8;"CUNHA PORA";"Sim";"Ingestao de alcool";1;"Saida de leito carrocavel";"Com Vitimas Feridas";"Plena Noite";"Crescente";"Nublado";"Simples";"Reta";"Nao";321420;"Automóvel";"GM/ASTRA GL";1999;"Passageiro";"Lesoes Leves";21;"Feminino";0;1;0;0;"-26.760532";"-53.174904";"SR-SC";"DEL7";"UOP02/SC"
180307;398666;2018-12-23;"domingo";"03:15:00";"SC";158;105,8;"CUNHA PORA";"Sim";"Ingestao de alcool";1;"Saida de leito carrocavel";"Com Vitimas Feridas";"Plena Noite";"Crescente";"Nublado";"Simples";"Reta";"Nao";321420;"Automóvel";"GM/ASTRA GL";1999;"Passageiro";"Lesoes Leves";45;"Feminino";0;1;0;0;"-26.760532";"-53.174904";"SR-SC";"DEL7";"UOP02/SC"
180307;398668;2018-12-23;"domingo";"03:15:00";"SC";158;105,8;"CUNHA PORA";"Sim";"Ingestao de alcool";1;"Saida de leito carrocavel";"Com Vitimas Feridas";"Plena Noite";"Crescente";"Nublado";"Simples";"Reta";"Nao";321420;"Automóvel";"GM/ASTRA GL";1999;"Passageiro";"Lesoes Leves";21;"Feminino";0;1;0;0;"-26.760532";"-53.174904";"SR-SC";"DEL7";"UOP02/SC"
180307;398672;2018-12-23;"domingo";"03:15:00";"SC";158;105,8;"CUNHA PORA";"Sim";"Ingestao de alcool";1;"Saida de leito carrocavel";"Com Vitimas Feridas";"Plena Noite";"Crescente";"Nublado";"Simples";"Reta";"Nao";321420;"Automóvel";"GM/ASTRA GL";1999;"Passageiro";"Lesoes Leves";17;"Masculino";0;1;0;0;"-26.760532";"-53.174904";"SR-SC";"DEL7";"UOP02/SC"
180308;396691;2018-12-23;"domingo";"04:10:00";"RS";116;526,5;"PELOTAS";"Sim";"Ingestao de alcool e/ou substâncias psicoativas pelo pedestre";1;"Tombamento";"Com Vitimas Feridas";"Plena Noite";"Crescente";"Ceu Claro";"Simples";"Rotatória";"Sim";321421;"Motocicleta";"HONDA/CG 125 FAN";2006;"Condutor";"Lesoes Leves";48;"Masculino";0;1;0;0;"-31.74481045";"-52.40366936";"SR-RS";"DEL9/7";"UOP01/RS"
180313;396729;2018-12-23;"domingo";"03:35:00";"RS";290;452,4;"SAO GABRIEL";"Nao";"Ingestao de alcool";1;"Colisao frontal";"Sem Vitimas";"Plena Noite";"Decrescente";"Ceu Claro";"Simples";"Nao Informado";"Nao";321453;"Automóvel";"VW/SANTANA 2000 MI EVID.";1996;"Condutor";"Ileso";26;"Masculino";1;0;0;0;"-30.237436";"-54.636631";"SR-RS";"DEL9/11";"UOP02/RS"
180313;396730;2018-12-23;"domingo";"03:35:00";"RS";290;452,4;"SAO GABRIEL";"Nao";"Ingestao de alcool";1;"Colisao frontal";"Sem Vitimas";"Plena Noite";"Decrescente";"Ceu Claro";"Simples";"Nao Informado";"Nao";321453;"Automóvel";"VW/SANTANA 2000 MI EVID.";1996;"Passageiro";"Ileso";22;"Feminino";1;0;0;0;"-30.237436";"-54.636631";"SR-RS";"DEL9/11";"UOP02/RS"
180313;396732;2018-12-23;"domingo";"03:35:00";"RS";290;452,4;"SAO GABRIEL";"Nao";"Ingestao de alcool";1;"Colisao frontal";"Sem Vitimas";"Plena Noite";"Decrescente";"Ceu Claro";"Simples";"Nao Informado";"Nao";321454;"Automóvel";"GM/VECTRA SEDAN CD";2003;"Condutor";"Ileso";33;"Masculino";1;0;0;0;"-30.237436";"-54.636631";"SR-RS";"DEL9/11";"UOP02/RS"
180321;396725;2018-12-23;"domingo";"04:10:00";"MG";50;40;"ARAGUARI";"Sim";"Ingestao de alcool";1;"Colisao com objeto estatico";"Sem Vitimas";"Plena Noite";"Crescente";"Ceu Claro";"Simples";"Curva";"Sim";321443;"Automóvel";"VW/GOL 1.0";2010;"Condutor";"Ileso";29;"Masculino";1;0;0;0;"-18.6834";"-48.1789";"SR-MG";"DEL4/15";"UOP02/MG"
180323;398844;2018-12-23;"domingo";"04:30:00";"MS";267;19,9;"BATAGUASSU";"Sim";"Ingestao de alcool";3;"Colisao com objeto estatico";"Com Vitimas Feridas";"Plena Noite";"Decrescente";"Nublado";"Simples";"Reta";"Nao";322770;"Automóvel";"VW/GOLF 1.6 PLUS";2004;"Condutor";"Ileso";29;"Masculino";1;0;0;0;"-21.726473";"-52.325401";"SR-MS";"DEL2";"UOP04/MS"
180323;398839;2018-12-23;"domingo";"04:30:00";"MS";267;19,9;"BATAGUASSU";"Sim";"Ingestao de alcool";3;"Colisao com objeto estatico";"Com Vitimas Feridas";"Plena Noite";"Decrescente";"Nublado";"Simples";"Reta";"Nao";321492;"Caminhao-trator";"";2003;"Condutor";"Ileso";47;"Masculino";1;0;0;0;"-21.726473";"-52.325401";"SR-MS";"DEL2";"UOP04/MS"
180323;398830;2018-12-23;"domingo";"04:30:00";"MS";267;19,9;"BATAGUASSU";"Sim";"Ingestao de alcool";3;"Colisao com objeto estatico";"Com Vitimas Feridas";"Plena Noite";"Decrescente";"Nublado";"Simples";"Reta";"Nao";321457;"Automóvel";"I/CITROEN C4 PALLAS20EXA";2008;"Condutor";"Lesoes Leves";18;"Masculino";0;1;0;0;"-21.726473";"-52.325401";"SR-MS";"DEL2";"UOP04/MS"
180327;399059;2018-12-23;"domingo";"05:30:00";"SC";282;342;"CAMPOS NOVOS";"Sim";"Ingestao de alcool e/ou substâncias psicoativas pelo pedestre";1;"Saida de leito carrocavel";"Sem Vitimas";"Amanhecer";"Decrescente";"Nublado";"Simples";"Rotatória";"Sim";321455;"Automóvel";"CHEVROLET/ONIX 1.0MT LT";2014;"Condutor";"Ileso";26;"Masculino";1;0;0;0;"-27.390287";"-51.223286";"SR-SC";"DEL7";"UOP08/SC"
180329;396852;2018-12-23;"domingo";"05:20:00";"PE";428;176,8;"PETROLINA";"Sim";"Ingestao de alcool e/ou substâncias psicoativas pelo pedestre";1;"Colisao frontal";"Com Vitimas Fatais";"Pleno dia";"Crescente";"Ceu Claro";"Simples";"Reta";"Nao";321547;"Automóvel";"FIAT/PALIO FIRE";2016;"Condutor";"Lesoes Leves";20;"Masculino";0;1;0;0;"-9.26831";"-40.433472";"SR-PE";"DEL11/6";"UOP01/PE"
180329;398126;2018-12-23;"domingo";"05:20:00";"PE";428;176,8;"PETROLINA";"Sim";"Ingestao de alcool e/ou substâncias psicoativas pelo pedestre";1;"Colisao frontal";"Com Vitimas Fatais";"Pleno dia";"Crescente";"Ceu Claro";"Simples";"Reta";"Nao";321546;"Bicicleta";"";NA;"Condutor";"Óbito";34;"Masculino";0;0;0;1;"-9.26831";"-40.433472";"SR-PE";"DEL11/6";"UOP01/PE"
180329;398128;2018-12-23;"domingo";"05:20:00";"PE";428;176,8;"PETROLINA";"Sim";"Ingestao de alcool e/ou substâncias psicoativas pelo pedestre";1;"Colisao frontal";"Com Vitimas Fatais";"Pleno dia";"Crescente";"Ceu Claro";"Simples";"Reta";"Nao";321545;"Bicicleta";"";NA;"Condutor";"Lesoes Graves";34;"Masculino";0;0;1;0;"-9.26831";"-40.433472";"SR-PE";"DEL11/6";"UOP01/PE"
180360;396816;2018-12-23;"domingo";"05:20:00";"MT";70;1;"BARRA DO GARCAS";"Sim";"Ingestao de alcool";1;"Colisao traseira";"Sem Vitimas";"Amanhecer";"Crescente";"Garoa/Chuvisco";"Simples";"Reta";"Sim";321518;"Automóvel";"NISSAN/VERSA 16 SL";2018;"Condutor";"Ileso";44;"Masculino";1;0;0;0;"-15.891638";"-52.262032";"SR-MT";"DEL2/8";"UOP01/MT"
180360;396818;2018-12-23;"domingo";"05:20:00";"MT";70;1;"BARRA DO GARCAS";"Sim";"Ingestao de alcool";1;"Colisao traseira";"Sem Vitimas";"Amanhecer";"Crescente";"Garoa/Chuvisco";"Simples";"Reta";"Sim";321518;"Automóvel";"NISSAN/VERSA 16 SL";2018;"Passageiro";"Ileso";39;"Feminino";1;0;0;0;"-15.891638";"-52.262032";"SR-MT";"DEL2/8";"UOP01/MT"
180360;396824;2018-12-23;"domingo";"05:20:00";"MT";70;1;"BARRA DO GARCAS";"Sim";"Ingestao de alcool";1;"Colisao traseira";"Sem Vitimas";"Amanhecer";"Crescente";"Garoa/Chuvisco";"Simples";"Reta";"Sim";321519;"Caminhonete";"FIAT/STRADA WORKING";2012;"Condutor";"Ileso";20;"Masculino";1;0;0;0;"-15.891638";"-52.262032";"SR-MT";"DEL2/8";"UOP01/MT"
180360;396827;2018-12-23;"domingo";"05:20:00";"MT";70;1;"BARRA DO GARCAS";"Sim";"Ingestao de alcool";1;"Colisao traseira";"Sem Vitimas";"Amanhecer";"Crescente";"Garoa/Chuvisco";"Simples";"Reta";"Sim";321519;"Caminhonete";"FIAT/STRADA WORKING";2012;"Passageiro";"Ileso";39;"Masculino";1;0;0;0;"-15.891638";"-52.262032";"SR-MT";"DEL2/8";"UOP01/MT"
180361;398909;2018-12-23;"domingo";"06:40:00";"RO";364;497;"ARIQUEMES";"Sim";"Ingestao de alcool";1;"Queda de ocupante de veiculo";"Com Vitimas Feridas";"Pleno dia";"Crescente";"Ceu Claro";"Simples";"Reta";"Nao";321517;"Motoneta";"HONDA/BIZ 125 ES";2011;"Condutor";"Lesoes Leves";18;"Masculino";0;1;0;0;"-10.055311";"-62.973679";"SR-RO";"DEL21/3";"UOP01/RO"
180361;398914;2018-12-23;"domingo";"06:40:00";"RO";364;497;"ARIQUEMES";"Sim";"Ingestao de alcool";1;"Queda de ocupante de veiculo";"Com Vitimas Feridas";"Pleno dia";"Crescente";"Ceu Claro";"Simples";"Reta";"Nao";321517;"Motoneta";"HONDA/BIZ 125 ES";2011;"Passageiro";"Lesoes Leves";21;"Masculino";0;1;0;0;"-10.055311";"-62.973679";"SR-RO";"DEL21/3";"UOP01/RO"
180367;396965;2018-12-23;"domingo";"08:50:00";"BA";242;797;"BARREIRAS";"Sim";"Ingestao de alcool";1;"Saida de leito carrocavel";"Com Vitimas Feridas";"Pleno dia";"Crescente";"Sol";"Simples";"Reta";"Nao";321566;"Motoneta";"HONDA/BIZ 125 EX";2013;"Condutor";"Lesoes Leves";19;"Masculino";0;1;0;0;"-12.125196";"-45.0";"SR-BA";"DEL10/10";"UOP01/BA"
180367;396970;2018-12-23;"domingo";"08:50:00";"BA";242;797;"BARREIRAS";"Sim";"Ingestao de alcool";1;"Saida de leito carrocavel";"Com Vitimas Feridas";"Pleno dia";"Crescente";"Sol";"Simples";"Reta";"Nao";321566;"Motoneta";"HONDA/BIZ 125 EX";2013;"Passageiro";"Lesoes Leves";31;"Masculino";0;1;0;0;"-12.125196";"-45.0";"SR-BA";"DEL10/10";"UOP01/BA"
180376;397382;2018-12-23;"domingo";"09:30:00";"RN";405;84,7;"APODI";"Sim";"Ingestao de alcool";1;"Tombamento";"Com Vitimas Feridas";"Pleno dia";"Decrescente";"Nublado";"Simples";"Nao Informado";"Nao";321770;"Motocicleta";"HONDA/POP100";2007;"Condutor";"Lesoes Leves";45;"Masculino";0;1;0;0;"-5.71258";"-37.811611";"SR-RN";"DEL15/4";"UOP02/RN"
180400;396895;2018-12-23;"domingo";"09:45:00";"ES";262;4,1;"CARIACICA";"Sim";"Ingestao de alcool";1;"Tombamento";"Com Vitimas Feridas";"Pleno dia";"Decrescente";"Ceu Claro";"Multipla";"Reta";"Sim";321588;"Bicicleta";"";NA;"Condutor";"Lesoes Leves";56;"Masculino";0;1;0;0;"-20.3362";"-40.3783";"SR-ES";"DEL12/1";"UOP01/ES"
180426;397151;2018-12-17;"segunda-feira";"21:30:00";"RS";285;586;"SAO LUIZ GONZAGA";"Nao";"Ingestao de alcool";2;"Capotamento";"Com Vitimas Feridas";"Plena Noite";"Decrescente";"Nublado";"Simples";"Reta";"Nao";321654;"Trator de rodas";"M.A./FORD 6610";NA;"Condutor";"Ileso";44;"Masculino";1;0;0;0;"-28.465528";"-55.144348";"SR-RS";"DEL9/12";"UOP01/RS"
180426;397158;2018-12-17;"segunda-feira";"21:30:00";"RS";285;586;"SAO LUIZ GONZAGA";"Nao";"Ingestao de alcool";2;"Capotamento";"Com Vitimas Feridas";"Plena Noite";"Decrescente";"Nublado";"Simples";"Reta";"Nao";321655;"Automóvel";"VW/GOL 1.0 GIV";2011;"Condutor";"Lesoes Graves";65;"Masculino";0;0;1;0;"-28.465528";"-55.144348";"SR-RS";"DEL9/12";"UOP01/RS"
180432;397173;2018-12-23;"domingo";"13:30:00";"MS";163;373,5;"NOVA ALVORADA DO SUL";"Sim";"Ingestao de alcool";1;"Queda de ocupante de veiculo";"Com Vitimas Feridas";"Pleno dia";"Crescente";"Chuva";"Dupla";"Reta";"Nao";321694;"Motocicleta";"YAMAHA/FACTOR YBR125 K";2010;"Condutor";"Lesoes Leves";22;"Masculino";0;1;0;0;"-21.39426207";"-54.40704346";"SR-MS";"DEL2";"UOP01/MS"
180463;399848;2018-12-23;"domingo";"17:00:00";"PR";376;4;"SAO JOSE DOS PINHAIS";"Sim";"Ingestao de alcool";1;"Colisao lateral";"Sem Vitimas";"Pleno dia";"Crescente";"Ceu Claro";"Dupla";"Reta";"Sim";323304;"Automóvel";"GM/VECTRA CD";1997;"Condutor";"Ileso";39;"Masculino";1;0;0;0;"-25.53938655";"-49.19195473";"SR-PR";"DEL7/1";"UOP08/PR"
180463;399849;2018-12-23;"domingo";"17:00:00";"PR";376;4;"SAO JOSE DOS PINHAIS";"Sim";"Ingestao de alcool";1;"Colisao lateral";"Sem Vitimas";"Pleno dia";"Crescente";"Ceu Claro";"Dupla";"Reta";"Sim";323307;"Caminhonete";"I/TOYOTA HILUX CD4X2 SR";2012;"Condutor";"Ileso";40;"Masculino";1;0;0;0;"-25.53938655";"-49.19195473";"SR-PR";"DEL7/1";"UOP08/PR"
180463;399847;2018-12-23;"domingo";"17:00:00";"PR";376;4;"SAO JOSE DOS PINHAIS";"Sim";"Ingestao de alcool";1;"Colisao lateral";"Sem Vitimas";"Pleno dia";"Crescente";"Ceu Claro";"Dupla";"Reta";"Sim";321819;"Motoneta";"JTA/SUZUKI AN125";2008;"Condutor";"Ileso";47;"Masculino";1;0;0;0;"-25.53938655";"-49.19195473";"SR-PR";"DEL7/1";"UOP08/PR"
180472;398265;2018-12-23;"domingo";"18:20:00";"PR";373;243;"GUAMIRANGA";"Nao";"Ingestao de alcool";2;"Tombamento";"Sem Vitimas";"Pleno dia";"Crescente";"Garoa/Chuvisco";"Simples";"Reta";"Nao";321852;"Automóvel";"IMP/RENAULT CLIO RN";2001;"Passageiro";"Ileso";17;"Masculino";1;0;0;0;"-25.19327418";"-50.79113267";"SR-PR";"DEL7/3";"UOP01/PR"
180472;397273;2018-12-23;"domingo";"18:20:00";"PR";373;243;"GUAMIRANGA";"Nao";"Ingestao de alcool";2;"Tombamento";"Sem Vitimas";"Pleno dia";"Crescente";"Garoa/Chuvisco";"Simples";"Reta";"Nao";321852;"Automóvel";"IMP/RENAULT CLIO RN";2001;"Condutor";"Ileso";16;"Masculino";1;0;0;0;"-25.19327418";"-50.79113267";"SR-PR";"DEL7/3";"UOP01/PR"
180496;397429;2018-12-23;"domingo";"19:20:00";"MG";354;764,8;"ITAMONTE";"Sim";"Ingestao de alcool";4;"Colisao frontal";"Com Vitimas Feridas";"Plena Noite";"Crescente";"Chuva";"Simples";"Curva";"Nao";321932;"Caminhao-trator";"VOLVO/FH 460 8X2T";2017;"Condutor";"Ileso";56;"Masculino";1;0;0;0;"-22.34118464";"-44.81941223";"SR-MG";"DEL09";"UOP02/MG"
180496;397251;2018-12-23;"domingo";"19:20:00";"MG";354;764,8;"ITAMONTE";"Sim";"Ingestao de alcool";4;"Colisao frontal";"Com Vitimas Feridas";"Plena Noite";"Crescente";"Chuva";"Simples";"Curva";"Nao";321829;"Automóvel";"FORD/FIESTA FLEX";2010;"Condutor";"Lesoes Leves";40;"Masculino";0;1;0;0;"-22.34118464";"-44.81941223";"SR-MG";"DEL09";"UOP02/MG"
180518;398597;2018-12-23;"domingo";"21:00:00";"GO";153;510;"APARECIDA DE GOIANIA";"Sim";"Ingestao de alcool";2;"Queda de ocupante de veiculo";"Com Vitimas Feridas";"Plena Noite";"Decrescente";"Nublado";"Dupla";"Nao Informado";"Sim";321788;"Motocicleta";"HONDA/CG150 FAN ESDI";2014;"Condutor";"Lesoes Leves";41;"Masculino";0;1;0;0;"-16.78860031";"-49.23754692";"SR-GO";"DEL1/1";"UOP03/GO"
180518;398603;2018-12-23;"domingo";"21:00:00";"GO";153;510;"APARECIDA DE GOIANIA";"Sim";"Ingestao de alcool";2;"Queda de ocupante de veiculo";"Com Vitimas Feridas";"Plena Noite";"Decrescente";"Nublado";"Dupla";"Nao Informado";"Sim";321789;"Motoneta";"YAMAHA/T115 CRYPTON ED";2011;"Condutor";"Ileso";29;"Masculino";1;0;0;0;"-16.78860031";"-49.23754692";"SR-GO";"DEL1/1";"UOP03/GO"
180523;397421;2018-12-23;"domingo";"19:30:00";"MS";262;354,7;"CAMPO GRANDE";"Sim";"Ingestao de alcool";1;"Saida de leito carrocavel";"Sem Vitimas";"Plena Noite";"Crescente";"Nublado";"Simples";"Rotatória";"Sim";321928;"Automóvel";"VW/GOL 16V PLUS";2001;"Passageiro";"Ileso";2;"Feminino";1;0;0;0;"-20.55192695";"-54.66841966";"SR-MS";"DEL3/1";"UOP03/MS"
180523;397420;2018-12-23;"domingo";"19:30:00";"MS";262;354,7;"CAMPO GRANDE";"Sim";"Ingestao de alcool";1;"Saida de leito carrocavel";"Sem Vitimas";"Plena Noite";"Crescente";"Nublado";"Simples";"Rotatória";"Sim";321928;"Automóvel";"VW/GOL 16V PLUS";2001;"Condutor";"Ileso";20;"Masculino";1;0;0;0;"-20.55192695";"-54.66841966";"SR-MS";"DEL3/1";"UOP03/MS"
180526;399388;2018-12-23;"domingo";"20:55:00";"SP";116;435;"REGISTRO";"Sim";"Ingestao de alcool";1;"Colisao lateral";"Sem Vitimas";"Plena Noite";"Crescente";"Chuva";"Dupla";"Reta";"Nao";321856;"Motoneta";"HONDA/PCX 150";2017;"Condutor";"Ileso";28;"Masculino";1;0;0;0;"-24.42908079";"-47.78514327";"SR-SP";"DEL6/5";"UOP01/SP"
180526;399386;2018-12-23;"domingo";"20:55:00";"SP";116;435;"REGISTRO";"Sim";"Ingestao de alcool";1;"Colisao lateral";"Sem Vitimas";"Plena Noite";"Crescente";"Chuva";"Dupla";"Reta";"Nao";321855;"Automóvel";"VW/LOGUS GLI 1.8";1995;"Condutor";"Ileso";42;"Masculino";1;0;0;0;"-24.42908079";"-47.78514327";"SR-SP";"DEL6/5";"UOP01/SP"
180526;399742;2018-12-23;"domingo";"20:55:00";"SP";116;435;"REGISTRO";"Sim";"Ingestao de alcool";1;"Colisao lateral";"Sem Vitimas";"Plena Noite";"Crescente";"Chuva";"Dupla";"Reta";"Nao";321856;"Motoneta";"HONDA/PCX 150";2017;"Passageiro";"Ileso";26;"Feminino";1;0;0;0;"-24.42908079";"-47.78514327";"SR-SP";"DEL6/5";"UOP01/SP"
180529;397297;2018-12-23;"domingo";"20:20:00";"PR";277;718,5;"FOZ DO IGUACU";"Sim";"Ingestao de alcool";1;"Colisao lateral";"Com Vitimas Feridas";"Anoitecer";"Decrescente";"Ceu Claro";"Dupla";"Desvio Temporario";"Nao";321860;"Automóvel";"I/VW JETTA 2.0T";2011;"Condutor";"Ileso";42;"Masculino";1;0;0;0;"-25.480068";"-54.485416";"SR-PR";"DEL7/5";"UOP01/PR"
180529;397298;2018-12-23;"domingo";"20:20:00";"PR";277;718,5;"FOZ DO IGUACU";"Sim";"Ingestao de alcool";1;"Colisao lateral";"Com Vitimas Feridas";"Anoitecer";"Decrescente";"Ceu Claro";"Dupla";"Desvio Temporario";"Nao";321860;"Automóvel";"I/VW JETTA 2.0T";2011;"Passageiro";"Lesoes Leves";42;"Feminino";0;1;0;0;"-25.480068";"-54.485416";"SR-PR";"DEL7/5";"UOP01/PR"
180529;397299;2018-12-23;"domingo";"20:20:00";"PR";277;718,5;"FOZ DO IGUACU";"Sim";"Ingestao de alcool";1;"Colisao lateral";"Com Vitimas Feridas";"Anoitecer";"Decrescente";"Ceu Claro";"Dupla";"Desvio Temporario";"Nao";321861;"Ônibus";"SCANIA/MPOLO PARADISO DD";2015;"Condutor";"Ileso";47;"Masculino";1;0;0;0;"-25.480068";"-54.485416";"SR-PR";"DEL7/5";"UOP01/PR"
180529;397301;2018-12-23;"domingo";"20:20:00";"PR";277;718,5;"FOZ DO IGUACU";"Sim";"Ingestao de alcool";1;"Colisao lateral";"Com Vitimas Feridas";"Anoitecer";"Decrescente";"Ceu Claro";"Dupla";"Desvio Temporario";"Nao";321861;"Ônibus";"SCANIA/MPOLO PARADISO DD";2015;"Testemunha";"Nao Informado";NA;"Nao Informado";0;0;0;0;"-25.480068";"-54.485416";"SR-PR";"DEL7/5";"UOP01/PR"
180535;398525;2018-12-23;"domingo";"18:15:00";"RS";285;124,7;"VACARIA";"Sim";"Ingestao de alcool";1;"Colisao transversal";"Sem Vitimas";"Pleno dia";"Decrescente";"Sol";"Simples";"Nao Informado";"Sim";321910;"Automóvel";"FIAT/UNO MILLE IE";1996;"Condutor";"Ileso";46;"Masculino";1;0;0;0;"-28.491489";"-50.955837";"SR-RS";"DEL9/5";"UOP03/RS"
180535;398529;2018-12-23;"domingo";"18:15:00";"RS";285;124,7;"VACARIA";"Sim";"Ingestao de alcool";1;"Colisao transversal";"Sem Vitimas";"Pleno dia";"Decrescente";"Sol";"Simples";"Nao Informado";"Sim";321911;"Automóvel";"FIAT/PALIO WK ADVENTURE";2000;"Condutor";"Ileso";25;"Masculino";1;0;0;0;"-28.491489";"-50.955837";"SR-RS";"DEL9/5";"UOP03/RS"
180555;399997;2018-12-23;"domingo";"23:40:00";"SP";488;4,4;"APARECIDA";"Sim";"Ingestao de alcool";1;"Colisao lateral";"Sem Vitimas";"Plena Noite";"Crescente";"Nublado";"Dupla";"Curva";"Sim";321885;"Automóvel";"VW/GOL 16V PLUS";2001;"Condutor";"Nao Informado";NA;"Nao Informado";0;0;0;0;"-22.858398";"-45.251377";"SR-SP";"DEL6/8";"UOP02/SP"
180555;399999;2018-12-23;"domingo";"23:40:00";"SP";488;4,4;"APARECIDA";"Sim";"Ingestao de alcool";1;"Colisao lateral";"Sem Vitimas";"Plena Noite";"Crescente";"Nublado";"Dupla";"Curva";"Sim";321886;"Automóvel";"HYUNDAI/CRETA 20A PRESTI";2018;"Testemunha";"Nao Informado";NA;"Nao Informado";0;0;0;0;"-22.858398";"-45.251377";"SR-SP";"DEL6/8";"UOP02/SP"
180555;399998;2018-12-23;"domingo";"23:40:00";"SP";488;4,4;"APARECIDA";"Sim";"Ingestao de alcool";1;"Colisao lateral";"Sem Vitimas";"Plena Noite";"Crescente";"Nublado";"Dupla";"Curva";"Sim";321886;"Automóvel";"HYUNDAI/CRETA 20A PRESTI";2018;"Condutor";"Ileso";38;"Masculino";1;0;0;0;"-22.858398";"-45.251377";"SR-SP";"DEL6/8";"UOP02/SP"
180558;397346;2018-12-23;"domingo";"20:20:00";"GO";40;18;"LUZIANIA";"Sim";"Ingestao de alcool";1;"Colisao lateral";"Sem Vitimas";"Anoitecer";"Decrescente";"Ceu Claro";"Simples";"Reta";"Sim";321873;"Automóvel";"GM/CELTA 3 PORTAS";2002;"Condutor";"Ileso";34;"Feminino";1;0;0;0;"-16.19349";"-47.925575";"SR-DF";"GO";"UOP01/DF"
180558;397344;2018-12-23;"domingo";"20:20:00";"GO";40;18;"LUZIANIA";"Sim";"Ingestao de alcool";1;"Colisao lateral";"Sem Vitimas";"Anoitecer";"Decrescente";"Ceu Claro";"Simples";"Reta";"Sim";321872;"Automóvel";"CHEVROLET/ONIX 10MT JOYE";2018;"Condutor";"Ileso";35;"Feminino";1;0;0;0;"-16.19349";"-47.925575";"SR-DF";"GO";"UOP01/DF"
180559;399340;2018-12-23;"domingo";"23:00:00";"CE";222;25,2;"CAUCAIA";"Sim";"Ingestao de alcool";3;"Queda de ocupante de veiculo";"Com Vitimas Feridas";"Plena Noite";"Decrescente";"Ceu Claro";"Simples";"Reta";"Nao";321866;"Automóvel";"GM/CLASSIC LIFE";2007;"Condutor";"Ileso";56;"Feminino";1;0;0;0;"-3.726669";"-38.777054";"SR-CE";"DEL16/1";"UOP01/CE"
180559;399351;2018-12-23;"domingo";"23:00:00";"CE";222;25,2;"CAUCAIA";"Sim";"Ingestao de alcool";3;"Queda de ocupante de veiculo";"Com Vitimas Feridas";"Plena Noite";"Decrescente";"Ceu Claro";"Simples";"Reta";"Nao";323060;"Bicicleta";"";NA;"Condutor";"Lesoes Leves";45;"Masculino";0;1;0;0;"-3.726669";"-38.777054";"SR-CE";"DEL16/1";"UOP01/CE"
180565;397376;2018-12-24;"segunda-feira";"01:00:00";"PR";277;71,8;"SAO JOSE DOS PINHAIS";"Sim";"Ingestao de alcool";4;"Saida de leito carrocavel";"Com Vitimas Feridas";"Plena Noite";"Decrescente";"Chuva";"Dupla";"Reta";"Nao";321904;"Automóvel";"IMP/RENAULT MEGANE 2.0 L";1998;"Condutor";"Lesoes Leves";29;"Masculino";0;1;0;0;"-25.5067072";"-49.13887382";"SR-PR";"DEL7/1";"UOP01/PR"