"id";"pesid";"data_inversa";"dia_semana";"horario";"uf";"br";"km";"municipio";"causa_principal";"causa_acidente";"ordem_tipo_acidente";"tipo_acidente";"classificacao_acidente";"fase_dia";"sentido_via";"condicao_metereologica";"tipo_pista";"tracado_via";"uso_solo";"id_veiculo";"tipo_veiculo";"marca";"ano_fabricacao_veiculo";"tipo_envolvido";"estado_fisico";"idade";"sexo";"ilesos";"feridos_leves";"feridos_graves";"mortos";"latitude";"longitude";"regional";"delegacia";"uop"
180565;397375;2018-12-24;"segunda-feira";"01:00:00";"PR";277;71,8;"SAO JOSE DOS PINHAIS";"Sim";"Ingestao de alcool";4;"Saida de leito carrocavel";"Com Vitimas Feridas";"Plena Noite";"Decrescente";"Chuva";"Dupla";"Reta";"Nao";321903;"Automóvel";"I/VW JETTA 2.0T";2011;"Condutor";"Lesoes Leves";20;"Masculino";0;1;0;0;"-25.5067072";"-49.13887382";"SR-PR";"DEL7/1";"UOP01/PR"
180565;397378;2018-12-24;"segunda-feira";"01:00:00";"PR";277;71,8;"SAO JOSE DOS PINHAIS";"Sim";"Ingestao de alcool";4;"Saida de leito carrocavel";"Com Vitimas Feridas";"Plena Noite";"Decrescente";"Chuva";"Dupla";"Reta";"Nao";321905;"Motocicleta";"HONDA/CB 300R";2010;"Condutor";"Lesoes Leves";37;"Masculino";0;1;0;0;"-25.5067072";"-49.13887382";"SR-PR";"DEL7/1";"UOP01/PR"
180580;398333;2018-12-24;"segunda-feira";"05:40:00";"SP";116;219,8;"GUARULHOS";"Sim";"Ingestao de alcool";3;"Colisao com objeto estatico";"Com Vitimas Feridas";"Amanhecer";"Crescente";"Chuva";"Multipla";"Reta";"Sim";321944;"Utilitario";"I/SUZUKI G.VITARA 2WD SD";2014;"Condutor";"Lesoes Leves";28;"Feminino";0;1;0;0;"-23.46571166";"-46.50138259";"SR-SP";"DEL6/1";"UOP01/SP"
180580;398335;2018-12-24;"segunda-feira";"05:40:00";"SP";116;219,8;"GUARULHOS";"Sim";"Ingestao de alcool";3;"Colisao com objeto estatico";"Com Vitimas Feridas";"Amanhecer";"Crescente";"Chuva";"Multipla";"Reta";"Sim";321944;"Utilitario";"I/SUZUKI G.VITARA 2WD SD";2014;"Passageiro";"Lesoes Leves";28;"Masculino";0;1;0;0;"-23.46571166";"-46.50138259";"SR-SP";"DEL6/1";"UOP01/SP"
180580;398331;2018-12-24;"segunda-feira";"05:40:00";"SP";116;219,8;"GUARULHOS";"Sim";"Ingestao de alcool";3;"Colisao com objeto estatico";"Com Vitimas Feridas";"Amanhecer";"Crescente";"Chuva";"Multipla";"Reta";"Sim";321943;"Automóvel";"I/AUDI A3 LM 122CV I";2015;"Passageiro";"Ileso";50;"Feminino";1;0;0;0;"-23.46571166";"-46.50138259";"SR-SP";"DEL6/1";"UOP01/SP"
180580;398327;2018-12-24;"segunda-feira";"05:40:00";"SP";116;219,8;"GUARULHOS";"Sim";"Ingestao de alcool";3;"Colisao com objeto estatico";"Com Vitimas Feridas";"Amanhecer";"Crescente";"Chuva";"Multipla";"Reta";"Sim";321943;"Automóvel";"I/AUDI A3 LM 122CV I";2015;"Condutor";"Ileso";20;"Masculino";1;0;0;0;"-23.46571166";"-46.50138259";"SR-SP";"DEL6/1";"UOP01/SP"
180587;397460;2018-12-24;"segunda-feira";"06:30:00";"MG";381;2,3;"BETIM";"Sim";"Ingestao de alcool";1;"Saida de leito carrocavel";"Com Vitimas Feridas";"Pleno dia";"Decrescente";"Ceu Claro";"Dupla";"Curva";"Sim";321958;"Automóvel";"VW/FOX 1.0 PLUS";2006;"Condutor";"Ileso";55;"Masculino";1;0;0;0;"-19.96825";"-44.198708";"SR-MG";"DEL4/1";"UOP03/MG"
180587;397462;2018-12-24;"segunda-feira";"06:30:00";"MG";381;2,3;"BETIM";"Sim";"Ingestao de alcool";1;"Saida de leito carrocavel";"Com Vitimas Feridas";"Pleno dia";"Decrescente";"Ceu Claro";"Dupla";"Curva";"Sim";321959;"Automóvel";"FIAT/PALIO FIRE FLEX";2005;"Condutor";"Lesoes Graves";28;"Masculino";0;0;1;0;"-19.96825";"-44.198708";"SR-MG";"DEL4/1";"UOP03/MG"
180587;397464;2018-12-24;"segunda-feira";"06:30:00";"MG";381;2,3;"BETIM";"Sim";"Ingestao de alcool";1;"Saida de leito carrocavel";"Com Vitimas Feridas";"Pleno dia";"Decrescente";"Ceu Claro";"Dupla";"Curva";"Sim";321959;"Automóvel";"FIAT/PALIO FIRE FLEX";2005;"Pedestre";"Lesoes Graves";53;"Masculino";0;0;1;0;"-19.96825";"-44.198708";"SR-MG";"DEL4/1";"UOP03/MG"
180630;397566;2018-12-24;"segunda-feira";"09:50:00";"PA";316;105,4;"SANTA MARIA DO PARA";"Sim";"Ingestao de alcool";1;"Colisao traseira";"Com Vitimas Feridas";"Pleno dia";"Crescente";"Ceu Claro";"Simples";"Ponte";"Nao";322021;"Motocicleta";"HONDA/CG 125 TITAN KS";2003;"Condutor";"Lesoes Graves";36;"Masculino";0;0;1;0;"-1.339653";"-47.577732";"SR-PA";"DEL19/1";"UOP03/PA"
180630;397568;2018-12-24;"segunda-feira";"09:50:00";"PA";316;105,4;"SANTA MARIA DO PARA";"Sim";"Ingestao de alcool";1;"Colisao traseira";"Com Vitimas Feridas";"Pleno dia";"Crescente";"Ceu Claro";"Simples";"Ponte";"Nao";322021;"Motocicleta";"HONDA/CG 125 TITAN KS";2003;"Pedestre";"Lesoes Graves";17;"Masculino";0;0;1;0;"-1.339653";"-47.577732";"SR-PA";"DEL19/1";"UOP03/PA"
180651;397903;2018-12-24;"segunda-feira";"11:55:00";"SC";101;134,5;"BALNEARIO CAMBORIU";"Sim";"Ingestao de alcool";1;"Colisao lateral";"Com Vitimas Feridas";"Pleno dia";"Crescente";"Sol";"Simples";"Intersecao de vias";"Nao";322182;"Micro-ônibus";"I/M.BENZ 515CDISPRINTERM";2013;"Condutor";"Ileso";60;"Masculino";1;0;0;0;"-27.0049";"-48.6266";"SR-SC";"DEL8/4";"UOP03/SC"
180651;397905;2018-12-24;"segunda-feira";"11:55:00";"SC";101;134,5;"BALNEARIO CAMBORIU";"Sim";"Ingestao de alcool";1;"Colisao lateral";"Com Vitimas Feridas";"Pleno dia";"Crescente";"Sol";"Simples";"Intersecao de vias";"Nao";322183;"Motocicleta";"YAMAHA/FAZER250 BLUEFLEX";2017;"Condutor";"Lesoes Graves";46;"Masculino";0;0;1;0;"-27.0049";"-48.6266";"SR-SC";"DEL8/4";"UOP03/SC"
180651;397901;2018-12-24;"segunda-feira";"11:55:00";"SC";101;134,5;"BALNEARIO CAMBORIU";"Sim";"Ingestao de alcool";1;"Colisao lateral";"Com Vitimas Feridas";"Pleno dia";"Crescente";"Sol";"Simples";"Intersecao de vias";"Nao";322181;"Automóvel";"GM/CLASSIC LIFE";2006;"Condutor";"Ileso";49;"Feminino";1;0;0;0;"-27.0049";"-48.6266";"SR-SC";"DEL8/4";"UOP03/SC"
180668;397908;2018-12-24;"segunda-feira";"12:30:00";"MS";60;48;"PARAISO DAS AGUAS";"Sim";"Ingestao de alcool";3;"Queda de ocupante de veiculo";"Com Vitimas Feridas";"Pleno dia";"Crescente";"Nublado";"Simples";"Nao Informado";"Nao";322257;"Motocicleta";"HONDA/CG 125 TITAN KS";2000;"Condutor";"Lesoes Graves";46;"Masculino";0;0;1;0;"-18.963432";"-52.841885";"SR-MS";"DEL3/8";"UOP01/MS"
180699;397853;2018-12-24;"segunda-feira";"18:00:00";"RS";285;285;"PASSO FUNDO";"Nao";"Ingestao de alcool";2;"Colisao com objeto estatico";"Com Vitimas Feridas";"Pleno dia";"Crescente";"Ceu Claro";"Simples";"Curva";"Nao";322210;"Automóvel";"GM/MONZA SL";1989;"Condutor";"Lesoes Leves";40;"Masculino";0;1;0;0;"-28.24577";"-52.299809";"SR-RS";"DEL08";"UOP03/RS"
180699;397854;2018-12-24;"segunda-feira";"18:00:00";"RS";285;285;"PASSO FUNDO";"Nao";"Ingestao de alcool";2;"Colisao com objeto estatico";"Com Vitimas Feridas";"Pleno dia";"Crescente";"Ceu Claro";"Simples";"Curva";"Nao";322210;"Automóvel";"GM/MONZA SL";1989;"Passageiro";"Lesoes Leves";45;"Masculino";0;1;0;0;"-28.24577";"-52.299809";"SR-RS";"DEL08";"UOP03/RS"
180708;399026;2018-12-24;"segunda-feira";"16:20:00";"RO";364;716;"PORTO VELHO";"Nao";"Ingestao de alcool";2;"Queda de ocupante de veiculo";"Com Vitimas Feridas";"Pleno dia";"Decrescente";"Sol";"Dupla";"Reta";"Sim";322284;"Motocicleta";"HONDA/CG 125 FAN KS";2010;"Condutor";"Lesoes Graves";48;"Masculino";0;0;1;0;"-8.79109515";"-63.90364587";"SR-RO";"DEL21/1";"UOP01/RO"
180708;399034;2018-12-24;"segunda-feira";"16:20:00";"RO";364;716;"PORTO VELHO";"Nao";"Ingestao de alcool";2;"Queda de ocupante de veiculo";"Com Vitimas Feridas";"Pleno dia";"Decrescente";"Sol";"Dupla";"Reta";"Sim";322285;"Automóvel";"VW/NOVO VOYAGE 1.6";2014;"Condutor";"Ileso";53;"Feminino";1;0;0;0;"-8.79109515";"-63.90364587";"SR-RO";"DEL21/1";"UOP01/RO"
180708;399037;2018-12-24;"segunda-feira";"16:20:00";"RO";364;716;"PORTO VELHO";"Nao";"Ingestao de alcool";2;"Queda de ocupante de veiculo";"Com Vitimas Feridas";"Pleno dia";"Decrescente";"Sol";"Dupla";"Reta";"Sim";322285;"Automóvel";"VW/NOVO VOYAGE 1.6";2014;"Passageiro";"Ileso";19;"Feminino";1;0;0;0;"-8.79109515";"-63.90364587";"SR-RO";"DEL21/1";"UOP01/RO"
180731;400159;2018-12-24;"segunda-feira";"21:00:00";"GO";60;39;"APARECIDA DE GOIANIA";"Nao";"Ingestao de alcool";1;"Colisao com objeto estatico";"Sem Vitimas";"Plena Noite";"Decrescente";"Ceu Claro";"Dupla";"Reta";"Sim";322237;"Automóvel";"GM/CELTA";2001;"Condutor";"Ileso";37;"Masculino";1;0;0;0;"-16.8101";"-49.2397";"SR-GO";"DEL1/1";"UOP03/GO"
180731;400161;2018-12-24;"segunda-feira";"21:00:00";"GO";60;39;"APARECIDA DE GOIANIA";"Nao";"Ingestao de alcool";1;"Colisao com objeto estatico";"Sem Vitimas";"Plena Noite";"Decrescente";"Ceu Claro";"Dupla";"Reta";"Sim";322238;"Automóvel";"HONDA/CIVIC LXS FLEX";2009;"Condutor";"Ileso";26;"Masculino";1;0;0;0;"-16.8101";"-49.2397";"SR-GO";"DEL1/1";"UOP03/GO"
180738;397855;2018-12-24;"segunda-feira";"17:45:00";"RO";174;14,5;"VILHENA";"Sim";"Ingestao de alcool";2;"Queda de ocupante de veiculo";"Com Vitimas Feridas";"Anoitecer";"Crescente";"Ceu Claro";"Dupla";"Reta";"Sim";322220;"Motocicleta";"HONDA/CG 125 CARGO KS";2013;"Condutor";"Lesoes Leves";37;"Masculino";0;1;0;0;"-12.733067";"-60.12981";"SR-RO";"DEL21/4";"UOP01/RO"
180738;397868;2018-12-24;"segunda-feira";"17:45:00";"RO";174;14,5;"VILHENA";"Sim";"Ingestao de alcool";2;"Queda de ocupante de veiculo";"Com Vitimas Feridas";"Anoitecer";"Crescente";"Ceu Claro";"Dupla";"Reta";"Sim";322221;"Automóvel";"GM/ASTRA SEDAN ADVANTAGE";2007;"Testemunha";"Nao Informado";NA;"Nao Informado";0;0;0;0;"-12.733067";"-60.12981";"SR-RO";"DEL21/4";"UOP01/RO"
180738;397860;2018-12-24;"segunda-feira";"17:45:00";"RO";174;14,5;"VILHENA";"Sim";"Ingestao de alcool";2;"Queda de ocupante de veiculo";"Com Vitimas Feridas";"Anoitecer";"Crescente";"Ceu Claro";"Dupla";"Reta";"Sim";322221;"Automóvel";"GM/ASTRA SEDAN ADVANTAGE";2007;"Condutor";"Ileso";43;"Masculino";1;0;0;0;"-12.733067";"-60.12981";"SR-RO";"DEL21/4";"UOP01/RO"
180745;397915;2018-12-24;"segunda-feira";"22:00:00";"GO";20;190;"SIMOLANDIA";"Sim";"Ingestao de alcool";1;"Colisao lateral";"Sem Vitimas";"Plena Noite";"Crescente";"Ceu Claro";"Simples";"Reta";"Nao";322259;"Caminhao-trator";"M.BENZ/AX0R 1933 S";2009;"Condutor";"Ileso";41;"Masculino";1;0;0;0;"-14.399416";"-46.450367";"SR-DF";"GO";"UOP05/DF"
180745;397916;2018-12-24;"segunda-feira";"22:00:00";"GO";20;190;"SIMOLANDIA";"Sim";"Ingestao de alcool";1;"Colisao lateral";"Sem Vitimas";"Plena Noite";"Crescente";"Ceu Claro";"Simples";"Reta";"Nao";322260;"Automóvel";"I/VW JETTA 2.0";2011;"Condutor";"Ileso";31;"Masculino";1;0;0;0;"-14.399416";"-46.450367";"SR-DF";"GO";"UOP05/DF"
180745;397917;2018-12-24;"segunda-feira";"22:00:00";"GO";20;190;"SIMOLANDIA";"Sim";"Ingestao de alcool";1;"Colisao lateral";"Sem Vitimas";"Plena Noite";"Crescente";"Ceu Claro";"Simples";"Reta";"Nao";322260;"Automóvel";"I/VW JETTA 2.0";2011;"Passageiro";"Ileso";24;"Masculino";1;0;0;0;"-14.399416";"-46.450367";"SR-DF";"GO";"UOP05/DF"
180748;402167;2018-12-24;"segunda-feira";"23:05:00";"PR";376;509;"PONTA GROSSA";"Sim";"Ingestao de alcool";1;"Colisao traseira";"Sem Vitimas";"Plena Noite";"Decrescente";"Ceu Claro";"Dupla";"Nao Informado";"Nao";322322;"Automóvel";"PEUGEOT/207HB XR S";2008;"Condutor";"Ileso";44;"Masculino";1;0;0;0;"-25.21341628";"-50.06026626";"SR-PR";"DEL7/3";"UOP03/PR"
180748;402172;2018-12-24;"segunda-feira";"23:05:00";"PR";376;509;"PONTA GROSSA";"Sim";"Ingestao de alcool";1;"Colisao traseira";"Sem Vitimas";"Plena Noite";"Decrescente";"Ceu Claro";"Dupla";"Nao Informado";"Nao";322323;"Automóvel";"VW/GOL 1.0";2006;"Condutor";"Ileso";36;"Masculino";1;0;0;0;"-25.21341628";"-50.06026626";"SR-PR";"DEL7/3";"UOP03/PR"
180753;397924;2018-12-24;"segunda-feira";"23:40:00";"PR";277;683;"SAO MIGUEL DO IGUACU";"Sim";"Ingestao de alcool";1;"Saida de leito carrocavel";"Com Vitimas Feridas";"Plena Noite";"Crescente";"Ceu Claro";"Dupla";"Curva";"Nao";322261;"Automóvel";"GM/VECTRA GLS";1999;"Condutor";"Ileso";24;"Masculino";1;0;0;0;"-25.332716";"-54.192101";"SR-PR";"DEL7/5";"UOP01/PR"
180753;397925;2018-12-24;"segunda-feira";"23:40:00";"PR";277;683;"SAO MIGUEL DO IGUACU";"Sim";"Ingestao de alcool";1;"Saida de leito carrocavel";"Com Vitimas Feridas";"Plena Noite";"Crescente";"Ceu Claro";"Dupla";"Curva";"Nao";322261;"Automóvel";"GM/VECTRA GLS";1999;"Passageiro";"Ileso";14;"Masculino";1;0;0;0;"-25.332716";"-54.192101";"SR-PR";"DEL7/5";"UOP01/PR"
180753;397928;2018-12-24;"segunda-feira";"23:40:00";"PR";277;683;"SAO MIGUEL DO IGUACU";"Sim";"Ingestao de alcool";1;"Saida de leito carrocavel";"Com Vitimas Feridas";"Plena Noite";"Crescente";"Ceu Claro";"Dupla";"Curva";"Nao";322261;"Automóvel";"GM/VECTRA GLS";1999;"Pedestre";"Lesoes Leves";5;"Feminino";0;1;0;0;"-25.332716";"-54.192101";"SR-PR";"DEL7/5";"UOP01/PR"
180753;397926;2018-12-24;"segunda-feira";"23:40:00";"PR";277;683;"SAO MIGUEL DO IGUACU";"Sim";"Ingestao de alcool";1;"Saida de leito carrocavel";"Com Vitimas Feridas";"Plena Noite";"Crescente";"Ceu Claro";"Dupla";"Curva";"Nao";322261;"Automóvel";"GM/VECTRA GLS";1999;"Pedestre";"Lesoes Leves";41;"Feminino";0;1;0;0;"-25.332716";"-54.192101";"SR-PR";"DEL7/5";"UOP01/PR"
180763;402174;2018-12-25;"terca-feira";"01:10:00";"PR";369;158,8;"CAMBE";"Sim";"Ingestao de alcool e/ou substâncias psicoativas pelo pedestre";3;"Saida de leito carrocavel";"Sem Vitimas";"Plena Noite";"Decrescente";"Garoa/Chuvisco";"Multipla";"Reta";"Sim";322283;"Automóvel";"CITROEN/C3 GLX 16 FLEX";2007;"Condutor";"Ileso";34;"Masculino";1;0;0;0;"-23.285";"-51.242";"SR-PR";"DEL7/7";"UOP01/PR"
180763;402169;2018-12-25;"terca-feira";"01:10:00";"PR";369;158,8;"CAMBE";"Sim";"Ingestao de alcool e/ou substâncias psicoativas pelo pedestre";3;"Saida de leito carrocavel";"Sem Vitimas";"Plena Noite";"Decrescente";"Garoa/Chuvisco";"Multipla";"Reta";"Sim";322282;"Automóvel";"I/CITROEN C4 PALLAS20G F";2010;"Condutor";"Ileso";25;"Masculino";1;0;0;0;"-23.285";"-51.242";"SR-PR";"DEL7/7";"UOP01/PR"
180763;402173;2018-12-25;"terca-feira";"01:10:00";"PR";369;158,8;"CAMBE";"Sim";"Ingestao de alcool e/ou substâncias psicoativas pelo pedestre";3;"Saida de leito carrocavel";"Sem Vitimas";"Plena Noite";"Decrescente";"Garoa/Chuvisco";"Multipla";"Reta";"Sim";322282;"Automóvel";"I/CITROEN C4 PALLAS20G F";2010;"Passageiro";"Ileso";20;"Feminino";1;0;0;0;"-23.285";"-51.242";"SR-PR";"DEL7/7";"UOP01/PR"
180768;397934;2018-12-24;"segunda-feira";"23:19:00";"AM";230;615,9;"HUMAITA";"Sim";"Ingestao de alcool";1;"Colisao lateral";"Com Vitimas Feridas";"Plena Noite";"Crescente";"Garoa/Chuvisco";"Simples";"Reta";"Sim";322268;"Motocicleta";"YAMAHA/XTZ 125E";2009;"Condutor";"Lesoes Graves";52;"Masculino";0;0;1;0;"-7.53102076";"-63.04993629";"SR-RO";"DEL21/01";"UOP03/RO"
180768;397935;2018-12-24;"segunda-feira";"23:19:00";"AM";230;615,9;"HUMAITA";"Sim";"Ingestao de alcool";1;"Colisao lateral";"Com Vitimas Feridas";"Plena Noite";"Crescente";"Garoa/Chuvisco";"Simples";"Reta";"Sim";322269;"Motocicleta";"HONDA/CG 150 JOB";2004;"Condutor";"Lesoes Graves";24;"Masculino";0;0;1;0;"-7.53102076";"-63.04993629";"SR-RO";"DEL21/01";"UOP03/RO"
180768;397936;2018-12-24;"segunda-feira";"23:19:00";"AM";230;615,9;"HUMAITA";"Sim";"Ingestao de alcool";1;"Colisao lateral";"Com Vitimas Feridas";"Plena Noite";"Crescente";"Garoa/Chuvisco";"Simples";"Reta";"Sim";322268;"Motocicleta";"YAMAHA/XTZ 125E";2009;"Passageiro";"Lesoes Graves";37;"Feminino";0;0;1;0;"-7.53102076";"-63.04993629";"SR-RO";"DEL21/01";"UOP03/RO"
180781;399417;2018-12-25;"terca-feira";"04:45:00";"TO";153;141,1;"ARAGUAINA";"Sim";"Ingestao de alcool";1;"Colisao traseira";"Com Vitimas Feridas";"Pleno dia";"Decrescente";"Ceu Claro";"Dupla";"Reta";"Sim";322338;"Motocicleta";"HONDA/CG150 FAN ESDI";2012;"Condutor";"Ileso";26;"Masculino";1;0;0;0;"-7.17597";"-48.219559";"SR-TO";"UOP04/TO";""
180781;399665;2018-12-25;"terca-feira";"04:45:00";"TO";153;141,1;"ARAGUAINA";"Sim";"Ingestao de alcool";1;"Colisao traseira";"Com Vitimas Feridas";"Pleno dia";"Decrescente";"Ceu Claro";"Dupla";"Reta";"Sim";323132;"Bicicleta";"MONARK/";NA;"Condutor";"Lesoes Graves";58;"Masculino";0;0;1;0;"-7.17597";"-48.219559";"SR-TO";"UOP04/TO";""
180785;400166;2018-12-25;"terca-feira";"03:40:00";"RO";319;60;"PORTO VELHO";"Sim";"Ingestao de alcool";1;"Colisao com objeto estatico";"Com Vitimas Feridas";"Plena Noite";"Decrescente";"Nublado";"Dupla";"Reta";"Sim";322357;"Caminhonete";"GM/S10 EXECUTIVE 2.8 4X4";2007;"Condutor";"Ileso";44;"Feminino";1;0;0;0;"-8.74020354";"-63.89202118";"SR-RO";"DEL21/1";"UOP01/RO"
180785;400173;2018-12-25;"terca-feira";"03:40:00";"RO";319;60;"PORTO VELHO";"Sim";"Ingestao de alcool";1;"Colisao com objeto estatico";"Com Vitimas Feridas";"Plena Noite";"Decrescente";"Nublado";"Dupla";"Reta";"Sim";322357;"Caminhonete";"GM/S10 EXECUTIVE 2.8 4X4";2007;"Pedestre";"Lesoes Leves";39;"Feminino";0;1;0;0;"-8.74020354";"-63.89202118";"SR-RO";"DEL21/1";"UOP01/RO"
180785;400162;2018-12-25;"terca-feira";"03:40:00";"RO";319;60;"PORTO VELHO";"Sim";"Ingestao de alcool";1;"Colisao com objeto estatico";"Com Vitimas Feridas";"Plena Noite";"Decrescente";"Nublado";"Dupla";"Reta";"Sim";322356;"Automóvel";"FIAT/MOBI LIKE";2018;"Condutor";"Ileso";28;"Masculino";1;0;0;0;"-8.74020354";"-63.89202118";"SR-RO";"DEL21/1";"UOP01/RO"
180788;398990;2018-12-25;"terca-feira";"06:50:00";"RS";386;264,4;"FONTOURA XAVIER";"Nao";"Ingestao de alcool";3;"Capotamento";"Com Vitimas Fatais";"Pleno dia";"Decrescente";"Sol";"Simples";"Curva";"Nao";322374;"Automóvel";"FIAT/PALIO WEEKEND 16V";1997;"Condutor";"Óbito";28;"Masculino";0;0;0;1;"-28.935258";"-52.3768";"SR-RS";"DEL9/4";"UOP04/RS"
180788;398993;2018-12-25;"terca-feira";"06:50:00";"RS";386;264,4;"FONTOURA XAVIER";"Nao";"Ingestao de alcool";3;"Capotamento";"Com Vitimas Fatais";"Pleno dia";"Decrescente";"Sol";"Simples";"Curva";"Nao";322374;"Automóvel";"FIAT/PALIO WEEKEND 16V";1997;"Passageiro";"Lesoes Leves";31;"Masculino";0;1;0;0;"-28.935258";"-52.3768";"SR-RS";"DEL9/4";"UOP04/RS"
180794;398085;2018-12-25;"terca-feira";"07:20:00";"SP";116;225;"GUARULHOS";"Sim";"Ingestao de alcool";1;"Colisao com objeto estatico";"Com Vitimas Feridas";"Pleno dia";"Crescente";"Nublado";"Multipla";"Reta";"Nao";322358;"Automóvel";"GM/CORSA WIND";1999;"Passageiro";"Lesoes Leves";25;"Feminino";0;1;0;0;"-23.489825";"-46.54697619";"SR-SP";"DEL6/1";"UOP01/SP"
180794;398083;2018-12-25;"terca-feira";"07:20:00";"SP";116;225;"GUARULHOS";"Sim";"Ingestao de alcool";1;"Colisao com objeto estatico";"Com Vitimas Feridas";"Pleno dia";"Crescente";"Nublado";"Multipla";"Reta";"Nao";322358;"Automóvel";"GM/CORSA WIND";1999;"Condutor";"Lesoes Leves";25;"Masculino";0;1;0;0;"-23.489825";"-46.54697619";"SR-SP";"DEL6/1";"UOP01/SP"
180794;398087;2018-12-25;"terca-feira";"07:20:00";"SP";116;225;"GUARULHOS";"Sim";"Ingestao de alcool";1;"Colisao com objeto estatico";"Com Vitimas Feridas";"Pleno dia";"Crescente";"Nublado";"Multipla";"Reta";"Nao";322358;"Automóvel";"GM/CORSA WIND";1999;"Passageiro";"Lesoes Leves";5;"Masculino";0;1;0;0;"-23.489825";"-46.54697619";"SR-SP";"DEL6/1";"UOP01/SP"
180795;398237;2018-12-25;"terca-feira";"07:20:00";"RS";290;89;"PORTO ALEGRE";"Sim";"Ingestao de alcool";1;"Saida de leito carrocavel";"Sem Vitimas";"Pleno dia";"Decrescente";"Sol";"Dupla";"Reta";"Nao";322435;"Automóvel";"PEUGEOT/207PASSION XS";2010;"Condutor";"Ileso";28;"Masculino";1;0;0;0;"-29.967892";"-51.147331";"SR-RS";"DEL9/1";"UOP01/RS"
180803;398248;2018-12-25;"terca-feira";"02:32:00";"MT";163;854;"SINOP";"Sim";"Ingestao de alcool e/ou substâncias psicoativas pelo pedestre";1;"Queda de ocupante de veiculo";"Com Vitimas Feridas";"Amanhecer";"Crescente";"Ignorado";"Simples";"Reta";"Sim";322447;"Motocicleta";"";NA;"Condutor";"Lesoes Graves";19;"Masculino";0;0;1;0;"-11.69695002";"-55.45250569";"SR-MT";"DEL2/6";"UOP02/MT"
180812;404058;2018-12-25;"terca-feira";"06:45:00";"MG";116;403,6;"GOVERNADOR VALADARES";"Sim";"Ingestao de alcool";3;"Colisao lateral";"Com Vitimas Feridas";"Amanhecer";"Decrescente";"Ceu Claro";"Simples";"Reta";"Sim";322348;"Camioneta";"I/KIA SPORTAGE EX3 2.0G4";2011;"Condutor";"Ileso";25;"Masculino";1;0;0;0;"-18.9168323";"-41.9408828";"SR-MG";"DEL4/6";"UOP01/MG"
180812;404062;2018-12-25;"terca-feira";"06:45:00";"MG";116;403,6;"GOVERNADOR VALADARES";"Sim";"Ingestao de alcool";3;"Colisao lateral";"Com Vitimas Feridas";"Amanhecer";"Decrescente";"Ceu Claro";"Simples";"Reta";"Sim";322349;"Automóvel";"FIAT/PALIO WK ATTRAC 1.4";2011;"Condutor";"Lesoes Leves";66;"Masculino";0;1;0;0;"-18.9168323";"-41.9408828";"SR-MG";"DEL4/6";"UOP01/MG"
180812;404063;2018-12-25;"terca-feira";"06:45:00";"MG";116;403,6;"GOVERNADOR VALADARES";"Sim";"Ingestao de alcool";3;"Colisao lateral";"Com Vitimas Feridas";"Amanhecer";"Decrescente";"Ceu Claro";"Simples";"Reta";"Sim";322350;"Caminhonete";"FIAT/DOBLO GREENCAR MO4";2016;"Condutor";"Ileso";59;"Masculino";1;0;0;0;"-18.9168323";"-41.9408828";"SR-MG";"DEL4/6";"UOP01/MG"
180812;404064;2018-12-25;"terca-feira";"06:45:00";"MG";116;403,6;"GOVERNADOR VALADARES";"Sim";"Ingestao de alcool";3;"Colisao lateral";"Com Vitimas Feridas";"Amanhecer";"Decrescente";"Ceu Claro";"Simples";"Reta";"Sim";322351;"Caminhao-trator";"M.BENZ/AXOR 2544 S";2014;"Condutor";"Ileso";37;"Masculino";1;0;0;0;"-18.9168323";"-41.9408828";"SR-MG";"DEL4/6";"UOP01/MG"
180812;404067;2018-12-25;"terca-feira";"06:45:00";"MG";116;403,6;"GOVERNADOR VALADARES";"Sim";"Ingestao de alcool";3;"Colisao lateral";"Com Vitimas Feridas";"Amanhecer";"Decrescente";"Ceu Claro";"Simples";"Reta";"Sim";322349;"Automóvel";"FIAT/PALIO WK ATTRAC 1.4";2011;"Passageiro";"Lesoes Leves";57;"Masculino";0;1;0;0;"-18.9168323";"-41.9408828";"SR-MG";"DEL4/6";"UOP01/MG"
180812;404068;2018-12-25;"terca-feira";"06:45:00";"MG";116;403,6;"GOVERNADOR VALADARES";"Sim";"Ingestao de alcool";3;"Colisao lateral";"Com Vitimas Feridas";"Amanhecer";"Decrescente";"Ceu Claro";"Simples";"Reta";"Sim";322349;"Automóvel";"FIAT/PALIO WK ATTRAC 1.4";2011;"Passageiro";"Lesoes Leves";60;"Feminino";0;1;0;0;"-18.9168323";"-41.9408828";"SR-MG";"DEL4/6";"UOP01/MG"
180812;404066;2018-12-25;"terca-feira";"06:45:00";"MG";116;403,6;"GOVERNADOR VALADARES";"Sim";"Ingestao de alcool";3;"Colisao lateral";"Com Vitimas Feridas";"Amanhecer";"Decrescente";"Ceu Claro";"Simples";"Reta";"Sim";322349;"Automóvel";"FIAT/PALIO WK ATTRAC 1.4";2011;"Passageiro";"Lesoes Leves";63;"Feminino";0;1;0;0;"-18.9168323";"-41.9408828";"SR-MG";"DEL4/6";"UOP01/MG"