"id";"pesid";"data_inversa";"dia_semana";"horario";"uf";"br";"km";"municipio";"causa_principal";"causa_acidente";"ordem_tipo_acidente";"tipo_acidente";"classificacao_acidente";"fase_dia";"sentido_via";"condicao_metereologica";"tipo_pista";"tracado_via";"uso_solo";"id_veiculo";"tipo_veiculo";"marca";"ano_fabricacao_veiculo";"tipo_envolvido";"estado_fisico";"idade";"sexo";"ilesos";"feridos_leves";"feridos_graves";"mortos";"latitude";"longitude";"regional";"delegacia";"uop"
180812;404103;2018-12-25;"terca-feira";"06:45:00";"MG";116;403,6;"GOVERNADOR VALADARES";"Sim";"Ingestao de alcool";3;"Colisao lateral";"Com Vitimas Feridas";"Amanhecer";"Decrescente";"Ceu Claro";"Simples";"Reta";"Sim";322349;"Automóvel";"FIAT/PALIO WK ATTRAC 1.4";2011;"Passageiro";"Lesoes Leves";907;"Ignorado";0;1;0;0;"-18.9168323";"-41.9408828";"SR-MG";"DEL4/6";"UOP01/MG"
180827;398205;2018-12-25;"terca-feira";"09:15:00";"RS";293;250;"DOM PEDRITO";"Nao";"Ingestao de alcool";1;"Colisao traseira";"Sem Vitimas";"Pleno dia";"Decrescente";"Ceu Claro";"Simples";"Nao Informado";"Sim";322394;"Caminhonete";"MMC/TRITON SPORT HPE";2018;"Condutor";"Ileso";33;"Masculino";1;0;0;0;"-30.968924";"-54.6604";"SR-RS";"DEL9/11";"UOP01/RS"
180827;398210;2018-12-25;"terca-feira";"09:15:00";"RS";293;250;"DOM PEDRITO";"Nao";"Ingestao de alcool";1;"Colisao traseira";"Sem Vitimas";"Pleno dia";"Decrescente";"Ceu Claro";"Simples";"Nao Informado";"Sim";322395;"Automóvel";"FIAT/UNO MILLE FIRE";2004;"Condutor";"Ileso";19;"Masculino";1;0;0;0;"-30.968924";"-54.6604";"SR-RS";"DEL9/11";"UOP01/RS"
180828;398137;2018-12-25;"terca-feira";"09:50:00";"MS";163;322;"RIO BRILHANTE";"Sim";"Ingestao de alcool e/ou substâncias psicoativas pelo pedestre";1;"Atropelamento de Pedestre";"Com Vitimas Feridas";"Pleno dia";"Crescente";"Nublado";"Simples";"Reta";"Nao";322377;"Automóvel";"";NA;"Condutor";"Ileso";NA;"Ignorado";1;0;0;0;"-21.7937";"-54.52603";"SR-MS";"DEL2";"UOP02/MS"
180828;398125;2018-12-25;"terca-feira";"09:50:00";"MS";163;322;"RIO BRILHANTE";"Sim";"Ingestao de alcool e/ou substâncias psicoativas pelo pedestre";1;"Atropelamento de Pedestre";"Com Vitimas Feridas";"Pleno dia";"Crescente";"Nublado";"Simples";"Reta";"Nao";322377;"Automóvel";"";NA;"Pedestre";"Lesoes Leves";67;"Masculino";0;1;0;0;"-21.7937";"-54.52603";"SR-MS";"DEL2";"UOP02/MS"
180884;398408;2018-12-25;"terca-feira";"17:30:00";"ES";101;413;"ITAPEMIRIM";"Nao";"Ingestao de alcool";2;"Saida de leito carrocavel";"Sem Vitimas";"Pleno dia";"Crescente";"Chuva";"Simples";"Reta";"Nao";322509;"Automóvel";"GM/CORSA WIND";2001;"Condutor";"Ileso";NA;"Masculino";1;0;0;0;"-20.91646841";"-41.07316017";"SR-ES";"DEL12/3";"UOP02/ES"
180884;398414;2018-12-25;"terca-feira";"17:30:00";"ES";101;413;"ITAPEMIRIM";"Nao";"Ingestao de alcool";2;"Saida de leito carrocavel";"Sem Vitimas";"Pleno dia";"Crescente";"Chuva";"Simples";"Reta";"Nao";322510;"Automóvel";"VW/GOL 1.0";2004;"Condutor";"Ileso";34;"Feminino";1;0;0;0;"-20.91646841";"-41.07316017";"SR-ES";"DEL12/3";"UOP02/ES"
180884;398416;2018-12-25;"terca-feira";"17:30:00";"ES";101;413;"ITAPEMIRIM";"Nao";"Ingestao de alcool";2;"Saida de leito carrocavel";"Sem Vitimas";"Pleno dia";"Crescente";"Chuva";"Simples";"Reta";"Nao";322511;"Automóvel";"GM/CELTA 5 PORTAS";2003;"Condutor";"Ileso";38;"Masculino";1;0;0;0;"-20.91646841";"-41.07316017";"SR-ES";"DEL12/3";"UOP02/ES"
180921;398391;2018-12-25;"terca-feira";"18:30:00";"MG";381;712,8;"CARMO DA CACHOEIRA";"Sim";"Ingestao de alcool";2;"Colisao com objeto estatico";"Sem Vitimas";"Pleno dia";"Decrescente";"Nublado";"Dupla";"Curva";"Nao";322523;"Automóvel";"FORD/FIESTA";2003;"Condutor";"Ileso";66;"Masculino";1;0;0;0;"-21.3742";"-45.1916";"SR-MG";"DEL4/4";"UOP02/MG"
180925;401338;2018-12-25;"terca-feira";"18:55:00";"AL";316;262;"SATUBA";"Sim";"Ingestao de alcool";1;"Colisao frontal";"Com Vitimas Feridas";"Plena Noite";"Crescente";"Ceu Claro";"Simples";"Curva";"Nao";322674;"Automóvel";"VW/GOL CL";1989;"Passageiro";"Ileso";NA;"Masculino";1;0;0;0;"-9.588771";"-35.887005";"SR-AL";"DEL13/2";"UOP01/AL"
180925;401337;2018-12-25;"terca-feira";"18:55:00";"AL";316;262;"SATUBA";"Sim";"Ingestao de alcool";1;"Colisao frontal";"Com Vitimas Feridas";"Plena Noite";"Crescente";"Ceu Claro";"Simples";"Curva";"Nao";322674;"Automóvel";"VW/GOL CL";1989;"Condutor";"Ileso";44;"Masculino";1;0;0;0;"-9.588771";"-35.887005";"SR-AL";"DEL13/2";"UOP01/AL"
180925;401342;2018-12-25;"terca-feira";"18:55:00";"AL";316;262;"SATUBA";"Sim";"Ingestao de alcool";1;"Colisao frontal";"Com Vitimas Feridas";"Plena Noite";"Crescente";"Ceu Claro";"Simples";"Curva";"Nao";322674;"Automóvel";"VW/GOL CL";1989;"Passageiro";"Lesoes Graves";18;"Feminino";0;0;1;0;"-9.588771";"-35.887005";"SR-AL";"DEL13/2";"UOP01/AL"
180925;401349;2018-12-25;"terca-feira";"18:55:00";"AL";316;262;"SATUBA";"Sim";"Ingestao de alcool";1;"Colisao frontal";"Com Vitimas Feridas";"Plena Noite";"Crescente";"Ceu Claro";"Simples";"Curva";"Nao";322674;"Automóvel";"VW/GOL CL";1989;"Passageiro";"Lesoes Leves";18;"Masculino";0;1;0;0;"-9.588771";"-35.887005";"SR-AL";"DEL13/2";"UOP01/AL"
180925;401350;2018-12-25;"terca-feira";"18:55:00";"AL";316;262;"SATUBA";"Sim";"Ingestao de alcool";1;"Colisao frontal";"Com Vitimas Feridas";"Plena Noite";"Crescente";"Ceu Claro";"Simples";"Curva";"Nao";322674;"Automóvel";"VW/GOL CL";1989;"Passageiro";"Lesoes Leves";18;"Feminino";0;1;0;0;"-9.588771";"-35.887005";"SR-AL";"DEL13/2";"UOP01/AL"
180925;401346;2018-12-25;"terca-feira";"18:55:00";"AL";316;262;"SATUBA";"Sim";"Ingestao de alcool";1;"Colisao frontal";"Com Vitimas Feridas";"Plena Noite";"Crescente";"Ceu Claro";"Simples";"Curva";"Nao";322675;"Automóvel";"VW/GOL CL";1993;"Condutor";"Lesoes Leves";40;"Masculino";0;1;0;0;"-9.588771";"-35.887005";"SR-AL";"DEL13/2";"UOP01/AL"
180929;398610;2018-12-25;"terca-feira";"20:30:00";"RS";470;160;"NOVA PRATA";"Sim";"Ingestao de alcool";1;"Colisao frontal";"Com Vitimas Feridas";"Plena Noite";"Crescente";"Chuva";"Simples";"Curva";"Sim";322679;"Automóvel";"I/CHEV CRUZE LT NB AT";2018;"Condutor";"Lesoes Leves";41;"Masculino";0;1;0;0;"-28.80963309";"-51.60119534";"SR-RS";"DEL9/6";"UOP02/RS"
180929;398616;2018-12-25;"terca-feira";"20:30:00";"RS";470;160;"NOVA PRATA";"Sim";"Ingestao de alcool";1;"Colisao frontal";"Com Vitimas Feridas";"Plena Noite";"Crescente";"Chuva";"Simples";"Curva";"Sim";322679;"Automóvel";"I/CHEV CRUZE LT NB AT";2018;"Passageiro";"Lesoes Leves";38;"Feminino";0;1;0;0;"-28.80963309";"-51.60119534";"SR-RS";"DEL9/6";"UOP02/RS"
180929;398618;2018-12-25;"terca-feira";"20:30:00";"RS";470;160;"NOVA PRATA";"Sim";"Ingestao de alcool";1;"Colisao frontal";"Com Vitimas Feridas";"Plena Noite";"Crescente";"Chuva";"Simples";"Curva";"Sim";322680;"Automóvel";"GM/VECTRA GLS";1993;"Condutor";"Lesoes Leves";40;"Masculino";0;1;0;0;"-28.80963309";"-51.60119534";"SR-RS";"DEL9/6";"UOP02/RS"
180929;398614;2018-12-25;"terca-feira";"20:30:00";"RS";470;160;"NOVA PRATA";"Sim";"Ingestao de alcool";1;"Colisao frontal";"Com Vitimas Feridas";"Plena Noite";"Crescente";"Chuva";"Simples";"Curva";"Sim";322679;"Automóvel";"I/CHEV CRUZE LT NB AT";2018;"Passageiro";"Lesoes Leves";38;"Feminino";0;1;0;0;"-28.80963309";"-51.60119534";"SR-RS";"DEL9/6";"UOP02/RS"
180929;398615;2018-12-25;"terca-feira";"20:30:00";"RS";470;160;"NOVA PRATA";"Sim";"Ingestao de alcool";1;"Colisao frontal";"Com Vitimas Feridas";"Plena Noite";"Crescente";"Chuva";"Simples";"Curva";"Sim";322679;"Automóvel";"I/CHEV CRUZE LT NB AT";2018;"Passageiro";"Lesoes Leves";11;"Feminino";0;1;0;0;"-28.80963309";"-51.60119534";"SR-RS";"DEL9/6";"UOP02/RS"
180933;402824;2018-12-25;"terca-feira";"19:40:00";"MT";158;720,6;"BARRA DO GARCAS";"Sim";"Ingestao de alcool";1;"Colisao frontal";"Com Vitimas Feridas";"Plena Noite";"Crescente";"Ceu Claro";"Simples";"Reta";"Nao";322669;"Automóvel";"FIAT/PALIO EDX";1997;"Passageiro";"Lesoes Leves";2017;"Masculino";0;1;0;0;"-15.0";"-52.0";"SR-MT";"DEL2/8";"UOP01/MT"
180933;402827;2018-12-25;"terca-feira";"19:40:00";"MT";158;720,6;"BARRA DO GARCAS";"Sim";"Ingestao de alcool";1;"Colisao frontal";"Com Vitimas Feridas";"Plena Noite";"Crescente";"Ceu Claro";"Simples";"Reta";"Nao";322670;"Automóvel";"VW/GOL 1.6 POWER";2003;"Condutor";"Lesoes Leves";46;"Masculino";0;1;0;0;"-15.0";"-52.0";"SR-MT";"DEL2/8";"UOP01/MT"
180933;402825;2018-12-25;"terca-feira";"19:40:00";"MT";158;720,6;"BARRA DO GARCAS";"Sim";"Ingestao de alcool";1;"Colisao frontal";"Com Vitimas Feridas";"Plena Noite";"Crescente";"Ceu Claro";"Simples";"Reta";"Nao";322669;"Automóvel";"FIAT/PALIO EDX";1997;"Passageiro";"Lesoes Leves";2017;"Masculino";0;1;0;0;"-15.0";"-52.0";"SR-MT";"DEL2/8";"UOP01/MT"
180933;402823;2018-12-25;"terca-feira";"19:40:00";"MT";158;720,6;"BARRA DO GARCAS";"Sim";"Ingestao de alcool";1;"Colisao frontal";"Com Vitimas Feridas";"Plena Noite";"Crescente";"Ceu Claro";"Simples";"Reta";"Nao";322669;"Automóvel";"FIAT/PALIO EDX";1997;"Condutor";"Lesoes Leves";46;"Masculino";0;1;0;0;"-15.0";"-52.0";"SR-MT";"DEL2/8";"UOP01/MT"
180933;402826;2018-12-25;"terca-feira";"19:40:00";"MT";158;720,6;"BARRA DO GARCAS";"Sim";"Ingestao de alcool";1;"Colisao frontal";"Com Vitimas Feridas";"Plena Noite";"Crescente";"Ceu Claro";"Simples";"Reta";"Nao";322669;"Automóvel";"FIAT/PALIO EDX";1997;"Passageiro";"Lesoes Leves";20;"Masculino";0;1;0;0;"-15.0";"-52.0";"SR-MT";"DEL2/8";"UOP01/MT"
180933;402828;2018-12-25;"terca-feira";"19:40:00";"MT";158;720,6;"BARRA DO GARCAS";"Sim";"Ingestao de alcool";1;"Colisao frontal";"Com Vitimas Feridas";"Plena Noite";"Crescente";"Ceu Claro";"Simples";"Reta";"Nao";322670;"Automóvel";"VW/GOL 1.6 POWER";2003;"Passageiro";"Lesoes Leves";44;"Feminino";0;1;0;0;"-15.0";"-52.0";"SR-MT";"DEL2/8";"UOP01/MT"
180936;398438;2018-12-25;"terca-feira";"19:40:00";"CE";20;214,1;"BOA VIAGEM";"Sim";"Ingestao de alcool";1;"Tombamento";"Com Vitimas Feridas";"Plena Noite";"Decrescente";"Ceu Claro";"Simples";"Reta";"Nao";322550;"Motocicleta";"HONDA/CG150 TITAN MIX ES";2009;"Condutor";"Lesoes Leves";54;"Masculino";0;1;0;0;"-5.12155";"-39.732647";"SR-CE";"DEL16/2";"UOP02/CE"
180940;398546;2018-12-25;"terca-feira";"20:45:00";"RN";101;116;"SAO JOSE DE MIPIBU";"Sim";"Ingestao de alcool";1;"Saida de leito carrocavel";"Com Vitimas Feridas";"Plena Noite";"Decrescente";"Ceu Claro";"Dupla";"Nao Informado";"Nao";322597;"Motocicleta";"HONDA/CG 160 START";2016;"Condutor";"Lesoes Leves";33;"Masculino";0;1;0;0;"-5.999234";"-35.260391";"SR-RN";"DEL15/1";"UOP01/RN"
180945;400946;2018-12-25;"terca-feira";"21:50:00";"GO";364;211,8;"JATAI";"Sim";"Ingestao de alcool";1;"Saida de leito carrocavel";"Sem Vitimas";"Plena Noite";"Decrescente";"Chuva";"Simples";"Nao Informado";"Nao";322637;"Automóvel";"I/FIAT PALIO FIRE ECONOM";2012;"Condutor";"Ileso";35;"Masculino";1;0;0;0;"-17.889294";"-51.849514";"SR-GO";"DEL1/5";"UOP01/GO"
180948;398509;2018-12-25;"terca-feira";"21:00:00";"GO";153;321,9;"RIANAPOLIS";"Nao";"Ingestao de alcool";2;"Colisao com objeto estatico";"Com Vitimas Feridas";"Plena Noite";"Decrescente";"Nublado";"Simples";"Reta";"Nao";322606;"Caminhonete";"FIAT/STRADA WORKING CE";2013;"Condutor";"Lesoes Leves";47;"Masculino";0;1;0;0;"-15.456578";"-49.502522";"SR-GO";"DEL1/2";"UOP02/GO"
180957;400303;2018-12-25;"terca-feira";"22:15:00";"MG";116;276,9;"TEOFILO OTONI";"Sim";"Ingestao de alcool";1;"Colisao com objeto em movimento";"Com Vitimas Feridas";"Plena Noite";"Crescente";"Ceu Claro";"Simples";"Reta";"Sim";322633;"Ônibus";"SCANIA/BUSSCAR PANORAM R";2000;"Condutor";"Ileso";31;"Masculino";1;0;0;0;"-17.8553019";"-41.5143621";"SR-MG";"DEL4/11";"UOP01/MG"
180957;400301;2018-12-25;"terca-feira";"22:15:00";"MG";116;276,9;"TEOFILO OTONI";"Sim";"Ingestao de alcool";1;"Colisao com objeto em movimento";"Com Vitimas Feridas";"Plena Noite";"Crescente";"Ceu Claro";"Simples";"Reta";"Sim";322632;"Automóvel";"VW/GOL 1.0";2007;"Condutor";"Lesoes Leves";34;"Masculino";0;1;0;0;"-17.8553019";"-41.5143621";"SR-MG";"DEL4/11";"UOP01/MG"
180961;399406;2018-12-25;"terca-feira";"23:30:00";"RJ";116;290;"BARRA MANSA";"Sim";"Ingestao de alcool";2;"Colisao com objeto estatico";"Sem Vitimas";"Plena Noite";"Crescente";"Nublado";"Simples";"Reta";"Nao";322662;"Automóvel";"I/HONDA ACCORD EXR";1999;"Condutor";"Ileso";52;"Masculino";1;0;0;0;"-22.45402855";"-44.30228233";"SR-RJ";"DEL5/7";"UOP03/RJ"
180964;398510;2018-12-26;"quarta-feira";"00:40:00";"GO";40;3;"VALPARAISO DE GOIAS";"Nao";"Ingestao de alcool";1;"Colisao frontal";"Com Vitimas Feridas";"Plena Noite";"Crescente";"Ceu Claro";"Dupla";"Reta";"Sim";322621;"Automóvel";"FORD/KA FLEX";2013;"Condutor";"Ileso";36;"Masculino";1;0;0;0;"-16.076081";"-47.985671";"SR-DF";"GO";"UOP01/DF"
180964;398511;2018-12-26;"quarta-feira";"00:40:00";"GO";40;3;"VALPARAISO DE GOIAS";"Nao";"Ingestao de alcool";1;"Colisao frontal";"Com Vitimas Feridas";"Plena Noite";"Crescente";"Ceu Claro";"Dupla";"Reta";"Sim";322622;"Automóvel";"FIAT/PALIO ATTRACTIV 1.0";2016;"Condutor";"Ileso";26;"Masculino";1;0;0;0;"-16.076081";"-47.985671";"SR-DF";"GO";"UOP01/DF"
180964;398512;2018-12-26;"quarta-feira";"00:40:00";"GO";40;3;"VALPARAISO DE GOIAS";"Nao";"Ingestao de alcool";1;"Colisao frontal";"Com Vitimas Feridas";"Plena Noite";"Crescente";"Ceu Claro";"Dupla";"Reta";"Sim";322622;"Automóvel";"FIAT/PALIO ATTRACTIV 1.0";2016;"Passageiro";"Lesoes Leves";26;"Feminino";0;1;0;0;"-16.076081";"-47.985671";"SR-DF";"GO";"UOP01/DF"
180972;398526;2018-12-26;"quarta-feira";"01:45:00";"BA";407;129;"SENHOR DO BONFIM";"Sim";"Ingestao de alcool";1;"Queda de ocupante de veiculo";"Com Vitimas Feridas";"Plena Noite";"Crescente";"Ceu Claro";"Simples";"Rotatória";"Sim";322638;"Motocicleta";"YAMAHA/YBR125 FACTOR E";2015;"Condutor";"Lesoes Leves";31;"Masculino";0;1;0;0;"-10.48052";"-40.16765";"SR-BA";"DEL10/4";"UOP01/BA"
180975;398611;2018-12-26;"quarta-feira";"02:10:00";"RS";386;129,4;"SARANDI";"Sim";"Ingestao de alcool e/ou substâncias psicoativas pelo pedestre";2;"Capotamento";"Com Vitimas Feridas";"Plena Noite";"Decrescente";"Nublado";"Simples";"Intersecao de vias";"Nao";322640;"Automóvel";"I/FORD FOCUS SE AT 1.6 H";2014;"Condutor";"Lesoes Leves";29;"Masculino";0;1;0;0;"-27.934816";"-52.957222";"SR-RS";"DEL08";"UOP01/RS"
180977;398574;2018-12-26;"quarta-feira";"04:30:00";"PR";277;430,6;"VIRMOND";"Sim";"Ingestao de alcool";2;"Colisao com objeto estatico";"Com Vitimas Feridas";"Plena Noite";"Decrescente";"Nublado";"Simples";"Reta";"Sim";322653;"Automóvel";"GM/CORSA WIND";1997;"Condutor";"Ileso";36;"Masculino";1;0;0;0;"-25.37831672";"-52.21060395";"SR-PR";"DEL7/4";"UOP03/PR"
180977;398580;2018-12-26;"quarta-feira";"04:30:00";"PR";277;430,6;"VIRMOND";"Sim";"Ingestao de alcool";2;"Colisao com objeto estatico";"Com Vitimas Feridas";"Plena Noite";"Decrescente";"Nublado";"Simples";"Reta";"Sim";322653;"Automóvel";"GM/CORSA WIND";1997;"Passageiro";"Lesoes Leves";32;"Masculino";0;1;0;0;"-25.37831672";"-52.21060395";"SR-PR";"DEL7/4";"UOP03/PR"
180977;398568;2018-12-26;"quarta-feira";"04:30:00";"PR";277;430,6;"VIRMOND";"Sim";"Ingestao de alcool";2;"Colisao com objeto estatico";"Com Vitimas Feridas";"Plena Noite";"Decrescente";"Nublado";"Simples";"Reta";"Sim";322653;"Automóvel";"GM/CORSA WIND";1997;"Passageiro";"Lesoes Leves";45;"Masculino";0;1;0;0;"-25.37831672";"-52.21060395";"SR-PR";"DEL7/4";"UOP03/PR"
180977;398571;2018-12-26;"quarta-feira";"04:30:00";"PR";277;430,6;"VIRMOND";"Sim";"Ingestao de alcool";2;"Colisao com objeto estatico";"Com Vitimas Feridas";"Plena Noite";"Decrescente";"Nublado";"Simples";"Reta";"Sim";322653;"Automóvel";"GM/CORSA WIND";1997;"Passageiro";"Lesoes Graves";47;"Masculino";0;0;1;0;"-25.37831672";"-52.21060395";"SR-PR";"DEL7/4";"UOP03/PR"
180989;400532;2018-12-26;"quarta-feira";"04:40:00";"RN";101;143;"GOIANINHA";"Sim";"Ingestao de alcool";2;"Capotamento";"Com Vitimas Feridas";"Plena Noite";"Decrescente";"Ceu Claro";"Dupla";"Nao Informado";"Nao";322699;"Caminhonete";"I/TOYOTA HILUX CD4X4 SRV";2007;"Condutor";"Lesoes Leves";42;"Masculino";0;1;0;0;"-6.234491";"-35.216377";"SR-RN";"DEL15/1";"UOP01/RN"
180989;400534;2018-12-26;"quarta-feira";"04:40:00";"RN";101;143;"GOIANINHA";"Sim";"Ingestao de alcool";2;"Capotamento";"Com Vitimas Feridas";"Plena Noite";"Decrescente";"Ceu Claro";"Dupla";"Nao Informado";"Nao";322699;"Caminhonete";"I/TOYOTA HILUX CD4X4 SRV";2007;"Passageiro";"Lesoes Leves";35;"Masculino";0;1;0;0;"-6.234491";"-35.216377";"SR-RN";"DEL15/1";"UOP01/RN"
180994;400597;2018-12-26;"quarta-feira";"05:15:00";"RO";174;14;"VILHENA";"Sim";"Ingestao de alcool";1;"Colisao com objeto estatico";"Com Vitimas Feridas";"Amanhecer";"Crescente";"Nublado";"Dupla";"Reta";"Nao";322731;"Automóvel";"VW/PARATI 1.6";1999;"Condutor";"Lesoes Leves";26;"Masculino";0;1;0;0;"-12.733067";"-60.12981";"SR-RO";"DEL21/4";"UOP01/RO"
181000;398600;2018-10-28;"domingo";"03:00:00";"SC";282;3;"FLORIANOPOLIS";"Sim";"Ingestao de alcool";1;"Colisao traseira";"Sem Vitimas";"Plena Noite";"Decrescente";"Ceu Claro";"Multipla";"Reta";"Sim";322682;"Automóvel";"I/RENAULT CLIO CAM 10H3P";2011;"Condutor";"Ileso";20;"Masculino";1;0;0;0;"-27.600384";"-48.599705";"SR-SC";"DEL8/1";"UOP01/SC"
181000;398601;2018-10-28;"domingo";"03:00:00";"SC";282;3;"FLORIANOPOLIS";"Sim";"Ingestao de alcool";1;"Colisao traseira";"Sem Vitimas";"Plena Noite";"Decrescente";"Ceu Claro";"Multipla";"Reta";"Sim";322683;"Automóvel";"I/KIA CERATO EX3 1.6MTNB";2010;"Condutor";"Ileso";23;"Masculino";1;0;0;0;"-27.600384";"-48.599705";"SR-SC";"DEL8/1";"UOP01/SC"
181001;398659;2018-12-22;"sabado";"07:50:00";"SC";153;63,8;"IRANI";"Sim";"Ingestao de alcool";4;"Tombamento";"Com Vitimas Fatais";"Pleno dia";"Crescente";"Ceu Claro";"Simples";"Reta";"Nao";322703;"Ônibus";"SCANIA/K113 TCA.ON";1995;"Condutor";"Lesoes Leves";34;"Masculino";0;1;0;0;"-26.994884";"-51.87051";"SR-SC";"DEL7";"UOP05/SC"
181001;398740;2018-12-22;"sabado";"07:50:00";"SC";153;63,8;"IRANI";"Sim";"Ingestao de alcool";4;"Tombamento";"Com Vitimas Fatais";"Pleno dia";"Crescente";"Ceu Claro";"Simples";"Reta";"Nao";322703;"Ônibus";"SCANIA/K113 TCA.ON";1995;"Passageiro";"Lesoes Leves";40;"Masculino";0;1;0;0;"-26.994884";"-51.87051";"SR-SC";"DEL7";"UOP05/SC"
181001;398738;2018-12-22;"sabado";"07:50:00";"SC";153;63,8;"IRANI";"Sim";"Ingestao de alcool";4;"Tombamento";"Com Vitimas Fatais";"Pleno dia";"Crescente";"Ceu Claro";"Simples";"Reta";"Nao";322703;"Ônibus";"SCANIA/K113 TCA.ON";1995;"Passageiro";"Lesoes Leves";34;"Masculino";0;1;0;0;"-26.994884";"-51.87051";"SR-SC";"DEL7";"UOP05/SC"
181001;398731;2018-12-22;"sabado";"07:50:00";"SC";153;63,8;"IRANI";"Sim";"Ingestao de alcool";4;"Tombamento";"Com Vitimas Fatais";"Pleno dia";"Crescente";"Ceu Claro";"Simples";"Reta";"Nao";322703;"Ônibus";"SCANIA/K113 TCA.ON";1995;"Passageiro";"Lesoes Leves";26;"Feminino";0;1;0;0;"-26.994884";"-51.87051";"SR-SC";"DEL7";"UOP05/SC"
181001;398729;2018-12-22;"sabado";"07:50:00";"SC";153;63,8;"IRANI";"Sim";"Ingestao de alcool";4;"Tombamento";"Com Vitimas Fatais";"Pleno dia";"Crescente";"Ceu Claro";"Simples";"Reta";"Nao";322703;"Ônibus";"SCANIA/K113 TCA.ON";1995;"Passageiro";"Lesoes Leves";32;"Masculino";0;1;0;0;"-26.994884";"-51.87051";"SR-SC";"DEL7";"UOP05/SC"
181001;398735;2018-12-22;"sabado";"07:50:00";"SC";153;63,8;"IRANI";"Sim";"Ingestao de alcool";4;"Tombamento";"Com Vitimas Fatais";"Pleno dia";"Crescente";"Ceu Claro";"Simples";"Reta";"Nao";322703;"Ônibus";"SCANIA/K113 TCA.ON";1995;"Passageiro";"Lesoes Leves";36;"Masculino";0;1;0;0;"-26.994884";"-51.87051";"SR-SC";"DEL7";"UOP05/SC"
181001;398742;2018-12-22;"sabado";"07:50:00";"SC";153;63,8;"IRANI";"Sim";"Ingestao de alcool";4;"Tombamento";"Com Vitimas Fatais";"Pleno dia";"Crescente";"Ceu Claro";"Simples";"Reta";"Nao";322703;"Ônibus";"SCANIA/K113 TCA.ON";1995;"Passageiro";"Lesoes Leves";30;"Masculino";0;1;0;0;"-26.994884";"-51.87051";"SR-SC";"DEL7";"UOP05/SC"
181001;398741;2018-12-22;"sabado";"07:50:00";"SC";153;63,8;"IRANI";"Sim";"Ingestao de alcool";4;"Tombamento";"Com Vitimas Fatais";"Pleno dia";"Crescente";"Ceu Claro";"Simples";"Reta";"Nao";322703;"Ônibus";"SCANIA/K113 TCA.ON";1995;"Passageiro";"Lesoes Leves";23;"Masculino";0;1;0;0;"-26.994884";"-51.87051";"SR-SC";"DEL7";"UOP05/SC"
181001;398880;2018-12-22;"sabado";"07:50:00";"SC";153;63,8;"IRANI";"Sim";"Ingestao de alcool";4;"Tombamento";"Com Vitimas Fatais";"Pleno dia";"Crescente";"Ceu Claro";"Simples";"Reta";"Nao";322703;"Ônibus";"SCANIA/K113 TCA.ON";1995;"Passageiro";"Lesoes Leves";29;"Masculino";0;1;0;0;"-26.994884";"-51.87051";"SR-SC";"DEL7";"UOP05/SC"
181001;398878;2018-12-22;"sabado";"07:50:00";"SC";153;63,8;"IRANI";"Sim";"Ingestao de alcool";4;"Tombamento";"Com Vitimas Fatais";"Pleno dia";"Crescente";"Ceu Claro";"Simples";"Reta";"Nao";322703;"Ônibus";"SCANIA/K113 TCA.ON";1995;"Passageiro";"Lesoes Leves";28;"Masculino";0;1;0;0;"-26.994884";"-51.87051";"SR-SC";"DEL7";"UOP05/SC"
181001;398650;2018-12-22;"sabado";"07:50:00";"SC";153;63,8;"IRANI";"Sim";"Ingestao de alcool";4;"Tombamento";"Com Vitimas Fatais";"Pleno dia";"Crescente";"Ceu Claro";"Simples";"Reta";"Nao";322702;"Automóvel";"FORD/FIESTA SEDAN FLEX";2011;"Condutor";"Óbito";20;"Masculino";0;0;0;1;"-26.994884";"-51.87051";"SR-SC";"DEL7";"UOP05/SC"
181001;398905;2018-12-22;"sabado";"07:50:00";"SC";153;63,8;"IRANI";"Sim";"Ingestao de alcool";4;"Tombamento";"Com Vitimas Fatais";"Pleno dia";"Crescente";"Ceu Claro";"Simples";"Reta";"Nao";322702;"Automóvel";"FORD/FIESTA SEDAN FLEX";2011;"Passageiro";"Lesoes Graves";23;"Masculino";0;0;1;0;"-26.994884";"-51.87051";"SR-SC";"DEL7";"UOP05/SC"
181001;398733;2018-12-22;"sabado";"07:50:00";"SC";153;63,8;"IRANI";"Sim";"Ingestao de alcool";4;"Tombamento";"Com Vitimas Fatais";"Pleno dia";"Crescente";"Ceu Claro";"Simples";"Reta";"Nao";322703;"Ônibus";"SCANIA/K113 TCA.ON";1995;"Passageiro";"Lesoes Leves";24;"Masculino";0;1;0;0;"-26.994884";"-51.87051";"SR-SC";"DEL7";"UOP05/SC"
181105;399237;2018-12-26;"quarta-feira";"16:15:00";"MG";40;758,6;"EWBANK DA CAMARA";"Sim";"Ingestao de alcool";1;"Colisao traseira";"Com Vitimas Feridas";"Pleno dia";"Decrescente";"Chuva";"Simples";"Reta";"Nao";323004;"Camioneta";"MMC/PAJERO TR4";2004;"Condutor";"Ileso";38;"Feminino";1;0;0;0;"-21.5506";"-43.5087";"SR-MG";"DEL5";"UOP01/MG"