"id";"pesid";"data_inversa";"dia_semana";"horario";"uf";"br";"km";"municipio";"causa_principal";"causa_acidente";"ordem_tipo_acidente";"tipo_acidente";"classificacao_acidente";"fase_dia";"sentido_via";"condicao_metereologica";"tipo_pista";"tracado_via";"uso_solo";"id_veiculo";"tipo_veiculo";"marca";"ano_fabricacao_veiculo";"tipo_envolvido";"estado_fisico";"idade";"sexo";"ilesos";"feridos_leves";"feridos_graves";"mortos";"latitude";"longitude";"regional";"delegacia";"uop"
181105;399265;2018-12-26;"quarta-feira";"16:15:00";"MG";40;758,6;"EWBANK DA CAMARA";"Sim";"Ingestao de alcool";1;"Colisao traseira";"Com Vitimas Feridas";"Pleno dia";"Decrescente";"Chuva";"Simples";"Reta";"Nao";323004;"Camioneta";"MMC/PAJERO TR4";2004;"Passageiro";"Ileso";45;"Feminino";1;0;0;0;"-21.5506";"-43.5087";"SR-MG";"DEL5";"UOP01/MG"
181105;399266;2018-12-26;"quarta-feira";"16:15:00";"MG";40;758,6;"EWBANK DA CAMARA";"Sim";"Ingestao de alcool";1;"Colisao traseira";"Com Vitimas Feridas";"Pleno dia";"Decrescente";"Chuva";"Simples";"Reta";"Nao";323005;"Camioneta";"I/HONDA CR-V LX";2012;"Passageiro";"Lesoes Leves";45;"Feminino";0;1;0;0;"-21.5506";"-43.5087";"SR-MG";"DEL5";"UOP01/MG"
181105;399241;2018-12-26;"quarta-feira";"16:15:00";"MG";40;758,6;"EWBANK DA CAMARA";"Sim";"Ingestao de alcool";1;"Colisao traseira";"Com Vitimas Feridas";"Pleno dia";"Decrescente";"Chuva";"Simples";"Reta";"Nao";323005;"Camioneta";"I/HONDA CR-V LX";2012;"Condutor";"Ileso";53;"Masculino";1;0;0;0;"-21.5506";"-43.5087";"SR-MG";"DEL5";"UOP01/MG"
181116;399146;2018-12-26;"quarta-feira";"17:30:00";"SC";470;61,9;"BLUMENAU";"Sim";"Ingestao de alcool";1;"Colisao traseira";"Sem Vitimas";"Pleno dia";"Decrescente";"Nublado";"Simples";"Reta";"Nao";322940;"Caminhonete";"VW/NOVA SAVEIRO TL MBVS";2017;"Condutor";"Ileso";50;"Masculino";1;0;0;0;"-26.878952";"-49.17421";"SR-SC";"DEL8/4";"UOP01/SC"
181116;399151;2018-12-26;"quarta-feira";"17:30:00";"SC";470;61,9;"BLUMENAU";"Sim";"Ingestao de alcool";1;"Colisao traseira";"Sem Vitimas";"Pleno dia";"Decrescente";"Nublado";"Simples";"Reta";"Nao";322941;"Automóvel";"FORD/FIESTA";1998;"Condutor";"Ileso";62;"Masculino";1;0;0;0;"-26.878952";"-49.17421";"SR-SC";"DEL8/4";"UOP01/SC"
181117;401144;2018-12-26;"quarta-feira";"17:15:00";"MG";381;492,8;"BETIM";"Nao";"Ingestao de alcool";3;"Queda de ocupante de veiculo";"Com Vitimas Feridas";"Pleno dia";"Decrescente";"Ceu Claro";"Multipla";"Reta";"Sim";324326;"Automóvel";"";NA;"Condutor";"Ileso";NA;"Ignorado";1;0;0;0;"-19.9639";"-44.1693";"SR-MG";"DEL4/1";"UOP03/MG"
181117;401105;2018-12-26;"quarta-feira";"17:15:00";"MG";381;492,8;"BETIM";"Nao";"Ingestao de alcool";3;"Queda de ocupante de veiculo";"Com Vitimas Feridas";"Pleno dia";"Decrescente";"Ceu Claro";"Multipla";"Reta";"Sim";323077;"Motocicleta";"HONDA/CG 125 FAN KS";2011;"Condutor";"Lesoes Graves";38;"Masculino";0;0;1;0;"-19.9639";"-44.1693";"SR-MG";"DEL4/1";"UOP03/MG"
181127;399270;2018-12-12;"quarta-feira";"22:30:00";"RS";158;329;"SANTA MARIA";"Sim";"Ingestao de alcool";1;"Colisao transversal";"Com Vitimas Feridas";"Plena Noite";"Crescente";"Ceu Claro";"Simples";"Rotatória";"Nao";323025;"Automóvel";"PEUGEOT/207HB XR S";2008;"Condutor";"Ileso";39;"Masculino";1;0;0;0;"-29.70652";"-53.828564";"SR-RS";"DEL9/9";"UOP01/RS"
181127;399272;2018-12-12;"quarta-feira";"22:30:00";"RS";158;329;"SANTA MARIA";"Sim";"Ingestao de alcool";1;"Colisao transversal";"Com Vitimas Feridas";"Plena Noite";"Crescente";"Ceu Claro";"Simples";"Rotatória";"Nao";323025;"Automóvel";"PEUGEOT/207HB XR S";2008;"Testemunha";"Nao Informado";NA;"Nao Informado";0;0;0;0;"-29.70652";"-53.828564";"SR-RS";"DEL9/9";"UOP01/RS"
181127;399271;2018-12-12;"quarta-feira";"22:30:00";"RS";158;329;"SANTA MARIA";"Sim";"Ingestao de alcool";1;"Colisao transversal";"Com Vitimas Feridas";"Plena Noite";"Crescente";"Ceu Claro";"Simples";"Rotatória";"Nao";323031;"Automóvel";"FIAT/SIENA HLX FLEX";2005;"Condutor";"Lesoes Leves";47;"Feminino";0;1;0;0;"-29.70652";"-53.828564";"SR-RS";"DEL9/9";"UOP01/RS"
181154;399215;2018-12-26;"quarta-feira";"19:30:00";"RS";392;340,4;"SANTA MARIA";"Nao";"Ingestao de alcool";3;"Tombamento";"Sem Vitimas";"Pleno dia";"Decrescente";"Ceu Claro";"Simples";"Reta";"Nao";322991;"Automóvel";"GM/CORSA HATCH";2002;"Condutor";"Ileso";32;"Masculino";1;0;0;0;"-29.821218";"-53.767315";"SR-RS";"DEL9/9";"UOP01/RS"
181154;399216;2018-12-26;"quarta-feira";"19:30:00";"RS";392;340,4;"SANTA MARIA";"Nao";"Ingestao de alcool";3;"Tombamento";"Sem Vitimas";"Pleno dia";"Decrescente";"Ceu Claro";"Simples";"Reta";"Nao";322992;"Caminhao-trator";"SCANIA/G 420 A4X2";2008;"Condutor";"Ileso";32;"Masculino";1;0;0;0;"-29.821218";"-53.767315";"SR-RS";"DEL9/9";"UOP01/RS"
181191;399238;2018-12-26;"quarta-feira";"22:50:00";"SC";101;440;"SOMBRIO";"Sim";"Ingestao de alcool";2;"Tombamento";"Com Vitimas Feridas";"Plena Noite";"Crescente";"Nublado";"Dupla";"Intersecao de vias";"Sim";323007;"Motocicleta";"HONDA/NXR150 BROS ESD";2011;"Condutor";"Lesoes Leves";44;"Masculino";0;1;0;0;"-29.1269";"-49.6771";"SR-SC";"DEL8/2";"UOP02/SC"
181192;399362;2018-12-26;"quarta-feira";"22:10:00";"RO";364;350,2;"JI-PARANA";"Sim";"Ingestao de alcool";1;"Colisao traseira";"Sem Vitimas";"Plena Noite";"Decrescente";"Ceu Claro";"Simples";"Reta";"Nao";323081;"Caminhao-trator";"SCANIA/R 440 A6X4";2012;"Condutor";"Ileso";41;"Masculino";1;0;0;0;"-10.845408";"-61.998837";"SR-RO";"DEL21/2";"UOP01/RO"
181192;399361;2018-12-26;"quarta-feira";"22:10:00";"RO";364;350,2;"JI-PARANA";"Sim";"Ingestao de alcool";1;"Colisao traseira";"Sem Vitimas";"Plena Noite";"Decrescente";"Ceu Claro";"Simples";"Reta";"Nao";323070;"Automóvel";"FIAT/UNO ELECTRONIC";1994;"Condutor";"Ileso";23;"Masculino";1;0;0;0;"-10.845408";"-61.998837";"SR-RO";"DEL21/2";"UOP01/RO"
181199;399885;2018-12-27;"quinta-feira";"01:55:00";"SC";101;213,9;"PALHOCA";"Sim";"Ingestao de alcool e/ou substâncias psicoativas pelo pedestre";1;"Colisao com objeto estatico";"Sem Vitimas";"Plena Noite";"Crescente";"Ceu Claro";"Multipla";"Reta";"Nao";323036;"Automóvel";"RENAULT/CLIO AUT 10 16VH";2005;"Condutor";"Ileso";21;"Masculino";1;0;0;0;"-27.6446";"-48.6705";"SR-SC";"DEL8/1";"UOP02/SC"
181204;401216;2018-12-27;"quinta-feira";"04:30:00";"PR";116;66,2;"CAMPINA GRANDE DO SUL";"Sim";"Ingestao de alcool";1;"Colisao lateral";"Com Vitimas Feridas";"Plena Noite";"Crescente";"Nublado";"Dupla";"Curva";"Sim";323091;"Automóvel";"CHEVROLET/CLASSIC LS";2012;"Condutor";"Ileso";47;"Feminino";1;0;0;0;"-25.31194666";"-49.01580334";"SR-PR";"DEL7/1";"UOP02/PR"
181204;401220;2018-12-27;"quinta-feira";"04:30:00";"PR";116;66,2;"CAMPINA GRANDE DO SUL";"Sim";"Ingestao de alcool";1;"Colisao lateral";"Com Vitimas Feridas";"Plena Noite";"Crescente";"Nublado";"Dupla";"Curva";"Sim";323092;"Automóvel";"VW/QUANTUM GLS 2000";1989;"Passageiro";"Lesoes Leves";18;"Feminino";0;1;0;0;"-25.31194666";"-49.01580334";"SR-PR";"DEL7/1";"UOP02/PR"
181204;401218;2018-12-27;"quinta-feira";"04:30:00";"PR";116;66,2;"CAMPINA GRANDE DO SUL";"Sim";"Ingestao de alcool";1;"Colisao lateral";"Com Vitimas Feridas";"Plena Noite";"Crescente";"Nublado";"Dupla";"Curva";"Sim";323092;"Automóvel";"VW/QUANTUM GLS 2000";1989;"Condutor";"Ileso";36;"Feminino";1;0;0;0;"-25.31194666";"-49.01580334";"SR-PR";"DEL7/1";"UOP02/PR"
181310;399801;2018-12-27;"quinta-feira";"15:00:00";"SP";116;216;"GUARULHOS";"Sim";"Ingestao de alcool";1;"Colisao com objeto estatico";"Com Vitimas Feridas";"Pleno dia";"Crescente";"Ceu Claro";"Multipla";"Curva";"Sim";323382;"Utilitario";"MMC/PAJERO TR4 FL 2WD HP";2013;"Condutor";"Lesoes Leves";60;"Masculino";0;1;0;0;"-23.45254131";"-46.4685645";"SR-SP";"DEL6/1";"UOP01/SP"
181316;399545;2018-12-16;"domingo";"03:40:00";"MS";158;6;"CASSILANDIA";"Nao";"Ingestao de alcool";1;"Colisao traseira";"Sem Vitimas";"Plena Noite";"Decrescente";"Ceu Claro";"Simples";"Reta";"Sim";323234;"Caminhonete";"FIAT/STRADA TREK FLEX";2004;"Condutor";"Ileso";47;"Masculino";1;0;0;0;"-19.13224";"-51.706646";"SR-MS";"DEL3/8";"UOP01/MS"
181316;399546;2018-12-16;"domingo";"03:40:00";"MS";158;6;"CASSILANDIA";"Nao";"Ingestao de alcool";1;"Colisao traseira";"Sem Vitimas";"Plena Noite";"Decrescente";"Ceu Claro";"Simples";"Reta";"Sim";323235;"Automóvel";"TOYOTA/COROLLA XEI18FLEX";2009;"Condutor";"Ileso";36;"Masculino";1;0;0;0;"-19.13224";"-51.706646";"SR-MS";"DEL3/8";"UOP01/MS"
181350;401756;2018-12-27;"quinta-feira";"19:00:00";"DF";70;10;"BRASILIA";"Sim";"Ingestao de alcool";1;"Colisao lateral";"Com Vitimas Feridas";"Anoitecer";"Crescente";"Nublado";"Dupla";"Reta";"Nao";323925;"Camioneta";"MMC/PAJERO TR4";2003;"Condutor";"Ileso";48;"Masculino";1;0;0;0;"-15.787066";"-48.140709";"SR-DF";"DF";"UOP06/DF"
181350;401757;2018-12-27;"quinta-feira";"19:00:00";"DF";70;10;"BRASILIA";"Sim";"Ingestao de alcool";1;"Colisao lateral";"Com Vitimas Feridas";"Anoitecer";"Crescente";"Nublado";"Dupla";"Reta";"Nao";323926;"Motocicleta";"HONDA/CB 250F TWISTER";2016;"Condutor";"Lesoes Leves";32;"Masculino";0;1;0;0;"-15.787066";"-48.140709";"SR-DF";"DF";"UOP06/DF"
181371;400121;2018-12-27;"quinta-feira";"18:45:00";"RR";174;505;"BOA VISTA";"Sim";"Ingestao de alcool";1;"Colisao lateral";"Sem Vitimas";"Plena Noite";"Decrescente";"Nublado";"Dupla";"Intersecao de vias";"Sim";323378;"Motoneta";"HONDA/BIZ 125 ES";2006;"Condutor";"Ileso";36;"Masculino";1;0;0;0;"2.805917";"-60.690617";"SR-RR";"UOP01/RR";""
181371;400123;2018-12-27;"quinta-feira";"18:45:00";"RR";174;505;"BOA VISTA";"Sim";"Ingestao de alcool";1;"Colisao lateral";"Sem Vitimas";"Plena Noite";"Decrescente";"Nublado";"Dupla";"Intersecao de vias";"Sim";323379;"Caminhonete";"I/FORD RANGER XLS CS2 25";2014;"Condutor";"Ileso";49;"Masculino";1;0;0;0;"2.805917";"-60.690617";"SR-RR";"UOP01/RR";""
181402;399831;2018-12-28;"sexta-feira";"00:40:00";"PR";376;490,9;"PONTA GROSSA";"Sim";"Ingestao de alcool";1;"Colisao lateral";"Sem Vitimas";"Plena Noite";"Crescente";"Nublado";"Dupla";"Desvio Temporario";"Sim";323438;"Automóvel";"VW/GOLF 2.0";2000;"Condutor";"Nao Informado";NA;"Nao Informado";0;0;0;0;"-25.10737992";"-50.19200295";"SR-PR";"DEL7/3";"UOP03/PR"
181402;401738;2018-12-28;"sexta-feira";"00:40:00";"PR";376;490,9;"PONTA GROSSA";"Sim";"Ingestao de alcool";1;"Colisao lateral";"Sem Vitimas";"Plena Noite";"Crescente";"Nublado";"Dupla";"Desvio Temporario";"Sim";323440;"Automóvel";"VW/SANTANA 2000 MI EVID.";1997;"Condutor";"Ileso";58;"Masculino";1;0;0;0;"-25.10737992";"-50.19200295";"SR-PR";"DEL7/3";"UOP03/PR"
181402;401740;2018-12-28;"sexta-feira";"00:40:00";"PR";376;490,9;"PONTA GROSSA";"Sim";"Ingestao de alcool";1;"Colisao lateral";"Sem Vitimas";"Plena Noite";"Crescente";"Nublado";"Dupla";"Desvio Temporario";"Sim";324674;"Micro-ônibus";"RENAULT/MASTER MINIBUS16";2007;"Condutor";"Ileso";50;"Masculino";1;0;0;0;"-25.10737992";"-50.19200295";"SR-PR";"DEL7/3";"UOP03/PR"
181405;401684;2018-12-28;"sexta-feira";"01:15:00";"SC";470;49,5;"BLUMENAU";"Sim";"Ingestao de alcool";1;"Colisao frontal";"Com Vitimas Feridas";"Plena Noite";"Decrescente";"Ceu Claro";"Simples";"Curva";"Nao";323434;"Automóvel";"IMP/VW GOLF GL";1995;"Condutor";"Lesoes Leves";26;"Masculino";0;1;0;0;"-26.860662";"-49.065159";"SR-SC";"DEL8/4";"UOP01/SC"
181405;401682;2018-12-28;"sexta-feira";"01:15:00";"SC";470;49,5;"BLUMENAU";"Sim";"Ingestao de alcool";1;"Colisao frontal";"Com Vitimas Feridas";"Plena Noite";"Decrescente";"Ceu Claro";"Simples";"Curva";"Nao";323433;"Caminhonete";"FIAT/STRADA HD WK CD E";2017;"Condutor";"Lesoes Leves";51;"Masculino";0;1;0;0;"-26.860662";"-49.065159";"SR-SC";"DEL8/4";"UOP01/SC"
181413;399870;2018-12-28;"sexta-feira";"02:45:00";"MG";116;701,4;"MURIAE";"Sim";"Ingestao de alcool";1;"Capotamento";"Com Vitimas Feridas";"Plena Noite";"Crescente";"Nublado";"Simples";"Curva";"Sim";323478;"Automóvel";"HONDA/CIVIC EX";2001;"Condutor";"Lesoes Leves";43;"Masculino";0;1;0;0;"-21.09505083";"-42.37392962";"SR-MG";"DEL4/7";"UOP02/MG"
181414;399869;2018-12-28;"sexta-feira";"04:50:00";"SC";101;209,6;"SAO JOSE";"Sim";"Ingestao de alcool";1;"Tombamento";"Com Vitimas Feridas";"Plena Noite";"Decrescente";"Ceu Claro";"Multipla";"Reta";"Sim";323465;"Motocicleta";"HONDA/CG 150 TITAN ES";2005;"Condutor";"Lesoes Leves";20;"Masculino";0;1;0;0;"-27.6176";"-48.6463";"SR-SC";"DEL8/1";"UOP01/SC"
181417;402112;2018-12-28;"sexta-feira";"04:20:00";"SC";101;90,7;"BARRA VELHA";"Sim";"Ingestao de alcool";2;"Colisao com objeto estatico";"Sem Vitimas";"Plena Noite";"Crescente";"Nublado";"Dupla";"Reta";"Sim";323464;"Automóvel";"GM/CLASSIC LIFE";2004;"Condutor";"Ileso";45;"Masculino";1;0;0;0;"-26.678";"-48.692";"SR-SC";"DEL8/3";"UOP02/SC"
181466;400010;2018-12-28;"sexta-feira";"07:20:00";"DF";20;9;"BRASILIA";"Sim";"Ingestao de alcool";1;"Colisao traseira";"Com Vitimas Feridas";"Pleno dia";"Crescente";"Garoa/Chuvisco";"Dupla";"Reta";"Sim";323546;"Automóvel";"FIAT/PALIO ELX FLEX";2006;"Condutor";"Ileso";59;"Masculino";1;0;0;0;"-15.654671";"-47.782917";"SR-DF";"DF";"UOP04/DF"
181466;400011;2018-12-28;"sexta-feira";"07:20:00";"DF";20;9;"BRASILIA";"Sim";"Ingestao de alcool";1;"Colisao traseira";"Com Vitimas Feridas";"Pleno dia";"Crescente";"Garoa/Chuvisco";"Dupla";"Reta";"Sim";323547;"Automóvel";"VW/PARATI 1.6 CITY";2005;"Condutor";"Ileso";47;"Masculino";1;0;0;0;"-15.654671";"-47.782917";"SR-DF";"DF";"UOP04/DF"
181466;400012;2018-12-28;"sexta-feira";"07:20:00";"DF";20;9;"BRASILIA";"Sim";"Ingestao de alcool";1;"Colisao traseira";"Com Vitimas Feridas";"Pleno dia";"Crescente";"Garoa/Chuvisco";"Dupla";"Reta";"Sim";323547;"Automóvel";"VW/PARATI 1.6 CITY";2005;"Passageiro";"Ileso";41;"Feminino";1;0;0;0;"-15.654671";"-47.782917";"SR-DF";"DF";"UOP04/DF"
181466;400013;2018-12-28;"sexta-feira";"07:20:00";"DF";20;9;"BRASILIA";"Sim";"Ingestao de alcool";1;"Colisao traseira";"Com Vitimas Feridas";"Pleno dia";"Crescente";"Garoa/Chuvisco";"Dupla";"Reta";"Sim";323547;"Automóvel";"VW/PARATI 1.6 CITY";2005;"Passageiro";"Lesoes Leves";19;"Feminino";0;1;0;0;"-15.654671";"-47.782917";"SR-DF";"DF";"UOP04/DF"
181532;400447;2018-12-28;"sexta-feira";"13:55:00";"RO";364;350;"JI-PARANA";"Sim";"Ingestao de alcool";1;"Saida de leito carrocavel";"Sem Vitimas";"Pleno dia";"Decrescente";"Ceu Claro";"Simples";"Reta";"Nao";323688;"Automóvel";"FIAT/UNO MILLE ELECTRONI";1994;"Condutor";"Ileso";43;"Masculino";1;0;0;0;"-10.84392772";"-62.00160027";"SR-RO";"DEL21/2";"UOP01/RO"
181533;400187;2018-12-28;"sexta-feira";"16:10:00";"SP";101;52;"UBATUBA";"Sim";"Ingestao de alcool";2;"Tombamento";"Sem Vitimas";"Pleno dia";"Crescente";"Sol";"Simples";"Reta";"Sim";323643;"Automóvel";"HYUNDAI/CRETA 16A PULSE";2017;"Condutor";"Ileso";50;"Masculino";1;0;0;0;"-23.456977";"-45.07042408";"SR-SP";"DEL6";"UOP03/SP"
181533;400190;2018-12-28;"sexta-feira";"16:10:00";"SP";101;52;"UBATUBA";"Sim";"Ingestao de alcool";2;"Tombamento";"Sem Vitimas";"Pleno dia";"Crescente";"Sol";"Simples";"Reta";"Sim";323659;"Motocicleta";"HONDA/CG 125 CARGO KS";2010;"Condutor";"Ileso";26;"Masculino";1;0;0;0;"-23.456977";"-45.07042408";"SR-SP";"DEL6";"UOP03/SP"
181551;400587;2018-12-28;"sexta-feira";"17:30:00";"MG";262;360;"BETIM";"Sim";"Ingestao de alcool";2;"Colisao com objeto estatico";"Sem Vitimas";"Pleno dia";"Decrescente";"Sol";"Dupla";"Nao Informado";"Nao";323666;"Automóvel";"FIAT/PALIO FIRE FLEX";2006;"Condutor";"Ileso";25;"Masculino";1;0;0;0;"-19.9726";"-44.279";"SR-MG";"DEL4/1";"UOP03/MG"
181551;400589;2018-12-28;"sexta-feira";"17:30:00";"MG";262;360;"BETIM";"Sim";"Ingestao de alcool";2;"Colisao com objeto estatico";"Sem Vitimas";"Pleno dia";"Decrescente";"Sol";"Dupla";"Nao Informado";"Nao";323667;"Automóvel";"GM/ASTRA SEDAN ELEGANCE";2006;"Condutor";"Ileso";33;"Masculino";1;0;0;0;"-19.9726";"-44.279";"SR-MG";"DEL4/1";"UOP03/MG"
181587;400322;2018-12-28;"sexta-feira";"18:40:00";"RN";226;11;"MACAIBA";"Sim";"Ingestao de alcool";1;"Colisao frontal";"Sem Vitimas";"Plena Noite";"Crescente";"Ceu Claro";"Simples";"Reta";"Sim";323735;"Automóvel";"FIAT/UNO MILLE FIRE";2005;"Condutor";"Ileso";38;"Masculino";1;0;0;0;"-5.84586";"-35.303917";"SR-RN";"DEL15/1";"UOP02/RN"
181587;400377;2018-12-28;"sexta-feira";"18:40:00";"RN";226;11;"MACAIBA";"Sim";"Ingestao de alcool";1;"Colisao frontal";"Sem Vitimas";"Plena Noite";"Crescente";"Ceu Claro";"Simples";"Reta";"Sim";323776;"Automóvel";"FIAT/UNO MILLE WAY ECON";2009;"Condutor";"Ileso";32;"Masculino";1;0;0;0;"-5.84586";"-35.303917";"SR-RN";"DEL15/1";"UOP02/RN"
181596;400345;2018-12-28;"sexta-feira";"20:20:00";"PR";116;92,6;"SAO JOSE DOS PINHAIS";"Sim";"Ingestao de alcool";1;"Colisao com objeto estatico";"Sem Vitimas";"Anoitecer";"Decrescente";"Ceu Claro";"Dupla";"Viaduto";"Nao";323747;"Automóvel";"GM/CORSA HATCH MAXX";2007;"Condutor";"Ileso";49;"Masculino";1;0;0;0;"-25.50981862";"-49.12670195";"SR-PR";"DEL7/1";"UOP01/PR"
181607;400424;2018-12-28;"sexta-feira";"22:15:00";"MG";153;242,4;"FRONTEIRA";"Sim";"Ingestao de alcool";3;"Queda de ocupante de veiculo";"Com Vitimas Feridas";"Plena Noite";"Crescente";"Ceu Claro";"Simples";"Reta";"Nao";323807;"Motocicleta";"HONDA/CG 125 FAN";2006;"Testemunha";"Nao Informado";NA;"Nao Informado";0;0;0;0;"-20.2694";"-49.1849";"SR-MG";"DEL13";"UOP02/MG"
181607;400418;2018-12-28;"sexta-feira";"22:15:00";"MG";153;242,4;"FRONTEIRA";"Sim";"Ingestao de alcool";3;"Queda de ocupante de veiculo";"Com Vitimas Feridas";"Plena Noite";"Crescente";"Ceu Claro";"Simples";"Reta";"Nao";323807;"Motocicleta";"HONDA/CG 125 FAN";2006;"Condutor";"Lesoes Graves";49;"Masculino";0;0;1;0;"-20.2694";"-49.1849";"SR-MG";"DEL13";"UOP02/MG"
181626;402158;2018-12-28;"sexta-feira";"23:45:00";"RS";101;40,1;"TRES FORQUILHAS";"Sim";"Ingestao de alcool";1;"Colisao transversal";"Sem Vitimas";"Plena Noite";"Decrescente";"Nublado";"Dupla";"Retorno Regulamentado";"Sim";323845;"Automóvel";"HONDA/CIVIC LXR";2013;"Condutor";"Ileso";27;"Masculino";1;0;0;0;"-29.53601367";"-50.02727509";"SR-RS";"DEL9/3";"UOP03/RS"
181626;402160;2018-12-28;"sexta-feira";"23:45:00";"RS";101;40,1;"TRES FORQUILHAS";"Sim";"Ingestao de alcool";1;"Colisao transversal";"Sem Vitimas";"Plena Noite";"Decrescente";"Nublado";"Dupla";"Retorno Regulamentado";"Sim";323845;"Automóvel";"HONDA/CIVIC LXR";2013;"Passageiro";"Ileso";27;"Feminino";1;0;0;0;"-29.53601367";"-50.02727509";"SR-RS";"DEL9/3";"UOP03/RS"
181626;402166;2018-12-28;"sexta-feira";"23:45:00";"RS";101;40,1;"TRES FORQUILHAS";"Sim";"Ingestao de alcool";1;"Colisao transversal";"Sem Vitimas";"Plena Noite";"Decrescente";"Nublado";"Dupla";"Retorno Regulamentado";"Sim";323846;"Automóvel";"GM/CORSA SUPER";1999;"Condutor";"Ileso";64;"Masculino";1;0;0;0;"-29.53601367";"-50.02727509";"SR-RS";"DEL9/3";"UOP03/RS"
181626;402168;2018-12-28;"sexta-feira";"23:45:00";"RS";101;40,1;"TRES FORQUILHAS";"Sim";"Ingestao de alcool";1;"Colisao transversal";"Sem Vitimas";"Plena Noite";"Decrescente";"Nublado";"Dupla";"Retorno Regulamentado";"Sim";323846;"Automóvel";"GM/CORSA SUPER";1999;"Passageiro";"Ileso";38;"Masculino";1;0;0;0;"-29.53601367";"-50.02727509";"SR-RS";"DEL9/3";"UOP03/RS"
181626;402170;2018-12-28;"sexta-feira";"23:45:00";"RS";101;40,1;"TRES FORQUILHAS";"Sim";"Ingestao de alcool";1;"Colisao transversal";"Sem Vitimas";"Plena Noite";"Decrescente";"Nublado";"Dupla";"Retorno Regulamentado";"Sim";323846;"Automóvel";"GM/CORSA SUPER";1999;"Passageiro";"Nao Informado";NA;"Nao Informado";0;0;0;0;"-29.53601367";"-50.02727509";"SR-RS";"DEL9/3";"UOP03/RS"
181626;402171;2018-12-28;"sexta-feira";"23:45:00";"RS";101;40,1;"TRES FORQUILHAS";"Sim";"Ingestao de alcool";1;"Colisao transversal";"Sem Vitimas";"Plena Noite";"Decrescente";"Nublado";"Dupla";"Retorno Regulamentado";"Sim";323845;"Automóvel";"HONDA/CIVIC LXR";2013;"Passageiro";"Ileso";23;"Masculino";1;0;0;0;"-29.53601367";"-50.02727509";"SR-RS";"DEL9/3";"UOP03/RS"
181626;402161;2018-12-28;"sexta-feira";"23:45:00";"RS";101;40,1;"TRES FORQUILHAS";"Sim";"Ingestao de alcool";1;"Colisao transversal";"Sem Vitimas";"Plena Noite";"Decrescente";"Nublado";"Dupla";"Retorno Regulamentado";"Sim";323845;"Automóvel";"HONDA/CIVIC LXR";2013;"Passageiro";"Ileso";19;"Feminino";1;0;0;0;"-29.53601367";"-50.02727509";"SR-RS";"DEL9/3";"UOP03/RS"
181634;400455;2018-12-29;"sabado";"01:40:00";"SP";101;45,6;"UBATUBA";"Sim";"Ingestao de alcool";2;"Tombamento";"Com Vitimas Feridas";"Plena Noite";"Crescente";"Nublado";"Simples";"Reta";"Sim";323838;"Motocicleta";"HONDA/CG150 SPECIAL EDIT";2006;"Condutor";"Lesoes Graves";40;"Masculino";0;0;1;0;"-23.42190952";"-45.07225335";"SR-SP";"DEL6";"UOP03/SP"
181634;400456;2018-12-29;"sabado";"01:40:00";"SP";101;45,6;"UBATUBA";"Sim";"Ingestao de alcool";2;"Tombamento";"Com Vitimas Feridas";"Plena Noite";"Crescente";"Nublado";"Simples";"Reta";"Sim";323837;"Automóvel";"GM/CORSA GLS";1998;"Passageiro";"Ileso";51;"Feminino";1;0;0;0;"-23.42190952";"-45.07225335";"SR-SP";"DEL6";"UOP03/SP"
181634;400441;2018-12-29;"sabado";"01:40:00";"SP";101;45,6;"UBATUBA";"Sim";"Ingestao de alcool";2;"Tombamento";"Com Vitimas Feridas";"Plena Noite";"Crescente";"Nublado";"Simples";"Reta";"Sim";323837;"Automóvel";"GM/CORSA GLS";1998;"Condutor";"Ileso";64;"Masculino";1;0;0;0;"-23.42190952";"-45.07225335";"SR-SP";"DEL6";"UOP03/SP"
181644;401806;2018-12-29;"sabado";"04:00:00";"MG";381;341;"BELA VISTA DE MINAS";"Sim";"Ingestao de alcool";1;"Colisao frontal";"Com Vitimas Feridas";"Plena Noite";"Decrescente";"Chuva";"Simples";"Reta";"Nao";323907;"Automóvel";"GM/CORSA WIND";1995;"Passageiro";"Lesoes Graves";24;"Feminino";0;0;1;0;"-19.7784";"-43.0437";"SR-MG";"DEL4/3";"UOP01/MG"
181644;401816;2018-12-29;"sabado";"04:00:00";"MG";381;341;"BELA VISTA DE MINAS";"Sim";"Ingestao de alcool";1;"Colisao frontal";"Com Vitimas Feridas";"Plena Noite";"Decrescente";"Chuva";"Simples";"Reta";"Nao";323907;"Automóvel";"GM/CORSA WIND";1995;"Passageiro";"Lesoes Graves";19;"Masculino";0;0;1;0;"-19.7784";"-43.0437";"SR-MG";"DEL4/3";"UOP01/MG"
181644;401802;2018-12-29;"sabado";"04:00:00";"MG";381;341;"BELA VISTA DE MINAS";"Sim";"Ingestao de alcool";1;"Colisao frontal";"Com Vitimas Feridas";"Plena Noite";"Decrescente";"Chuva";"Simples";"Reta";"Nao";323907;"Automóvel";"GM/CORSA WIND";1995;"Condutor";"Lesoes Graves";28;"Feminino";0;0;1;0;"-19.7784";"-43.0437";"SR-MG";"DEL4/3";"UOP01/MG"
181644;401818;2018-12-29;"sabado";"04:00:00";"MG";381;341;"BELA VISTA DE MINAS";"Sim";"Ingestao de alcool";1;"Colisao frontal";"Com Vitimas Feridas";"Plena Noite";"Decrescente";"Chuva";"Simples";"Reta";"Nao";323907;"Automóvel";"GM/CORSA WIND";1995;"Passageiro";"Lesoes Leves";23;"Masculino";0;1;0;0;"-19.7784";"-43.0437";"SR-MG";"DEL4/3";"UOP01/MG"